encoder,condition,fold,arm,fraction,method,regime,feasible_masks,useful10_masks,mean_answered,mean_errors,mean_correct,mean_created_errors,mean_inherited_errors,mean_reference_errors_gt20m,mean_reference_errors_gt50m,mean_reference_errors_gt100m
CAMP transfer,plain_same,west_to_east,target,0.25,current_su,budget10,20,0,20.0,13.75,6.25,1.25,12.5,10.25,3.8,3.75
CAMP transfer,plain_same,west_to_east,target,0.25,current_su,budget25,20,0,50.0,39.1,10.9,1.75,37.35,32.7,18.75,17.8
CAMP transfer,plain_same,west_to_east,target,0.25,current_su,budget50,20,0,100.0,86.55,13.45,2.95,83.6,78.1,57.7,55.0
CAMP transfer,plain_same,west_to_east,target,0.25,current_su,full_frozen,20,0,2.35,1.55,0.8,0.15,1.4,0.75,0.0,0.0
CAMP transfer,plain_same,west_to_east,target,0.25,current_su,matched,1,0,0.0,0.0,0.0,0.0,0.0,0.0,0.0,0.0
CAMP transfer,plain_same,west_to_east,target,0.25,current_su_guard,budget10,20,0,20.0,14.2,5.8,0.0,14.2,11.1,4.65,4.65
CAMP transfer,plain_same,west_to_east,target,0.25,current_su_guard,budget25,20,0,50.0,40.0,10.0,0.0,40.0,34.3,21.95,21.1
CAMP transfer,plain_same,west_to_east,target,0.25,current_su_guard,budget50,20,0,100.0,87.75,12.25,0.0,87.75,80.95,63.4,61.15
CAMP transfer,plain_same,west_to_east,target,0.25,current_su_guard,full_frozen,20,0,2.1,1.4,0.7,0.0,1.4,0.75,0.0,0.0
CAMP transfer,plain_same,west_to_east,target,0.25,current_su_guard,matched,3,0,0.0,0.0,0.0,0.0,0.0,0.0,0.0,0.0
CAMP transfer,plain_same,west_to_east,target,0.25,old_su,budget10,20,0,20.0,14.6,5.4,1.4,13.2,12.1,7.0,7.0
CAMP transfer,plain_same,west_to_east,target,0.25,old_su,budget25,20,0,50.0,41.25,8.75,2.5,38.75,34.4,21.05,19.5
CAMP transfer,plain_same,west_to_east,target,0.25,old_su,budget50,20,0,100.0,86.5,13.5,3.75,82.75,77.9,59.0,56.5
CAMP transfer,plain_same,west_to_east,target,0.25,old_su,full_frozen,20,0,0.0,0.0,0.0,0.0,0.0,0.0,0.0,0.0
CAMP transfer,plain_same,west_to_east,target,0.25,old_su,matched,2,0,0.0,0.0,0.0,0.0,0.0,0.0,0.0,0.0
CAMP transfer,plain_same,west_to_east,target,0.25,old_su_guard,budget10,20,0,20.0,14.7,5.3,0.0,14.7,11.6,7.3,7.3
CAMP transfer,plain_same,west_to_east,target,0.25,old_su_guard,budget25,20,0,50.0,41.7,8.3,0.0,41.7,36.3,25.65,24.9
CAMP transfer,plain_same,west_to_east,target,0.25,old_su_guard,budget50,20,0,100.0,87.75,12.25,0.0,87.75,81.35,65.65,64.15
CAMP transfer,plain_same,west_to_east,target,0.25,old_su_guard,full_frozen,20,0,0.0,0.0,0.0,0.0,0.0,0.0,0.0,0.0
CAMP transfer,plain_same,west_to_east,target,0.25,old_su_guard,matched,8,0,0.2,0.2,0.0,0.0,0.2,0.2,0.0,0.0
CAMP transfer,plain_same,west_to_east,target,0.25,current_margin,budget10,20,0,20.0,14.95,5.05,0.95,14.0,12.3,7.6,7.45
CAMP transfer,plain_same,west_to_east,target,0.25,current_margin,budget25,20,0,50.0,42.6,7.4,1.25,41.35,38.25,28.35,26.9
CAMP transfer,plain_same,west_to_east,target,0.25,current_margin,budget50,20,0,100.0,91.05,8.95,2.45,88.6,83.9,64.25,60.95
CAMP transfer,plain_same,west_to_east,target,0.25,current_margin,full_frozen,0,0,0.0,0.0,0.0,0.0,0.0,0.0,0.0,0.0
CAMP transfer,plain_same,west_to_east,target,0.25,current_margin,matched,0,0,0.0,0.0,0.0,0.0,0.0,0.0,0.0,0.0
CAMP transfer,plain_same,west_to_east,target,0.25,current_margin_guard,budget10,20,0,20.0,15.4,4.6,0.0,15.4,13.2,9.0,8.85
CAMP transfer,plain_same,west_to_east,target,0.25,current_margin_guard,budget25,20,0,50.0,43.15,6.85,0.0,43.15,39.7,30.95,29.8
CAMP transfer,plain_same,west_to_east,target,0.25,current_margin_guard,budget50,20,0,100.0,90.25,9.75,0.0,90.25,84.65,68.35,64.8
CAMP transfer,plain_same,west_to_east,target,0.25,current_margin_guard,full_frozen,0,0,0.0,0.0,0.0,0.0,0.0,0.0,0.0,0.0
CAMP transfer,plain_same,west_to_east,target,0.25,current_margin_guard,matched,2,0,0.1,0.05,0.05,0.0,0.05,0.05,0.0,0.0
CAMP transfer,plain_same,west_to_east,target,0.25,old_margin_guard,budget10,20,0,20.0,16.25,3.75,0.0,16.25,14.8,12.05,12.05
CAMP transfer,plain_same,west_to_east,target,0.25,old_margin_guard,budget25,20,0,50.0,43.95,6.05,0.0,43.95,40.75,33.5,32.75
CAMP transfer,plain_same,west_to_east,target,0.25,old_margin_guard,budget50,20,0,100.0,89.5,10.5,0.0,89.5,84.6,69.55,65.95
CAMP transfer,plain_same,west_to_east,target,0.25,old_margin_guard,full_frozen,0,0,0.0,0.0,0.0,0.0,0.0,0.0,0.0,0.0
CAMP transfer,plain_same,west_to_east,target,0.25,old_margin_guard,matched,0,0,0.0,0.0,0.0,0.0,0.0,0.0,0.0,0.0
CAMP transfer,plain_same,west_to_east,target,0.25,sq8_margin_guard,budget10,20,0,20.0,16.1,3.9,0.0,16.1,14.6,12.35,12.15
CAMP transfer,plain_same,west_to_east,target,0.25,sq8_margin_guard,budget25,20,0,50.0,45.0,5.0,0.0,45.0,42.4,36.15,35.3
CAMP transfer,plain_same,west_to_east,target,0.25,sq8_margin_guard,budget50,20,0,100.0,90.95,9.05,0.0,90.95,87.05,74.55,72.45
CAMP transfer,plain_same,west_to_east,target,0.25,sq8_margin_guard,full_frozen,0,0,0.0,0.0,0.0,0.0,0.0,0.0,0.0,0.0
CAMP transfer,plain_same,west_to_east,target,0.25,sq8_margin_guard,matched,0,0,0.0,0.0,0.0,0.0,0.0,0.0,0.0,0.0
CAMP transfer,plain_same,west_to_east,target,0.5,current_su,budget10,20,0,20.0,14.1,5.9,2.8,11.3,9.7,2.15,2.0
CAMP transfer,plain_same,west_to_east,target,0.5,current_su,budget25,20,0,50.0,41.2,8.8,4.15,37.05,34.0,18.75,17.6
CAMP transfer,plain_same,west_to_east,target,0.5,current_su,budget50,20,0,100.0,89.85,10.15,6.1,83.75,80.0,57.95,54.75
CAMP transfer,plain_same,west_to_east,target,0.5,current_su,full_frozen,20,0,7.05,3.9,3.15,0.55,3.35,2.1,0.0,0.0
CAMP transfer,plain_same,west_to_east,target,0.5,current_su,matched,0,0,0.0,0.0,0.0,0.0,0.0,0.0,0.0,0.0
CAMP transfer,plain_same,west_to_east,target,0.5,current_su_guard,budget10,20,0,20.0,14.75,5.25,0.0,14.75,11.55,5.1,5.1
CAMP transfer,plain_same,west_to_east,target,0.5,current_su_guard,budget25,20,0,50.0,42.3,7.7,0.0,42.3,37.65,27.95,26.7
CAMP transfer,plain_same,west_to_east,target,0.5,current_su_guard,budget50,20,0,100.0,91.95,8.05,0.0,91.95,86.55,72.85,70.65
CAMP transfer,plain_same,west_to_east,target,0.5,current_su_guard,full_frozen,20,0,5.35,2.7,2.65,0.0,2.7,1.45,0.0,0.0
CAMP transfer,plain_same,west_to_east,target,0.5,current_su_guard,matched,2,0,0.05,0.0,0.05,0.0,0.0,0.0,0.0,0.0
CAMP transfer,plain_same,west_to_east,target,0.5,old_su,budget10,20,0,20.0,15.5,4.5,2.65,12.85,12.35,7.4,7.35
CAMP transfer,plain_same,west_to_east,target,0.5,old_su,budget25,20,0,50.0,43.4,6.6,5.1,38.3,36.25,23.0,21.35
CAMP transfer,plain_same,west_to_east,target,0.5,old_su,budget50,20,0,100.0,90.0,10.0,7.95,82.05,80.85,61.6,58.8
CAMP transfer,plain_same,west_to_east,target,0.5,old_su,full_frozen,20,0,0.0,0.0,0.0,0.0,0.0,0.0,0.0,0.0
CAMP transfer,plain_same,west_to_east,target,0.5,old_su,matched,0,0,0.0,0.0,0.0,0.0,0.0,0.0,0.0,0.0
CAMP transfer,plain_same,west_to_east,target,0.5,old_su_guard,budget10,20,0,20.0,15.7,4.3,0.0,15.7,12.75,9.15,9.15
CAMP transfer,plain_same,west_to_east,target,0.5,old_su_guard,budget25,20,0,50.0,43.15,6.85,0.0,43.15,39.15,31.7,31.2
CAMP transfer,plain_same,west_to_east,target,0.5,old_su_guard,budget50,20,0,100.0,91.95,8.05,0.0,91.95,86.75,75.9,74.4
CAMP transfer,plain_same,west_to_east,target,0.5,old_su_guard,full_frozen,20,0,0.0,0.0,0.0,0.0,0.0,0.0,0.0,0.0
CAMP transfer,plain_same,west_to_east,target,0.5,old_su_guard,matched,6,0,0.2,0.2,0.0,0.0,0.2,0.1,0.0,0.0
CAMP transfer,plain_same,west_to_east,target,0.5,current_margin,budget10,20,0,20.0,15.25,4.75,1.5,13.75,12.05,5.85,5.45
CAMP transfer,plain_same,west_to_east,target,0.5,current_margin,budget25,20,0,50.0,43.2,6.8,2.55,40.65,38.1,26.85,25.45
CAMP transfer,plain_same,west_to_east,target,0.5,current_margin,budget50,20,0,100.0,92.3,7.7,4.8,87.5,84.25,64.75,61.45
CAMP transfer,plain_same,west_to_east,target,0.5,current_margin,full_frozen,0,0,0.0,0.0,0.0,0.0,0.0,0.0,0.0,0.0
CAMP transfer,plain_same,west_to_east,target,0.5,current_margin,matched,0,0,0.0,0.0,0.0,0.0,0.0,0.0,0.0,0.0
CAMP transfer,plain_same,west_to_east,target,0.5,current_margin_guard,budget10,20,0,20.0,15.95,4.05,0.0,15.95,13.35,8.35,8.05
CAMP transfer,plain_same,west_to_east,target,0.5,current_margin_guard,budget25,20,0,50.0,44.25,5.75,0.0,44.25,41.0,32.95,31.95
CAMP transfer,plain_same,west_to_east,target,0.5,current_margin_guard,budget50,20,0,100.0,92.5,7.5,0.0,92.5,87.95,74.75,72.2
CAMP transfer,plain_same,west_to_east,target,0.5,current_margin_guard,full_frozen,0,0,0.0,0.0,0.0,0.0,0.0,0.0,0.0,0.0
CAMP transfer,plain_same,west_to_east,target,0.5,current_margin_guard,matched,0,0,0.0,0.0,0.0,0.0,0.0,0.0,0.0,0.0
CAMP transfer,plain_same,west_to_east,target,0.5,old_margin_guard,budget10,20,0,20.0,17.15,2.85,0.0,17.15,15.95,13.85,13.7
CAMP transfer,plain_same,west_to_east,target,0.5,old_margin_guard,budget25,20,0,50.0,45.95,4.05,0.0,45.95,43.6,37.75,36.75
CAMP transfer,plain_same,west_to_east,target,0.5,old_margin_guard,budget50,20,0,100.0,92.6,7.4,0.0,92.6,89.35,76.85,74.6
CAMP transfer,plain_same,west_to_east,target,0.5,old_margin_guard,full_frozen,0,0,0.0,0.0,0.0,0.0,0.0,0.0,0.0,0.0
CAMP transfer,plain_same,west_to_east,target,0.5,old_margin_guard,matched,0,0,0.0,0.0,0.0,0.0,0.0,0.0,0.0,0.0
CAMP transfer,plain_same,west_to_east,target,0.5,sq8_margin_guard,budget10,20,0,20.0,17.45,2.55,0.0,17.45,16.8,15.2,15.0
CAMP transfer,plain_same,west_to_east,target,0.5,sq8_margin_guard,budget25,20,0,50.0,46.7,3.3,0.0,46.7,45.25,41.85,41.4
CAMP transfer,plain_same,west_to_east,target,0.5,sq8_margin_guard,budget50,18,0,100.0,94.44444444444444,5.555555555555555,0.0,94.44444444444444,91.44444444444444,84.33333333333333,82.88888888888889
CAMP transfer,plain_same,west_to_east,target,0.5,sq8_margin_guard,full_frozen,0,0,0.0,0.0,0.0,0.0,0.0,0.0,0.0,0.0
CAMP transfer,plain_same,west_to_east,target,0.5,sq8_margin_guard,matched,0,0,0.0,0.0,0.0,0.0,0.0,0.0,0.0,0.0
CAMP transfer,plain_same,west_to_east,control,0.25,current_su,budget10,20,0,20.0,13.6,6.4,0.0,13.6,11.5,7.35,7.35
CAMP transfer,plain_same,west_to_east,control,0.25,current_su,budget25,20,0,50.0,39.8,10.2,0.0,39.8,33.35,20.65,20.35
CAMP transfer,plain_same,west_to_east,control,0.25,current_su,budget50,20,0,100.0,85.0,15.0,0.0,85.0,76.95,59.7,57.7
CAMP transfer,plain_same,west_to_east,control,0.25,current_su,full_frozen,20,0,0.05,0.05,0.0,0.0,0.05,0.05,0.05,0.05
CAMP transfer,plain_same,west_to_east,control,0.25,current_su,matched,20,0,0.05,0.05,0.0,0.0,0.05,0.05,0.05,0.05
CAMP transfer,plain_same,west_to_east,control,0.25,current_su_guard,budget10,20,0,20.0,13.6,6.4,0.0,13.6,11.5,7.35,7.35
CAMP transfer,plain_same,west_to_east,control,0.25,current_su_guard,budget25,20,0,50.0,39.8,10.2,0.0,39.8,33.25,20.5,20.1
CAMP transfer,plain_same,west_to_east,control,0.25,current_su_guard,budget50,20,0,100.0,84.75,15.25,0.0,84.75,76.7,59.35,57.35
CAMP transfer,plain_same,west_to_east,control,0.25,current_su_guard,full_frozen,20,0,0.05,0.05,0.0,0.0,0.05,0.05,0.05,0.05
CAMP transfer,plain_same,west_to_east,control,0.25,current_su_guard,matched,20,0,0.05,0.05,0.0,0.0,0.05,0.05,0.05,0.05
CAMP transfer,plain_same,west_to_east,control,0.25,old_su,budget10,20,0,20.0,14.0,6.0,0.0,14.0,12.0,7.0,7.0
CAMP transfer,plain_same,west_to_east,control,0.25,old_su,budget25,20,0,50.0,40.0,10.0,0.0,40.0,33.0,20.0,19.0
CAMP transfer,plain_same,west_to_east,control,0.25,old_su,budget50,20,0,100.0,84.0,16.0,0.0,84.0,76.0,57.95,55.95
CAMP transfer,plain_same,west_to_east,control,0.25,old_su,full_frozen,20,0,0.0,0.0,0.0,0.0,0.0,0.0,0.0,0.0
CAMP transfer,plain_same,west_to_east,control,0.25,old_su,matched,20,0,0.0,0.0,0.0,0.0,0.0,0.0,0.0,0.0
CAMP transfer,plain_same,west_to_east,control,0.25,old_su_guard,budget10,20,0,20.0,14.0,6.0,0.0,14.0,11.8,6.8,6.8
CAMP transfer,plain_same,west_to_east,control,0.25,old_su_guard,budget25,20,0,50.0,39.8,10.2,0.0,39.8,32.8,19.8,18.8
CAMP transfer,plain_same,west_to_east,control,0.25,old_su_guard,budget50,20,0,100.0,84.0,16.0,0.0,84.0,76.0,58.0,56.0
CAMP transfer,plain_same,west_to_east,control,0.25,old_su_guard,full_frozen,20,0,0.0,0.0,0.0,0.0,0.0,0.0,0.0,0.0
CAMP transfer,plain_same,west_to_east,control,0.25,old_su_guard,matched,20,0,0.0,0.0,0.0,0.0,0.0,0.0,0.0,0.0
CAMP transfer,plain_same,west_to_east,control,0.25,current_margin,budget10,20,0,20.0,16.0,4.0,0.0,16.0,14.1,11.05,11.05
CAMP transfer,plain_same,west_to_east,control,0.25,current_margin,budget25,20,0,50.0,42.3,7.7,0.0,42.3,38.3,31.05,30.05
CAMP transfer,plain_same,west_to_east,control,0.25,current_margin,budget50,20,0,100.0,89.7,10.3,0.0,89.7,83.7,66.65,63.65
CAMP transfer,plain_same,west_to_east,control,0.25,current_margin,full_frozen,0,0,0.0,0.0,0.0,0.0,0.0,0.0,0.0,0.0
CAMP transfer,plain_same,west_to_east,control,0.25,current_margin,matched,0,0,0.0,0.0,0.0,0.0,0.0,0.0,0.0,0.0
CAMP transfer,plain_same,west_to_east,control,0.25,current_margin_guard,budget10,20,0,20.0,16.0,4.0,0.0,16.0,14.1,11.1,11.1
CAMP transfer,plain_same,west_to_east,control,0.25,current_margin_guard,budget25,20,0,50.0,42.05,7.95,0.0,42.05,38.05,30.8,29.8
CAMP transfer,plain_same,west_to_east,control,0.25,current_margin_guard,budget50,20,0,100.0,89.25,10.75,0.0,89.25,83.25,66.25,63.25
CAMP transfer,plain_same,west_to_east,control,0.25,current_margin_guard,full_frozen,0,0,0.0,0.0,0.0,0.0,0.0,0.0,0.0,0.0
CAMP transfer,plain_same,west_to_east,control,0.25,current_margin_guard,matched,0,0,0.0,0.0,0.0,0.0,0.0,0.0,0.0,0.0
CAMP transfer,plain_same,west_to_east,control,0.25,old_margin_guard,budget10,20,0,20.0,16.0,4.0,0.0,16.0,14.0,11.0,11.0
CAMP transfer,plain_same,west_to_east,control,0.25,old_margin_guard,budget25,20,0,50.0,42.0,8.0,0.0,42.0,38.0,30.0,29.0
CAMP transfer,plain_same,west_to_east,control,0.25,old_margin_guard,budget50,20,0,100.0,88.45,11.55,0.0,88.45,82.45,65.45,62.15
CAMP transfer,plain_same,west_to_east,control,0.25,old_margin_guard,full_frozen,0,0,0.0,0.0,0.0,0.0,0.0,0.0,0.0,0.0
CAMP transfer,plain_same,west_to_east,control,0.25,old_margin_guard,matched,0,0,0.0,0.0,0.0,0.0,0.0,0.0,0.0,0.0
CAMP transfer,plain_same,west_to_east,control,0.25,sq8_margin_guard,budget10,20,0,20.0,15.6,4.4,0.0,15.6,13.6,10.35,10.35
CAMP transfer,plain_same,west_to_east,control,0.25,sq8_margin_guard,budget25,20,0,50.0,42.15,7.85,0.0,42.15,38.15,28.75,27.6
CAMP transfer,plain_same,west_to_east,control,0.25,sq8_margin_guard,budget50,20,0,100.0,86.35,13.65,0.0,86.35,80.35,61.9,57.3
CAMP transfer,plain_same,west_to_east,control,0.25,sq8_margin_guard,full_frozen,0,0,0.0,0.0,0.0,0.0,0.0,0.0,0.0,0.0
CAMP transfer,plain_same,west_to_east,control,0.25,sq8_margin_guard,matched,0,0,0.0,0.0,0.0,0.0,0.0,0.0,0.0,0.0
CAMP transfer,plain_same,east_to_west,target,0.25,current_su,budget10,20,0,57.0,21.9,35.1,4.3,17.6,9.2,1.15,0.1
CAMP transfer,plain_same,east_to_west,target,0.25,current_su,budget25,20,0,144.0,74.9,69.1,12.45,62.45,42.6,12.0,5.55
CAMP transfer,plain_same,east_to_west,target,0.25,current_su,budget50,20,0,288.0,170.0,118.0,25.55,144.45,111.3,39.1,22.7
CAMP transfer,plain_same,east_to_west,target,0.25,current_su,full_frozen,0,0,0.0,0.0,0.0,0.0,0.0,0.0,0.0,0.0
CAMP transfer,plain_same,east_to_west,target,0.25,current_su,matched,0,0,0.0,0.0,0.0,0.0,0.0,0.0,0.0,0.0
CAMP transfer,plain_same,east_to_west,target,0.25,current_su_guard,budget10,20,0,57.0,19.65,37.35,0.0,19.65,8.0,1.5,0.25
CAMP transfer,plain_same,east_to_west,target,0.25,current_su_guard,budget25,20,0,144.0,69.6,74.4,0.0,69.6,41.5,15.5,8.3
CAMP transfer,plain_same,east_to_west,target,0.25,current_su_guard,budget50,20,0,288.0,168.6,119.4,0.0,168.6,117.45,54.35,37.15
CAMP transfer,plain_same,east_to_west,target,0.25,current_su_guard,full_frozen,0,0,0.0,0.0,0.0,0.0,0.0,0.0,0.0,0.0
CAMP transfer,plain_same,east_to_west,target,0.25,current_su_guard,matched,0,0,0.0,0.0,0.0,0.0,0.0,0.0,0.0,0.0
CAMP transfer,plain_same,east_to_west,target,0.25,old_su,budget10,20,0,57.0,24.95,32.05,8.8,16.15,12.0,2.65,2.65
CAMP transfer,plain_same,east_to_west,target,0.25,old_su,budget25,20,0,144.0,79.2,64.8,19.2,60.0,44.7,14.2,8.4
CAMP transfer,plain_same,east_to_west,target,0.25,old_su,budget50,20,0,288.0,175.75,112.25,33.1,142.65,116.55,46.6,30.0
CAMP transfer,plain_same,east_to_west,target,0.25,old_su,full_frozen,0,0,0.0,0.0,0.0,0.0,0.0,0.0,0.0,0.0
CAMP transfer,plain_same,east_to_west,target,0.25,old_su,matched,0,0,0.0,0.0,0.0,0.0,0.0,0.0,0.0,0.0
CAMP transfer,plain_same,east_to_west,target,0.25,old_su_guard,budget10,20,0,57.0,20.0,37.0,0.0,20.0,8.5,3.9,2.85
CAMP transfer,plain_same,east_to_west,target,0.25,old_su_guard,budget25,20,0,144.0,69.2,74.8,0.0,69.2,42.35,16.0,9.2
CAMP transfer,plain_same,east_to_west,target,0.25,old_su_guard,budget50,20,0,288.0,170.55,117.45,0.0,170.55,120.15,59.75,42.85
CAMP transfer,plain_same,east_to_west,target,0.25,old_su_guard,full_frozen,0,0,0.0,0.0,0.0,0.0,0.0,0.0,0.0,0.0
CAMP transfer,plain_same,east_to_west,target,0.25,old_su_guard,matched,0,0,0.0,0.0,0.0,0.0,0.0,0.0,0.0,0.0
CAMP transfer,plain_same,east_to_west,target,0.25,current_margin,budget10,20,0,57.0,26.85,30.15,4.7,22.15,17.8,7.7,5.6
CAMP transfer,plain_same,east_to_west,target,0.25,current_margin,budget25,20,0,144.0,79.2,64.8,12.4,66.8,52.75,27.5,19.5
CAMP transfer,plain_same,east_to_west,target,0.25,current_margin,budget50,20,0,288.0,190.7,97.3,22.8,167.9,141.05,77.55,58.0
CAMP transfer,plain_same,east_to_west,target,0.25,current_margin,full_frozen,0,0,0.0,0.0,0.0,0.0,0.0,0.0,0.0,0.0
CAMP transfer,plain_same,east_to_west,target,0.25,current_margin,matched,0,0,0.0,0.0,0.0,0.0,0.0,0.0,0.0,0.0
CAMP transfer,plain_same,east_to_west,target,0.25,current_margin_guard,budget10,20,0,57.0,24.75,32.25,0.0,24.75,16.7,9.55,6.7
CAMP transfer,plain_same,east_to_west,target,0.25,current_margin_guard,budget25,20,0,144.0,77.05,66.95,0.0,77.05,54.25,33.75,24.35
CAMP transfer,plain_same,east_to_west,target,0.25,current_margin_guard,budget50,20,0,288.0,185.7,102.3,0.0,185.7,142.75,86.3,67.25
CAMP transfer,plain_same,east_to_west,target,0.25,current_margin_guard,full_frozen,0,0,0.0,0.0,0.0,0.0,0.0,0.0,0.0,0.0
CAMP transfer,plain_same,east_to_west,target,0.25,current_margin_guard,matched,0,0,0.0,0.0,0.0,0.0,0.0,0.0,0.0,0.0
CAMP transfer,plain_same,east_to_west,target,0.25,old_margin_guard,budget10,20,0,57.0,21.85,35.15,0.0,21.85,14.85,11.25,8.3
CAMP transfer,plain_same,east_to_west,target,0.25,old_margin_guard,budget25,20,0,144.0,77.5,66.5,0.0,77.5,55.05,38.1,26.5
CAMP transfer,plain_same,east_to_west,target,0.25,old_margin_guard,budget50,20,0,288.0,185.35,102.65,0.0,185.35,144.85,89.9,72.5
CAMP transfer,plain_same,east_to_west,target,0.25,old_margin_guard,full_frozen,0,0,0.0,0.0,0.0,0.0,0.0,0.0,0.0,0.0
CAMP transfer,plain_same,east_to_west,target,0.25,old_margin_guard,matched,0,0,0.0,0.0,0.0,0.0,0.0,0.0,0.0,0.0
CAMP transfer,plain_same,east_to_west,target,0.25,sq8_margin_guard,budget10,20,0,57.0,23.1,33.9,0.0,23.1,15.75,12.0,10.0
CAMP transfer,plain_same,east_to_west,target,0.25,sq8_margin_guard,budget25,20,0,144.0,80.75,63.25,0.0,80.75,57.85,40.3,30.65
CAMP transfer,plain_same,east_to_west,target,0.25,sq8_margin_guard,budget50,20,0,288.0,186.25,101.75,0.0,186.25,146.1,95.7,77.85
CAMP transfer,plain_same,east_to_west,target,0.25,sq8_margin_guard,full_frozen,0,0,0.0,0.0,0.0,0.0,0.0,0.0,0.0,0.0
CAMP transfer,plain_same,east_to_west,target,0.25,sq8_margin_guard,matched,0,0,0.0,0.0,0.0,0.0,0.0,0.0,0.0,0.0
CAMP transfer,plain_same,east_to_west,target,0.5,current_su,budget10,20,0,57.0,28.05,28.95,9.9,18.15,13.4,1.1,0.2
CAMP transfer,plain_same,east_to_west,target,0.5,current_su,budget25,20,0,144.0,85.25,58.75,25.65,59.6,49.65,11.6,5.7
CAMP transfer,plain_same,east_to_west,target,0.5,current_su,budget50,20,0,288.0,192.2,95.8,53.45,138.75,130.1,42.7,25.5
CAMP transfer,plain_same,east_to_west,target,0.5,current_su,full_frozen,0,0,0.0,0.0,0.0,0.0,0.0,0.0,0.0,0.0
CAMP transfer,plain_same,east_to_west,target,0.5,current_su,matched,0,0,0.0,0.0,0.0,0.0,0.0,0.0,0.0,0.0
CAMP transfer,plain_same,east_to_west,target,0.5,current_su_guard,budget10,20,0,57.0,23.85,33.15,0.0,23.85,11.85,2.4,0.2
CAMP transfer,plain_same,east_to_west,target,0.5,current_su_guard,budget25,20,0,144.0,77.15,66.85,0.0,77.15,50.65,21.05,12.15
CAMP transfer,plain_same,east_to_west,target,0.5,current_su_guard,budget50,20,0,288.0,201.15,86.85,0.0,201.15,159.7,98.7,79.4
CAMP transfer,plain_same,east_to_west,target,0.5,current_su_guard,full_frozen,0,0,0.0,0.0,0.0,0.0,0.0,0.0,0.0,0.0
CAMP transfer,plain_same,east_to_west,target,0.5,current_su_guard,matched,0,0,0.0,0.0,0.0,0.0,0.0,0.0,0.0,0.0
CAMP transfer,plain_same,east_to_west,target,0.5,old_su,budget10,20,0,57.0,33.75,23.25,18.8,14.95,18.8,5.5,4.5
CAMP transfer,plain_same,east_to_west,target,0.5,old_su,budget25,20,0,144.0,95.3,48.7,39.55,55.75,59.05,19.95,13.9
CAMP transfer,plain_same,east_to_west,target,0.5,old_su,budget50,20,0,288.0,202.05,85.95,67.5,134.55,140.85,58.9,42.6
CAMP transfer,plain_same,east_to_west,target,0.5,old_su,full_frozen,0,0,0.0,0.0,0.0,0.0,0.0,0.0,0.0,0.0
CAMP transfer,plain_same,east_to_west,target,0.5,old_su,matched,0,0,0.0,0.0,0.0,0.0,0.0,0.0,0.0,0.0
CAMP transfer,plain_same,east_to_west,target,0.5,old_su_guard,budget10,20,0,57.0,24.7,32.3,0.0,24.7,13.4,6.25,3.8
CAMP transfer,plain_same,east_to_west,target,0.5,old_su_guard,budget25,20,0,144.0,79.4,64.6,0.0,79.4,52.8,25.1,17.5
CAMP transfer,plain_same,east_to_west,target,0.5,old_su_guard,budget50,20,0,288.0,200.9,87.1,0.0,200.9,159.65,100.1,83.55
CAMP transfer,plain_same,east_to_west,target,0.5,old_su_guard,full_frozen,0,0,0.0,0.0,0.0,0.0,0.0,0.0,0.0,0.0
CAMP transfer,plain_same,east_to_west,target,0.5,old_su_guard,matched,0,0,0.0,0.0,0.0,0.0,0.0,0.0,0.0,0.0
CAMP transfer,plain_same,east_to_west,target,0.5,current_margin,budget10,20,0,57.0,31.0,26.0,8.9,22.1,18.65,5.75,3.4
CAMP transfer,plain_same,east_to_west,target,0.5,current_margin,budget25,20,0,144.0,90.35,53.65,24.4,65.95,61.3,26.2,17.85
CAMP transfer,plain_same,east_to_west,target,0.5,current_margin,budget50,20,0,288.0,206.6,81.4,47.45,159.15,151.8,76.55,57.6
CAMP transfer,plain_same,east_to_west,target,0.5,current_margin,full_frozen,0,0,0.0,0.0,0.0,0.0,0.0,0.0,0.0,0.0
CAMP transfer,plain_same,east_to_west,target,0.5,current_margin,matched,0,0,0.0,0.0,0.0,0.0,0.0,0.0,0.0,0.0
CAMP transfer,plain_same,east_to_west,target,0.5,current_margin_guard,budget10,20,0,57.0,28.3,28.7,0.0,28.3,18.95,9.6,6.8
CAMP transfer,plain_same,east_to_west,target,0.5,current_margin_guard,budget25,20,0,144.0,87.5,56.5,0.0,87.5,64.9,40.8,31.2
CAMP transfer,plain_same,east_to_west,target,0.5,current_margin_guard,budget50,20,0,288.0,203.8,84.2,0.0,203.8,166.15,109.75,90.25
CAMP transfer,plain_same,east_to_west,target,0.5,current_margin_guard,full_frozen,0,0,0.0,0.0,0.0,0.0,0.0,0.0,0.0,0.0
CAMP transfer,plain_same,east_to_west,target,0.5,current_margin_guard,matched,0,0,0.0,0.0,0.0,0.0,0.0,0.0,0.0,0.0
CAMP transfer,plain_same,east_to_west,target,0.5,old_margin_guard,budget10,20,0,57.0,26.1,30.9,0.0,26.1,19.05,15.6,12.55
CAMP transfer,plain_same,east_to_west,target,0.5,old_margin_guard,budget25,20,0,144.0,93.1,50.9,0.0,93.1,71.75,50.25,40.95
CAMP transfer,plain_same,east_to_west,target,0.5,old_margin_guard,budget50,20,0,288.0,203.95,84.05,0.0,203.95,167.05,113.05,93.45
CAMP transfer,plain_same,east_to_west,target,0.5,old_margin_guard,full_frozen,0,0,0.0,0.0,0.0,0.0,0.0,0.0,0.0,0.0
CAMP transfer,plain_same,east_to_west,target,0.5,old_margin_guard,matched,0,0,0.0,0.0,0.0,0.0,0.0,0.0,0.0,0.0
CAMP transfer,plain_same,east_to_west,target,0.5,sq8_margin_guard,budget10,20,0,57.0,30.3,26.7,0.0,30.3,22.2,17.15,14.75
CAMP transfer,plain_same,east_to_west,target,0.5,sq8_margin_guard,budget25,20,0,144.0,91.4,52.6,0.0,91.4,73.75,54.85,48.15
CAMP transfer,plain_same,east_to_west,target,0.5,sq8_margin_guard,budget50,0,0,,,,,,,,
CAMP transfer,plain_same,east_to_west,target,0.5,sq8_margin_guard,full_frozen,0,0,0.0,0.0,0.0,0.0,0.0,0.0,0.0,0.0
CAMP transfer,plain_same,east_to_west,target,0.5,sq8_margin_guard,matched,0,0,0.0,0.0,0.0,0.0,0.0,0.0,0.0,0.0
CAMP transfer,plain_same,east_to_west,control,0.25,current_su,budget10,20,0,57.0,17.5,39.5,0.0,17.5,6.4,2.15,2.1
CAMP transfer,plain_same,east_to_west,control,0.25,current_su,budget25,20,0,144.0,66.1,77.9,0.0,66.1,34.0,13.15,6.95
CAMP transfer,plain_same,east_to_west,control,0.25,current_su,budget50,20,0,288.0,154.75,133.25,0.0,154.75,98.85,41.5,24.5
CAMP transfer,plain_same,east_to_west,control,0.25,current_su,full_frozen,0,0,0.0,0.0,0.0,0.0,0.0,0.0,0.0,0.0
CAMP transfer,plain_same,east_to_west,control,0.25,current_su,matched,0,0,0.0,0.0,0.0,0.0,0.0,0.0,0.0,0.0
CAMP transfer,plain_same,east_to_west,control,0.25,current_su_guard,budget10,20,0,57.0,17.5,39.5,0.0,17.5,6.4,2.15,2.1
CAMP transfer,plain_same,east_to_west,control,0.25,current_su_guard,budget25,20,0,144.0,66.1,77.9,0.0,66.1,34.0,13.15,6.95
CAMP transfer,plain_same,east_to_west,control,0.25,current_su_guard,budget50,20,0,288.0,154.7,133.3,0.0,154.7,98.75,41.3,24.3
CAMP transfer,plain_same,east_to_west,control,0.25,current_su_guard,full_frozen,0,0,0.0,0.0,0.0,0.0,0.0,0.0,0.0,0.0
CAMP transfer,plain_same,east_to_west,control,0.25,current_su_guard,matched,0,0,0.0,0.0,0.0,0.0,0.0,0.0,0.0,0.0
CAMP transfer,plain_same,east_to_west,control,0.25,old_su,budget10,20,0,57.0,18.0,39.0,0.0,18.0,7.0,2.0,2.0
CAMP transfer,plain_same,east_to_west,control,0.25,old_su,budget25,20,0,144.0,66.0,78.0,0.0,66.0,34.0,13.0,6.9
CAMP transfer,plain_same,east_to_west,control,0.25,old_su,budget50,20,0,288.0,155.0,133.0,0.0,155.0,99.0,41.9,24.8
CAMP transfer,plain_same,east_to_west,control,0.25,old_su,full_frozen,0,0,0.0,0.0,0.0,0.0,0.0,0.0,0.0,0.0
CAMP transfer,plain_same,east_to_west,control,0.25,old_su,matched,0,0,0.0,0.0,0.0,0.0,0.0,0.0,0.0,0.0
CAMP transfer,plain_same,east_to_west,control,0.25,old_su_guard,budget10,20,0,57.0,17.85,39.15,0.0,17.85,6.85,1.85,1.85
CAMP transfer,plain_same,east_to_west,control,0.25,old_su_guard,budget25,20,0,144.0,65.8,78.2,0.0,65.8,33.65,12.65,6.55
CAMP transfer,plain_same,east_to_west,control,0.25,old_su_guard,budget50,20,0,288.0,154.8,133.2,0.0,154.8,98.35,41.0,24.0
CAMP transfer,plain_same,east_to_west,control,0.25,old_su_guard,full_frozen,0,0,0.0,0.0,0.0,0.0,0.0,0.0,0.0,0.0
CAMP transfer,plain_same,east_to_west,control,0.25,old_su_guard,matched,0,0,0.0,0.0,0.0,0.0,0.0,0.0,0.0,0.0
CAMP transfer,plain_same,east_to_west,control,0.25,current_margin,budget10,20,0,57.0,21.5,35.5,0.0,21.5,14.5,9.5,6.5
CAMP transfer,plain_same,east_to_west,control,0.25,current_margin,budget25,20,0,144.0,69.6,74.4,0.0,69.6,46.95,29.8,20.85
CAMP transfer,plain_same,east_to_west,control,0.25,current_margin,budget50,20,0,288.0,175.6,112.4,0.0,175.6,127.8,78.45,58.2
CAMP transfer,plain_same,east_to_west,control,0.25,current_margin,full_frozen,0,0,0.0,0.0,0.0,0.0,0.0,0.0,0.0,0.0
CAMP transfer,plain_same,east_to_west,control,0.25,current_margin,matched,0,0,0.0,0.0,0.0,0.0,0.0,0.0,0.0,0.0
CAMP transfer,plain_same,east_to_west,control,0.25,current_margin_guard,budget10,20,0,57.0,21.5,35.5,0.0,21.5,14.5,9.5,6.5
CAMP transfer,plain_same,east_to_west,control,0.25,current_margin_guard,budget25,20,0,144.0,69.8,74.2,0.0,69.8,47.1,29.9,20.95
CAMP transfer,plain_same,east_to_west,control,0.25,current_margin_guard,budget50,20,0,288.0,175.05,112.95,0.0,175.05,127.15,77.3,57.3
CAMP transfer,plain_same,east_to_west,control,0.25,current_margin_guard,full_frozen,0,0,0.0,0.0,0.0,0.0,0.0,0.0,0.0,0.0
CAMP transfer,plain_same,east_to_west,control,0.25,current_margin_guard,matched,0,0,0.0,0.0,0.0,0.0,0.0,0.0,0.0,0.0
CAMP transfer,plain_same,east_to_west,control,0.25,old_margin_guard,budget10,20,0,57.0,21.5,35.5,0.0,21.5,14.5,9.5,6.5
CAMP transfer,plain_same,east_to_west,control,0.25,old_margin_guard,budget25,20,0,144.0,69.75,74.25,0.0,69.75,46.75,29.55,20.55
CAMP transfer,plain_same,east_to_west,control,0.25,old_margin_guard,budget50,20,0,288.0,174.4,113.6,0.0,174.4,126.4,76.45,56.3
CAMP transfer,plain_same,east_to_west,control,0.25,old_margin_guard,full_frozen,0,0,0.0,0.0,0.0,0.0,0.0,0.0,0.0,0.0
CAMP transfer,plain_same,east_to_west,control,0.25,old_margin_guard,matched,0,0,0.0,0.0,0.0,0.0,0.0,0.0,0.0,0.0
CAMP transfer,plain_same,east_to_west,control,0.25,sq8_margin_guard,budget10,20,0,57.0,21.0,36.0,0.0,21.0,13.95,8.95,5.95
CAMP transfer,plain_same,east_to_west,control,0.25,sq8_margin_guard,budget25,20,0,144.0,69.3,74.7,0.0,69.3,46.45,28.8,19.8
CAMP transfer,plain_same,east_to_west,control,0.25,sq8_margin_guard,budget50,20,0,288.0,172.65,115.35,0.0,172.65,125.35,74.05,53.35
CAMP transfer,plain_same,east_to_west,control,0.25,sq8_margin_guard,full_frozen,0,0,0.0,0.0,0.0,0.0,0.0,0.0,0.0,0.0
CAMP transfer,plain_same,east_to_west,control,0.25,sq8_margin_guard,matched,0,0,0.0,0.0,0.0,0.0,0.0,0.0,0.0,0.0
CAMP transfer,old_same,west_to_east,target,0.25,current_su,budget10,20,0,20.0,10.35,9.65,1.3,9.05,7.4,3.05,3.05
CAMP transfer,old_same,west_to_east,target,0.25,current_su,budget25,20,0,50.0,32.75,17.25,2.65,30.1,26.7,15.7,14.5
CAMP transfer,old_same,west_to_east,target,0.25,current_su,budget50,20,0,100.0,75.55,24.45,4.3,71.25,62.35,40.4,39.0
CAMP transfer,old_same,west_to_east,target,0.25,current_su,full_frozen,0,0,0.0,0.0,0.0,0.0,0.0,0.0,0.0,0.0
CAMP transfer,old_same,west_to_east,target,0.25,current_su,matched,0,0,0.0,0.0,0.0,0.0,0.0,0.0,0.0,0.0
CAMP transfer,old_same,west_to_east,target,0.25,current_su_guard,budget10,20,0,20.0,10.1,9.9,0.0,10.1,7.8,3.65,3.6
CAMP transfer,old_same,west_to_east,target,0.25,current_su_guard,budget25,20,0,50.0,32.25,17.75,0.0,32.25,27.75,17.9,16.65
CAMP transfer,old_same,west_to_east,target,0.25,current_su_guard,budget50,20,0,100.0,75.95,24.05,0.0,75.95,63.95,45.4,44.1
CAMP transfer,old_same,west_to_east,target,0.25,current_su_guard,full_frozen,0,0,0.0,0.0,0.0,0.0,0.0,0.0,0.0,0.0
CAMP transfer,old_same,west_to_east,target,0.25,current_su_guard,matched,0,0,0.0,0.0,0.0,0.0,0.0,0.0,0.0,0.0
CAMP transfer,old_same,west_to_east,target,0.25,old_su,budget10,20,0,20.0,11.25,8.75,2.75,8.5,9.35,5.2,5.15
CAMP transfer,old_same,west_to_east,target,0.25,old_su,budget25,20,0,50.0,33.7,16.3,5.1,28.6,27.8,17.75,17.05
CAMP transfer,old_same,west_to_east,target,0.25,old_su,budget50,20,0,100.0,76.0,24.0,7.35,68.65,65.2,42.7,40.9
CAMP transfer,old_same,west_to_east,target,0.25,old_su,full_frozen,0,0,0.0,0.0,0.0,0.0,0.0,0.0,0.0,0.0
CAMP transfer,old_same,west_to_east,target,0.25,old_su,matched,0,0,0.0,0.0,0.0,0.0,0.0,0.0,0.0,0.0
CAMP transfer,old_same,west_to_east,target,0.25,old_su_guard,budget10,20,0,20.0,10.9,9.1,0.0,10.9,9.5,6.95,6.95
CAMP transfer,old_same,west_to_east,target,0.25,old_su_guard,budget25,20,0,50.0,34.6,15.4,0.0,34.6,31.1,22.2,20.95
CAMP transfer,old_same,west_to_east,target,0.25,old_su_guard,budget50,20,0,100.0,76.95,23.05,0.0,76.95,65.85,47.55,46.15
CAMP transfer,old_same,west_to_east,target,0.25,old_su_guard,full_frozen,0,0,0.0,0.0,0.0,0.0,0.0,0.0,0.0,0.0
CAMP transfer,old_same,west_to_east,target,0.25,old_su_guard,matched,0,0,0.0,0.0,0.0,0.0,0.0,0.0,0.0,0.0
CAMP transfer,old_same,west_to_east,target,0.25,current_margin,budget10,20,0,20.0,11.8,8.2,1.35,10.45,9.65,5.8,5.4
CAMP transfer,old_same,west_to_east,target,0.25,current_margin,budget25,20,0,50.0,36.25,13.75,3.05,33.2,28.05,19.65,18.9
CAMP transfer,old_same,west_to_east,target,0.25,current_margin,budget50,20,0,100.0,78.2,21.8,4.1,74.1,65.85,47.7,45.3
CAMP transfer,old_same,west_to_east,target,0.25,current_margin,full_frozen,0,0,0.0,0.0,0.0,0.0,0.0,0.0,0.0,0.0
CAMP transfer,old_same,west_to_east,target,0.25,current_margin,matched,0,0,0.0,0.0,0.0,0.0,0.0,0.0,0.0,0.0
CAMP transfer,old_same,west_to_east,target,0.25,current_margin_guard,budget10,20,0,20.0,11.95,8.05,0.0,11.95,10.75,7.4,7.0
CAMP transfer,old_same,west_to_east,target,0.25,current_margin_guard,budget25,20,0,50.0,35.95,14.05,0.0,35.95,29.3,22.75,21.95
CAMP transfer,old_same,west_to_east,target,0.25,current_margin_guard,budget50,20,0,100.0,79.15,20.85,0.0,79.15,67.6,50.9,48.9
CAMP transfer,old_same,west_to_east,target,0.25,current_margin_guard,full_frozen,0,0,0.0,0.0,0.0,0.0,0.0,0.0,0.0,0.0
CAMP transfer,old_same,west_to_east,target,0.25,current_margin_guard,matched,0,0,0.0,0.0,0.0,0.0,0.0,0.0,0.0,0.0
CAMP transfer,old_same,west_to_east,target,0.25,old_margin_guard,budget10,20,0,20.0,13.7,6.3,0.0,13.7,12.5,10.45,10.45
CAMP transfer,old_same,west_to_east,target,0.25,old_margin_guard,budget25,20,0,50.0,37.5,12.5,0.0,37.5,31.15,26.65,26.05
CAMP transfer,old_same,west_to_east,target,0.25,old_margin_guard,budget50,20,0,100.0,79.5,20.5,0.0,79.5,68.5,52.35,50.35
CAMP transfer,old_same,west_to_east,target,0.25,old_margin_guard,full_frozen,0,0,0.0,0.0,0.0,0.0,0.0,0.0,0.0,0.0
CAMP transfer,old_same,west_to_east,target,0.25,old_margin_guard,matched,0,0,0.0,0.0,0.0,0.0,0.0,0.0,0.0,0.0
CAMP transfer,old_same,west_to_east,target,0.25,sq8_margin_guard,budget10,20,0,20.0,14.65,5.35,0.0,14.65,12.85,10.75,10.75
CAMP transfer,old_same,west_to_east,target,0.25,sq8_margin_guard,budget25,20,0,50.0,39.6,10.4,0.0,39.6,34.35,30.3,29.35
CAMP transfer,old_same,west_to_east,target,0.25,sq8_margin_guard,budget50,20,0,100.0,81.2,18.8,0.0,81.2,70.75,56.55,54.8
CAMP transfer,old_same,west_to_east,target,0.25,sq8_margin_guard,full_frozen,0,0,0.0,0.0,0.0,0.0,0.0,0.0,0.0,0.0
CAMP transfer,old_same,west_to_east,target,0.25,sq8_margin_guard,matched,0,0,0.0,0.0,0.0,0.0,0.0,0.0,0.0,0.0
CAMP transfer,old_same,west_to_east,target,0.5,current_su,budget10,20,0,20.0,12.35,7.65,2.95,9.4,8.45,2.3,2.3
CAMP transfer,old_same,west_to_east,target,0.5,current_su,budget25,20,0,50.0,35.65,14.35,5.5,30.15,28.25,14.15,13.6
CAMP transfer,old_same,west_to_east,target,0.5,current_su,budget50,20,0,100.0,80.0,20.0,9.65,70.35,65.35,41.6,40.35
CAMP transfer,old_same,west_to_east,target,0.5,current_su,full_frozen,0,0,0.0,0.0,0.0,0.0,0.0,0.0,0.0,0.0
CAMP transfer,old_same,west_to_east,target,0.5,current_su,matched,0,0,0.0,0.0,0.0,0.0,0.0,0.0,0.0,0.0
CAMP transfer,old_same,west_to_east,target,0.5,current_su_guard,budget10,20,0,20.0,11.6,8.4,0.0,11.6,9.0,4.15,4.0
CAMP transfer,old_same,west_to_east,target,0.5,current_su_guard,budget25,20,0,50.0,36.35,13.65,0.0,36.35,31.8,21.65,20.95
CAMP transfer,old_same,west_to_east,target,0.5,current_su_guard,budget50,20,0,100.0,81.45,18.55,0.0,81.45,71.0,56.35,55.3
CAMP transfer,old_same,west_to_east,target,0.5,current_su_guard,full_frozen,0,0,0.0,0.0,0.0,0.0,0.0,0.0,0.0,0.0
CAMP transfer,old_same,west_to_east,target,0.5,current_su_guard,matched,0,0,0.0,0.0,0.0,0.0,0.0,0.0,0.0,0.0
CAMP transfer,old_same,west_to_east,target,0.5,old_su,budget10,20,0,20.0,13.55,6.45,5.3,8.25,11.25,6.35,6.2
CAMP transfer,old_same,west_to_east,target,0.5,old_su,budget25,20,0,50.0,37.75,12.25,10.2,27.55,31.6,19.65,19.15
CAMP transfer,old_same,west_to_east,target,0.5,old_su,budget50,20,0,100.0,82.05,17.95,14.9,67.15,70.4,46.8,44.9
CAMP transfer,old_same,west_to_east,target,0.5,old_su,full_frozen,0,0,0.0,0.0,0.0,0.0,0.0,0.0,0.0,0.0
CAMP transfer,old_same,west_to_east,target,0.5,old_su,matched,0,0,0.0,0.0,0.0,0.0,0.0,0.0,0.0,0.0
CAMP transfer,old_same,west_to_east,target,0.5,old_su_guard,budget10,20,0,20.0,13.3,6.7,0.0,13.3,12.0,9.4,9.4
CAMP transfer,old_same,west_to_east,target,0.5,old_su_guard,budget25,20,0,50.0,38.05,11.95,0.0,38.05,35.75,27.9,27.2
CAMP transfer,old_same,west_to_east,target,0.5,old_su_guard,budget50,20,0,100.0,81.35,18.65,0.0,81.35,71.55,57.7,56.5
CAMP transfer,old_same,west_to_east,target,0.5,old_su_guard,full_frozen,0,0,0.0,0.0,0.0,0.0,0.0,0.0,0.0,0.0
CAMP transfer,old_same,west_to_east,target,0.5,old_su_guard,matched,0,0,0.0,0.0,0.0,0.0,0.0,0.0,0.0,0.0
CAMP transfer,old_same,west_to_east,target,0.5,current_margin,budget10,20,0,20.0,12.55,7.45,2.0,10.55,9.8,4.85,4.65
CAMP transfer,old_same,west_to_east,target,0.5,current_margin,budget25,20,0,50.0,37.65,12.35,5.3,32.35,30.0,18.25,17.65
CAMP transfer,old_same,west_to_east,target,0.5,current_margin,budget50,20,0,100.0,81.3,18.7,8.3,73.0,69.0,49.05,46.9
CAMP transfer,old_same,west_to_east,target,0.5,current_margin,full_frozen,0,0,0.0,0.0,0.0,0.0,0.0,0.0,0.0,0.0
CAMP transfer,old_same,west_to_east,target,0.5,current_margin,matched,0,0,0.0,0.0,0.0,0.0,0.0,0.0,0.0,0.0
CAMP transfer,old_same,west_to_east,target,0.5,current_margin_guard,budget10,20,0,20.0,12.75,7.25,0.0,12.75,11.15,7.5,7.2
CAMP transfer,old_same,west_to_east,target,0.5,current_margin_guard,budget25,20,0,50.0,37.7,12.3,0.0,37.7,32.55,25.75,25.2
CAMP transfer,old_same,west_to_east,target,0.5,current_margin_guard,budget50,20,0,100.0,83.25,16.75,0.0,83.25,73.45,59.5,58.25
CAMP transfer,old_same,west_to_east,target,0.5,current_margin_guard,full_frozen,0,0,0.0,0.0,0.0,0.0,0.0,0.0,0.0,0.0
CAMP transfer,old_same,west_to_east,target,0.5,current_margin_guard,matched,0,0,0.0,0.0,0.0,0.0,0.0,0.0,0.0,0.0
CAMP transfer,old_same,west_to_east,target,0.5,old_margin_guard,budget10,20,0,20.0,15.85,4.15,0.0,15.85,14.3,12.5,12.5
CAMP transfer,old_same,west_to_east,target,0.5,old_margin_guard,budget25,20,0,50.0,41.0,9.0,0.0,41.0,36.85,32.6,32.0
CAMP transfer,old_same,west_to_east,target,0.5,old_margin_guard,budget50,20,0,100.0,84.2,15.8,0.0,84.2,74.8,61.25,59.75
CAMP transfer,old_same,west_to_east,target,0.5,old_margin_guard,full_frozen,0,0,0.0,0.0,0.0,0.0,0.0,0.0,0.0,0.0
CAMP transfer,old_same,west_to_east,target,0.5,old_margin_guard,matched,0,0,0.0,0.0,0.0,0.0,0.0,0.0,0.0,0.0
CAMP transfer,old_same,west_to_east,target,0.5,sq8_margin_guard,budget10,20,0,20.0,16.1,3.9,0.0,16.1,14.9,13.4,13.4
CAMP transfer,old_same,west_to_east,target,0.5,sq8_margin_guard,budget25,20,0,50.0,43.05,6.95,0.0,43.05,39.6,35.3,34.45
CAMP transfer,old_same,west_to_east,target,0.5,sq8_margin_guard,budget50,11,0,100.0,85.9090909090909,14.090909090909092,0.0,85.9090909090909,78.63636363636364,69.36363636363636,68.18181818181819
CAMP transfer,old_same,west_to_east,target,0.5,sq8_margin_guard,full_frozen,0,0,0.0,0.0,0.0,0.0,0.0,0.0,0.0,0.0
CAMP transfer,old_same,west_to_east,target,0.5,sq8_margin_guard,matched,0,0,0.0,0.0,0.0,0.0,0.0,0.0,0.0,0.0
CAMP transfer,old_same,west_to_east,control,0.25,current_su,budget10,20,0,20.0,9.0,11.0,0.0,9.0,8.0,5.0,5.0
CAMP transfer,old_same,west_to_east,control,0.25,current_su,budget25,20,0,50.0,30.5,19.5,0.0,30.5,25.4,17.35,16.3
CAMP transfer,old_same,west_to_east,control,0.25,current_su,budget50,20,0,100.0,71.0,29.0,0.0,71.0,61.65,40.9,38.85
CAMP transfer,old_same,west_to_east,control,0.25,current_su,full_frozen,0,0,0.0,0.0,0.0,0.0,0.0,0.0,0.0,0.0
CAMP transfer,old_same,west_to_east,control,0.25,current_su,matched,0,0,0.0,0.0,0.0,0.0,0.0,0.0,0.0,0.0
CAMP transfer,old_same,west_to_east,control,0.25,current_su_guard,budget10,20,0,20.0,8.9,11.1,0.0,8.9,7.9,4.9,4.9
CAMP transfer,old_same,west_to_east,control,0.25,current_su_guard,budget25,20,0,50.0,30.3,19.7,0.0,30.3,25.3,17.2,16.1
CAMP transfer,old_same,west_to_east,control,0.25,current_su_guard,budget50,20,0,100.0,71.0,29.0,0.0,71.0,61.15,40.05,38.0
CAMP transfer,old_same,west_to_east,control,0.25,current_su_guard,full_frozen,0,0,0.0,0.0,0.0,0.0,0.0,0.0,0.0,0.0
CAMP transfer,old_same,west_to_east,control,0.25,current_su_guard,matched,0,0,0.0,0.0,0.0,0.0,0.0,0.0,0.0,0.0
CAMP transfer,old_same,west_to_east,control,0.25,old_su,budget10,20,0,20.0,9.0,11.0,0.0,9.0,8.0,5.0,5.0
CAMP transfer,old_same,west_to_east,control,0.25,old_su,budget25,20,0,50.0,29.9,20.1,0.0,29.9,24.8,16.8,15.8
CAMP transfer,old_same,west_to_east,control,0.25,old_su,budget50,20,0,100.0,70.9,29.1,0.0,70.9,61.8,40.8,38.8
CAMP transfer,old_same,west_to_east,control,0.25,old_su,full_frozen,0,0,0.0,0.0,0.0,0.0,0.0,0.0,0.0,0.0
CAMP transfer,old_same,west_to_east,control,0.25,old_su,matched,0,0,0.0,0.0,0.0,0.0,0.0,0.0,0.0,0.0
CAMP transfer,old_same,west_to_east,control,0.25,old_su_guard,budget10,20,0,20.0,8.85,11.15,0.0,8.85,7.85,4.85,4.85
CAMP transfer,old_same,west_to_east,control,0.25,old_su_guard,budget25,20,0,50.0,30.0,20.0,0.0,30.0,25.0,17.0,15.55
CAMP transfer,old_same,west_to_east,control,0.25,old_su_guard,budget50,20,0,100.0,71.0,29.0,0.0,71.0,60.9,39.75,37.75
CAMP transfer,old_same,west_to_east,control,0.25,old_su_guard,full_frozen,0,0,0.0,0.0,0.0,0.0,0.0,0.0,0.0,0.0
CAMP transfer,old_same,west_to_east,control,0.25,old_su_guard,matched,0,0,0.0,0.0,0.0,0.0,0.0,0.0,0.0,0.0
CAMP transfer,old_same,west_to_east,control,0.25,current_margin,budget10,20,0,20.0,11.6,8.4,0.0,11.6,11.45,9.45,9.45
CAMP transfer,old_same,west_to_east,control,0.25,current_margin,budget25,20,0,50.0,35.45,14.55,0.0,35.45,27.7,22.7,21.6
CAMP transfer,old_same,west_to_east,control,0.25,current_margin,budget50,20,0,100.0,76.85,23.15,0.0,76.85,64.35,47.3,44.3
CAMP transfer,old_same,west_to_east,control,0.25,current_margin,full_frozen,0,0,0.0,0.0,0.0,0.0,0.0,0.0,0.0,0.0
CAMP transfer,old_same,west_to_east,control,0.25,current_margin,matched,0,0,0.0,0.0,0.0,0.0,0.0,0.0,0.0,0.0
CAMP transfer,old_same,west_to_east,control,0.25,current_margin_guard,budget10,20,0,20.0,11.6,8.4,0.0,11.6,11.4,9.4,9.4
CAMP transfer,old_same,west_to_east,control,0.25,current_margin_guard,budget25,20,0,50.0,35.1,14.9,0.0,35.1,27.3,22.3,21.2
CAMP transfer,old_same,west_to_east,control,0.25,current_margin_guard,budget50,20,0,100.0,76.95,23.05,0.0,76.95,63.75,46.35,43.3
CAMP transfer,old_same,west_to_east,control,0.25,current_margin_guard,full_frozen,0,0,0.0,0.0,0.0,0.0,0.0,0.0,0.0,0.0
CAMP transfer,old_same,west_to_east,control,0.25,current_margin_guard,matched,0,0,0.0,0.0,0.0,0.0,0.0,0.0,0.0,0.0
CAMP transfer,old_same,west_to_east,control,0.25,old_margin_guard,budget10,20,0,20.0,11.0,9.0,0.0,11.0,10.8,8.75,8.75
CAMP transfer,old_same,west_to_east,control,0.25,old_margin_guard,budget25,20,0,50.0,33.85,16.15,0.0,33.85,25.8,20.8,19.8
CAMP transfer,old_same,west_to_east,control,0.25,old_margin_guard,budget50,20,0,100.0,76.75,23.25,0.0,76.75,63.2,45.7,42.7
CAMP transfer,old_same,west_to_east,control,0.25,old_margin_guard,full_frozen,0,0,0.0,0.0,0.0,0.0,0.0,0.0,0.0,0.0
CAMP transfer,old_same,west_to_east,control,0.25,old_margin_guard,matched,0,0,0.0,0.0,0.0,0.0,0.0,0.0,0.0,0.0
CAMP transfer,old_same,west_to_east,control,0.25,sq8_margin_guard,budget10,20,0,20.0,11.05,8.95,0.0,11.05,10.45,8.15,8.15
CAMP transfer,old_same,west_to_east,control,0.25,sq8_margin_guard,budget25,20,0,50.0,33.2,16.8,0.0,33.2,25.3,20.6,19.6
CAMP transfer,old_same,west_to_east,control,0.25,sq8_margin_guard,budget50,20,0,100.0,74.7,25.3,0.0,74.7,61.0,41.9,39.15
CAMP transfer,old_same,west_to_east,control,0.25,sq8_margin_guard,full_frozen,0,0,0.0,0.0,0.0,0.0,0.0,0.0,0.0,0.0
CAMP transfer,old_same,west_to_east,control,0.25,sq8_margin_guard,matched,0,0,0.0,0.0,0.0,0.0,0.0,0.0,0.0,0.0
CAMP transfer,old_same,east_to_west,target,0.25,current_su,budget10,20,0,57.0,35.65,21.35,2.55,33.1,27.45,15.4,9.55
CAMP transfer,old_same,east_to_west,target,0.25,current_su,budget25,20,0,144.0,93.5,50.5,7.65,85.85,72.45,40.6,26.8
CAMP transfer,old_same,east_to_west,target,0.25,current_su,budget50,20,0,288.0,203.35,84.65,15.3,188.05,162.6,93.5,64.9
CAMP transfer,old_same,east_to_west,target,0.25,current_su,full_frozen,0,0,0.0,0.0,0.0,0.0,0.0,0.0,0.0,0.0
CAMP transfer,old_same,east_to_west,target,0.25,current_su,matched,0,0,0.0,0.0,0.0,0.0,0.0,0.0,0.0,0.0
CAMP transfer,old_same,east_to_west,target,0.25,current_su_guard,budget10,20,0,57.0,34.25,22.75,0.0,34.25,27.2,16.3,10.85
CAMP transfer,old_same,east_to_west,target,0.25,current_su_guard,budget25,20,0,144.0,91.65,52.35,0.0,91.65,72.4,43.7,29.65
CAMP transfer,old_same,east_to_west,target,0.25,current_su_guard,budget50,20,0,288.0,202.85,85.15,0.0,202.85,167.75,106.2,78.0
CAMP transfer,old_same,east_to_west,target,0.25,current_su_guard,full_frozen,0,0,0.0,0.0,0.0,0.0,0.0,0.0,0.0,0.0
CAMP transfer,old_same,east_to_west,target,0.25,current_su_guard,matched,0,0,0.0,0.0,0.0,0.0,0.0,0.0,0.0,0.0
CAMP transfer,old_same,east_to_west,target,0.25,old_su,budget10,20,0,57.0,39.05,17.95,4.8,34.25,31.15,18.05,13.05
CAMP transfer,old_same,east_to_west,target,0.25,old_su,budget25,20,0,144.0,98.05,45.95,12.45,85.6,74.85,45.7,32.9
CAMP transfer,old_same,east_to_west,target,0.25,old_su,budget50,20,0,288.0,204.25,83.75,23.05,181.2,163.95,98.0,70.35
CAMP transfer,old_same,east_to_west,target,0.25,old_su,full_frozen,0,0,0.0,0.0,0.0,0.0,0.0,0.0,0.0,0.0
CAMP transfer,old_same,east_to_west,target,0.25,old_su,matched,0,0,0.0,0.0,0.0,0.0,0.0,0.0,0.0,0.0
CAMP transfer,old_same,east_to_west,target,0.25,old_su_guard,budget10,20,0,57.0,35.05,21.95,0.0,35.05,28.25,17.95,12.65
CAMP transfer,old_same,east_to_west,target,0.25,old_su_guard,budget25,20,0,144.0,92.35,51.65,0.0,92.35,73.2,47.8,34.2
CAMP transfer,old_same,east_to_west,target,0.25,old_su_guard,budget50,20,0,288.0,203.05,84.95,0.0,203.05,168.65,108.75,83.45
CAMP transfer,old_same,east_to_west,target,0.25,old_su_guard,full_frozen,0,0,0.0,0.0,0.0,0.0,0.0,0.0,0.0,0.0
CAMP transfer,old_same,east_to_west,target,0.25,old_su_guard,matched,0,0,0.0,0.0,0.0,0.0,0.0,0.0,0.0,0.0
CAMP transfer,old_same,east_to_west,target,0.25,current_margin,budget10,20,0,57.0,35.55,21.45,2.9,32.65,28.75,19.85,14.05
CAMP transfer,old_same,east_to_west,target,0.25,current_margin,budget25,20,0,144.0,95.65,48.35,6.95,88.7,76.55,51.25,39.9
CAMP transfer,old_same,east_to_west,target,0.25,current_margin,budget50,20,0,288.0,208.15,79.85,15.4,192.75,174.8,116.4,90.7
CAMP transfer,old_same,east_to_west,target,0.25,current_margin,full_frozen,0,0,0.0,0.0,0.0,0.0,0.0,0.0,0.0,0.0
CAMP transfer,old_same,east_to_west,target,0.25,current_margin,matched,0,0,0.0,0.0,0.0,0.0,0.0,0.0,0.0,0.0
CAMP transfer,old_same,east_to_west,target,0.25,current_margin_guard,budget10,20,0,57.0,34.15,22.85,0.0,34.15,28.25,21.2,16.05
CAMP transfer,old_same,east_to_west,target,0.25,current_margin_guard,budget25,20,0,144.0,92.95,51.05,0.0,92.95,76.85,54.2,42.85
CAMP transfer,old_same,east_to_west,target,0.25,current_margin_guard,budget50,20,0,288.0,209.15,78.85,0.0,209.15,182.1,131.05,105.5
CAMP transfer,old_same,east_to_west,target,0.25,current_margin_guard,full_frozen,0,0,0.0,0.0,0.0,0.0,0.0,0.0,0.0,0.0
CAMP transfer,old_same,east_to_west,target,0.25,current_margin_guard,matched,0,0,0.0,0.0,0.0,0.0,0.0,0.0,0.0,0.0
CAMP transfer,old_same,east_to_west,target,0.25,old_margin_guard,budget10,20,0,57.0,33.55,23.45,0.0,33.55,27.7,20.2,17.1
CAMP transfer,old_same,east_to_west,target,0.25,old_margin_guard,budget25,20,0,144.0,92.8,51.2,0.0,92.8,76.55,54.4,43.65
CAMP transfer,old_same,east_to_west,target,0.25,old_margin_guard,budget50,20,0,288.0,211.65,76.35,0.0,211.65,183.15,132.45,109.2
CAMP transfer,old_same,east_to_west,target,0.25,old_margin_guard,full_frozen,0,0,0.0,0.0,0.0,0.0,0.0,0.0,0.0,0.0
CAMP transfer,old_same,east_to_west,target,0.25,old_margin_guard,matched,0,0,0.0,0.0,0.0,0.0,0.0,0.0,0.0,0.0
CAMP transfer,old_same,east_to_west,target,0.25,sq8_margin_guard,budget10,20,0,57.0,34.9,22.1,0.0,34.9,29.1,21.05,18.4
CAMP transfer,old_same,east_to_west,target,0.25,sq8_margin_guard,budget25,20,0,144.0,94.65,49.35,0.0,94.65,79.8,57.5,48.05
CAMP transfer,old_same,east_to_west,target,0.25,sq8_margin_guard,budget50,20,0,288.0,214.5,73.5,0.0,214.5,186.75,140.35,116.45
CAMP transfer,old_same,east_to_west,target,0.25,sq8_margin_guard,full_frozen,0,0,0.0,0.0,0.0,0.0,0.0,0.0,0.0,0.0
CAMP transfer,old_same,east_to_west,target,0.25,sq8_margin_guard,matched,0,0,0.0,0.0,0.0,0.0,0.0,0.0,0.0,0.0
CAMP transfer,old_same,east_to_west,target,0.5,current_su,budget10,20,0,57.0,37.8,19.2,5.25,32.55,27.95,12.65,7.2
CAMP transfer,old_same,east_to_west,target,0.5,current_su,budget25,20,0,144.0,102.35,41.65,15.65,86.7,79.3,41.4,27.35
CAMP transfer,old_same,east_to_west,target,0.5,current_su,budget50,20,0,288.0,221.35,66.65,31.25,190.1,178.9,102.7,71.15
CAMP transfer,old_same,east_to_west,target,0.5,current_su,full_frozen,0,0,0.0,0.0,0.0,0.0,0.0,0.0,0.0,0.0
CAMP transfer,old_same,east_to_west,target,0.5,current_su,matched,0,0,0.0,0.0,0.0,0.0,0.0,0.0,0.0,0.0
CAMP transfer,old_same,east_to_west,target,0.5,current_su_guard,budget10,20,0,57.0,35.45,21.55,0.0,35.45,28.65,17.05,11.9
CAMP transfer,old_same,east_to_west,target,0.5,current_su_guard,budget25,20,0,144.0,98.35,45.65,0.0,98.35,80.4,50.1,35.1
CAMP transfer,old_same,east_to_west,target,0.5,current_su_guard,budget50,20,0,288.0,223.8,64.2,0.0,223.8,196.75,144.65,118.35
CAMP transfer,old_same,east_to_west,target,0.5,current_su_guard,full_frozen,0,0,0.0,0.0,0.0,0.0,0.0,0.0,0.0,0.0
CAMP transfer,old_same,east_to_west,target,0.5,current_su_guard,matched,0,0,0.0,0.0,0.0,0.0,0.0,0.0,0.0,0.0
CAMP transfer,old_same,east_to_west,target,0.5,old_su,budget10,20,0,57.0,43.45,13.55,10.35,33.1,35.25,19.5,15.05
CAMP transfer,old_same,east_to_west,target,0.5,old_su,budget25,20,0,144.0,109.9,34.1,26.8,83.1,87.4,53.15,40.95
CAMP transfer,old_same,east_to_west,target,0.5,old_su,budget50,20,0,288.0,224.95,63.05,49.1,175.85,183.9,110.7,83.85
CAMP transfer,old_same,east_to_west,target,0.5,old_su,full_frozen,0,0,0.0,0.0,0.0,0.0,0.0,0.0,0.0,0.0
CAMP transfer,old_same,east_to_west,target,0.5,old_su,matched,0,0,0.0,0.0,0.0,0.0,0.0,0.0,0.0,0.0
CAMP transfer,old_same,east_to_west,target,0.5,old_su_guard,budget10,20,0,57.0,35.05,21.95,0.0,35.05,28.95,20.3,15.7
CAMP transfer,old_same,east_to_west,target,0.5,old_su_guard,budget25,20,0,144.0,98.05,45.95,0.0,98.05,82.05,55.3,41.1
CAMP transfer,old_same,east_to_west,target,0.5,old_su_guard,budget50,20,0,288.0,224.35,63.65,0.0,224.35,198.0,147.55,122.65
CAMP transfer,old_same,east_to_west,target,0.5,old_su_guard,full_frozen,0,0,0.0,0.0,0.0,0.0,0.0,0.0,0.0,0.0
CAMP transfer,old_same,east_to_west,target,0.5,old_su_guard,matched,0,0,0.0,0.0,0.0,0.0,0.0,0.0,0.0,0.0
CAMP transfer,old_same,east_to_west,target,0.5,current_margin,budget10,20,0,57.0,37.55,19.45,5.95,31.6,28.55,15.6,10.4
CAMP transfer,old_same,east_to_west,target,0.5,current_margin,budget25,20,0,144.0,104.65,39.35,14.0,90.65,83.95,50.25,35.55
CAMP transfer,old_same,east_to_west,target,0.5,current_margin,budget50,20,0,288.0,225.15,62.85,32.45,192.7,187.95,120.9,92.75
CAMP transfer,old_same,east_to_west,target,0.5,current_margin,full_frozen,0,0,0.0,0.0,0.0,0.0,0.0,0.0,0.0,0.0
CAMP transfer,old_same,east_to_west,target,0.5,current_margin,matched,0,0,0.0,0.0,0.0,0.0,0.0,0.0,0.0,0.0
CAMP transfer,old_same,east_to_west,target,0.5,current_margin_guard,budget10,20,0,57.0,35.8,21.2,0.0,35.8,29.65,20.1,14.5
CAMP transfer,old_same,east_to_west,target,0.5,current_margin_guard,budget25,20,0,144.0,100.9,43.1,0.0,100.9,85.25,59.65,45.75
CAMP transfer,old_same,east_to_west,target,0.5,current_margin_guard,budget50,20,0,288.0,227.4,60.6,0.0,227.4,202.25,154.95,129.3
CAMP transfer,old_same,east_to_west,target,0.5,current_margin_guard,full_frozen,0,0,0.0,0.0,0.0,0.0,0.0,0.0,0.0,0.0
CAMP transfer,old_same,east_to_west,target,0.5,current_margin_guard,matched,0,0,0.0,0.0,0.0,0.0,0.0,0.0,0.0,0.0
CAMP transfer,old_same,east_to_west,target,0.5,old_margin_guard,budget10,20,0,57.0,37.0,20.0,0.0,37.0,31.1,23.75,21.2
CAMP transfer,old_same,east_to_west,target,0.5,old_margin_guard,budget25,20,0,144.0,101.85,42.15,0.0,101.85,88.6,68.15,57.35
CAMP transfer,old_same,east_to_west,target,0.5,old_margin_guard,budget50,20,0,288.0,228.65,59.35,0.0,228.65,205.6,160.25,135.25
CAMP transfer,old_same,east_to_west,target,0.5,old_margin_guard,full_frozen,0,0,0.0,0.0,0.0,0.0,0.0,0.0,0.0,0.0
CAMP transfer,old_same,east_to_west,target,0.5,old_margin_guard,matched,0,0,0.0,0.0,0.0,0.0,0.0,0.0,0.0,0.0
CAMP transfer,old_same,east_to_west,target,0.5,sq8_margin_guard,budget10,20,0,57.0,38.05,18.95,0.0,38.05,32.45,26.4,23.3
CAMP transfer,old_same,east_to_west,target,0.5,sq8_margin_guard,budget25,20,0,144.0,108.05,35.95,0.0,108.05,96.95,78.75,70.45
CAMP transfer,old_same,east_to_west,target,0.5,sq8_margin_guard,budget50,0,0,,,,,,,,
CAMP transfer,old_same,east_to_west,target,0.5,sq8_margin_guard,full_frozen,0,0,0.0,0.0,0.0,0.0,0.0,0.0,0.0,0.0
CAMP transfer,old_same,east_to_west,target,0.5,sq8_margin_guard,matched,0,0,0.0,0.0,0.0,0.0,0.0,0.0,0.0,0.0
CAMP transfer,old_same,east_to_west,control,0.25,current_su,budget10,20,0,57.0,36.0,21.0,0.0,36.0,29.5,17.55,12.3
CAMP transfer,old_same,east_to_west,control,0.25,current_su,budget25,20,0,144.0,89.65,54.35,0.0,89.65,68.2,43.25,30.05
CAMP transfer,old_same,east_to_west,control,0.25,current_su,budget50,20,0,288.0,190.25,97.75,0.0,190.25,155.6,94.9,65.8
CAMP transfer,old_same,east_to_west,control,0.25,current_su,full_frozen,0,0,0.0,0.0,0.0,0.0,0.0,0.0,0.0,0.0
CAMP transfer,old_same,east_to_west,control,0.25,current_su,matched,0,0,0.0,0.0,0.0,0.0,0.0,0.0,0.0,0.0
CAMP transfer,old_same,east_to_west,control,0.25,current_su_guard,budget10,20,0,57.0,35.45,21.55,0.0,35.45,28.9,16.75,11.5
CAMP transfer,old_same,east_to_west,control,0.25,current_su_guard,budget25,20,0,144.0,89.25,54.75,0.0,89.25,67.6,42.35,29.15
CAMP transfer,old_same,east_to_west,control,0.25,current_su_guard,budget50,20,0,288.0,189.65,98.35,0.0,189.65,154.85,93.6,64.5
CAMP transfer,old_same,east_to_west,control,0.25,current_su_guard,full_frozen,0,0,0.0,0.0,0.0,0.0,0.0,0.0,0.0,0.0
CAMP transfer,old_same,east_to_west,control,0.25,current_su_guard,matched,0,0,0.0,0.0,0.0,0.0,0.0,0.0,0.0,0.0
CAMP transfer,old_same,east_to_west,control,0.25,old_su,budget10,20,0,57.0,36.0,21.0,0.0,36.0,30.0,18.0,13.0
CAMP transfer,old_same,east_to_west,control,0.25,old_su,budget25,20,0,144.0,90.0,54.0,0.0,90.0,68.0,43.0,30.0
CAMP transfer,old_same,east_to_west,control,0.25,old_su,budget50,20,0,288.0,189.0,99.0,0.0,189.0,154.0,93.0,64.0
CAMP transfer,old_same,east_to_west,control,0.25,old_su,full_frozen,0,0,0.0,0.0,0.0,0.0,0.0,0.0,0.0,0.0
CAMP transfer,old_same,east_to_west,control,0.25,old_su,matched,0,0,0.0,0.0,0.0,0.0,0.0,0.0,0.0,0.0
CAMP transfer,old_same,east_to_west,control,0.25,old_su_guard,budget10,20,0,57.0,35.25,21.75,0.0,35.25,28.7,16.7,11.45
CAMP transfer,old_same,east_to_west,control,0.25,old_su_guard,budget25,20,0,144.0,88.9,55.1,0.0,88.9,66.65,41.25,28.0
CAMP transfer,old_same,east_to_west,control,0.25,old_su_guard,budget50,20,0,288.0,188.65,99.35,0.0,188.65,153.35,91.65,62.65
CAMP transfer,old_same,east_to_west,control,0.25,old_su_guard,full_frozen,0,0,0.0,0.0,0.0,0.0,0.0,0.0,0.0,0.0
CAMP transfer,old_same,east_to_west,control,0.25,old_su_guard,matched,0,0,0.0,0.0,0.0,0.0,0.0,0.0,0.0,0.0
CAMP transfer,old_same,east_to_west,control,0.25,current_margin,budget10,20,0,57.0,33.4,23.6,0.0,33.4,28.4,22.2,19.2
CAMP transfer,old_same,east_to_west,control,0.25,current_margin,budget25,20,0,144.0,88.85,55.15,0.0,88.85,72.75,53.35,44.35
CAMP transfer,old_same,east_to_west,control,0.25,current_margin,budget50,20,0,288.0,195.85,92.15,0.0,195.85,168.65,117.45,94.15
CAMP transfer,old_same,east_to_west,control,0.25,current_margin,full_frozen,0,0,0.0,0.0,0.0,0.0,0.0,0.0,0.0,0.0
CAMP transfer,old_same,east_to_west,control,0.25,current_margin,matched,0,0,0.0,0.0,0.0,0.0,0.0,0.0,0.0,0.0
CAMP transfer,old_same,east_to_west,control,0.25,current_margin_guard,budget10,20,0,57.0,33.1,23.9,0.0,33.1,28.1,21.35,18.35
CAMP transfer,old_same,east_to_west,control,0.25,current_margin_guard,budget25,20,0,144.0,88.3,55.7,0.0,88.3,71.75,52.35,43.35
CAMP transfer,old_same,east_to_west,control,0.25,current_margin_guard,budget50,20,0,288.0,195.9,92.1,0.0,195.9,168.5,117.0,91.95
CAMP transfer,old_same,east_to_west,control,0.25,current_margin_guard,full_frozen,0,0,0.0,0.0,0.0,0.0,0.0,0.0,0.0,0.0
CAMP transfer,old_same,east_to_west,control,0.25,current_margin_guard,matched,0,0,0.0,0.0,0.0,0.0,0.0,0.0,0.0,0.0
CAMP transfer,old_same,east_to_west,control,0.25,old_margin_guard,budget10,20,0,57.0,32.65,24.35,0.0,32.65,27.65,20.85,17.85
CAMP transfer,old_same,east_to_west,control,0.25,old_margin_guard,budget25,20,0,144.0,87.7,56.3,0.0,87.7,70.8,51.55,42.55
CAMP transfer,old_same,east_to_west,control,0.25,old_margin_guard,budget50,20,0,288.0,196.0,92.0,0.0,196.0,168.5,116.85,90.9
CAMP transfer,old_same,east_to_west,control,0.25,old_margin_guard,full_frozen,0,0,0.0,0.0,0.0,0.0,0.0,0.0,0.0,0.0
CAMP transfer,old_same,east_to_west,control,0.25,old_margin_guard,matched,0,0,0.0,0.0,0.0,0.0,0.0,0.0,0.0,0.0
CAMP transfer,old_same,east_to_west,control,0.25,sq8_margin_guard,budget10,20,0,57.0,31.8,25.2,0.0,31.8,26.95,19.15,16.3
CAMP transfer,old_same,east_to_west,control,0.25,sq8_margin_guard,budget25,20,0,144.0,87.45,56.55,0.0,87.45,69.9,50.5,41.7
CAMP transfer,old_same,east_to_west,control,0.25,sq8_margin_guard,budget50,20,0,288.0,195.4,92.6,0.0,195.4,168.0,115.6,88.85
CAMP transfer,old_same,east_to_west,control,0.25,sq8_margin_guard,full_frozen,0,0,0.0,0.0,0.0,0.0,0.0,0.0,0.0,0.0
CAMP transfer,old_same,east_to_west,control,0.25,sq8_margin_guard,matched,0,0,0.0,0.0,0.0,0.0,0.0,0.0,0.0,0.0
CAMP transfer,old_to_plain,west_to_east,target,0.25,current_su,budget10,20,0,20.0,13.75,6.25,4.95,8.8,10.25,3.8,3.75
CAMP transfer,old_to_plain,west_to_east,target,0.25,current_su,budget25,20,0,50.0,39.1,10.9,9.8,29.3,32.7,18.75,17.8
CAMP transfer,old_to_plain,west_to_east,target,0.25,current_su,budget50,20,0,100.0,86.55,13.45,17.75,68.8,78.1,57.7,55.0
CAMP transfer,old_to_plain,west_to_east,target,0.25,current_su,full_frozen,0,0,0.0,0.0,0.0,0.0,0.0,0.0,0.0,0.0
CAMP transfer,old_to_plain,west_to_east,target,0.25,current_su,matched,1,0,0.0,0.0,0.0,0.0,0.0,0.0,0.0,0.0
CAMP transfer,old_to_plain,west_to_east,target,0.25,current_su_guard,budget10,20,0,20.0,14.5,5.5,3.75,10.75,11.6,5.2,5.1
CAMP transfer,old_to_plain,west_to_east,target,0.25,current_su_guard,budget25,20,0,50.0,40.5,9.5,7.9,32.6,35.15,23.25,22.4
CAMP transfer,old_to_plain,west_to_east,target,0.25,current_su_guard,budget50,20,0,100.0,88.4,11.6,13.75,74.65,81.75,64.25,62.0
CAMP transfer,old_to_plain,west_to_east,target,0.25,current_su_guard,full_frozen,0,0,0.0,0.0,0.0,0.0,0.0,0.0,0.0,0.0
CAMP transfer,old_to_plain,west_to_east,target,0.25,current_su_guard,matched,1,0,0.0,0.0,0.0,0.0,0.0,0.0,0.0,0.0
CAMP transfer,old_to_plain,west_to_east,target,0.25,old_su,budget10,20,0,20.0,15.65,4.35,7.65,8.0,13.85,10.05,10.05
CAMP transfer,old_to_plain,west_to_east,target,0.25,old_su,budget25,20,0,50.0,42.9,7.1,15.45,27.45,37.85,30.1,28.2
CAMP transfer,old_to_plain,west_to_east,target,0.25,old_su,budget50,20,0,100.0,89.4,10.6,22.65,66.75,81.15,64.65,60.4
CAMP transfer,old_to_plain,west_to_east,target,0.25,old_su,full_frozen,0,0,0.0,0.0,0.0,0.0,0.0,0.0,0.0,0.0
CAMP transfer,old_to_plain,west_to_east,target,0.25,old_su,matched,0,0,0.0,0.0,0.0,0.0,0.0,0.0,0.0,0.0
CAMP transfer,old_to_plain,west_to_east,target,0.25,old_su_guard,budget10,20,0,20.0,15.6,4.4,5.7,9.9,14.3,10.95,10.1
CAMP transfer,old_to_plain,west_to_east,target,0.25,old_su_guard,budget25,20,0,50.0,43.35,6.65,10.75,32.6,39.95,32.25,30.15
CAMP transfer,old_to_plain,west_to_east,target,0.25,old_su_guard,budget50,20,0,100.0,90.35,9.65,16.7,73.65,83.45,66.8,62.85
CAMP transfer,old_to_plain,west_to_east,target,0.25,old_su_guard,full_frozen,0,0,0.0,0.0,0.0,0.0,0.0,0.0,0.0,0.0
CAMP transfer,old_to_plain,west_to_east,target,0.25,old_su_guard,matched,0,0,0.0,0.0,0.0,0.0,0.0,0.0,0.0,0.0
CAMP transfer,old_to_plain,west_to_east,target,0.25,current_margin,budget10,20,0,20.0,14.95,5.05,4.65,10.3,12.3,7.6,7.45
CAMP transfer,old_to_plain,west_to_east,target,0.25,current_margin,budget25,20,0,50.0,42.6,7.4,9.45,33.15,38.25,28.35,26.9
CAMP transfer,old_to_plain,west_to_east,target,0.25,current_margin,budget50,20,0,100.0,91.05,8.95,17.55,73.5,83.9,64.25,60.95
CAMP transfer,old_to_plain,west_to_east,target,0.25,current_margin,full_frozen,0,0,0.0,0.0,0.0,0.0,0.0,0.0,0.0,0.0
CAMP transfer,old_to_plain,west_to_east,target,0.25,current_margin,matched,0,0,0.0,0.0,0.0,0.0,0.0,0.0,0.0,0.0
CAMP transfer,old_to_plain,west_to_east,target,0.25,current_margin_guard,budget10,20,0,20.0,15.6,4.4,3.3,12.3,13.45,9.65,9.4
CAMP transfer,old_to_plain,west_to_east,target,0.25,current_margin_guard,budget25,20,0,50.0,43.85,6.15,8.25,35.6,40.6,31.65,30.45
CAMP transfer,old_to_plain,west_to_east,target,0.25,current_margin_guard,budget50,20,0,100.0,90.2,9.8,13.45,76.75,84.95,68.0,64.5
CAMP transfer,old_to_plain,west_to_east,target,0.25,current_margin_guard,full_frozen,0,0,0.0,0.0,0.0,0.0,0.0,0.0,0.0,0.0
CAMP transfer,old_to_plain,west_to_east,target,0.25,current_margin_guard,matched,0,0,0.0,0.0,0.0,0.0,0.0,0.0,0.0,0.0
CAMP transfer,old_to_plain,west_to_east,target,0.25,old_margin_guard,budget10,20,0,20.0,18.9,1.1,5.3,13.6,18.15,15.25,15.25
CAMP transfer,old_to_plain,west_to_east,target,0.25,old_margin_guard,budget25,20,0,50.0,47.9,2.1,10.95,36.95,43.75,34.95,33.7
CAMP transfer,old_to_plain,west_to_east,target,0.25,old_margin_guard,budget50,20,0,100.0,92.0,8.0,15.1,76.9,85.9,71.1,67.85
CAMP transfer,old_to_plain,west_to_east,target,0.25,old_margin_guard,full_frozen,0,0,0.0,0.0,0.0,0.0,0.0,0.0,0.0,0.0
CAMP transfer,old_to_plain,west_to_east,target,0.25,old_margin_guard,matched,0,0,0.0,0.0,0.0,0.0,0.0,0.0,0.0,0.0
CAMP transfer,old_to_plain,west_to_east,target,0.25,sq8_margin_guard,budget10,20,0,20.0,16.8,3.2,1.75,15.05,16.1,13.1,12.95
CAMP transfer,old_to_plain,west_to_east,target,0.25,sq8_margin_guard,budget25,20,0,50.0,45.15,4.85,4.1,41.05,43.8,36.45,35.6
CAMP transfer,old_to_plain,west_to_east,target,0.25,sq8_margin_guard,budget50,8,0,100.0,92.5,7.5,9.375,83.125,90.0,76.75,74.5
CAMP transfer,old_to_plain,west_to_east,target,0.25,sq8_margin_guard,full_frozen,0,0,0.0,0.0,0.0,0.0,0.0,0.0,0.0,0.0
CAMP transfer,old_to_plain,west_to_east,target,0.25,sq8_margin_guard,matched,0,0,0.0,0.0,0.0,0.0,0.0,0.0,0.0,0.0
CAMP transfer,old_to_plain,west_to_east,target,0.5,current_su,budget10,20,0,20.0,14.1,5.9,5.95,8.15,9.7,2.15,2.0
CAMP transfer,old_to_plain,west_to_east,target,0.5,current_su,budget25,20,0,50.0,41.2,8.8,11.15,30.05,34.0,18.75,17.6
CAMP transfer,old_to_plain,west_to_east,target,0.5,current_su,budget50,20,0,100.0,89.85,10.15,19.15,70.7,80.0,57.95,54.75
CAMP transfer,old_to_plain,west_to_east,target,0.5,current_su,full_frozen,0,0,0.0,0.0,0.0,0.0,0.0,0.0,0.0,0.0
CAMP transfer,old_to_plain,west_to_east,target,0.5,current_su,matched,0,0,0.0,0.0,0.0,0.0,0.0,0.0,0.0,0.0
CAMP transfer,old_to_plain,west_to_east,target,0.5,current_su_guard,budget10,20,0,20.0,14.9,5.1,2.55,12.35,12.25,6.55,6.25
CAMP transfer,old_to_plain,west_to_east,target,0.5,current_su_guard,budget25,20,0,50.0,42.7,7.3,5.85,36.85,38.6,29.0,28.0
CAMP transfer,old_to_plain,west_to_east,target,0.5,current_su_guard,budget50,20,0,100.0,92.25,7.75,8.85,83.4,87.55,73.05,70.95
CAMP transfer,old_to_plain,west_to_east,target,0.5,current_su_guard,full_frozen,0,0,0.0,0.0,0.0,0.0,0.0,0.0,0.0,0.0
CAMP transfer,old_to_plain,west_to_east,target,0.5,current_su_guard,matched,1,0,0.1,0.0,0.1,0.0,0.0,0.0,0.0,0.0
CAMP transfer,old_to_plain,west_to_east,target,0.5,old_su,budget10,20,0,20.0,16.15,3.85,8.05,8.1,14.05,10.25,10.2
CAMP transfer,old_to_plain,west_to_east,target,0.5,old_su,budget25,20,0,50.0,44.15,5.85,16.1,28.05,38.6,30.6,29.05
CAMP transfer,old_to_plain,west_to_east,target,0.5,old_su,budget50,20,0,100.0,91.75,8.25,23.7,68.05,83.2,66.6,63.35
CAMP transfer,old_to_plain,west_to_east,target,0.5,old_su,full_frozen,0,0,0.0,0.0,0.0,0.0,0.0,0.0,0.0,0.0
CAMP transfer,old_to_plain,west_to_east,target,0.5,old_su,matched,0,0,0.0,0.0,0.0,0.0,0.0,0.0,0.0,0.0
CAMP transfer,old_to_plain,west_to_east,target,0.5,old_su_guard,budget10,20,0,20.0,16.25,3.75,3.4,12.85,15.05,12.0,11.3
CAMP transfer,old_to_plain,west_to_east,target,0.5,old_su_guard,budget25,20,0,50.0,44.6,5.4,7.3,37.3,41.9,34.45,32.7
CAMP transfer,old_to_plain,west_to_east,target,0.5,old_su_guard,budget50,20,0,100.0,92.65,7.35,12.6,80.05,86.9,71.95,69.1
CAMP transfer,old_to_plain,west_to_east,target,0.5,old_su_guard,full_frozen,0,0,0.0,0.0,0.0,0.0,0.0,0.0,0.0,0.0
CAMP transfer,old_to_plain,west_to_east,target,0.5,old_su_guard,matched,0,0,0.0,0.0,0.0,0.0,0.0,0.0,0.0,0.0
CAMP transfer,old_to_plain,west_to_east,target,0.5,current_margin,budget10,20,0,20.0,15.25,4.75,4.7,10.55,12.05,5.85,5.45
CAMP transfer,old_to_plain,west_to_east,target,0.5,current_margin,budget25,20,0,50.0,43.2,6.8,9.5,33.7,38.1,26.85,25.45
CAMP transfer,old_to_plain,west_to_east,target,0.5,current_margin,budget50,20,0,100.0,92.3,7.7,18.0,74.3,84.25,64.75,61.45
CAMP transfer,old_to_plain,west_to_east,target,0.5,current_margin,full_frozen,0,0,0.0,0.0,0.0,0.0,0.0,0.0,0.0,0.0
CAMP transfer,old_to_plain,west_to_east,target,0.5,current_margin,matched,0,0,0.0,0.0,0.0,0.0,0.0,0.0,0.0,0.0
CAMP transfer,old_to_plain,west_to_east,target,0.5,current_margin_guard,budget10,20,0,20.0,16.0,4.0,2.4,13.6,14.15,9.5,9.05
CAMP transfer,old_to_plain,west_to_east,target,0.5,current_margin_guard,budget25,20,0,50.0,45.1,4.9,5.6,39.5,42.45,33.8,32.7
CAMP transfer,old_to_plain,west_to_east,target,0.5,current_margin_guard,budget50,20,0,100.0,92.85,7.15,8.95,83.9,89.05,74.75,72.1
CAMP transfer,old_to_plain,west_to_east,target,0.5,current_margin_guard,full_frozen,0,0,0.0,0.0,0.0,0.0,0.0,0.0,0.0,0.0
CAMP transfer,old_to_plain,west_to_east,target,0.5,current_margin_guard,matched,0,0,0.0,0.0,0.0,0.0,0.0,0.0,0.0,0.0
CAMP transfer,old_to_plain,west_to_east,target,0.5,old_margin_guard,budget10,20,0,20.0,19.2,0.8,3.45,15.75,18.15,15.5,15.5
CAMP transfer,old_to_plain,west_to_east,target,0.5,old_margin_guard,budget25,20,0,50.0,47.55,2.45,6.8,40.75,44.95,37.85,36.3
CAMP transfer,old_to_plain,west_to_east,target,0.5,old_margin_guard,budget50,20,0,100.0,93.6,6.4,10.95,82.65,89.0,76.3,73.6
CAMP transfer,old_to_plain,west_to_east,target,0.5,old_margin_guard,full_frozen,0,0,0.0,0.0,0.0,0.0,0.0,0.0,0.0,0.0
CAMP transfer,old_to_plain,west_to_east,target,0.5,old_margin_guard,matched,0,0,0.0,0.0,0.0,0.0,0.0,0.0,0.0,0.0
CAMP transfer,old_to_plain,west_to_east,target,0.5,sq8_margin_guard,budget10,20,0,20.0,17.7,2.3,0.9,16.8,17.35,14.25,13.8
CAMP transfer,old_to_plain,west_to_east,target,0.5,sq8_margin_guard,budget25,20,0,50.0,47.0,3.0,2.2,44.8,46.4,40.95,39.5
CAMP transfer,old_to_plain,west_to_east,target,0.5,sq8_margin_guard,budget50,0,0,,,,,,,,
CAMP transfer,old_to_plain,west_to_east,target,0.5,sq8_margin_guard,full_frozen,0,0,0.0,0.0,0.0,0.0,0.0,0.0,0.0,0.0
CAMP transfer,old_to_plain,west_to_east,target,0.5,sq8_margin_guard,matched,0,0,0.0,0.0,0.0,0.0,0.0,0.0,0.0,0.0
CAMP transfer,old_to_plain,west_to_east,control,0.25,current_su,budget10,20,0,20.0,13.6,6.4,4.05,9.55,11.5,7.35,7.35
CAMP transfer,old_to_plain,west_to_east,control,0.25,current_su,budget25,20,0,50.0,39.8,10.2,9.5,30.3,33.35,20.65,20.35
CAMP transfer,old_to_plain,west_to_east,control,0.25,current_su,budget50,20,0,100.0,85.0,15.0,16.8,68.2,76.95,59.7,57.7
CAMP transfer,old_to_plain,west_to_east,control,0.25,current_su,full_frozen,0,0,0.0,0.0,0.0,0.0,0.0,0.0,0.0,0.0
CAMP transfer,old_to_plain,west_to_east,control,0.25,current_su,matched,20,0,0.05,0.05,0.0,0.0,0.05,0.05,0.05,0.05
CAMP transfer,old_to_plain,west_to_east,control,0.25,current_su_guard,budget10,20,0,20.0,13.45,6.55,4.05,9.4,11.3,6.95,6.95
CAMP transfer,old_to_plain,west_to_east,control,0.25,current_su_guard,budget25,20,0,50.0,39.65,10.35,9.9,29.75,33.05,20.2,19.65
CAMP transfer,old_to_plain,west_to_east,control,0.25,current_su_guard,budget50,20,0,100.0,84.45,15.55,17.4,67.05,76.4,58.8,56.8
CAMP transfer,old_to_plain,west_to_east,control,0.25,current_su_guard,full_frozen,0,0,0.0,0.0,0.0,0.0,0.0,0.0,0.0,0.0
CAMP transfer,old_to_plain,west_to_east,control,0.25,current_su_guard,matched,20,0,0.05,0.05,0.0,0.0,0.05,0.05,0.05,0.05
CAMP transfer,old_to_plain,west_to_east,control,0.25,old_su,budget10,20,0,20.0,15.0,5.0,7.0,8.0,14.0,10.0,10.0
CAMP transfer,old_to_plain,west_to_east,control,0.25,old_su,budget25,20,0,50.0,42.0,8.0,15.0,27.0,38.0,30.0,28.0
CAMP transfer,old_to_plain,west_to_east,control,0.25,old_su,budget50,20,0,100.0,88.0,12.0,22.0,66.0,81.0,63.95,58.95
CAMP transfer,old_to_plain,west_to_east,control,0.25,old_su,full_frozen,0,0,0.0,0.0,0.0,0.0,0.0,0.0,0.0,0.0
CAMP transfer,old_to_plain,west_to_east,control,0.25,old_su,matched,0,0,0.0,0.0,0.0,0.0,0.0,0.0,0.0,0.0
CAMP transfer,old_to_plain,west_to_east,control,0.25,old_su_guard,budget10,20,0,20.0,15.0,5.0,7.15,7.85,14.0,10.0,10.0
CAMP transfer,old_to_plain,west_to_east,control,0.25,old_su_guard,budget25,20,0,50.0,42.0,8.0,15.0,27.0,38.0,30.0,28.0
CAMP transfer,old_to_plain,west_to_east,control,0.25,old_su_guard,budget50,20,0,100.0,87.9,12.1,22.0,65.9,80.35,63.2,58.2
CAMP transfer,old_to_plain,west_to_east,control,0.25,old_su_guard,full_frozen,0,0,0.0,0.0,0.0,0.0,0.0,0.0,0.0,0.0
CAMP transfer,old_to_plain,west_to_east,control,0.25,old_su_guard,matched,0,0,0.0,0.0,0.0,0.0,0.0,0.0,0.0,0.0
CAMP transfer,old_to_plain,west_to_east,control,0.25,current_margin,budget10,20,0,20.0,16.0,4.0,4.15,11.85,14.1,11.05,11.05
CAMP transfer,old_to_plain,west_to_east,control,0.25,current_margin,budget25,20,0,50.0,42.3,7.7,8.65,33.65,38.3,31.05,30.05
CAMP transfer,old_to_plain,west_to_east,control,0.25,current_margin,budget50,20,0,100.0,89.7,10.3,18.1,71.6,83.7,66.65,63.65
CAMP transfer,old_to_plain,west_to_east,control,0.25,current_margin,full_frozen,0,0,0.0,0.0,0.0,0.0,0.0,0.0,0.0,0.0
CAMP transfer,old_to_plain,west_to_east,control,0.25,current_margin,matched,0,0,0.0,0.0,0.0,0.0,0.0,0.0,0.0,0.0
CAMP transfer,old_to_plain,west_to_east,control,0.25,current_margin_guard,budget10,20,0,20.0,15.95,4.05,4.25,11.7,14.05,11.0,11.0
CAMP transfer,old_to_plain,west_to_east,control,0.25,current_margin_guard,budget25,20,0,50.0,42.05,7.95,9.3,32.75,38.05,30.4,29.4
CAMP transfer,old_to_plain,west_to_east,control,0.25,current_margin_guard,budget50,20,0,100.0,88.9,11.1,18.8,70.1,82.9,65.75,62.4
CAMP transfer,old_to_plain,west_to_east,control,0.25,current_margin_guard,full_frozen,0,0,0.0,0.0,0.0,0.0,0.0,0.0,0.0,0.0
CAMP transfer,old_to_plain,west_to_east,control,0.25,current_margin_guard,matched,0,0,0.0,0.0,0.0,0.0,0.0,0.0,0.0,0.0
CAMP transfer,old_to_plain,west_to_east,control,0.25,old_margin_guard,budget10,20,0,20.0,19.0,1.0,8.0,11.0,18.95,15.75,15.75
CAMP transfer,old_to_plain,west_to_east,control,0.25,old_margin_guard,budget25,20,0,50.0,48.0,2.0,15.15,32.85,43.0,31.95,31.8
CAMP transfer,old_to_plain,west_to_east,control,0.25,old_margin_guard,budget50,20,0,100.0,91.85,8.15,19.1,72.75,84.8,68.55,65.3
CAMP transfer,old_to_plain,west_to_east,control,0.25,old_margin_guard,full_frozen,0,0,0.0,0.0,0.0,0.0,0.0,0.0,0.0,0.0
CAMP transfer,old_to_plain,west_to_east,control,0.25,old_margin_guard,matched,0,0,0.0,0.0,0.0,0.0,0.0,0.0,0.0,0.0
CAMP transfer,old_to_plain,west_to_east,control,0.25,sq8_margin_guard,budget10,20,0,20.0,15.85,4.15,4.85,11.0,13.85,10.6,10.6
CAMP transfer,old_to_plain,west_to_east,control,0.25,sq8_margin_guard,budget25,20,0,50.0,42.8,7.2,10.4,32.4,38.9,28.7,28.0
CAMP transfer,old_to_plain,west_to_east,control,0.25,sq8_margin_guard,budget50,20,0,100.0,86.85,13.15,17.45,69.4,81.4,59.65,56.05
CAMP transfer,old_to_plain,west_to_east,control,0.25,sq8_margin_guard,full_frozen,0,0,0.0,0.0,0.0,0.0,0.0,0.0,0.0,0.0
CAMP transfer,old_to_plain,west_to_east,control,0.25,sq8_margin_guard,matched,0,0,0.0,0.0,0.0,0.0,0.0,0.0,0.0,0.0
CAMP transfer,old_to_plain,east_to_west,target,0.25,current_su,budget10,20,0,57.0,21.9,35.1,8.8,13.1,9.2,1.15,0.1
CAMP transfer,old_to_plain,east_to_west,target,0.25,current_su,budget25,20,0,144.0,74.9,69.1,20.55,54.35,42.6,12.0,5.55
CAMP transfer,old_to_plain,east_to_west,target,0.25,current_su,budget50,20,0,288.0,170.0,118.0,43.55,126.45,111.3,39.1,22.7
CAMP transfer,old_to_plain,east_to_west,target,0.25,current_su,full_frozen,0,0,0.0,0.0,0.0,0.0,0.0,0.0,0.0,0.0
CAMP transfer,old_to_plain,east_to_west,target,0.25,current_su,matched,0,0,0.0,0.0,0.0,0.0,0.0,0.0,0.0,0.0
CAMP transfer,old_to_plain,east_to_west,target,0.25,current_su_guard,budget10,20,0,57.0,21.9,35.1,5.95,15.95,10.0,1.95,0.45
CAMP transfer,old_to_plain,east_to_west,target,0.25,current_su_guard,budget25,20,0,144.0,74.75,69.25,14.35,60.4,45.8,15.4,8.6
CAMP transfer,old_to_plain,east_to_west,target,0.25,current_su_guard,budget50,20,0,288.0,176.45,111.55,30.7,145.75,122.0,52.85,37.0
CAMP transfer,old_to_plain,east_to_west,target,0.25,current_su_guard,full_frozen,0,0,0.0,0.0,0.0,0.0,0.0,0.0,0.0,0.0
CAMP transfer,old_to_plain,east_to_west,target,0.25,current_su_guard,matched,0,0,0.0,0.0,0.0,0.0,0.0,0.0,0.0,0.0
CAMP transfer,old_to_plain,east_to_west,target,0.25,old_su,budget10,20,0,57.0,38.4,18.6,13.35,25.05,28.55,19.25,12.85
CAMP transfer,old_to_plain,east_to_west,target,0.25,old_su,budget25,20,0,144.0,93.8,50.2,31.5,62.3,72.35,40.05,24.7
CAMP transfer,old_to_plain,east_to_west,target,0.25,old_su,budget50,20,0,288.0,200.15,87.85,61.3,138.85,157.5,89.5,62.85
CAMP transfer,old_to_plain,east_to_west,target,0.25,old_su,full_frozen,0,0,0.0,0.0,0.0,0.0,0.0,0.0,0.0,0.0
CAMP transfer,old_to_plain,east_to_west,target,0.25,old_su,matched,0,0,0.0,0.0,0.0,0.0,0.0,0.0,0.0,0.0
CAMP transfer,old_to_plain,east_to_west,target,0.25,old_su_guard,budget10,20,0,57.0,36.0,21.0,10.45,25.55,27.45,17.6,12.15
CAMP transfer,old_to_plain,east_to_west,target,0.25,old_su_guard,budget25,20,0,144.0,92.7,51.3,23.05,69.65,73.7,43.35,30.2
CAMP transfer,old_to_plain,east_to_west,target,0.25,old_su_guard,budget50,20,0,288.0,200.45,87.55,44.4,156.05,161.5,96.95,71.2
CAMP transfer,old_to_plain,east_to_west,target,0.25,old_su_guard,full_frozen,0,0,0.0,0.0,0.0,0.0,0.0,0.0,0.0,0.0
CAMP transfer,old_to_plain,east_to_west,target,0.25,old_su_guard,matched,0,0,0.0,0.0,0.0,0.0,0.0,0.0,0.0,0.0
CAMP transfer,old_to_plain,east_to_west,target,0.25,current_margin,budget10,20,0,57.0,26.85,30.15,8.8,18.05,17.8,7.7,5.6
CAMP transfer,old_to_plain,east_to_west,target,0.25,current_margin,budget25,20,0,144.0,79.2,64.8,19.0,60.2,52.75,27.5,19.5
CAMP transfer,old_to_plain,east_to_west,target,0.25,current_margin,budget50,20,0,288.0,190.7,97.3,38.7,152.0,141.05,77.55,58.0
CAMP transfer,old_to_plain,east_to_west,target,0.25,current_margin,full_frozen,0,0,0.0,0.0,0.0,0.0,0.0,0.0,0.0,0.0
CAMP transfer,old_to_plain,east_to_west,target,0.25,current_margin,matched,0,0,0.0,0.0,0.0,0.0,0.0,0.0,0.0,0.0
CAMP transfer,old_to_plain,east_to_west,target,0.25,current_margin_guard,budget10,20,0,57.0,26.35,30.65,5.55,20.8,18.2,9.95,7.1
CAMP transfer,old_to_plain,east_to_west,target,0.25,current_margin_guard,budget25,20,0,144.0,81.75,62.25,12.4,69.35,56.55,32.3,23.4
CAMP transfer,old_to_plain,east_to_west,target,0.25,current_margin_guard,budget50,20,0,288.0,192.7,95.3,30.85,161.85,147.05,83.65,66.15
CAMP transfer,old_to_plain,east_to_west,target,0.25,current_margin_guard,full_frozen,0,0,0.0,0.0,0.0,0.0,0.0,0.0,0.0,0.0
CAMP transfer,old_to_plain,east_to_west,target,0.25,current_margin_guard,matched,0,0,0.0,0.0,0.0,0.0,0.0,0.0,0.0,0.0
CAMP transfer,old_to_plain,east_to_west,target,0.25,old_margin_guard,budget10,20,0,57.0,35.9,21.1,10.9,25.0,29.05,20.0,14.3
CAMP transfer,old_to_plain,east_to_west,target,0.25,old_margin_guard,budget25,20,0,144.0,90.7,53.3,21.4,69.3,73.8,47.15,32.5
CAMP transfer,old_to_plain,east_to_west,target,0.25,old_margin_guard,budget50,20,0,288.0,204.05,83.95,39.55,164.5,164.4,94.85,71.35
CAMP transfer,old_to_plain,east_to_west,target,0.25,old_margin_guard,full_frozen,0,0,0.0,0.0,0.0,0.0,0.0,0.0,0.0,0.0
CAMP transfer,old_to_plain,east_to_west,target,0.25,old_margin_guard,matched,0,0,0.0,0.0,0.0,0.0,0.0,0.0,0.0,0.0
CAMP transfer,old_to_plain,east_to_west,target,0.25,sq8_margin_guard,budget10,20,0,57.0,25.0,32.0,6.0,19.0,16.05,8.8,6.75
CAMP transfer,old_to_plain,east_to_west,target,0.25,sq8_margin_guard,budget25,20,0,144.0,79.85,64.15,13.2,66.65,54.9,26.85,19.3
CAMP transfer,old_to_plain,east_to_west,target,0.25,sq8_margin_guard,budget50,19,0,288.0,180.73684210526315,107.26315789473684,31.105263157894736,149.6315789473684,135.73684210526315,65.05263157894737,49.21052631578947
CAMP transfer,old_to_plain,east_to_west,target,0.25,sq8_margin_guard,full_frozen,0,0,0.0,0.0,0.0,0.0,0.0,0.0,0.0,0.0
CAMP transfer,old_to_plain,east_to_west,target,0.25,sq8_margin_guard,matched,0,0,0.0,0.0,0.0,0.0,0.0,0.0,0.0,0.0
CAMP transfer,old_to_plain,east_to_west,target,0.5,current_su,budget10,20,0,57.0,28.05,28.95,9.35,18.7,13.4,1.1,0.2
CAMP transfer,old_to_plain,east_to_west,target,0.5,current_su,budget25,20,0,144.0,85.25,58.75,24.15,61.1,49.65,11.6,5.7
CAMP transfer,old_to_plain,east_to_west,target,0.5,current_su,budget50,20,0,288.0,192.2,95.8,50.15,142.05,130.1,42.7,25.5
CAMP transfer,old_to_plain,east_to_west,target,0.5,current_su,full_frozen,0,0,0.0,0.0,0.0,0.0,0.0,0.0,0.0,0.0
CAMP transfer,old_to_plain,east_to_west,target,0.5,current_su,matched,0,0,0.0,0.0,0.0,0.0,0.0,0.0,0.0,0.0
CAMP transfer,old_to_plain,east_to_west,target,0.5,current_su_guard,budget10,20,0,57.0,27.6,29.4,4.15,23.45,15.15,2.3,0.6
CAMP transfer,old_to_plain,east_to_west,target,0.5,current_su_guard,budget25,20,0,144.0,85.35,58.65,12.25,73.1,58.15,20.1,12.65
CAMP transfer,old_to_plain,east_to_west,target,0.5,current_su_guard,budget50,20,0,288.0,210.1,77.9,26.8,183.3,164.95,89.8,72.4
CAMP transfer,old_to_plain,east_to_west,target,0.5,current_su_guard,full_frozen,0,0,0.0,0.0,0.0,0.0,0.0,0.0,0.0,0.0
CAMP transfer,old_to_plain,east_to_west,target,0.5,current_su_guard,matched,0,0,0.0,0.0,0.0,0.0,0.0,0.0,0.0,0.0
CAMP transfer,old_to_plain,east_to_west,target,0.5,old_su,budget10,20,0,57.0,42.3,14.7,14.4,27.9,31.65,20.05,14.6
CAMP transfer,old_to_plain,east_to_west,target,0.5,old_su,budget25,20,0,144.0,106.05,37.95,37.35,68.7,81.7,45.45,31.85
CAMP transfer,old_to_plain,east_to_west,target,0.5,old_su,budget50,20,0,288.0,220.05,67.95,70.4,149.65,174.8,100.1,76.4
CAMP transfer,old_to_plain,east_to_west,target,0.5,old_su,full_frozen,0,0,0.0,0.0,0.0,0.0,0.0,0.0,0.0,0.0
CAMP transfer,old_to_plain,east_to_west,target,0.5,old_su,matched,0,0,0.0,0.0,0.0,0.0,0.0,0.0,0.0,0.0
CAMP transfer,old_to_plain,east_to_west,target,0.5,old_su_guard,budget10,20,0,57.0,36.5,20.5,8.4,28.1,30.25,19.55,14.7
CAMP transfer,old_to_plain,east_to_west,target,0.5,old_su_guard,budget25,20,0,144.0,99.95,44.05,19.95,80.0,82.4,51.7,40.65
CAMP transfer,old_to_plain,east_to_west,target,0.5,old_su_guard,budget50,20,0,288.0,216.5,71.5,30.6,185.9,179.8,111.4,91.85
CAMP transfer,old_to_plain,east_to_west,target,0.5,old_su_guard,full_frozen,0,0,0.0,0.0,0.0,0.0,0.0,0.0,0.0,0.0
CAMP transfer,old_to_plain,east_to_west,target,0.5,old_su_guard,matched,0,0,0.0,0.0,0.0,0.0,0.0,0.0,0.0,0.0
CAMP transfer,old_to_plain,east_to_west,target,0.5,current_margin,budget10,20,0,57.0,31.0,26.0,8.95,22.05,18.65,5.75,3.4
CAMP transfer,old_to_plain,east_to_west,target,0.5,current_margin,budget25,20,0,144.0,90.35,53.65,22.95,67.4,61.3,26.2,17.85
CAMP transfer,old_to_plain,east_to_west,target,0.5,current_margin,budget50,20,0,288.0,206.6,81.4,47.25,159.35,151.8,76.55,57.6
CAMP transfer,old_to_plain,east_to_west,target,0.5,current_margin,full_frozen,0,0,0.0,0.0,0.0,0.0,0.0,0.0,0.0,0.0
CAMP transfer,old_to_plain,east_to_west,target,0.5,current_margin,matched,0,0,0.0,0.0,0.0,0.0,0.0,0.0,0.0,0.0
CAMP transfer,old_to_plain,east_to_west,target,0.5,current_margin_guard,budget10,20,0,57.0,32.45,24.55,3.7,28.75,23.0,10.9,8.5
CAMP transfer,old_to_plain,east_to_west,target,0.5,current_margin_guard,budget25,20,0,144.0,95.25,48.75,9.75,85.5,70.25,38.3,30.15
CAMP transfer,old_to_plain,east_to_west,target,0.5,current_margin_guard,budget50,20,0,288.0,214.6,73.4,26.85,187.75,174.2,104.05,87.4
CAMP transfer,old_to_plain,east_to_west,target,0.5,current_margin_guard,full_frozen,0,0,0.0,0.0,0.0,0.0,0.0,0.0,0.0,0.0
CAMP transfer,old_to_plain,east_to_west,target,0.5,current_margin_guard,matched,0,0,0.0,0.0,0.0,0.0,0.0,0.0,0.0,0.0
CAMP transfer,old_to_plain,east_to_west,target,0.5,old_margin_guard,budget10,20,0,57.0,37.7,19.3,7.15,30.55,32.25,21.55,17.7
CAMP transfer,old_to_plain,east_to_west,target,0.5,old_margin_guard,budget25,20,0,144.0,100.7,43.3,16.9,83.8,85.1,54.95,43.55
CAMP transfer,old_to_plain,east_to_west,target,0.5,old_margin_guard,budget50,20,0,288.0,218.15,69.85,28.15,190.0,182.0,111.35,92.6
CAMP transfer,old_to_plain,east_to_west,target,0.5,old_margin_guard,full_frozen,0,0,0.0,0.0,0.0,0.0,0.0,0.0,0.0,0.0
CAMP transfer,old_to_plain,east_to_west,target,0.5,old_margin_guard,matched,0,0,0.0,0.0,0.0,0.0,0.0,0.0,0.0,0.0
CAMP transfer,old_to_plain,east_to_west,target,0.5,sq8_margin_guard,budget10,20,0,57.0,30.5,26.5,4.55,25.95,20.1,8.95,7.75
CAMP transfer,old_to_plain,east_to_west,target,0.5,sq8_margin_guard,budget25,20,0,144.0,90.35,53.65,13.25,77.1,64.1,27.4,22.1
CAMP transfer,old_to_plain,east_to_west,target,0.5,sq8_margin_guard,budget50,0,0,,,,,,,,
CAMP transfer,old_to_plain,east_to_west,target,0.5,sq8_margin_guard,full_frozen,0,0,0.0,0.0,0.0,0.0,0.0,0.0,0.0,0.0
CAMP transfer,old_to_plain,east_to_west,target,0.5,sq8_margin_guard,matched,0,0,0.0,0.0,0.0,0.0,0.0,0.0,0.0,0.0
CAMP transfer,old_to_plain,east_to_west,control,0.25,current_su,budget10,20,0,57.0,17.5,39.5,8.0,9.5,6.4,2.15,2.1
CAMP transfer,old_to_plain,east_to_west,control,0.25,current_su,budget25,20,0,144.0,66.1,77.9,18.45,47.65,34.0,13.15,6.95
CAMP transfer,old_to_plain,east_to_west,control,0.25,current_su,budget50,20,0,288.0,154.75,133.25,40.1,114.65,98.85,41.5,24.5
CAMP transfer,old_to_plain,east_to_west,control,0.25,current_su,full_frozen,0,0,0.0,0.0,0.0,0.0,0.0,0.0,0.0,0.0
CAMP transfer,old_to_plain,east_to_west,control,0.25,current_su,matched,0,0,0.0,0.0,0.0,0.0,0.0,0.0,0.0,0.0
CAMP transfer,old_to_plain,east_to_west,control,0.25,current_su_guard,budget10,20,0,57.0,17.45,39.55,8.05,9.4,6.45,1.8,1.7
CAMP transfer,old_to_plain,east_to_west,control,0.25,current_su_guard,budget25,20,0,144.0,65.4,78.6,18.65,46.75,33.15,12.4,6.0
CAMP transfer,old_to_plain,east_to_west,control,0.25,current_su_guard,budget50,20,0,288.0,154.45,133.55,40.1,114.35,97.8,40.35,23.4
CAMP transfer,old_to_plain,east_to_west,control,0.25,current_su_guard,full_frozen,0,0,0.0,0.0,0.0,0.0,0.0,0.0,0.0,0.0
CAMP transfer,old_to_plain,east_to_west,control,0.25,current_su_guard,matched,0,0,0.0,0.0,0.0,0.0,0.0,0.0,0.0,0.0
CAMP transfer,old_to_plain,east_to_west,control,0.25,old_su,budget10,20,0,57.0,36.0,21.0,13.0,23.0,27.0,18.9,11.9
CAMP transfer,old_to_plain,east_to_west,control,0.25,old_su,budget25,20,0,144.0,86.0,58.0,28.0,58.0,67.8,37.7,21.35
CAMP transfer,old_to_plain,east_to_west,control,0.25,old_su,budget50,20,0,288.0,184.95,103.05,55.0,129.95,145.75,84.55,56.2
CAMP transfer,old_to_plain,east_to_west,control,0.25,old_su,full_frozen,0,0,0.0,0.0,0.0,0.0,0.0,0.0,0.0,0.0
CAMP transfer,old_to_plain,east_to_west,control,0.25,old_su,matched,0,0,0.0,0.0,0.0,0.0,0.0,0.0,0.0,0.0
CAMP transfer,old_to_plain,east_to_west,control,0.25,old_su_guard,budget10,20,0,57.0,35.5,21.5,13.25,22.25,26.25,17.65,10.65
CAMP transfer,old_to_plain,east_to_west,control,0.25,old_su_guard,budget25,20,0,144.0,85.3,58.7,28.6,56.7,66.6,36.6,20.4
CAMP transfer,old_to_plain,east_to_west,control,0.25,old_su_guard,budget50,20,0,288.0,184.45,103.55,55.3,129.15,144.8,82.9,54.4
CAMP transfer,old_to_plain,east_to_west,control,0.25,old_su_guard,full_frozen,0,0,0.0,0.0,0.0,0.0,0.0,0.0,0.0,0.0
CAMP transfer,old_to_plain,east_to_west,control,0.25,old_su_guard,matched,0,0,0.0,0.0,0.0,0.0,0.0,0.0,0.0,0.0
CAMP transfer,old_to_plain,east_to_west,control,0.25,current_margin,budget10,20,0,57.0,21.5,35.5,8.0,13.5,14.5,9.5,6.5
CAMP transfer,old_to_plain,east_to_west,control,0.25,current_margin,budget25,20,0,144.0,69.6,74.4,16.9,52.7,46.95,29.8,20.85
CAMP transfer,old_to_plain,east_to_west,control,0.25,current_margin,budget50,20,0,288.0,175.6,112.4,34.55,141.05,127.8,78.45,58.2
CAMP transfer,old_to_plain,east_to_west,control,0.25,current_margin,full_frozen,0,0,0.0,0.0,0.0,0.0,0.0,0.0,0.0,0.0
CAMP transfer,old_to_plain,east_to_west,control,0.25,current_margin,matched,0,0,0.0,0.0,0.0,0.0,0.0,0.0,0.0,0.0
CAMP transfer,old_to_plain,east_to_west,control,0.25,current_margin_guard,budget10,20,0,57.0,20.75,36.25,8.1,12.65,13.7,8.75,5.75
CAMP transfer,old_to_plain,east_to_west,control,0.25,current_margin_guard,budget25,20,0,144.0,69.4,74.6,16.95,52.45,46.85,29.35,20.35
CAMP transfer,old_to_plain,east_to_west,control,0.25,current_margin_guard,budget50,20,0,288.0,173.75,114.25,35.0,138.75,126.45,76.35,55.95
CAMP transfer,old_to_plain,east_to_west,control,0.25,current_margin_guard,full_frozen,0,0,0.0,0.0,0.0,0.0,0.0,0.0,0.0,0.0
CAMP transfer,old_to_plain,east_to_west,control,0.25,current_margin_guard,matched,0,0,0.0,0.0,0.0,0.0,0.0,0.0,0.0,0.0
CAMP transfer,old_to_plain,east_to_west,control,0.25,old_margin_guard,budget10,20,0,57.0,33.75,23.25,14.1,19.65,27.45,18.6,12.3
CAMP transfer,old_to_plain,east_to_west,control,0.25,old_margin_guard,budget25,20,0,144.0,87.05,56.95,25.3,61.75,70.9,42.15,28.7
CAMP transfer,old_to_plain,east_to_west,control,0.25,old_margin_guard,budget50,20,0,288.0,185.45,102.55,50.0,135.45,149.1,87.0,59.75
CAMP transfer,old_to_plain,east_to_west,control,0.25,old_margin_guard,full_frozen,0,0,0.0,0.0,0.0,0.0,0.0,0.0,0.0,0.0
CAMP transfer,old_to_plain,east_to_west,control,0.25,old_margin_guard,matched,0,0,0.0,0.0,0.0,0.0,0.0,0.0,0.0,0.0
CAMP transfer,old_to_plain,east_to_west,control,0.25,sq8_margin_guard,budget10,20,0,57.0,19.4,37.6,8.35,11.05,12.3,7.65,4.35
CAMP transfer,old_to_plain,east_to_west,control,0.25,sq8_margin_guard,budget25,20,0,144.0,66.9,77.1,16.55,50.35,44.25,26.95,15.5
CAMP transfer,old_to_plain,east_to_west,control,0.25,sq8_margin_guard,budget50,20,0,288.0,164.7,123.3,34.5,130.2,119.8,61.8,41.45
CAMP transfer,old_to_plain,east_to_west,control,0.25,sq8_margin_guard,full_frozen,0,0,0.0,0.0,0.0,0.0,0.0,0.0,0.0,0.0
CAMP transfer,old_to_plain,east_to_west,control,0.25,sq8_margin_guard,matched,0,0,0.0,0.0,0.0,0.0,0.0,0.0,0.0,0.0
ViT-S in-domain (third party),plain_same,west_to_east,target,0.25,current_su,budget10,20,20,20.0,0.8,19.2,0.0,0.8,0.75,0.45,0.45
ViT-S in-domain (third party),plain_same,west_to_east,target,0.25,current_su,budget25,20,9,50.0,5.35,44.65,1.1,4.25,4.25,1.4,1.1
ViT-S in-domain (third party),plain_same,west_to_east,target,0.25,current_su,budget50,20,0,100.0,25.3,74.7,7.2,18.1,19.9,8.0,6.95
ViT-S in-domain (third party),plain_same,west_to_east,target,0.25,current_su,full_frozen,20,0,102.5,26.55,75.95,8.1,18.45,20.55,7.85,6.75
ViT-S in-domain (third party),plain_same,west_to_east,target,0.25,current_su,matched,20,8,51.2,5.9,45.3,1.25,4.65,4.5,1.35,1.15
ViT-S in-domain (third party),plain_same,west_to_east,target,0.25,current_su_guard,budget10,20,20,20.0,0.8,19.2,0.0,0.8,0.75,0.45,0.45
ViT-S in-domain (third party),plain_same,west_to_east,target,0.25,current_su_guard,budget25,20,16,50.0,4.25,45.75,0.0,4.25,3.4,1.0,1.0
ViT-S in-domain (third party),plain_same,west_to_east,target,0.25,current_su_guard,budget50,20,0,100.0,21.1,78.9,0.0,21.1,17.65,8.6,8.0
ViT-S in-domain (third party),plain_same,west_to_east,target,0.25,current_su_guard,full_frozen,20,0,91.75,17.2,74.55,0.0,17.2,14.1,6.05,5.6
ViT-S in-domain (third party),plain_same,west_to_east,target,0.25,current_su_guard,matched,20,0,85.8,14.85,70.95,0.0,14.85,12.2,5.2,4.9
ViT-S in-domain (third party),plain_same,west_to_east,target,0.25,old_su,budget10,20,3,20.0,4.1,15.9,4.1,0.0,3.4,1.2,1.15
ViT-S in-domain (third party),plain_same,west_to_east,target,0.25,old_su,budget25,20,0,50.0,13.95,36.05,12.1,1.85,11.0,4.25,3.75
ViT-S in-domain (third party),plain_same,west_to_east,target,0.25,old_su,budget50,20,0,100.0,34.75,65.25,21.75,13.0,28.05,13.15,12.4
ViT-S in-domain (third party),plain_same,west_to_east,target,0.25,old_su,full_frozen,20,0,111.0,39.15,71.85,23.7,15.45,31.4,14.55,13.45
ViT-S in-domain (third party),plain_same,west_to_east,target,0.25,old_su,matched,4,0,1.3,0.25,1.05,0.25,0.0,0.2,0.05,0.05
ViT-S in-domain (third party),plain_same,west_to_east,target,0.25,old_su_guard,budget10,20,20,20.0,0.9,19.1,0.0,0.9,0.9,0.9,0.9
ViT-S in-domain (third party),plain_same,west_to_east,target,0.25,old_su_guard,budget25,20,20,50.0,2.4,47.6,0.0,2.4,2.4,1.0,1.0
ViT-S in-domain (third party),plain_same,west_to_east,target,0.25,old_su_guard,budget50,20,0,100.0,20.7,79.3,0.0,20.7,17.35,9.35,8.55
ViT-S in-domain (third party),plain_same,west_to_east,target,0.25,old_su_guard,full_frozen,20,0,84.25,13.95,70.3,0.0,13.95,11.6,4.7,4.7
ViT-S in-domain (third party),plain_same,west_to_east,target,0.25,old_su_guard,matched,20,0,85.35,14.4,70.95,0.0,14.4,12.15,5.05,5.0
ViT-S in-domain (third party),plain_same,west_to_east,target,0.25,current_margin,budget10,20,20,20.0,0.55,19.45,0.05,0.5,0.5,0.45,0.45
ViT-S in-domain (third party),plain_same,west_to_east,target,0.25,current_margin,budget25,20,19,50.0,3.1,46.9,1.45,1.65,2.6,1.15,0.95
ViT-S in-domain (third party),plain_same,west_to_east,target,0.25,current_margin,budget50,20,0,100.0,23.85,76.15,7.4,16.45,19.5,10.3,9.45
ViT-S in-domain (third party),plain_same,west_to_east,target,0.25,current_margin,full_frozen,20,0,123.7,39.05,84.65,11.9,27.15,32.55,19.15,18.0
ViT-S in-domain (third party),plain_same,west_to_east,target,0.25,current_margin,matched,20,13,56.9,5.5,51.4,2.35,3.15,4.15,2.0,1.6
ViT-S in-domain (third party),plain_same,west_to_east,target,0.25,current_margin_guard,budget10,20,20,20.0,0.5,19.5,0.0,0.5,0.5,0.45,0.45
ViT-S in-domain (third party),plain_same,west_to_east,target,0.25,current_margin_guard,budget25,20,20,50.0,1.9,48.1,0.0,1.9,1.75,0.95,0.95
ViT-S in-domain (third party),plain_same,west_to_east,target,0.25,current_margin_guard,budget50,20,0,100.0,21.0,79.0,0.0,21.0,17.9,11.3,11.0
ViT-S in-domain (third party),plain_same,west_to_east,target,0.25,current_margin_guard,full_frozen,20,0,108.4,26.1,82.3,0.0,26.1,22.35,14.0,13.65
ViT-S in-domain (third party),plain_same,west_to_east,target,0.25,current_margin_guard,matched,20,0,95.35,18.5,76.85,0.0,18.5,15.6,9.4,9.1
ViT-S in-domain (third party),plain_same,west_to_east,target,0.25,old_margin_guard,budget10,20,20,20.0,0.0,20.0,0.0,0.0,0.0,0.0,0.0
ViT-S in-domain (third party),plain_same,west_to_east,target,0.25,old_margin_guard,budget25,20,20,50.0,1.8,48.2,0.0,1.8,1.7,1.0,1.0
ViT-S in-domain (third party),plain_same,west_to_east,target,0.25,old_margin_guard,budget50,20,0,100.0,20.95,79.05,0.0,20.95,18.4,12.1,12.1
ViT-S in-domain (third party),plain_same,west_to_east,target,0.25,old_margin_guard,full_frozen,20,0,103.1,22.45,80.65,0.0,22.45,19.6,12.7,12.7
ViT-S in-domain (third party),plain_same,west_to_east,target,0.25,old_margin_guard,matched,20,0,101.2,21.5,79.7,0.0,21.5,19.0,12.55,12.55
ViT-S in-domain (third party),plain_same,west_to_east,target,0.25,sq8_margin_guard,budget10,20,20,20.0,0.0,20.0,0.0,0.0,0.0,0.0,0.0
ViT-S in-domain (third party),plain_same,west_to_east,target,0.25,sq8_margin_guard,budget25,20,20,50.0,1.85,48.15,0.0,1.85,1.65,1.0,1.0
ViT-S in-domain (third party),plain_same,west_to_east,target,0.25,sq8_margin_guard,budget50,20,0,100.0,21.05,78.95,0.0,21.05,18.45,12.4,12.4
ViT-S in-domain (third party),plain_same,west_to_east,target,0.25,sq8_margin_guard,full_frozen,20,0,101.95,21.7,80.25,0.0,21.7,18.95,12.7,12.7
ViT-S in-domain (third party),plain_same,west_to_east,target,0.25,sq8_margin_guard,matched,20,0,102.5,22.35,80.15,0.0,22.35,19.85,13.2,13.2
ViT-S in-domain (third party),plain_same,west_to_east,target,0.5,current_su,budget10,20,10,20.0,2.55,17.45,0.25,2.3,1.8,0.75,0.75
ViT-S in-domain (third party),plain_same,west_to_east,target,0.5,current_su,budget25,20,0,50.0,10.15,39.85,3.65,6.5,7.4,2.1,1.6
ViT-S in-domain (third party),plain_same,west_to_east,target,0.5,current_su,budget50,20,0,100.0,42.3,57.7,20.1,22.2,34.55,16.3,14.6
ViT-S in-domain (third party),plain_same,west_to_east,target,0.5,current_su,full_frozen,20,0,87.9,33.4,54.5,15.25,18.15,26.7,11.25,9.85
ViT-S in-domain (third party),plain_same,west_to_east,target,0.5,current_su,matched,19,7,11.6,1.0,10.6,0.0,1.0,0.85,0.3,0.3
ViT-S in-domain (third party),plain_same,west_to_east,target,0.5,current_su_guard,budget10,20,14,20.0,2.05,17.95,0.0,2.05,1.65,0.8,0.8
ViT-S in-domain (third party),plain_same,west_to_east,target,0.5,current_su_guard,budget25,20,2,50.0,7.55,42.45,0.0,7.55,5.8,1.95,1.9
ViT-S in-domain (third party),plain_same,west_to_east,target,0.5,current_su_guard,budget50,20,0,100.0,38.65,61.35,0.0,38.65,34.65,25.05,24.45
ViT-S in-domain (third party),plain_same,west_to_east,target,0.5,current_su_guard,full_frozen,20,0,67.4,15.95,51.45,0.0,15.95,13.2,6.5,6.05
ViT-S in-domain (third party),plain_same,west_to_east,target,0.5,current_su_guard,matched,20,1,52.8,9.05,43.75,0.0,9.05,7.15,2.8,2.7
ViT-S in-domain (third party),plain_same,west_to_east,target,0.5,old_su,budget10,20,0,20.0,9.15,10.85,9.15,0.0,7.4,4.25,4.2
ViT-S in-domain (third party),plain_same,west_to_east,target,0.5,old_su,budget25,20,0,50.0,25.2,24.8,23.45,1.75,20.35,11.55,10.75
ViT-S in-domain (third party),plain_same,west_to_east,target,0.5,old_su,budget50,20,0,100.0,55.1,44.9,43.1,12.0,46.35,27.85,26.0
ViT-S in-domain (third party),plain_same,west_to_east,target,0.5,old_su,full_frozen,20,0,111.0,61.15,49.85,47.15,14.0,51.4,31.05,28.75
ViT-S in-domain (third party),plain_same,west_to_east,target,0.5,old_su,matched,0,0,0.0,0.0,0.0,0.0,0.0,0.0,0.0,0.0
ViT-S in-domain (third party),plain_same,west_to_east,target,0.5,old_su_guard,budget10,20,20,20.0,1.45,18.55,0.0,1.45,1.45,1.0,1.0
ViT-S in-domain (third party),plain_same,west_to_east,target,0.5,old_su_guard,budget25,20,5,50.0,7.05,42.95,0.0,7.05,6.1,3.05,3.05
ViT-S in-domain (third party),plain_same,west_to_east,target,0.5,old_su_guard,budget50,20,0,100.0,38.15,61.85,0.0,38.15,34.1,24.8,24.25
ViT-S in-domain (third party),plain_same,west_to_east,target,0.5,old_su_guard,full_frozen,20,0,56.9,10.05,46.85,0.0,10.05,8.4,4.15,4.15
ViT-S in-domain (third party),plain_same,west_to_east,target,0.5,old_su_guard,matched,20,0,57.65,10.75,46.9,0.0,10.75,9.1,4.65,4.6
ViT-S in-domain (third party),plain_same,west_to_east,target,0.5,current_margin,budget10,20,15,20.0,1.7,18.3,0.3,1.4,1.35,0.85,0.8
ViT-S in-domain (third party),plain_same,west_to_east,target,0.5,current_margin,budget25,20,0,50.0,10.75,39.25,4.2,6.55,8.5,3.55,3.05
ViT-S in-domain (third party),plain_same,west_to_east,target,0.5,current_margin,budget50,20,0,100.0,43.25,56.75,19.8,23.45,37.25,22.65,21.0
ViT-S in-domain (third party),plain_same,west_to_east,target,0.5,current_margin,full_frozen,20,0,111.0,51.7,59.3,23.85,27.85,44.1,27.8,25.9
ViT-S in-domain (third party),plain_same,west_to_east,target,0.5,current_margin,matched,20,11,13.65,1.25,12.4,0.1,1.15,1.1,0.85,0.8
ViT-S in-domain (third party),plain_same,west_to_east,target,0.5,current_margin_guard,budget10,20,16,20.0,1.35,18.65,0.0,1.35,1.15,0.8,0.8
ViT-S in-domain (third party),plain_same,west_to_east,target,0.5,current_margin_guard,budget25,20,1,50.0,8.1,41.9,0.0,8.1,6.65,3.7,3.6
ViT-S in-domain (third party),plain_same,west_to_east,target,0.5,current_margin_guard,budget50,20,0,100.0,38.8,61.2,0.0,38.8,34.95,25.75,25.2
ViT-S in-domain (third party),plain_same,west_to_east,target,0.5,current_margin_guard,full_frozen,20,0,79.8,24.45,55.35,0.0,24.45,21.2,14.75,14.3
ViT-S in-domain (third party),plain_same,west_to_east,target,0.5,current_margin_guard,matched,20,0,55.65,11.0,44.65,0.0,11.0,9.1,5.05,4.95
ViT-S in-domain (third party),plain_same,west_to_east,target,0.5,old_margin_guard,budget10,20,20,20.0,0.0,20.0,0.0,0.0,0.0,0.0,0.0
ViT-S in-domain (third party),plain_same,west_to_east,target,0.5,old_margin_guard,budget25,20,4,50.0,6.5,43.5,0.0,6.5,5.65,3.95,3.95
ViT-S in-domain (third party),plain_same,west_to_east,target,0.5,old_margin_guard,budget50,20,0,100.0,38.45,61.55,0.0,38.45,34.6,26.05,25.95
ViT-S in-domain (third party),plain_same,west_to_east,target,0.5,old_margin_guard,full_frozen,20,0,71.35,18.45,52.9,0.0,18.45,16.4,12.15,12.15
ViT-S in-domain (third party),plain_same,west_to_east,target,0.5,old_margin_guard,matched,20,0,66.55,15.7,50.85,0.0,15.7,14.15,10.6,10.6
ViT-S in-domain (third party),plain_same,west_to_east,target,0.5,sq8_margin_guard,budget10,20,20,20.0,0.0,20.0,0.0,0.0,0.0,0.0,0.0
ViT-S in-domain (third party),plain_same,west_to_east,target,0.5,sq8_margin_guard,budget25,20,3,50.0,6.75,43.25,0.0,6.75,5.9,4.1,4.1
ViT-S in-domain (third party),plain_same,west_to_east,target,0.5,sq8_margin_guard,budget50,19,0,100.0,38.0,62.0,0.0,38.0,34.421052631578945,26.157894736842106,26.05263157894737
ViT-S in-domain (third party),plain_same,west_to_east,target,0.5,sq8_margin_guard,full_frozen,20,0,69.6,17.25,52.35,0.0,17.25,15.5,12.15,12.15
ViT-S in-domain (third party),plain_same,west_to_east,target,0.5,sq8_margin_guard,matched,20,0,67.3,16.0,51.3,0.0,16.0,14.45,11.0,11.0
ViT-S in-domain (third party),plain_same,west_to_east,control,0.25,current_su,budget10,20,20,20.0,0.05,19.95,0.0,0.05,0.05,0.05,0.05
ViT-S in-domain (third party),plain_same,west_to_east,control,0.25,current_su,budget25,20,20,50.0,2.05,47.95,0.0,2.05,2.05,0.95,0.95
ViT-S in-domain (third party),plain_same,west_to_east,control,0.25,current_su,budget50,20,0,100.0,13.2,86.8,0.0,13.2,11.2,4.55,4.55
ViT-S in-domain (third party),plain_same,west_to_east,control,0.25,current_su,full_frozen,20,0,113.4,18.25,95.15,0.0,18.25,15.15,5.9,5.9
ViT-S in-domain (third party),plain_same,west_to_east,control,0.25,current_su,matched,20,0,113.25,18.25,95.0,0.0,18.25,15.15,5.9,5.9
ViT-S in-domain (third party),plain_same,west_to_east,control,0.25,current_su_guard,budget10,20,20,20.0,0.05,19.95,0.0,0.05,0.05,0.05,0.05
ViT-S in-domain (third party),plain_same,west_to_east,control,0.25,current_su_guard,budget25,20,20,50.0,2.05,47.95,0.0,2.05,2.05,0.95,0.95
ViT-S in-domain (third party),plain_same,west_to_east,control,0.25,current_su_guard,budget50,20,0,100.0,13.2,86.8,0.0,13.2,11.2,4.45,4.45
ViT-S in-domain (third party),plain_same,west_to_east,control,0.25,current_su_guard,full_frozen,20,0,113.2,18.1,95.1,0.0,18.1,15.0,5.75,5.75
ViT-S in-domain (third party),plain_same,west_to_east,control,0.25,current_su_guard,matched,20,0,113.05,18.1,94.95,0.0,18.1,15.0,5.75,5.75
ViT-S in-domain (third party),plain_same,west_to_east,control,0.25,old_su,budget10,20,20,20.0,0.0,20.0,0.0,0.0,0.0,0.0,0.0
ViT-S in-domain (third party),plain_same,west_to_east,control,0.25,old_su,budget25,20,20,50.0,1.95,48.05,0.0,1.95,1.95,0.95,0.95
ViT-S in-domain (third party),plain_same,west_to_east,control,0.25,old_su,budget50,20,0,100.0,13.95,86.05,0.0,13.95,11.95,4.95,4.95
ViT-S in-domain (third party),plain_same,west_to_east,control,0.25,old_su,full_frozen,20,0,111.0,16.95,94.05,0.0,16.95,13.95,4.95,4.95
ViT-S in-domain (third party),plain_same,west_to_east,control,0.25,old_su,matched,20,0,111.0,16.95,94.05,0.0,16.95,13.95,4.95,4.95
ViT-S in-domain (third party),plain_same,west_to_east,control,0.25,old_su_guard,budget10,20,20,20.0,0.0,20.0,0.0,0.0,0.0,0.0,0.0
ViT-S in-domain (third party),plain_same,west_to_east,control,0.25,old_su_guard,budget25,20,20,50.0,1.95,48.05,0.0,1.95,1.95,0.95,0.95
ViT-S in-domain (third party),plain_same,west_to_east,control,0.25,old_su_guard,budget50,20,0,100.0,14.0,86.0,0.0,14.0,12.0,4.75,4.75
ViT-S in-domain (third party),plain_same,west_to_east,control,0.25,old_su_guard,full_frozen,20,0,110.75,16.75,94.0,0.0,16.75,13.75,4.75,4.75
ViT-S in-domain (third party),plain_same,west_to_east,control,0.25,old_su_guard,matched,20,0,110.75,16.75,94.0,0.0,16.75,13.75,4.75,4.75
ViT-S in-domain (third party),plain_same,west_to_east,control,0.25,current_margin,budget10,20,20,20.0,0.05,19.95,0.0,0.05,0.05,0.05,0.05
ViT-S in-domain (third party),plain_same,west_to_east,control,0.25,current_margin,budget25,20,20,50.0,0.2,49.8,0.0,0.2,0.2,0.2,0.2
ViT-S in-domain (third party),plain_same,west_to_east,control,0.25,current_margin,budget50,20,15,100.0,10.1,89.9,0.0,10.1,8.1,4.1,4.1
ViT-S in-domain (third party),plain_same,west_to_east,control,0.25,current_margin,full_frozen,20,0,134.3,25.85,108.45,0.0,25.85,21.85,12.85,12.85
ViT-S in-domain (third party),plain_same,west_to_east,control,0.25,current_margin,matched,20,0,134.35,25.7,108.65,0.0,25.7,21.8,12.8,12.8
ViT-S in-domain (third party),plain_same,west_to_east,control,0.25,current_margin_guard,budget10,20,20,20.0,0.05,19.95,0.0,0.05,0.05,0.05,0.05
ViT-S in-domain (third party),plain_same,west_to_east,control,0.25,current_margin_guard,budget25,20,20,50.0,0.05,49.95,0.0,0.05,0.05,0.05,0.05
ViT-S in-domain (third party),plain_same,west_to_east,control,0.25,current_margin_guard,budget50,20,17,100.0,9.95,90.05,0.0,9.95,7.95,3.95,3.95
ViT-S in-domain (third party),plain_same,west_to_east,control,0.25,current_margin_guard,full_frozen,20,0,134.1,25.7,108.4,0.0,25.7,21.7,12.7,12.7
ViT-S in-domain (third party),plain_same,west_to_east,control,0.25,current_margin_guard,matched,20,0,134.15,25.55,108.6,0.0,25.55,21.65,12.65,12.65
ViT-S in-domain (third party),plain_same,west_to_east,control,0.25,old_margin_guard,budget10,20,20,20.0,0.0,20.0,0.0,0.0,0.0,0.0,0.0
ViT-S in-domain (third party),plain_same,west_to_east,control,0.25,old_margin_guard,budget25,20,20,50.0,0.0,50.0,0.0,0.0,0.0,0.0,0.0
ViT-S in-domain (third party),plain_same,west_to_east,control,0.25,old_margin_guard,budget50,20,20,100.0,9.85,90.15,0.0,9.85,7.85,3.8,3.8
ViT-S in-domain (third party),plain_same,west_to_east,control,0.25,old_margin_guard,full_frozen,20,0,133.4,25.4,108.0,0.0,25.4,21.4,12.4,12.4
ViT-S in-domain (third party),plain_same,west_to_east,control,0.25,old_margin_guard,matched,20,0,133.9,25.4,108.5,0.0,25.4,21.4,12.4,12.4
ViT-S in-domain (third party),plain_same,west_to_east,control,0.25,sq8_margin_guard,budget10,20,20,20.0,0.0,20.0,0.0,0.0,0.0,0.0,0.0
ViT-S in-domain (third party),plain_same,west_to_east,control,0.25,sq8_margin_guard,budget25,20,20,50.0,0.0,50.0,0.0,0.0,0.0,0.0,0.0
ViT-S in-domain (third party),plain_same,west_to_east,control,0.25,sq8_margin_guard,budget50,20,20,100.0,9.75,90.25,0.0,9.75,7.75,3.55,3.55
ViT-S in-domain (third party),plain_same,west_to_east,control,0.25,sq8_margin_guard,full_frozen,20,0,133.1,25.3,107.8,0.0,25.3,21.3,12.3,12.3
ViT-S in-domain (third party),plain_same,west_to_east,control,0.25,sq8_margin_guard,matched,20,0,133.6,25.3,108.3,0.0,25.3,21.3,12.3,12.3
ViT-S in-domain (third party),plain_same,east_to_west,target,0.25,current_su,budget10,20,20,57.0,2.7,54.3,1.9,0.8,1.2,0.25,0.0
ViT-S in-domain (third party),plain_same,east_to_west,target,0.25,current_su,budget25,20,16,144.0,11.85,132.15,6.8,5.05,6.45,2.45,0.0
ViT-S in-domain (third party),plain_same,east_to_west,target,0.25,current_su,budget50,20,0,288.0,41.1,246.9,20.75,20.35,25.95,8.7,1.35
ViT-S in-domain (third party),plain_same,east_to_west,target,0.25,current_su,full_frozen,20,0,310.3,49.9,260.4,24.2,25.7,31.6,10.85,2.4
ViT-S in-domain (third party),plain_same,east_to_west,target,0.25,current_su,matched,20,9,194.05,21.05,173.0,11.4,9.65,12.1,4.7,0.25
ViT-S in-domain (third party),plain_same,east_to_west,target,0.25,current_su_guard,budget10,20,20,57.0,0.8,56.2,0.0,0.8,0.35,0.1,0.0
ViT-S in-domain (third party),plain_same,east_to_west,target,0.25,current_su_guard,budget25,20,20,144.0,5.75,138.25,0.0,5.75,3.75,1.5,0.0
ViT-S in-domain (third party),plain_same,east_to_west,target,0.25,current_su_guard,budget50,20,18,288.0,25.35,262.65,0.0,25.35,17.15,5.3,0.55
ViT-S in-domain (third party),plain_same,east_to_west,target,0.25,current_su_guard,full_frozen,20,20,282.2,23.9,258.3,0.0,23.9,15.9,5.0,0.5
ViT-S in-domain (third party),plain_same,east_to_west,target,0.25,current_su_guard,matched,20,20,221.7,13.3,208.4,0.0,13.3,8.85,3.05,0.05
ViT-S in-domain (third party),plain_same,east_to_west,target,0.25,old_su,budget10,20,1,57.0,14.45,42.55,14.45,0.0,8.15,3.95,3.45
ViT-S in-domain (third party),plain_same,east_to_west,target,0.25,old_su,budget25,20,0,144.0,38.7,105.3,34.95,3.75,25.1,13.15,9.45
ViT-S in-domain (third party),plain_same,east_to_west,target,0.25,old_su,budget50,20,0,288.0,80.35,207.65,67.95,12.4,55.35,30.55,21.35
ViT-S in-domain (third party),plain_same,east_to_west,target,0.25,old_su,full_frozen,20,0,329.0,94.35,234.65,77.5,16.85,65.25,36.45,25.2
ViT-S in-domain (third party),plain_same,east_to_west,target,0.25,old_su,matched,5,0,19.4,5.1,14.3,4.75,0.35,3.0,1.45,1.05
ViT-S in-domain (third party),plain_same,east_to_west,target,0.25,old_su_guard,budget10,20,20,57.0,1.1,55.9,0.0,1.1,0.25,0.0,0.0
ViT-S in-domain (third party),plain_same,east_to_west,target,0.25,old_su_guard,budget25,20,20,144.0,5.55,138.45,0.0,5.55,3.8,1.45,0.0
ViT-S in-domain (third party),plain_same,east_to_west,target,0.25,old_su_guard,budget50,20,15,288.0,25.55,262.45,0.0,25.55,18.3,6.8,1.85
ViT-S in-domain (third party),plain_same,east_to_west,target,0.25,old_su_guard,full_frozen,20,20,246.75,14.25,232.5,0.0,14.25,8.8,2.95,0.0
ViT-S in-domain (third party),plain_same,east_to_west,target,0.25,old_su_guard,matched,20,20,243.55,14.05,229.5,0.0,14.05,8.75,2.9,0.0
ViT-S in-domain (third party),plain_same,east_to_west,target,0.25,current_margin,budget10,20,18,57.0,3.15,53.85,2.05,1.1,1.35,0.65,0.0
ViT-S in-domain (third party),plain_same,east_to_west,target,0.25,current_margin,budget25,20,20,144.0,10.45,133.55,8.0,2.45,5.2,2.2,0.3
ViT-S in-domain (third party),plain_same,east_to_west,target,0.25,current_margin,budget50,20,0,288.0,45.5,242.5,26.7,18.8,30.15,12.0,6.35
ViT-S in-domain (third party),plain_same,east_to_west,target,0.25,current_margin,full_frozen,20,0,294.5,48.2,246.3,28.25,19.95,32.25,12.45,6.5
ViT-S in-domain (third party),plain_same,east_to_west,target,0.25,current_margin,matched,20,7,225.0,24.5,200.5,16.55,7.95,13.5,5.1,2.1
ViT-S in-domain (third party),plain_same,east_to_west,target,0.25,current_margin_guard,budget10,20,20,57.0,1.1,55.9,0.0,1.1,0.65,0.35,0.0
ViT-S in-domain (third party),plain_same,east_to_west,target,0.25,current_margin_guard,budget25,20,20,144.0,2.45,141.55,0.0,2.45,1.5,0.75,0.05
ViT-S in-domain (third party),plain_same,east_to_west,target,0.25,current_margin_guard,budget50,20,19,288.0,24.45,263.55,0.0,24.45,18.6,7.8,4.3
ViT-S in-domain (third party),plain_same,east_to_west,target,0.25,current_margin_guard,full_frozen,20,20,262.7,18.95,243.75,0.0,18.95,14.35,5.65,2.95
ViT-S in-domain (third party),plain_same,east_to_west,target,0.25,current_margin_guard,matched,20,20,234.0,12.45,221.55,0.0,12.45,9.05,3.8,2.1
ViT-S in-domain (third party),plain_same,east_to_west,target,0.25,old_margin_guard,budget10,20,20,57.0,0.0,57.0,0.0,0.0,0.0,0.0,0.0
ViT-S in-domain (third party),plain_same,east_to_west,target,0.25,old_margin_guard,budget25,20,20,144.0,0.0,144.0,0.0,0.0,0.0,0.0,0.0
ViT-S in-domain (third party),plain_same,east_to_west,target,0.25,old_margin_guard,budget50,20,20,288.0,22.7,265.3,0.0,22.7,16.35,7.3,4.4
ViT-S in-domain (third party),plain_same,east_to_west,target,0.25,old_margin_guard,full_frozen,20,20,239.35,11.45,227.9,0.0,11.45,9.2,3.4,1.8
ViT-S in-domain (third party),plain_same,east_to_west,target,0.25,old_margin_guard,matched,20,20,236.05,10.85,225.2,0.0,10.85,8.6,3.3,1.8
ViT-S in-domain (third party),plain_same,east_to_west,target,0.25,sq8_margin_guard,budget10,20,20,57.0,0.0,57.0,0.0,0.0,0.0,0.0,0.0
ViT-S in-domain (third party),plain_same,east_to_west,target,0.25,sq8_margin_guard,budget25,20,20,144.0,0.0,144.0,0.0,0.0,0.0,0.0,0.0
ViT-S in-domain (third party),plain_same,east_to_west,target,0.25,sq8_margin_guard,budget50,20,20,288.0,23.25,264.75,0.0,23.25,16.8,7.45,4.7
ViT-S in-domain (third party),plain_same,east_to_west,target,0.25,sq8_margin_guard,full_frozen,20,20,235.55,10.45,225.1,0.0,10.45,8.3,3.05,1.8
ViT-S in-domain (third party),plain_same,east_to_west,target,0.25,sq8_margin_guard,matched,20,20,232.5,9.95,222.55,0.0,9.95,7.8,3.0,1.75
ViT-S in-domain (third party),plain_same,east_to_west,target,0.5,current_su,budget10,20,7,57.0,6.2,50.8,4.65,1.55,2.7,0.9,0.0
ViT-S in-domain (third party),plain_same,east_to_west,target,0.5,current_su,budget25,20,0,144.0,24.1,119.9,16.55,7.55,13.2,4.65,0.05
ViT-S in-domain (third party),plain_same,east_to_west,target,0.5,current_su,budget50,20,0,288.0,90.2,197.8,56.05,34.15,60.15,24.0,11.7
ViT-S in-domain (third party),plain_same,east_to_west,target,0.5,current_su,full_frozen,20,0,269.65,77.55,192.1,48.3,29.25,50.85,19.05,8.2
ViT-S in-domain (third party),plain_same,east_to_west,target,0.5,current_su,matched,19,3,89.15,12.15,77.0,8.35,3.8,6.0,1.95,0.05
ViT-S in-domain (third party),plain_same,east_to_west,target,0.5,current_su_guard,budget10,20,20,57.0,1.9,55.1,0.0,1.9,0.85,0.25,0.0
ViT-S in-domain (third party),plain_same,east_to_west,target,0.5,current_su_guard,budget25,20,20,144.0,9.35,134.65,0.0,9.35,6.0,1.9,0.0
ViT-S in-domain (third party),plain_same,east_to_west,target,0.5,current_su_guard,budget50,18,0,288.0,65.27777777777777,222.72222222222223,0.0,65.27777777777777,53.833333333333336,28.666666666666668,21.5
ViT-S in-domain (third party),plain_same,east_to_west,target,0.5,current_su_guard,full_frozen,20,3,210.8,24.4,186.4,0.0,24.4,17.45,6.25,2.6
ViT-S in-domain (third party),plain_same,east_to_west,target,0.5,current_su_guard,matched,19,18,120.05,8.35,111.7,0.0,8.35,5.45,1.55,0.2
ViT-S in-domain (third party),plain_same,east_to_west,target,0.5,old_su,budget10,20,0,57.0,29.1,27.9,29.1,0.0,19.3,11.1,9.95
ViT-S in-domain (third party),plain_same,east_to_west,target,0.5,old_su,budget25,20,0,144.0,72.25,71.75,69.0,3.25,51.5,31.1,24.45
ViT-S in-domain (third party),plain_same,east_to_west,target,0.5,old_su,budget50,20,0,288.0,147.85,140.15,136.35,11.5,111.2,69.8,56.0
ViT-S in-domain (third party),plain_same,east_to_west,target,0.5,old_su,full_frozen,20,0,329.0,170.4,158.6,154.7,15.7,128.9,81.3,64.35
ViT-S in-domain (third party),plain_same,east_to_west,target,0.5,old_su,matched,0,0,0.0,0.0,0.0,0.0,0.0,0.0,0.0,0.0
ViT-S in-domain (third party),plain_same,east_to_west,target,0.5,old_su_guard,budget10,20,20,57.0,1.45,55.55,0.0,1.45,0.85,0.2,0.0
ViT-S in-domain (third party),plain_same,east_to_west,target,0.5,old_su_guard,budget25,20,20,144.0,6.85,137.15,0.0,6.85,4.5,1.35,0.0
ViT-S in-domain (third party),plain_same,east_to_west,target,0.5,old_su_guard,budget50,18,0,288.0,64.94444444444444,223.05555555555554,0.0,64.94444444444444,53.611111111111114,28.5,21.444444444444443
ViT-S in-domain (third party),plain_same,east_to_west,target,0.5,old_su_guard,full_frozen,20,20,164.55,9.25,155.3,0.0,9.25,5.65,1.7,0.0
ViT-S in-domain (third party),plain_same,east_to_west,target,0.5,old_su_guard,matched,20,20,160.85,9.2,151.65,0.0,9.2,5.7,1.6,0.0
ViT-S in-domain (third party),plain_same,east_to_west,target,0.5,current_margin,budget10,20,6,57.0,6.55,50.45,4.45,2.1,3.05,1.7,0.0
ViT-S in-domain (third party),plain_same,east_to_west,target,0.5,current_margin,budget25,20,0,144.0,24.75,119.25,18.6,6.15,13.25,5.75,1.65
ViT-S in-domain (third party),plain_same,east_to_west,target,0.5,current_margin,budget50,20,0,288.0,96.05,191.95,65.45,30.6,68.45,32.85,21.05
ViT-S in-domain (third party),plain_same,east_to_west,target,0.5,current_margin,full_frozen,20,0,265.75,83.6,182.15,57.8,25.8,57.65,26.45,15.95
ViT-S in-domain (third party),plain_same,east_to_west,target,0.5,current_margin,matched,17,2,110.9,19.55,91.35,14.3,5.25,10.6,4.35,1.05
ViT-S in-domain (third party),plain_same,east_to_west,target,0.5,current_margin_guard,budget10,20,20,57.0,2.4,54.6,0.0,2.4,1.55,0.7,0.0
ViT-S in-domain (third party),plain_same,east_to_west,target,0.5,current_margin_guard,budget25,20,20,144.0,7.3,136.7,0.0,7.3,5.35,2.45,1.0
ViT-S in-domain (third party),plain_same,east_to_west,target,0.5,current_margin_guard,budget50,18,0,288.0,66.11111111111111,221.88888888888889,0.0,66.11111111111111,55.5,31.555555555555557,24.833333333333332
ViT-S in-domain (third party),plain_same,east_to_west,target,0.5,current_margin_guard,full_frozen,20,6,197.05,21.2,175.85,0.0,21.2,15.85,7.4,4.6
ViT-S in-domain (third party),plain_same,east_to_west,target,0.5,current_margin_guard,matched,19,19,144.35,8.5,135.85,0.0,8.5,6.2,2.5,0.95
ViT-S in-domain (third party),plain_same,east_to_west,target,0.5,old_margin_guard,budget10,20,20,57.0,0.0,57.0,0.0,0.0,0.0,0.0,0.0
ViT-S in-domain (third party),plain_same,east_to_west,target,0.5,old_margin_guard,budget25,20,20,144.0,4.55,139.45,0.0,4.55,3.4,1.35,1.05
ViT-S in-domain (third party),plain_same,east_to_west,target,0.5,old_margin_guard,budget50,18,0,288.0,66.0,222.0,0.0,66.0,55.44444444444444,31.11111111111111,24.77777777777778
ViT-S in-domain (third party),plain_same,east_to_west,target,0.5,old_margin_guard,full_frozen,20,20,160.55,8.1,152.45,0.0,8.1,6.6,2.75,1.6
ViT-S in-domain (third party),plain_same,east_to_west,target,0.5,old_margin_guard,matched,20,20,145.5,5.05,140.45,0.0,5.05,3.7,1.5,1.15
ViT-S in-domain (third party),plain_same,east_to_west,target,0.5,sq8_margin_guard,budget10,20,20,57.0,0.0,57.0,0.0,0.0,0.0,0.0,0.0
ViT-S in-domain (third party),plain_same,east_to_west,target,0.5,sq8_margin_guard,budget25,20,20,144.0,4.75,139.25,0.0,4.75,3.5,1.3,1.0
ViT-S in-domain (third party),plain_same,east_to_west,target,0.5,sq8_margin_guard,budget50,13,0,288.0,65.46153846153847,222.53846153846155,0.0,65.46153846153847,55.15384615384615,30.692307692307693,24.692307692307693
ViT-S in-domain (third party),plain_same,east_to_west,target,0.5,sq8_margin_guard,full_frozen,20,20,155.65,7.0,148.65,0.0,7.0,5.65,2.5,1.6
ViT-S in-domain (third party),plain_same,east_to_west,target,0.5,sq8_margin_guard,matched,20,20,145.05,5.2,139.85,0.0,5.2,3.9,1.65,1.15
ViT-S in-domain (third party),plain_same,east_to_west,control,0.25,current_su,budget10,20,20,57.0,0.1,56.9,0.0,0.1,0.1,0.0,0.0
ViT-S in-domain (third party),plain_same,east_to_west,control,0.25,current_su,budget25,20,20,144.0,4.1,139.9,0.0,4.1,3.05,1.25,0.0
ViT-S in-domain (third party),plain_same,east_to_west,control,0.25,current_su,budget50,20,20,288.0,13.85,274.15,0.0,13.85,9.65,3.05,0.05
ViT-S in-domain (third party),plain_same,east_to_west,control,0.25,current_su,full_frozen,20,20,333.4,19.9,313.5,0.0,19.9,12.9,4.4,0.2
ViT-S in-domain (third party),plain_same,east_to_west,control,0.25,current_su,matched,20,20,329.65,19.55,310.1,0.0,19.55,12.7,4.4,0.2
ViT-S in-domain (third party),plain_same,east_to_west,control,0.25,current_su_guard,budget10,20,20,57.0,0.1,56.9,0.0,0.1,0.1,0.0,0.0
ViT-S in-domain (third party),plain_same,east_to_west,control,0.25,current_su_guard,budget25,20,20,144.0,4.1,139.9,0.0,4.1,3.05,1.25,0.0
ViT-S in-domain (third party),plain_same,east_to_west,control,0.25,current_su_guard,budget50,20,20,288.0,13.85,274.15,0.0,13.85,9.65,3.05,0.05
ViT-S in-domain (third party),plain_same,east_to_west,control,0.25,current_su_guard,full_frozen,20,20,333.35,19.9,313.45,0.0,19.9,12.9,4.4,0.2
ViT-S in-domain (third party),plain_same,east_to_west,control,0.25,current_su_guard,matched,20,20,330.65,19.65,311.0,0.0,19.65,12.75,4.4,0.2
ViT-S in-domain (third party),plain_same,east_to_west,control,0.25,old_su,budget10,20,20,57.0,0.0,57.0,0.0,0.0,0.0,0.0,0.0
ViT-S in-domain (third party),plain_same,east_to_west,control,0.25,old_su,budget25,20,20,144.0,4.0,140.0,0.0,4.0,3.0,1.0,0.0
ViT-S in-domain (third party),plain_same,east_to_west,control,0.25,old_su,budget50,20,20,288.0,14.0,274.0,0.0,14.0,10.0,3.0,0.0
ViT-S in-domain (third party),plain_same,east_to_west,control,0.25,old_su,full_frozen,20,20,329.0,19.0,310.0,0.0,19.0,12.0,4.0,0.0
ViT-S in-domain (third party),plain_same,east_to_west,control,0.25,old_su,matched,20,20,329.75,19.1,310.65,0.0,19.1,12.1,4.0,0.0
ViT-S in-domain (third party),plain_same,east_to_west,control,0.25,old_su_guard,budget10,20,20,57.0,0.0,57.0,0.0,0.0,0.0,0.0,0.0
ViT-S in-domain (third party),plain_same,east_to_west,control,0.25,old_su_guard,budget25,20,20,144.0,4.0,140.0,0.0,4.0,3.0,1.0,0.0
ViT-S in-domain (third party),plain_same,east_to_west,control,0.25,old_su_guard,budget50,20,20,288.0,14.0,274.0,0.0,14.0,10.0,3.0,0.0
ViT-S in-domain (third party),plain_same,east_to_west,control,0.25,old_su_guard,full_frozen,20,20,329.0,19.0,310.0,0.0,19.0,12.0,4.0,0.0
ViT-S in-domain (third party),plain_same,east_to_west,control,0.25,old_su_guard,matched,20,20,329.75,19.1,310.65,0.0,19.1,12.1,4.0,0.0
ViT-S in-domain (third party),plain_same,east_to_west,control,0.25,current_margin,budget10,20,20,57.0,0.0,57.0,0.0,0.0,0.0,0.0,0.0
ViT-S in-domain (third party),plain_same,east_to_west,control,0.25,current_margin,budget25,20,20,144.0,0.0,144.0,0.0,0.0,0.0,0.0,0.0
ViT-S in-domain (third party),plain_same,east_to_west,control,0.25,current_margin,budget50,20,20,288.0,8.0,280.0,0.0,8.0,6.0,2.0,1.0
ViT-S in-domain (third party),plain_same,east_to_west,control,0.25,current_margin,full_frozen,20,20,319.15,15.0,304.15,0.0,15.0,12.0,3.95,1.95
ViT-S in-domain (third party),plain_same,east_to_west,control,0.25,current_margin,matched,20,20,317.65,14.65,303.0,0.0,14.65,11.65,3.95,1.95
ViT-S in-domain (third party),plain_same,east_to_west,control,0.25,current_margin_guard,budget10,20,20,57.0,0.0,57.0,0.0,0.0,0.0,0.0,0.0
ViT-S in-domain (third party),plain_same,east_to_west,control,0.25,current_margin_guard,budget25,20,20,144.0,0.0,144.0,0.0,0.0,0.0,0.0,0.0
ViT-S in-domain (third party),plain_same,east_to_west,control,0.25,current_margin_guard,budget50,20,20,288.0,8.0,280.0,0.0,8.0,6.0,2.0,1.0
ViT-S in-domain (third party),plain_same,east_to_west,control,0.25,current_margin_guard,full_frozen,20,20,318.95,15.0,303.95,0.0,15.0,12.0,3.95,1.95
ViT-S in-domain (third party),plain_same,east_to_west,control,0.25,current_margin_guard,matched,20,20,318.3,14.8,303.5,0.0,14.8,11.8,3.95,1.95
ViT-S in-domain (third party),plain_same,east_to_west,control,0.25,old_margin_guard,budget10,20,20,57.0,0.0,57.0,0.0,0.0,0.0,0.0,0.0
ViT-S in-domain (third party),plain_same,east_to_west,control,0.25,old_margin_guard,budget25,20,20,144.0,0.0,144.0,0.0,0.0,0.0,0.0,0.0
ViT-S in-domain (third party),plain_same,east_to_west,control,0.25,old_margin_guard,budget50,20,20,288.0,8.0,280.0,0.0,8.0,6.0,2.0,1.0
ViT-S in-domain (third party),plain_same,east_to_west,control,0.25,old_margin_guard,full_frozen,20,20,317.95,14.95,303.0,0.0,14.95,11.95,3.95,1.95
ViT-S in-domain (third party),plain_same,east_to_west,control,0.25,old_margin_guard,matched,20,20,318.75,15.0,303.75,0.0,15.0,12.0,4.0,1.95
ViT-S in-domain (third party),plain_same,east_to_west,control,0.25,sq8_margin_guard,budget10,20,20,57.0,0.0,57.0,0.0,0.0,0.0,0.0,0.0
ViT-S in-domain (third party),plain_same,east_to_west,control,0.25,sq8_margin_guard,budget25,20,20,144.0,0.0,144.0,0.0,0.0,0.0,0.0,0.0
ViT-S in-domain (third party),plain_same,east_to_west,control,0.25,sq8_margin_guard,budget50,20,20,288.0,8.0,280.0,0.0,8.0,6.0,2.0,1.0
ViT-S in-domain (third party),plain_same,east_to_west,control,0.25,sq8_margin_guard,full_frozen,20,20,317.7,14.95,302.75,0.0,14.95,11.95,3.95,1.95
ViT-S in-domain (third party),plain_same,east_to_west,control,0.25,sq8_margin_guard,matched,20,20,319.35,15.05,304.3,0.0,15.05,12.05,4.05,1.95
ViT-S in-domain (third party),old_same,west_to_east,target,0.25,current_su,budget10,20,20,20.0,1.0,19.0,0.3,0.7,1.0,0.0,0.0
ViT-S in-domain (third party),old_same,west_to_east,target,0.25,current_su,budget25,20,13,50.0,4.75,45.25,2.3,2.45,3.6,0.15,0.0
ViT-S in-domain (third party),old_same,west_to_east,target,0.25,current_su,budget50,20,0,100.0,16.4,83.6,8.5,7.9,11.0,1.85,0.8
ViT-S in-domain (third party),old_same,west_to_east,target,0.25,current_su,full_frozen,20,0,96.55,15.25,81.3,8.0,7.25,9.9,1.7,0.7
ViT-S in-domain (third party),old_same,west_to_east,target,0.25,current_su,matched,20,10,51.65,4.95,46.7,2.6,2.35,3.95,0.2,0.0
ViT-S in-domain (third party),old_same,west_to_east,target,0.25,current_su_guard,budget10,20,20,20.0,0.75,19.25,0.0,0.75,0.75,0.0,0.0
ViT-S in-domain (third party),old_same,west_to_east,target,0.25,current_su_guard,budget25,20,20,50.0,2.55,47.45,0.0,2.55,1.5,0.0,0.0
ViT-S in-domain (third party),old_same,west_to_east,target,0.25,current_su_guard,budget50,20,9,100.0,10.4,89.6,0.0,10.4,6.15,1.35,0.9
ViT-S in-domain (third party),old_same,west_to_east,target,0.25,current_su_guard,full_frozen,20,17,87.05,7.05,80.0,0.0,7.05,3.45,0.2,0.15
ViT-S in-domain (third party),old_same,west_to_east,target,0.25,current_su_guard,matched,20,20,77.05,5.5,71.55,0.0,5.5,2.75,0.0,0.0
ViT-S in-domain (third party),old_same,west_to_east,target,0.25,old_su,budget10,20,0,20.0,4.35,15.65,4.35,0.0,4.0,1.35,1.35
ViT-S in-domain (third party),old_same,west_to_east,target,0.25,old_su,budget25,20,0,50.0,14.0,36.0,12.4,1.6,10.7,2.95,2.85
ViT-S in-domain (third party),old_same,west_to_east,target,0.25,old_su,budget50,20,0,100.0,28.7,71.3,24.0,4.7,21.8,9.65,8.8
ViT-S in-domain (third party),old_same,west_to_east,target,0.25,old_su,full_frozen,20,0,101.0,28.85,72.15,24.15,4.7,21.95,9.8,8.95
ViT-S in-domain (third party),old_same,west_to_east,target,0.25,old_su,matched,6,1,2.95,0.65,2.3,0.65,0.0,0.65,0.1,0.1
ViT-S in-domain (third party),old_same,west_to_east,target,0.25,old_su_guard,budget10,20,20,20.0,0.05,19.95,0.0,0.05,0.05,0.0,0.0
ViT-S in-domain (third party),old_same,west_to_east,target,0.25,old_su_guard,budget25,20,20,50.0,1.95,48.05,0.0,1.95,0.85,0.0,0.0
ViT-S in-domain (third party),old_same,west_to_east,target,0.25,old_su_guard,budget50,20,9,100.0,10.6,89.4,0.0,10.6,6.35,1.5,0.9
ViT-S in-domain (third party),old_same,west_to_east,target,0.25,old_su_guard,full_frozen,20,20,75.2,4.35,70.85,0.0,4.35,1.6,0.0,0.0
ViT-S in-domain (third party),old_same,west_to_east,target,0.25,old_su_guard,matched,20,18,77.05,5.0,72.05,0.0,5.0,2.1,0.1,0.1
ViT-S in-domain (third party),old_same,west_to_east,target,0.25,current_margin,budget10,20,20,20.0,0.6,19.4,0.15,0.45,0.4,0.0,0.0
ViT-S in-domain (third party),old_same,west_to_east,target,0.25,current_margin,budget25,20,20,50.0,2.7,47.3,1.9,0.8,2.25,0.3,0.1
ViT-S in-domain (third party),old_same,west_to_east,target,0.25,current_margin,budget50,20,0,100.0,15.95,84.05,9.6,6.35,11.75,3.95,2.5
ViT-S in-domain (third party),old_same,west_to_east,target,0.25,current_margin,full_frozen,20,0,103.3,17.0,86.3,9.9,7.1,12.4,4.3,2.7
ViT-S in-domain (third party),old_same,west_to_east,target,0.25,current_margin,matched,20,17,62.45,4.9,57.55,3.15,1.75,3.65,0.45,0.15
ViT-S in-domain (third party),old_same,west_to_east,target,0.25,current_margin_guard,budget10,20,20,20.0,0.45,19.55,0.0,0.45,0.35,0.0,0.0
ViT-S in-domain (third party),old_same,west_to_east,target,0.25,current_margin_guard,budget25,20,20,50.0,0.85,49.15,0.0,0.85,0.6,0.0,0.0
ViT-S in-domain (third party),old_same,west_to_east,target,0.25,current_margin_guard,budget50,20,19,100.0,8.5,91.5,0.0,8.5,5.7,2.0,1.4
ViT-S in-domain (third party),old_same,west_to_east,target,0.25,current_margin_guard,full_frozen,20,20,91.05,6.55,84.5,0.0,6.55,3.8,1.9,1.3
ViT-S in-domain (third party),old_same,west_to_east,target,0.25,current_margin_guard,matched,20,20,77.9,4.25,73.65,0.0,4.25,2.3,0.65,0.5
ViT-S in-domain (third party),old_same,west_to_east,target,0.25,old_margin_guard,budget10,20,20,20.0,0.0,20.0,0.0,0.0,0.0,0.0,0.0
ViT-S in-domain (third party),old_same,west_to_east,target,0.25,old_margin_guard,budget25,20,20,50.0,0.25,49.75,0.0,0.25,0.25,0.0,0.0
ViT-S in-domain (third party),old_same,west_to_east,target,0.25,old_margin_guard,budget50,20,20,100.0,7.7,92.3,0.0,7.7,5.55,1.6,1.0
ViT-S in-domain (third party),old_same,west_to_east,target,0.25,old_margin_guard,full_frozen,20,20,82.1,4.45,77.65,0.0,4.45,2.3,1.45,0.85
ViT-S in-domain (third party),old_same,west_to_east,target,0.25,old_margin_guard,matched,20,20,80.2,3.9,76.3,0.0,3.9,2.05,1.0,0.65
ViT-S in-domain (third party),old_same,west_to_east,target,0.25,sq8_margin_guard,budget10,20,20,20.0,0.0,20.0,0.0,0.0,0.0,0.0,0.0
ViT-S in-domain (third party),old_same,west_to_east,target,0.25,sq8_margin_guard,budget25,20,20,50.0,0.35,49.65,0.0,0.35,0.35,0.0,0.0
ViT-S in-domain (third party),old_same,west_to_east,target,0.25,sq8_margin_guard,budget50,20,20,100.0,7.85,92.15,0.0,7.85,5.7,1.65,1.05
ViT-S in-domain (third party),old_same,west_to_east,target,0.25,sq8_margin_guard,full_frozen,20,20,79.95,4.1,75.85,0.0,4.1,2.05,1.2,0.75
ViT-S in-domain (third party),old_same,west_to_east,target,0.25,sq8_margin_guard,matched,20,20,79.8,3.95,75.85,0.0,3.95,2.1,0.95,0.65
ViT-S in-domain (third party),old_same,west_to_east,target,0.5,current_su,budget10,20,15,20.0,1.85,18.15,1.0,0.85,1.55,0.05,0.0
ViT-S in-domain (third party),old_same,west_to_east,target,0.5,current_su,budget25,20,3,50.0,8.4,41.6,5.8,2.6,6.45,0.8,0.3
ViT-S in-domain (third party),old_same,west_to_east,target,0.5,current_su,budget50,20,0,100.0,31.2,68.8,21.7,9.5,23.4,8.15,5.95
ViT-S in-domain (third party),old_same,west_to_east,target,0.5,current_su,full_frozen,20,0,81.8,21.2,60.6,14.7,6.5,14.95,3.45,1.95
ViT-S in-domain (third party),old_same,west_to_east,target,0.5,current_su,matched,20,9,25.05,2.95,22.1,1.85,1.1,2.4,0.2,0.05
ViT-S in-domain (third party),old_same,west_to_east,target,0.5,current_su_guard,budget10,20,19,20.0,1.0,19.0,0.0,1.0,0.6,0.0,0.0
ViT-S in-domain (third party),old_same,west_to_east,target,0.5,current_su_guard,budget25,20,20,50.0,3.6,46.4,0.0,3.6,2.3,0.05,0.05
ViT-S in-domain (third party),old_same,west_to_east,target,0.5,current_su_guard,budget50,15,0,100.0,21.466666666666665,78.53333333333333,0.0,21.466666666666665,16.866666666666667,8.6,8.2
ViT-S in-domain (third party),old_same,west_to_east,target,0.5,current_su_guard,full_frozen,20,13,64.3,5.9,58.4,0.0,5.9,3.55,0.5,0.45
ViT-S in-domain (third party),old_same,west_to_east,target,0.5,current_su_guard,matched,20,18,44.85,3.15,41.7,0.0,3.15,1.95,0.05,0.05
ViT-S in-domain (third party),old_same,west_to_east,target,0.5,old_su,budget10,20,0,20.0,10.1,9.9,10.1,0.0,9.25,5.3,4.5
ViT-S in-domain (third party),old_same,west_to_east,target,0.5,old_su,budget25,20,0,50.0,26.55,23.45,25.2,1.35,21.85,11.4,9.9
ViT-S in-domain (third party),old_same,west_to_east,target,0.5,old_su,budget50,20,0,100.0,53.0,47.0,48.75,4.25,44.15,26.15,23.6
ViT-S in-domain (third party),old_same,west_to_east,target,0.5,old_su,full_frozen,20,0,101.0,53.5,47.5,49.25,4.25,44.65,26.6,24.05
ViT-S in-domain (third party),old_same,west_to_east,target,0.5,old_su,matched,0,0,0.0,0.0,0.0,0.0,0.0,0.0,0.0,0.0
ViT-S in-domain (third party),old_same,west_to_east,target,0.5,old_su_guard,budget10,20,20,20.0,0.55,19.45,0.0,0.55,0.5,0.0,0.0
ViT-S in-domain (third party),old_same,west_to_east,target,0.5,old_su_guard,budget25,20,19,50.0,3.2,46.8,0.0,3.2,1.7,0.0,0.0
ViT-S in-domain (third party),old_same,west_to_east,target,0.5,old_su_guard,budget50,15,0,100.0,21.266666666666666,78.73333333333333,0.0,21.266666666666666,17.066666666666666,8.4,8.0
ViT-S in-domain (third party),old_same,west_to_east,target,0.5,old_su_guard,full_frozen,20,19,48.35,2.6,45.75,0.0,2.6,1.15,0.0,0.0
ViT-S in-domain (third party),old_same,west_to_east,target,0.5,old_su_guard,matched,20,16,51.55,3.75,47.8,0.0,3.75,2.15,0.25,0.2
ViT-S in-domain (third party),old_same,west_to_east,target,0.5,current_margin,budget10,20,17,20.0,1.35,18.65,0.6,0.75,0.95,0.05,0.0
ViT-S in-domain (third party),old_same,west_to_east,target,0.5,current_margin,budget25,20,2,50.0,7.7,42.3,5.7,2.0,5.15,0.8,0.55
ViT-S in-domain (third party),old_same,west_to_east,target,0.5,current_margin,budget50,20,0,100.0,34.4,65.6,24.2,10.2,27.25,12.4,10.0
ViT-S in-domain (third party),old_same,west_to_east,target,0.5,current_margin,full_frozen,20,0,90.35,27.25,63.1,19.25,8.0,20.75,7.9,6.05
ViT-S in-domain (third party),old_same,west_to_east,target,0.5,current_margin,matched,20,10,26.65,2.6,24.05,1.65,0.95,1.9,0.25,0.2
ViT-S in-domain (third party),old_same,west_to_east,target,0.5,current_margin_guard,budget10,20,19,20.0,0.8,19.2,0.0,0.8,0.5,0.0,0.0
ViT-S in-domain (third party),old_same,west_to_east,target,0.5,current_margin_guard,budget25,20,20,50.0,3.2,46.8,0.0,3.2,2.15,0.65,0.55
ViT-S in-domain (third party),old_same,west_to_east,target,0.5,current_margin_guard,budget50,15,0,100.0,22.133333333333333,77.86666666666666,0.0,22.133333333333333,17.466666666666665,9.466666666666667,9.066666666666666
ViT-S in-domain (third party),old_same,west_to_east,target,0.5,current_margin_guard,full_frozen,20,12,66.9,6.35,60.55,0.0,6.35,4.25,1.85,1.5
ViT-S in-domain (third party),old_same,west_to_east,target,0.5,current_margin_guard,matched,20,18,49.15,3.3,45.85,0.0,3.3,2.35,0.7,0.65
ViT-S in-domain (third party),old_same,west_to_east,target,0.5,old_margin_guard,budget10,20,20,20.0,0.0,20.0,0.0,0.0,0.0,0.0,0.0
ViT-S in-domain (third party),old_same,west_to_east,target,0.5,old_margin_guard,budget25,20,20,50.0,2.2,47.8,0.0,2.2,1.2,0.65,0.5
ViT-S in-domain (third party),old_same,west_to_east,target,0.5,old_margin_guard,budget50,15,0,100.0,22.2,77.8,0.0,22.2,17.866666666666667,9.733333333333333,9.333333333333334
ViT-S in-domain (third party),old_same,west_to_east,target,0.5,old_margin_guard,full_frozen,20,19,53.1,2.85,50.25,0.0,2.85,1.6,1.05,0.7
ViT-S in-domain (third party),old_same,west_to_east,target,0.5,old_margin_guard,matched,20,20,48.25,1.95,46.3,0.0,1.95,1.0,0.45,0.35
ViT-S in-domain (third party),old_same,west_to_east,target,0.5,sq8_margin_guard,budget10,20,20,20.0,0.0,20.0,0.0,0.0,0.0,0.0,0.0
ViT-S in-domain (third party),old_same,west_to_east,target,0.5,sq8_margin_guard,budget25,20,20,50.0,2.15,47.85,0.0,2.15,1.25,0.65,0.5
ViT-S in-domain (third party),old_same,west_to_east,target,0.5,sq8_margin_guard,budget50,13,0,100.0,22.307692307692307,77.6923076923077,0.0,22.307692307692307,18.53846153846154,10.0,9.615384615384615
ViT-S in-domain (third party),old_same,west_to_east,target,0.5,sq8_margin_guard,full_frozen,20,19,50.65,2.1,48.55,0.0,2.1,1.1,0.55,0.35
ViT-S in-domain (third party),old_same,west_to_east,target,0.5,sq8_margin_guard,matched,20,19,47.9,1.8,46.1,0.0,1.8,0.85,0.3,0.2
ViT-S in-domain (third party),old_same,west_to_east,control,0.25,current_su,budget10,20,20,20.0,0.0,20.0,0.0,0.0,0.0,0.0,0.0
ViT-S in-domain (third party),old_same,west_to_east,control,0.25,current_su,budget25,20,20,50.0,2.0,48.0,0.0,2.0,1.0,0.0,0.0
ViT-S in-domain (third party),old_same,west_to_east,control,0.25,current_su,budget50,20,20,100.0,5.7,94.3,0.0,5.7,2.2,0.0,0.0
ViT-S in-domain (third party),old_same,west_to_east,control,0.25,current_su,full_frozen,20,20,102.9,6.3,96.6,0.0,6.3,2.2,0.0,0.0
ViT-S in-domain (third party),old_same,west_to_east,control,0.25,current_su,matched,20,20,102.9,6.55,96.35,0.0,6.55,2.4,0.05,0.05
ViT-S in-domain (third party),old_same,west_to_east,control,0.25,current_su_guard,budget10,20,20,20.0,0.0,20.0,0.0,0.0,0.0,0.0,0.0
ViT-S in-domain (third party),old_same,west_to_east,control,0.25,current_su_guard,budget25,20,20,50.0,2.0,48.0,0.0,2.0,1.0,0.0,0.0
ViT-S in-domain (third party),old_same,west_to_east,control,0.25,current_su_guard,budget50,20,20,100.0,5.7,94.3,0.0,5.7,2.2,0.0,0.0
ViT-S in-domain (third party),old_same,west_to_east,control,0.25,current_su_guard,full_frozen,20,20,102.9,6.3,96.6,0.0,6.3,2.2,0.0,0.0
ViT-S in-domain (third party),old_same,west_to_east,control,0.25,current_su_guard,matched,20,20,102.95,6.55,96.4,0.0,6.55,2.4,0.05,0.05
ViT-S in-domain (third party),old_same,west_to_east,control,0.25,old_su,budget10,20,20,20.0,0.0,20.0,0.0,0.0,0.0,0.0,0.0
ViT-S in-domain (third party),old_same,west_to_east,control,0.25,old_su,budget25,20,20,50.0,2.0,48.0,0.0,2.0,1.0,0.0,0.0
ViT-S in-domain (third party),old_same,west_to_east,control,0.25,old_su,budget50,20,20,100.0,6.0,94.0,0.0,6.0,2.0,0.0,0.0
ViT-S in-domain (third party),old_same,west_to_east,control,0.25,old_su,full_frozen,20,20,101.0,6.0,95.0,0.0,6.0,2.0,0.0,0.0
ViT-S in-domain (third party),old_same,west_to_east,control,0.25,old_su,matched,20,20,101.0,6.0,95.0,0.0,6.0,2.0,0.0,0.0
ViT-S in-domain (third party),old_same,west_to_east,control,0.25,old_su_guard,budget10,20,20,20.0,0.0,20.0,0.0,0.0,0.0,0.0,0.0
ViT-S in-domain (third party),old_same,west_to_east,control,0.25,old_su_guard,budget25,20,20,50.0,2.0,48.0,0.0,2.0,1.0,0.0,0.0
ViT-S in-domain (third party),old_same,west_to_east,control,0.25,old_su_guard,budget50,20,20,100.0,6.0,94.0,0.0,6.0,2.0,0.0,0.0
ViT-S in-domain (third party),old_same,west_to_east,control,0.25,old_su_guard,full_frozen,20,20,101.0,6.0,95.0,0.0,6.0,2.0,0.0,0.0
ViT-S in-domain (third party),old_same,west_to_east,control,0.25,old_su_guard,matched,20,20,101.4,6.15,95.25,0.0,6.15,2.1,0.0,0.0
ViT-S in-domain (third party),old_same,west_to_east,control,0.25,current_margin,budget10,20,20,20.0,0.0,20.0,0.0,0.0,0.0,0.0,0.0
ViT-S in-domain (third party),old_same,west_to_east,control,0.25,current_margin,budget25,20,20,50.0,0.0,50.0,0.0,0.0,0.0,0.0,0.0
ViT-S in-domain (third party),old_same,west_to_east,control,0.25,current_margin,budget50,20,20,100.0,4.2,95.8,0.0,4.2,2.2,1.2,1.2
ViT-S in-domain (third party),old_same,west_to_east,control,0.25,current_margin,full_frozen,20,20,109.35,6.25,103.1,0.0,6.25,3.25,2.2,1.2
ViT-S in-domain (third party),old_same,west_to_east,control,0.25,current_margin,matched,20,20,109.95,6.3,103.65,0.0,6.3,3.3,2.2,1.2
ViT-S in-domain (third party),old_same,west_to_east,control,0.25,current_margin_guard,budget10,20,20,20.0,0.0,20.0,0.0,0.0,0.0,0.0,0.0
ViT-S in-domain (third party),old_same,west_to_east,control,0.25,current_margin_guard,budget25,20,20,50.0,0.0,50.0,0.0,0.0,0.0,0.0,0.0
ViT-S in-domain (third party),old_same,west_to_east,control,0.25,current_margin_guard,budget50,20,20,100.0,4.2,95.8,0.0,4.2,2.2,1.2,1.2
ViT-S in-domain (third party),old_same,west_to_east,control,0.25,current_margin_guard,full_frozen,20,20,109.35,6.25,103.1,0.0,6.25,3.25,2.2,1.2
ViT-S in-domain (third party),old_same,west_to_east,control,0.25,current_margin_guard,matched,20,20,109.95,6.3,103.65,0.0,6.3,3.3,2.2,1.2
ViT-S in-domain (third party),old_same,west_to_east,control,0.25,old_margin_guard,budget10,20,20,20.0,0.0,20.0,0.0,0.0,0.0,0.0,0.0
ViT-S in-domain (third party),old_same,west_to_east,control,0.25,old_margin_guard,budget25,20,20,50.0,0.0,50.0,0.0,0.0,0.0,0.0,0.0
ViT-S in-domain (third party),old_same,west_to_east,control,0.25,old_margin_guard,budget50,20,20,100.0,4.0,96.0,0.0,4.0,2.0,1.0,1.0
ViT-S in-domain (third party),old_same,west_to_east,control,0.25,old_margin_guard,full_frozen,20,20,109.0,6.0,103.0,0.0,6.0,3.0,2.0,1.0
ViT-S in-domain (third party),old_same,west_to_east,control,0.25,old_margin_guard,matched,20,20,110.2,6.05,104.15,0.0,6.05,3.05,2.0,1.0
ViT-S in-domain (third party),old_same,west_to_east,control,0.25,sq8_margin_guard,budget10,20,20,20.0,0.0,20.0,0.0,0.0,0.0,0.0,0.0
ViT-S in-domain (third party),old_same,west_to_east,control,0.25,sq8_margin_guard,budget25,20,20,50.0,0.0,50.0,0.0,0.0,0.0,0.0,0.0
ViT-S in-domain (third party),old_same,west_to_east,control,0.25,sq8_margin_guard,budget50,20,20,100.0,4.0,96.0,0.0,4.0,2.0,1.0,1.0
ViT-S in-domain (third party),old_same,west_to_east,control,0.25,sq8_margin_guard,full_frozen,20,20,108.65,6.0,102.65,0.0,6.0,3.0,2.0,1.0
ViT-S in-domain (third party),old_same,west_to_east,control,0.25,sq8_margin_guard,matched,20,20,110.85,6.2,104.65,0.0,6.2,3.2,2.0,1.0
ViT-S in-domain (third party),old_same,east_to_west,target,0.25,current_su,budget10,20,19,57.0,3.2,53.8,0.65,2.55,2.8,0.9,0.25
ViT-S in-domain (third party),old_same,east_to_west,target,0.25,current_su,budget25,20,6,144.0,15.85,128.15,4.55,11.3,12.4,4.7,1.45
ViT-S in-domain (third party),old_same,east_to_west,target,0.25,current_su,budget50,20,0,288.0,49.75,238.25,15.9,33.85,38.05,19.1,9.9
ViT-S in-domain (third party),old_same,east_to_west,target,0.25,current_su,full_frozen,20,0,448.5,132.35,316.15,57.8,74.55,100.45,56.65,39.4
ViT-S in-domain (third party),old_same,east_to_west,target,0.25,current_su,matched,20,4,165.25,19.75,145.5,6.05,13.7,15.45,6.2,2.1
ViT-S in-domain (third party),old_same,east_to_west,target,0.25,current_su_guard,budget10,20,20,57.0,2.65,54.35,0.0,2.65,2.35,0.5,0.0
ViT-S in-domain (third party),old_same,east_to_west,target,0.25,current_su_guard,budget25,20,20,144.0,11.5,132.5,0.0,11.5,9.95,3.25,0.9
ViT-S in-domain (third party),old_same,east_to_west,target,0.25,current_su_guard,budget50,20,0,288.0,37.55,250.45,0.0,37.55,30.9,16.1,9.5
ViT-S in-domain (third party),old_same,east_to_west,target,0.25,current_su_guard,full_frozen,20,0,375.7,69.2,306.5,0.0,69.2,56.45,31.2,20.85
ViT-S in-domain (third party),old_same,east_to_west,target,0.25,current_su_guard,matched,20,0,315.3,47.85,267.45,0.0,47.85,39.25,21.0,12.9
ViT-S in-domain (third party),old_same,east_to_west,target,0.25,old_su,budget10,20,0,57.0,14.25,42.75,13.35,0.9,9.7,4.7,3.8
ViT-S in-domain (third party),old_same,east_to_west,target,0.25,old_su,budget25,20,0,144.0,41.7,102.3,32.85,8.85,31.1,16.35,10.45
ViT-S in-domain (third party),old_same,east_to_west,target,0.25,old_su,budget50,20,0,288.0,88.2,199.8,64.5,23.7,66.45,40.45,26.9
ViT-S in-domain (third party),old_same,east_to_west,target,0.25,old_su,full_frozen,20,0,478.0,170.35,307.65,99.35,71.0,131.5,81.35,60.05
ViT-S in-domain (third party),old_same,east_to_west,target,0.25,old_su,matched,6,0,6.25,1.4,4.85,1.4,0.0,0.9,0.45,0.35
ViT-S in-domain (third party),old_same,east_to_west,target,0.25,old_su_guard,budget10,20,20,57.0,2.9,54.1,0.0,2.9,2.9,0.6,0.0
ViT-S in-domain (third party),old_same,east_to_west,target,0.25,old_su_guard,budget25,20,20,144.0,8.45,135.55,0.0,8.45,6.9,2.0,0.0
ViT-S in-domain (third party),old_same,east_to_west,target,0.25,old_su_guard,budget50,20,0,288.0,36.65,251.35,0.0,36.65,30.5,16.7,10.55
ViT-S in-domain (third party),old_same,east_to_west,target,0.25,old_su_guard,full_frozen,20,0,359.8,62.15,297.65,0.0,62.15,49.75,27.6,17.7
ViT-S in-domain (third party),old_same,east_to_west,target,0.25,old_su_guard,matched,20,0,321.8,50.5,271.3,0.0,50.5,40.95,22.35,13.95
ViT-S in-domain (third party),old_same,east_to_west,target,0.25,current_margin,budget10,20,20,57.0,2.0,55.0,0.45,1.55,1.55,0.4,0.1
ViT-S in-domain (third party),old_same,east_to_west,target,0.25,current_margin,budget25,20,16,144.0,12.45,131.55,5.85,6.6,9.95,5.0,1.7
ViT-S in-domain (third party),old_same,east_to_west,target,0.25,current_margin,budget50,20,0,288.0,59.15,228.85,26.7,32.45,45.75,25.9,15.5
ViT-S in-domain (third party),old_same,east_to_west,target,0.25,current_margin,full_frozen,20,0,444.3,133.5,310.8,63.6,69.9,102.65,63.05,46.0
ViT-S in-domain (third party),old_same,east_to_west,target,0.25,current_margin,matched,20,3,195.3,24.15,171.15,11.4,12.75,18.7,11.25,5.6
ViT-S in-domain (third party),old_same,east_to_west,target,0.25,current_margin_guard,budget10,20,20,57.0,1.5,55.5,0.0,1.5,1.4,0.35,0.1
ViT-S in-domain (third party),old_same,east_to_west,target,0.25,current_margin_guard,budget25,20,20,144.0,7.1,136.9,0.0,7.1,6.45,3.5,0.8
ViT-S in-domain (third party),old_same,east_to_west,target,0.25,current_margin_guard,budget50,20,0,288.0,39.45,248.55,0.0,39.45,32.55,18.85,11.45
ViT-S in-domain (third party),old_same,east_to_west,target,0.25,current_margin_guard,full_frozen,20,0,364.85,64.0,300.85,0.0,64.0,52.3,31.15,21.85
ViT-S in-domain (third party),old_same,east_to_west,target,0.25,current_margin_guard,matched,20,0,334.65,52.55,282.1,0.0,52.55,42.75,25.25,16.8
ViT-S in-domain (third party),old_same,east_to_west,target,0.25,old_margin_guard,budget10,20,20,57.0,0.45,56.55,0.0,0.45,0.45,0.45,0.0
ViT-S in-domain (third party),old_same,east_to_west,target,0.25,old_margin_guard,budget25,20,20,144.0,4.45,139.55,0.0,4.45,4.45,3.85,1.55
ViT-S in-domain (third party),old_same,east_to_west,target,0.25,old_margin_guard,budget50,20,0,288.0,34.15,253.85,0.0,34.15,28.45,16.0,9.3
ViT-S in-domain (third party),old_same,east_to_west,target,0.25,old_margin_guard,full_frozen,20,0,350.6,58.45,292.15,0.0,58.45,48.05,28.9,20.05
ViT-S in-domain (third party),old_same,east_to_west,target,0.25,old_margin_guard,matched,20,0,343.25,56.2,287.05,0.0,56.2,45.9,27.9,19.25
ViT-S in-domain (third party),old_same,east_to_west,target,0.25,sq8_margin_guard,budget10,20,20,57.0,0.55,56.45,0.0,0.55,0.55,0.55,0.0
ViT-S in-domain (third party),old_same,east_to_west,target,0.25,sq8_margin_guard,budget25,20,20,144.0,4.7,139.3,0.0,4.7,4.7,4.1,1.35
ViT-S in-domain (third party),old_same,east_to_west,target,0.25,sq8_margin_guard,budget50,20,1,288.0,34.5,253.5,0.0,34.5,28.5,16.4,9.7
ViT-S in-domain (third party),old_same,east_to_west,target,0.25,sq8_margin_guard,full_frozen,20,0,345.1,56.7,288.4,0.0,56.7,46.3,27.9,19.3
ViT-S in-domain (third party),old_same,east_to_west,target,0.25,sq8_margin_guard,matched,20,0,340.95,55.45,285.5,0.0,55.45,45.3,27.3,19.0
ViT-S in-domain (third party),old_same,east_to_west,target,0.5,current_su,budget10,20,7,57.0,5.65,51.35,1.5,4.15,4.3,1.7,0.45
ViT-S in-domain (third party),old_same,east_to_west,target,0.5,current_su,budget25,20,0,144.0,24.4,119.6,10.65,13.75,17.9,7.85,2.8
ViT-S in-domain (third party),old_same,east_to_west,target,0.5,current_su,budget50,20,0,288.0,94.6,193.4,52.65,41.95,70.15,39.75,26.15
ViT-S in-domain (third party),old_same,east_to_west,target,0.5,current_su,full_frozen,20,0,409.8,184.65,225.15,117.65,67.0,140.7,86.95,66.85
ViT-S in-domain (third party),old_same,east_to_west,target,0.5,current_su,matched,20,6,77.3,10.4,66.9,4.5,5.9,7.5,3.15,0.9
ViT-S in-domain (third party),old_same,east_to_west,target,0.5,current_su_guard,budget10,20,16,57.0,4.3,52.7,0.0,4.3,3.2,1.1,0.15
ViT-S in-domain (third party),old_same,east_to_west,target,0.5,current_su_guard,budget25,20,8,144.0,15.9,128.1,0.0,15.9,13.2,6.1,2.45
ViT-S in-domain (third party),old_same,east_to_west,target,0.5,current_su_guard,budget50,20,0,288.0,70.5,217.5,0.0,70.5,59.5,40.75,30.05
ViT-S in-domain (third party),old_same,east_to_west,target,0.5,current_su_guard,full_frozen,20,0,263.2,54.05,209.15,0.0,54.05,44.75,27.05,19.15
ViT-S in-domain (third party),old_same,east_to_west,target,0.5,current_su_guard,matched,20,1,203.85,32.35,171.5,0.0,32.35,26.55,15.45,9.6
ViT-S in-domain (third party),old_same,east_to_west,target,0.5,old_su,budget10,20,0,57.0,28.45,28.55,27.6,0.85,21.25,12.85,10.6
ViT-S in-domain (third party),old_same,east_to_west,target,0.5,old_su,budget25,20,0,144.0,73.65,70.35,65.4,8.25,57.85,36.95,29.0
ViT-S in-domain (third party),old_same,east_to_west,target,0.5,old_su,budget50,20,0,288.0,149.75,138.25,128.45,21.3,117.6,81.85,64.45
ViT-S in-domain (third party),old_same,east_to_west,target,0.5,old_su,full_frozen,20,0,478.0,265.1,212.9,199.0,66.1,213.0,148.8,122.3
ViT-S in-domain (third party),old_same,east_to_west,target,0.5,old_su,matched,0,0,0.0,0.0,0.0,0.0,0.0,0.0,0.0,0.0
ViT-S in-domain (third party),old_same,east_to_west,target,0.5,old_su_guard,budget10,20,19,57.0,3.8,53.2,0.0,3.8,3.8,1.0,0.0
ViT-S in-domain (third party),old_same,east_to_west,target,0.5,old_su_guard,budget25,20,15,144.0,13.2,130.8,0.0,13.2,11.4,5.9,2.0
ViT-S in-domain (third party),old_same,east_to_west,target,0.5,old_su_guard,budget50,20,0,288.0,70.65,217.35,0.0,70.65,59.05,40.6,30.05
ViT-S in-domain (third party),old_same,east_to_west,target,0.5,old_su_guard,full_frozen,20,0,242.3,44.3,198.0,0.0,44.3,35.7,21.45,14.3
ViT-S in-domain (third party),old_same,east_to_west,target,0.5,old_su_guard,matched,20,3,218.4,35.95,182.45,0.0,35.95,29.3,17.55,11.2
ViT-S in-domain (third party),old_same,east_to_west,target,0.5,current_margin,budget10,20,15,57.0,4.6,52.4,1.85,2.75,3.4,1.3,0.25
ViT-S in-domain (third party),old_same,east_to_west,target,0.5,current_margin,budget25,20,0,144.0,27.25,116.75,16.2,11.05,19.35,10.3,4.6
ViT-S in-domain (third party),old_same,east_to_west,target,0.5,current_margin,budget50,20,0,288.0,106.15,181.85,67.4,38.75,81.25,49.65,36.0
ViT-S in-domain (third party),old_same,east_to_west,target,0.5,current_margin,full_frozen,20,0,415.45,196.05,219.4,128.65,67.4,152.95,101.85,80.9
ViT-S in-domain (third party),old_same,east_to_west,target,0.5,current_margin,matched,20,10,87.65,10.95,76.7,5.8,5.15,7.9,4.0,1.2
ViT-S in-domain (third party),old_same,east_to_west,target,0.5,current_margin_guard,budget10,20,19,57.0,2.75,54.25,0.0,2.75,2.35,0.7,0.15
ViT-S in-domain (third party),old_same,east_to_west,target,0.5,current_margin_guard,budget25,20,16,144.0,13.75,130.25,0.0,13.75,11.6,7.05,3.4
ViT-S in-domain (third party),old_same,east_to_west,target,0.5,current_margin_guard,budget50,20,0,288.0,72.3,215.7,0.0,72.3,60.15,41.6,30.75
ViT-S in-domain (third party),old_same,east_to_west,target,0.5,current_margin_guard,full_frozen,20,0,254.95,51.05,203.9,0.0,51.05,42.05,27.35,19.65
ViT-S in-domain (third party),old_same,east_to_west,target,0.5,current_margin_guard,matched,20,1,209.5,34.7,174.8,0.0,34.7,28.65,18.35,12.15
ViT-S in-domain (third party),old_same,east_to_west,target,0.5,old_margin_guard,budget10,20,20,57.0,0.45,56.55,0.0,0.45,0.45,0.45,0.0
ViT-S in-domain (third party),old_same,east_to_west,target,0.5,old_margin_guard,budget25,20,10,144.0,14.2,129.8,0.0,14.2,12.2,7.9,3.55
ViT-S in-domain (third party),old_same,east_to_west,target,0.5,old_margin_guard,budget50,20,0,288.0,72.55,215.45,0.0,72.55,60.35,41.75,30.7
ViT-S in-domain (third party),old_same,east_to_west,target,0.5,old_margin_guard,full_frozen,20,0,235.7,41.85,193.85,0.0,41.85,34.35,22.25,15.85
ViT-S in-domain (third party),old_same,east_to_west,target,0.5,old_margin_guard,matched,20,0,226.8,38.45,188.35,0.0,38.45,31.4,20.35,14.25
ViT-S in-domain (third party),old_same,east_to_west,target,0.5,sq8_margin_guard,budget10,20,20,57.0,0.45,56.55,0.0,0.45,0.45,0.45,0.0
ViT-S in-domain (third party),old_same,east_to_west,target,0.5,sq8_margin_guard,budget25,20,12,144.0,14.25,129.75,0.0,14.25,12.4,8.25,3.65
ViT-S in-domain (third party),old_same,east_to_west,target,0.5,sq8_margin_guard,budget50,13,0,288.0,73.38461538461539,214.6153846153846,0.0,73.38461538461539,61.23076923076923,41.84615384615385,32.30769230769231
ViT-S in-domain (third party),old_same,east_to_west,target,0.5,sq8_margin_guard,full_frozen,20,0,228.7,39.35,189.35,0.0,39.35,31.85,20.65,14.55
ViT-S in-domain (third party),old_same,east_to_west,target,0.5,sq8_margin_guard,matched,20,0,227.4,39.15,188.25,0.0,39.15,31.9,20.65,14.55
ViT-S in-domain (third party),old_same,east_to_west,control,0.25,current_su,budget10,20,20,57.0,1.55,55.45,0.0,1.55,1.55,0.35,0.0
ViT-S in-domain (third party),old_same,east_to_west,control,0.25,current_su,budget25,20,20,144.0,10.4,133.6,0.0,10.4,9.1,3.0,0.0
ViT-S in-domain (third party),old_same,east_to_west,control,0.25,current_su,budget50,20,20,288.0,26.35,261.65,0.0,26.35,23.0,11.4,4.3
ViT-S in-domain (third party),old_same,east_to_west,control,0.25,current_su,full_frozen,20,0,480.35,81.25,399.1,0.0,81.25,63.9,34.7,20.65
ViT-S in-domain (third party),old_same,east_to_west,control,0.25,current_su,matched,20,0,462.45,76.1,386.35,0.0,76.1,60.1,32.45,19.05
ViT-S in-domain (third party),old_same,east_to_west,control,0.25,current_su_guard,budget10,20,20,57.0,1.55,55.45,0.0,1.55,1.55,0.35,0.0
ViT-S in-domain (third party),old_same,east_to_west,control,0.25,current_su_guard,budget25,20,20,144.0,10.4,133.6,0.0,10.4,9.1,3.0,0.0
ViT-S in-domain (third party),old_same,east_to_west,control,0.25,current_su_guard,budget50,20,20,288.0,26.3,261.7,0.0,26.3,23.0,11.4,4.3
ViT-S in-domain (third party),old_same,east_to_west,control,0.25,current_su_guard,full_frozen,20,0,479.85,80.95,398.9,0.0,80.95,63.8,34.6,20.55
ViT-S in-domain (third party),old_same,east_to_west,control,0.25,current_su_guard,matched,20,0,462.1,75.85,386.25,0.0,75.85,60.05,32.4,19.0
ViT-S in-domain (third party),old_same,east_to_west,control,0.25,old_su,budget10,20,20,57.0,1.0,56.0,0.0,1.0,1.0,0.0,0.0
ViT-S in-domain (third party),old_same,east_to_west,control,0.25,old_su,budget25,20,20,144.0,10.0,134.0,0.0,10.0,9.0,3.0,0.0
ViT-S in-domain (third party),old_same,east_to_west,control,0.25,old_su,budget50,20,20,288.0,28.0,260.0,0.0,28.0,24.0,12.0,4.0
ViT-S in-domain (third party),old_same,east_to_west,control,0.25,old_su,full_frozen,20,0,478.0,80.8,397.2,0.0,80.8,63.6,34.6,20.6
ViT-S in-domain (third party),old_same,east_to_west,control,0.25,old_su,matched,20,0,478.0,80.8,397.2,0.0,80.8,63.6,34.6,20.6
ViT-S in-domain (third party),old_same,east_to_west,control,0.25,old_su_guard,budget10,20,20,57.0,1.0,56.0,0.0,1.0,1.0,0.0,0.0
ViT-S in-domain (third party),old_same,east_to_west,control,0.25,old_su_guard,budget25,20,20,144.0,10.0,134.0,0.0,10.0,9.0,3.0,0.0
ViT-S in-domain (third party),old_same,east_to_west,control,0.25,old_su_guard,budget50,20,20,288.0,28.0,260.0,0.0,28.0,24.0,12.0,4.0
ViT-S in-domain (third party),old_same,east_to_west,control,0.25,old_su_guard,full_frozen,20,0,477.3,80.3,397.0,0.0,80.3,63.3,34.3,20.3
ViT-S in-domain (third party),old_same,east_to_west,control,0.25,old_su_guard,matched,20,0,477.3,80.3,397.0,0.0,80.3,63.3,34.3,20.3
ViT-S in-domain (third party),old_same,east_to_west,control,0.25,current_margin,budget10,20,20,57.0,0.0,57.0,0.0,0.0,0.0,0.0,0.0
ViT-S in-domain (third party),old_same,east_to_west,control,0.25,current_margin,budget25,20,20,144.0,2.0,142.0,0.0,2.0,2.0,2.0,0.0
ViT-S in-domain (third party),old_same,east_to_west,control,0.25,current_margin,budget50,20,20,288.0,25.0,263.0,0.0,25.0,22.0,13.95,4.95
ViT-S in-domain (third party),old_same,east_to_west,control,0.25,current_margin,full_frozen,20,0,463.8,75.05,388.75,0.0,75.05,60.85,35.85,23.85
ViT-S in-domain (third party),old_same,east_to_west,control,0.25,current_margin,matched,20,0,461.9,74.5,387.4,0.0,74.5,60.05,35.6,23.7
ViT-S in-domain (third party),old_same,east_to_west,control,0.25,current_margin_guard,budget10,20,20,57.0,0.0,57.0,0.0,0.0,0.0,0.0,0.0
ViT-S in-domain (third party),old_same,east_to_west,control,0.25,current_margin_guard,budget25,20,20,144.0,2.0,142.0,0.0,2.0,2.0,2.0,0.0
ViT-S in-domain (third party),old_same,east_to_west,control,0.25,current_margin_guard,budget50,20,20,288.0,25.0,263.0,0.0,25.0,22.0,13.95,4.95
ViT-S in-domain (third party),old_same,east_to_west,control,0.25,current_margin_guard,full_frozen,20,0,463.15,74.6,388.55,0.0,74.6,60.6,35.6,23.6
ViT-S in-domain (third party),old_same,east_to_west,control,0.25,current_margin_guard,matched,20,0,463.1,75.0,388.1,0.0,75.0,60.6,35.85,23.85
ViT-S in-domain (third party),old_same,east_to_west,control,0.25,old_margin_guard,budget10,20,20,57.0,0.0,57.0,0.0,0.0,0.0,0.0,0.0
ViT-S in-domain (third party),old_same,east_to_west,control,0.25,old_margin_guard,budget25,20,20,144.0,2.0,142.0,0.0,2.0,2.0,2.0,0.0
ViT-S in-domain (third party),old_same,east_to_west,control,0.25,old_margin_guard,budget50,20,20,288.0,25.0,263.0,0.0,25.0,22.0,13.8,4.8
ViT-S in-domain (third party),old_same,east_to_west,control,0.25,old_margin_guard,full_frozen,20,0,462.35,74.35,388.0,0.0,74.35,60.35,35.35,23.35
ViT-S in-domain (third party),old_same,east_to_west,control,0.25,old_margin_guard,matched,20,0,464.6,75.75,388.85,0.0,75.75,61.3,35.9,23.85
ViT-S in-domain (third party),old_same,east_to_west,control,0.25,sq8_margin_guard,budget10,20,20,57.0,0.0,57.0,0.0,0.0,0.0,0.0,0.0
ViT-S in-domain (third party),old_same,east_to_west,control,0.25,sq8_margin_guard,budget25,20,20,144.0,2.0,142.0,0.0,2.0,2.0,2.0,0.0
ViT-S in-domain (third party),old_same,east_to_west,control,0.25,sq8_margin_guard,budget50,20,20,288.0,25.15,262.85,0.0,25.15,22.15,13.75,4.8
ViT-S in-domain (third party),old_same,east_to_west,control,0.25,sq8_margin_guard,full_frozen,20,0,462.0,74.2,387.8,0.0,74.2,60.25,35.25,23.25
ViT-S in-domain (third party),old_same,east_to_west,control,0.25,sq8_margin_guard,matched,20,0,464.5,75.75,388.75,0.0,75.75,61.3,35.85,23.8
ViT-S in-domain (third party),old_to_plain,west_to_east,target,0.25,current_su,budget10,20,20,20.0,0.8,19.2,0.7,0.1,0.75,0.45,0.45
ViT-S in-domain (third party),old_to_plain,west_to_east,target,0.25,current_su,budget25,20,9,50.0,5.35,44.65,3.95,1.4,4.25,1.4,1.1
ViT-S in-domain (third party),old_to_plain,west_to_east,target,0.25,current_su,budget50,20,0,100.0,25.3,74.7,17.65,7.65,19.9,8.0,6.95
ViT-S in-domain (third party),old_to_plain,west_to_east,target,0.25,current_su,full_frozen,20,0,81.55,15.25,66.3,10.75,4.5,11.3,3.25,2.75
ViT-S in-domain (third party),old_to_plain,west_to_east,target,0.25,current_su,matched,20,8,51.2,5.9,45.3,4.2,1.7,4.5,1.35,1.15
ViT-S in-domain (third party),old_to_plain,west_to_east,target,0.25,current_su_guard,budget10,20,20,20.0,0.15,19.85,0.15,0.0,0.15,0.05,0.05
ViT-S in-domain (third party),old_to_plain,west_to_east,target,0.25,current_su_guard,budget25,20,19,50.0,2.8,47.2,1.6,1.2,2.3,0.55,0.55
ViT-S in-domain (third party),old_to_plain,west_to_east,target,0.25,current_su_guard,budget50,20,0,100.0,19.4,80.6,9.65,9.75,15.9,7.5,7.05
ViT-S in-domain (third party),old_to_plain,west_to_east,target,0.25,current_su_guard,full_frozen,20,8,73.0,7.7,65.3,3.6,4.1,5.8,1.3,1.3
ViT-S in-domain (third party),old_to_plain,west_to_east,target,0.25,current_su_guard,matched,20,2,84.6,12.75,71.85,6.5,6.25,10.2,4.15,4.1
ViT-S in-domain (third party),old_to_plain,west_to_east,target,0.25,old_su,budget10,20,0,20.0,5.75,14.25,5.75,0.0,5.5,3.4,3.15
ViT-S in-domain (third party),old_to_plain,west_to_east,target,0.25,old_su,budget25,20,0,50.0,18.45,31.55,16.55,1.9,15.8,7.65,7.25
ViT-S in-domain (third party),old_to_plain,west_to_east,target,0.25,old_su,budget50,20,0,100.0,37.35,62.65,33.25,4.1,32.3,19.85,18.9
ViT-S in-domain (third party),old_to_plain,west_to_east,target,0.25,old_su,full_frozen,20,0,101.0,37.5,63.5,33.4,4.1,32.45,20.0,19.05
ViT-S in-domain (third party),old_to_plain,west_to_east,target,0.25,old_su,matched,4,0,1.0,0.2,0.8,0.2,0.0,0.2,0.15,0.0
ViT-S in-domain (third party),old_to_plain,west_to_east,target,0.25,old_su_guard,budget10,20,18,20.0,1.8,18.2,1.75,0.05,1.8,1.75,1.75
ViT-S in-domain (third party),old_to_plain,west_to_east,target,0.25,old_su_guard,budget25,20,2,50.0,7.35,42.65,5.45,1.9,6.6,3.85,3.85
ViT-S in-domain (third party),old_to_plain,west_to_east,target,0.25,old_su_guard,budget50,20,0,100.0,23.95,76.05,16.5,7.45,19.8,11.2,11.2
ViT-S in-domain (third party),old_to_plain,west_to_east,target,0.25,old_su_guard,full_frozen,20,1,75.2,12.4,62.8,9.25,3.15,10.65,7.05,7.05
ViT-S in-domain (third party),old_to_plain,west_to_east,target,0.25,old_su_guard,matched,15,4,17.25,2.15,15.1,1.65,0.5,2.05,1.25,1.25
ViT-S in-domain (third party),old_to_plain,west_to_east,target,0.25,current_margin,budget10,20,20,20.0,0.55,19.45,0.5,0.05,0.5,0.45,0.45
ViT-S in-domain (third party),old_to_plain,west_to_east,target,0.25,current_margin,budget25,20,19,50.0,3.1,46.9,2.8,0.3,2.6,1.15,0.95
ViT-S in-domain (third party),old_to_plain,west_to_east,target,0.25,current_margin,budget50,20,0,100.0,23.85,76.15,15.1,8.75,19.5,10.3,9.45
ViT-S in-domain (third party),old_to_plain,west_to_east,target,0.25,current_margin,full_frozen,20,0,95.05,21.15,73.9,13.35,7.8,17.25,8.55,7.9
ViT-S in-domain (third party),old_to_plain,west_to_east,target,0.25,current_margin,matched,20,13,56.9,5.5,51.4,4.25,1.25,4.15,2.0,1.6
ViT-S in-domain (third party),old_to_plain,west_to_east,target,0.25,current_margin_guard,budget10,20,20,20.0,0.05,19.95,0.0,0.05,0.05,0.0,0.0
ViT-S in-domain (third party),old_to_plain,west_to_east,target,0.25,current_margin_guard,budget25,20,20,50.0,1.05,48.95,0.25,0.8,0.9,0.35,0.35
ViT-S in-domain (third party),old_to_plain,west_to_east,target,0.25,current_margin_guard,budget50,20,0,100.0,19.3,80.7,8.05,11.25,16.55,10.0,10.0
ViT-S in-domain (third party),old_to_plain,west_to_east,target,0.25,current_margin_guard,full_frozen,20,1,83.6,11.1,72.5,4.4,6.7,9.3,4.8,4.8
ViT-S in-domain (third party),old_to_plain,west_to_east,target,0.25,current_margin_guard,matched,20,0,95.2,16.3,78.9,6.8,9.5,13.8,8.35,8.35
ViT-S in-domain (third party),old_to_plain,west_to_east,target,0.25,old_margin_guard,budget10,20,15,20.0,2.05,17.95,2.05,0.0,2.05,2.05,2.05
ViT-S in-domain (third party),old_to_plain,west_to_east,target,0.25,old_margin_guard,budget25,20,10,50.0,5.1,44.9,4.85,0.25,5.1,3.9,3.9
ViT-S in-domain (third party),old_to_plain,west_to_east,target,0.25,old_margin_guard,budget50,20,0,100.0,25.05,74.95,19.05,6.0,21.9,15.7,15.7
ViT-S in-domain (third party),old_to_plain,west_to_east,target,0.25,old_margin_guard,full_frozen,20,0,82.1,16.6,65.5,12.15,4.45,13.85,10.85,10.85
ViT-S in-domain (third party),old_to_plain,west_to_east,target,0.25,old_margin_guard,matched,20,5,22.75,2.65,20.1,2.65,0.0,2.65,2.55,2.55
ViT-S in-domain (third party),old_to_plain,west_to_east,target,0.25,sq8_margin_guard,budget10,20,20,20.0,0.0,20.0,0.0,0.0,0.0,0.0,0.0
ViT-S in-domain (third party),old_to_plain,west_to_east,target,0.25,sq8_margin_guard,budget25,20,20,50.0,2.0,48.0,0.95,1.05,1.5,0.95,0.95
ViT-S in-domain (third party),old_to_plain,west_to_east,target,0.25,sq8_margin_guard,budget50,20,0,100.0,20.6,79.4,9.65,10.95,18.05,11.3,11.3
ViT-S in-domain (third party),old_to_plain,west_to_east,target,0.25,sq8_margin_guard,full_frozen,20,8,72.05,7.2,64.85,3.25,3.95,6.3,3.25,3.25
ViT-S in-domain (third party),old_to_plain,west_to_east,target,0.25,sq8_margin_guard,matched,20,2,84.45,12.55,71.9,5.35,7.2,10.9,6.7,6.7
ViT-S in-domain (third party),old_to_plain,west_to_east,target,0.5,current_su,budget10,20,10,20.0,2.55,17.45,2.0,0.55,1.8,0.75,0.75
ViT-S in-domain (third party),old_to_plain,west_to_east,target,0.5,current_su,budget25,20,0,50.0,10.15,39.85,7.65,2.5,7.4,2.1,1.6
ViT-S in-domain (third party),old_to_plain,west_to_east,target,0.5,current_su,budget50,20,0,100.0,42.3,57.7,32.15,10.15,34.55,16.3,14.6
ViT-S in-domain (third party),old_to_plain,west_to_east,target,0.5,current_su,full_frozen,20,0,68.25,19.7,48.55,14.85,4.85,14.95,5.6,4.75
ViT-S in-domain (third party),old_to_plain,west_to_east,target,0.5,current_su,matched,19,7,11.6,1.0,10.6,0.75,0.25,0.85,0.3,0.3
ViT-S in-domain (third party),old_to_plain,west_to_east,target,0.5,current_su_guard,budget10,20,19,20.0,0.8,19.2,0.45,0.35,0.65,0.1,0.1
ViT-S in-domain (third party),old_to_plain,west_to_east,target,0.5,current_su_guard,budget25,20,10,50.0,5.05,44.95,1.95,3.1,3.65,0.9,0.9
ViT-S in-domain (third party),old_to_plain,west_to_east,target,0.5,current_su_guard,budget50,15,0,100.0,34.6,65.4,14.933333333333334,19.666666666666668,30.6,22.066666666666666,21.6
ViT-S in-domain (third party),old_to_plain,west_to_east,target,0.5,current_su_guard,full_frozen,20,8,53.05,6.15,46.9,2.15,4.0,4.5,1.5,1.5
ViT-S in-domain (third party),old_to_plain,west_to_east,target,0.5,current_su_guard,matched,20,7,55.3,7.05,48.25,2.5,4.55,5.4,2.2,2.2
ViT-S in-domain (third party),old_to_plain,west_to_east,target,0.5,old_su,budget10,20,0,20.0,10.8,9.2,10.8,0.0,9.95,6.7,6.2
ViT-S in-domain (third party),old_to_plain,west_to_east,target,0.5,old_su,budget25,20,0,50.0,29.25,20.75,27.6,1.65,25.1,15.6,14.75
ViT-S in-domain (third party),old_to_plain,west_to_east,target,0.5,old_su,budget50,20,0,100.0,58.6,41.4,54.25,4.35,51.75,35.6,34.0
ViT-S in-domain (third party),old_to_plain,west_to_east,target,0.5,old_su,full_frozen,20,0,101.0,59.1,41.9,54.75,4.35,52.25,36.1,34.5
ViT-S in-domain (third party),old_to_plain,west_to_east,target,0.5,old_su,matched,0,0,0.0,0.0,0.0,0.0,0.0,0.0,0.0,0.0
ViT-S in-domain (third party),old_to_plain,west_to_east,target,0.5,old_su_guard,budget10,20,11,20.0,2.25,17.75,1.7,0.55,2.2,1.15,1.15
ViT-S in-domain (third party),old_to_plain,west_to_east,target,0.5,old_su_guard,budget25,20,1,50.0,8.9,41.1,6.35,2.55,7.55,4.8,4.8
ViT-S in-domain (third party),old_to_plain,west_to_east,target,0.5,old_su_guard,budget50,15,0,100.0,35.0,65.0,17.2,17.8,30.933333333333334,22.466666666666665,21.933333333333334
ViT-S in-domain (third party),old_to_plain,west_to_east,target,0.5,old_su_guard,full_frozen,20,2,48.35,7.65,40.7,5.5,2.15,6.35,4.5,4.5
ViT-S in-domain (third party),old_to_plain,west_to_east,target,0.5,old_su_guard,matched,19,6,20.5,2.5,18.0,2.0,0.5,2.35,1.7,1.7
ViT-S in-domain (third party),old_to_plain,west_to_east,target,0.5,current_margin,budget10,20,15,20.0,1.7,18.3,1.45,0.25,1.35,0.85,0.8
ViT-S in-domain (third party),old_to_plain,west_to_east,target,0.5,current_margin,budget25,20,0,50.0,10.75,39.25,8.55,2.2,8.5,3.55,3.05
ViT-S in-domain (third party),old_to_plain,west_to_east,target,0.5,current_margin,budget50,20,0,100.0,43.25,56.75,30.8,12.45,37.25,22.65,21.0
ViT-S in-domain (third party),old_to_plain,west_to_east,target,0.5,current_margin,full_frozen,20,0,79.75,28.35,51.4,20.15,8.2,23.5,12.25,11.15
ViT-S in-domain (third party),old_to_plain,west_to_east,target,0.5,current_margin,matched,20,11,13.65,1.25,12.4,1.05,0.2,1.1,0.85,0.8
ViT-S in-domain (third party),old_to_plain,west_to_east,target,0.5,current_margin_guard,budget10,20,20,20.0,0.15,19.85,0.0,0.15,0.1,0.0,0.0
ViT-S in-domain (third party),old_to_plain,west_to_east,target,0.5,current_margin_guard,budget25,20,14,50.0,5.05,44.95,1.7,3.35,4.0,1.7,1.7
ViT-S in-domain (third party),old_to_plain,west_to_east,target,0.5,current_margin_guard,budget50,15,0,100.0,35.13333333333333,64.86666666666666,16.066666666666666,19.066666666666666,31.0,22.133333333333333,21.866666666666667
ViT-S in-domain (third party),old_to_plain,west_to_east,target,0.5,current_margin_guard,full_frozen,20,4,57.0,7.8,49.2,2.25,5.55,6.5,3.3,3.3
ViT-S in-domain (third party),old_to_plain,west_to_east,target,0.5,current_margin_guard,matched,20,4,58.6,8.5,50.1,2.7,5.8,7.05,3.7,3.7
ViT-S in-domain (third party),old_to_plain,west_to_east,target,0.5,old_margin_guard,budget10,20,12,20.0,2.3,17.7,2.3,0.0,2.3,2.2,2.2
ViT-S in-domain (third party),old_to_plain,west_to_east,target,0.5,old_margin_guard,budget25,20,1,50.0,9.2,40.8,7.0,2.2,7.9,6.3,6.3
ViT-S in-domain (third party),old_to_plain,west_to_east,target,0.5,old_margin_guard,budget50,15,0,100.0,35.666666666666664,64.33333333333333,17.066666666666666,18.6,31.666666666666668,23.333333333333332,22.8
ViT-S in-domain (third party),old_to_plain,west_to_east,target,0.5,old_margin_guard,full_frozen,20,1,53.1,10.2,42.9,7.35,2.85,8.65,7.15,7.15
ViT-S in-domain (third party),old_to_plain,west_to_east,target,0.5,old_margin_guard,matched,20,5,27.0,3.4,23.6,3.05,0.35,3.25,2.65,2.65
ViT-S in-domain (third party),old_to_plain,west_to_east,target,0.5,sq8_margin_guard,budget10,20,20,20.0,0.2,19.8,0.0,0.2,0.2,0.0,0.0
ViT-S in-domain (third party),old_to_plain,west_to_east,target,0.5,sq8_margin_guard,budget25,20,8,50.0,5.9,44.1,1.8,4.1,5.35,3.3,3.3
ViT-S in-domain (third party),old_to_plain,west_to_east,target,0.5,sq8_margin_guard,budget50,0,0,,,,,,,,
ViT-S in-domain (third party),old_to_plain,west_to_east,target,0.5,sq8_margin_guard,full_frozen,20,16,42.45,3.05,39.4,1.0,2.05,2.8,1.3,1.3
ViT-S in-domain (third party),old_to_plain,west_to_east,target,0.5,sq8_margin_guard,matched,20,11,44.95,4.35,40.6,1.4,2.95,4.05,2.15,2.15
ViT-S in-domain (third party),old_to_plain,west_to_east,control,0.25,current_su,budget10,20,20,20.0,0.05,19.95,0.05,0.0,0.05,0.05,0.05
ViT-S in-domain (third party),old_to_plain,west_to_east,control,0.25,current_su,budget25,20,20,50.0,2.05,47.95,2.05,0.0,2.05,0.95,0.95
ViT-S in-domain (third party),old_to_plain,west_to_east,control,0.25,current_su,budget50,20,0,100.0,13.2,86.8,6.15,7.05,11.2,4.55,4.55
ViT-S in-domain (third party),old_to_plain,west_to_east,control,0.25,current_su,full_frozen,20,18,89.15,8.05,81.1,4.5,3.55,7.05,1.6,1.6
ViT-S in-domain (third party),old_to_plain,west_to_east,control,0.25,current_su,matched,20,0,113.25,18.25,95.0,10.4,7.85,15.15,5.9,5.9
ViT-S in-domain (third party),old_to_plain,west_to_east,control,0.25,current_su_guard,budget10,20,20,20.0,0.05,19.95,0.05,0.0,0.05,0.05,0.05
ViT-S in-domain (third party),old_to_plain,west_to_east,control,0.25,current_su_guard,budget25,20,20,50.0,2.05,47.95,2.05,0.0,2.05,0.95,0.95
ViT-S in-domain (third party),old_to_plain,west_to_east,control,0.25,current_su_guard,budget50,20,0,100.0,13.2,86.8,6.35,6.85,11.2,4.5,4.5
ViT-S in-domain (third party),old_to_plain,west_to_east,control,0.25,current_su_guard,full_frozen,20,19,88.95,7.85,81.1,4.5,3.35,6.85,1.45,1.45
ViT-S in-domain (third party),old_to_plain,west_to_east,control,0.25,current_su_guard,matched,20,0,113.0,18.05,94.95,10.4,7.65,14.95,5.75,5.75
ViT-S in-domain (third party),old_to_plain,west_to_east,control,0.25,old_su,budget10,20,20,20.0,1.95,18.05,1.95,0.0,1.95,1.95,1.95
ViT-S in-domain (third party),old_to_plain,west_to_east,control,0.25,old_su,budget25,20,0,50.0,8.95,41.05,6.95,2.0,7.95,3.95,3.9
ViT-S in-domain (third party),old_to_plain,west_to_east,control,0.25,old_su,budget50,20,0,100.0,17.95,82.05,13.95,4.0,15.95,9.95,9.9
ViT-S in-domain (third party),old_to_plain,west_to_east,control,0.25,old_su,full_frozen,20,0,101.0,17.95,83.05,13.95,4.0,15.95,9.95,9.9
ViT-S in-domain (third party),old_to_plain,west_to_east,control,0.25,old_su,matched,20,0,5.0,0.0,5.0,0.0,0.0,0.0,0.0,0.0
ViT-S in-domain (third party),old_to_plain,west_to_east,control,0.25,old_su_guard,budget10,20,20,20.0,1.95,18.05,1.95,0.0,1.95,1.95,1.95
ViT-S in-domain (third party),old_to_plain,west_to_east,control,0.25,old_su_guard,budget25,20,0,50.0,8.95,41.05,6.95,2.0,7.95,3.95,3.9
ViT-S in-domain (third party),old_to_plain,west_to_east,control,0.25,old_su_guard,budget50,20,0,100.0,17.95,82.05,13.95,4.0,15.95,9.95,9.9
ViT-S in-domain (third party),old_to_plain,west_to_east,control,0.25,old_su_guard,full_frozen,20,0,101.0,17.95,83.05,13.95,4.0,15.95,9.95,9.9
ViT-S in-domain (third party),old_to_plain,west_to_east,control,0.25,old_su_guard,matched,20,0,5.0,0.0,5.0,0.0,0.0,0.0,0.0,0.0
ViT-S in-domain (third party),old_to_plain,west_to_east,control,0.25,current_margin,budget10,20,20,20.0,0.05,19.95,0.0,0.05,0.05,0.05,0.05
ViT-S in-domain (third party),old_to_plain,west_to_east,control,0.25,current_margin,budget25,20,20,50.0,0.2,49.8,0.0,0.2,0.2,0.2,0.2
ViT-S in-domain (third party),old_to_plain,west_to_east,control,0.25,current_margin,budget50,20,15,100.0,10.1,89.9,5.0,5.1,8.1,4.1,4.1
ViT-S in-domain (third party),old_to_plain,west_to_east,control,0.25,current_margin,full_frozen,20,0,108.05,13.25,94.8,6.0,7.25,11.25,6.25,6.25
ViT-S in-domain (third party),old_to_plain,west_to_east,control,0.25,current_margin,matched,20,0,134.35,25.7,108.65,12.75,12.95,21.8,12.8,12.8
ViT-S in-domain (third party),old_to_plain,west_to_east,control,0.25,current_margin_guard,budget10,20,20,20.0,0.05,19.95,0.0,0.05,0.05,0.05,0.05
ViT-S in-domain (third party),old_to_plain,west_to_east,control,0.25,current_margin_guard,budget25,20,20,50.0,0.05,49.95,0.0,0.05,0.05,0.05,0.05
ViT-S in-domain (third party),old_to_plain,west_to_east,control,0.25,current_margin_guard,budget50,20,18,100.0,9.9,90.1,5.0,4.9,7.9,3.95,3.95
ViT-S in-domain (third party),old_to_plain,west_to_east,control,0.25,current_margin_guard,full_frozen,20,0,107.75,13.05,94.7,6.0,7.05,11.05,6.1,6.1
ViT-S in-domain (third party),old_to_plain,west_to_east,control,0.25,current_margin_guard,matched,20,0,133.9,25.45,108.45,12.7,12.75,21.55,12.6,12.6
ViT-S in-domain (third party),old_to_plain,west_to_east,control,0.25,old_margin_guard,budget10,20,0,20.0,3.0,17.0,3.0,0.0,3.0,3.0,2.95
ViT-S in-domain (third party),old_to_plain,west_to_east,control,0.25,old_margin_guard,budget25,20,0,50.0,6.95,43.05,6.95,0.0,6.95,4.95,4.9
ViT-S in-domain (third party),old_to_plain,west_to_east,control,0.25,old_margin_guard,budget50,20,0,100.0,19.8,80.2,15.8,4.0,16.8,11.8,11.75
ViT-S in-domain (third party),old_to_plain,west_to_east,control,0.25,old_margin_guard,full_frozen,20,0,109.0,23.8,85.2,17.8,6.0,19.8,14.8,14.6
ViT-S in-domain (third party),old_to_plain,west_to_east,control,0.25,old_margin_guard,matched,20,0,24.0,3.0,21.0,3.0,0.0,3.0,3.0,2.95
ViT-S in-domain (third party),old_to_plain,west_to_east,control,0.25,sq8_margin_guard,budget10,20,20,20.0,0.0,20.0,0.0,0.0,0.0,0.0,0.0
ViT-S in-domain (third party),old_to_plain,west_to_east,control,0.25,sq8_margin_guard,budget25,20,20,50.0,0.0,50.0,0.0,0.0,0.0,0.0,0.0
ViT-S in-domain (third party),old_to_plain,west_to_east,control,0.25,sq8_margin_guard,budget50,20,20,100.0,9.5,90.5,4.65,4.85,7.5,3.4,3.4
ViT-S in-domain (third party),old_to_plain,west_to_east,control,0.25,sq8_margin_guard,full_frozen,20,1,106.4,12.2,94.2,5.55,6.65,10.2,5.2,5.2
ViT-S in-domain (third party),old_to_plain,west_to_east,control,0.25,sq8_margin_guard,matched,20,0,133.3,24.75,108.55,12.45,12.3,20.85,11.85,11.85
ViT-S in-domain (third party),old_to_plain,east_to_west,target,0.25,current_su,budget10,20,20,57.0,2.7,54.3,2.6,0.1,1.2,0.25,0.0
ViT-S in-domain (third party),old_to_plain,east_to_west,target,0.25,current_su,budget25,20,16,144.0,11.85,132.15,10.15,1.7,6.45,2.45,0.0
ViT-S in-domain (third party),old_to_plain,east_to_west,target,0.25,current_su,budget50,20,0,288.0,41.1,246.9,30.8,10.3,25.95,8.7,1.35
ViT-S in-domain (third party),old_to_plain,east_to_west,target,0.25,current_su,full_frozen,20,0,448.45,127.95,320.5,90.85,37.1,91.5,42.2,26.3
ViT-S in-domain (third party),old_to_plain,east_to_west,target,0.25,current_su,matched,20,9,194.05,21.05,173.0,16.9,4.15,12.1,4.7,0.25
ViT-S in-domain (third party),old_to_plain,east_to_west,target,0.25,current_su_guard,budget10,20,20,57.0,0.4,56.6,0.25,0.15,0.15,0.0,0.0
ViT-S in-domain (third party),old_to_plain,east_to_west,target,0.25,current_su_guard,budget25,20,20,144.0,5.25,138.75,3.8,1.45,3.85,1.3,0.0
ViT-S in-domain (third party),old_to_plain,east_to_west,target,0.25,current_su_guard,budget50,20,15,288.0,25.9,262.1,14.0,11.9,18.3,5.3,1.05
ViT-S in-domain (third party),old_to_plain,east_to_west,target,0.25,current_su_guard,full_frozen,20,0,366.95,60.7,306.25,31.55,29.15,46.8,21.25,13.5
ViT-S in-domain (third party),old_to_plain,east_to_west,target,0.25,current_su_guard,matched,20,18,255.3,18.2,237.1,9.8,8.4,13.05,3.6,0.35
ViT-S in-domain (third party),old_to_plain,east_to_west,target,0.25,old_su,budget10,20,0,57.0,18.4,38.6,17.4,1.0,12.65,6.9,5.3
ViT-S in-domain (third party),old_to_plain,east_to_west,target,0.25,old_su,budget25,20,0,144.0,49.35,94.65,42.7,6.65,36.85,23.05,15.5
ViT-S in-domain (third party),old_to_plain,east_to_west,target,0.25,old_su,budget50,20,0,288.0,101.75,186.25,89.65,12.1,76.25,48.6,31.8
ViT-S in-domain (third party),old_to_plain,east_to_west,target,0.25,old_su,full_frozen,20,0,478.0,182.0,296.0,142.95,39.05,140.25,81.0,59.45
ViT-S in-domain (third party),old_to_plain,east_to_west,target,0.25,old_su,matched,2,0,1.4,0.6,0.8,0.6,0.0,0.15,0.15,0.1
ViT-S in-domain (third party),old_to_plain,east_to_west,target,0.25,old_su_guard,budget10,20,1,57.0,7.9,49.1,5.5,2.4,5.55,3.3,2.7
ViT-S in-domain (third party),old_to_plain,east_to_west,target,0.25,old_su_guard,budget25,20,0,144.0,20.55,123.45,15.35,5.2,15.85,10.05,6.05
ViT-S in-domain (third party),old_to_plain,east_to_west,target,0.25,old_su_guard,budget50,20,0,288.0,53.85,234.15,35.1,18.75,43.85,24.7,15.75
ViT-S in-domain (third party),old_to_plain,east_to_west,target,0.25,old_su_guard,full_frozen,20,0,359.8,74.75,285.05,43.6,31.15,62.1,33.45,23.3
ViT-S in-domain (third party),old_to_plain,east_to_west,target,0.25,old_su_guard,matched,20,4,67.25,9.5,57.75,7.05,2.45,7.3,4.3,2.55
ViT-S in-domain (third party),old_to_plain,east_to_west,target,0.25,current_margin,budget10,20,18,57.0,3.15,53.85,2.6,0.55,1.35,0.65,0.0
ViT-S in-domain (third party),old_to_plain,east_to_west,target,0.25,current_margin,budget25,20,20,144.0,10.45,133.55,8.4,2.05,5.2,2.2,0.3
ViT-S in-domain (third party),old_to_plain,east_to_west,target,0.25,current_margin,budget50,20,0,288.0,45.5,242.5,36.1,9.4,30.15,12.0,6.35
ViT-S in-domain (third party),old_to_plain,east_to_west,target,0.25,current_margin,full_frozen,20,0,442.9,130.1,312.8,93.4,36.7,96.35,48.95,36.05
ViT-S in-domain (third party),old_to_plain,east_to_west,target,0.25,current_margin,matched,20,7,225.0,24.5,200.5,19.35,5.15,13.5,5.1,2.1
ViT-S in-domain (third party),old_to_plain,east_to_west,target,0.25,current_margin_guard,budget10,20,20,57.0,0.25,56.75,0.0,0.25,0.15,0.05,0.0
ViT-S in-domain (third party),old_to_plain,east_to_west,target,0.25,current_margin_guard,budget25,20,20,144.0,1.7,142.3,0.05,1.65,1.15,0.3,0.05
ViT-S in-domain (third party),old_to_plain,east_to_west,target,0.25,current_margin_guard,budget50,20,18,288.0,24.85,263.15,12.55,12.3,19.3,7.1,4.5
ViT-S in-domain (third party),old_to_plain,east_to_west,target,0.25,current_margin_guard,full_frozen,20,0,352.8,53.75,299.05,25.4,28.35,43.9,21.0,16.1
ViT-S in-domain (third party),old_to_plain,east_to_west,target,0.25,current_margin_guard,matched,20,20,249.5,15.85,233.65,8.5,7.35,12.5,4.35,2.5
ViT-S in-domain (third party),old_to_plain,east_to_west,target,0.25,old_margin_guard,budget10,20,5,57.0,6.8,50.2,6.35,0.45,5.15,3.75,2.55
ViT-S in-domain (third party),old_to_plain,east_to_west,target,0.25,old_margin_guard,budget25,20,0,144.0,20.3,123.7,18.85,1.45,16.15,11.65,7.6
ViT-S in-domain (third party),old_to_plain,east_to_west,target,0.25,old_margin_guard,budget50,20,0,288.0,51.25,236.75,33.95,17.3,42.35,24.7,16.2
ViT-S in-domain (third party),old_to_plain,east_to_west,target,0.25,old_margin_guard,full_frozen,20,0,350.6,75.05,275.55,42.9,32.15,62.4,36.1,25.85
ViT-S in-domain (third party),old_to_plain,east_to_west,target,0.25,old_margin_guard,matched,18,4,97.95,13.1,84.85,12.0,1.1,10.1,7.2,4.8
ViT-S in-domain (third party),old_to_plain,east_to_west,target,0.25,sq8_margin_guard,budget10,20,20,57.0,0.35,56.65,0.0,0.35,0.05,0.0,0.0
ViT-S in-domain (third party),old_to_plain,east_to_west,target,0.25,sq8_margin_guard,budget25,20,20,144.0,1.5,142.5,0.75,0.75,0.6,0.0,0.0
ViT-S in-domain (third party),old_to_plain,east_to_west,target,0.25,sq8_margin_guard,budget50,20,15,288.0,26.85,261.15,16.35,10.5,18.05,7.35,5.05
ViT-S in-domain (third party),old_to_plain,east_to_west,target,0.25,sq8_margin_guard,full_frozen,20,0,343.55,50.2,293.35,27.6,22.6,37.05,17.45,12.75
ViT-S in-domain (third party),old_to_plain,east_to_west,target,0.25,sq8_margin_guard,matched,20,18,249.9,17.3,232.6,10.85,6.45,11.5,4.25,2.8
ViT-S in-domain (third party),old_to_plain,east_to_west,target,0.5,current_su,budget10,20,7,57.0,6.2,50.8,5.5,0.7,2.7,0.9,0.0
ViT-S in-domain (third party),old_to_plain,east_to_west,target,0.5,current_su,budget25,20,0,144.0,24.1,119.9,19.8,4.3,13.2,4.65,0.05
ViT-S in-domain (third party),old_to_plain,east_to_west,target,0.5,current_su,budget50,20,0,288.0,90.2,197.8,67.45,22.75,60.15,24.0,11.7
ViT-S in-domain (third party),old_to_plain,east_to_west,target,0.5,current_su,full_frozen,20,0,414.5,188.0,226.5,139.5,48.5,140.3,72.7,51.25
ViT-S in-domain (third party),old_to_plain,east_to_west,target,0.5,current_su,matched,19,3,89.15,12.15,77.0,10.25,1.9,6.0,1.95,0.05
ViT-S in-domain (third party),old_to_plain,east_to_west,target,0.5,current_su_guard,budget10,20,20,57.0,1.1,55.9,0.4,0.7,0.25,0.0,0.0
ViT-S in-domain (third party),old_to_plain,east_to_west,target,0.5,current_su_guard,budget25,20,19,144.0,8.75,135.25,3.3,5.45,5.7,0.9,0.0
ViT-S in-domain (third party),old_to_plain,east_to_west,target,0.5,current_su_guard,budget50,20,0,288.0,71.75,216.25,26.3,45.45,61.4,35.55,28.3
ViT-S in-domain (third party),old_to_plain,east_to_west,target,0.5,current_su_guard,full_frozen,20,0,252.5,48.05,204.45,18.0,30.05,39.25,19.5,14.0
ViT-S in-domain (third party),old_to_plain,east_to_west,target,0.5,current_su_guard,matched,20,16,177.95,15.3,162.65,5.15,10.15,11.1,2.75,1.15
ViT-S in-domain (third party),old_to_plain,east_to_west,target,0.5,old_su,budget10,20,0,57.0,30.2,26.8,29.3,0.9,22.15,13.6,10.85
ViT-S in-domain (third party),old_to_plain,east_to_west,target,0.5,old_su,budget25,20,0,144.0,78.35,65.65,71.05,7.3,62.65,41.5,30.85
ViT-S in-domain (third party),old_to_plain,east_to_west,target,0.5,old_su,budget50,20,0,288.0,158.85,129.15,142.55,16.3,125.35,85.1,64.55
ViT-S in-domain (third party),old_to_plain,east_to_west,target,0.5,old_su,full_frozen,20,0,478.0,273.6,204.4,223.65,49.95,218.65,142.1,114.0
ViT-S in-domain (third party),old_to_plain,east_to_west,target,0.5,old_su,matched,0,0,0.0,0.0,0.0,0.0,0.0,0.0,0.0,0.0
ViT-S in-domain (third party),old_to_plain,east_to_west,target,0.5,old_su_guard,budget10,20,3,57.0,7.45,49.55,4.3,3.15,6.35,4.2,2.75
ViT-S in-domain (third party),old_to_plain,east_to_west,target,0.5,old_su_guard,budget25,20,0,144.0,22.95,121.05,14.2,8.75,19.35,12.45,7.95
ViT-S in-domain (third party),old_to_plain,east_to_west,target,0.5,old_su_guard,budget50,20,0,288.0,74.0,214.0,28.7,45.3,63.7,39.05,31.5
ViT-S in-domain (third party),old_to_plain,east_to_west,target,0.5,old_su_guard,full_frozen,20,0,242.3,53.8,188.5,24.65,29.15,46.0,27.1,20.8
ViT-S in-domain (third party),old_to_plain,east_to_west,target,0.5,old_su_guard,matched,20,10,54.35,6.65,47.7,4.0,2.65,5.55,3.75,2.6
ViT-S in-domain (third party),old_to_plain,east_to_west,target,0.5,current_margin,budget10,20,6,57.0,6.55,50.45,5.6,0.95,3.05,1.7,0.0
ViT-S in-domain (third party),old_to_plain,east_to_west,target,0.5,current_margin,budget25,20,0,144.0,24.75,119.25,20.15,4.6,13.25,5.75,1.65
ViT-S in-domain (third party),old_to_plain,east_to_west,target,0.5,current_margin,budget50,20,0,288.0,96.05,191.95,75.3,20.75,68.45,32.85,21.05
ViT-S in-domain (third party),old_to_plain,east_to_west,target,0.5,current_margin,full_frozen,20,0,419.25,197.1,222.15,147.0,50.1,151.15,86.6,66.6
ViT-S in-domain (third party),old_to_plain,east_to_west,target,0.5,current_margin,matched,17,2,110.9,19.55,91.35,15.5,4.05,10.6,4.35,1.05
ViT-S in-domain (third party),old_to_plain,east_to_west,target,0.5,current_margin_guard,budget10,20,20,57.0,0.8,56.2,0.0,0.8,0.25,0.05,0.0
ViT-S in-domain (third party),old_to_plain,east_to_west,target,0.5,current_margin_guard,budget25,20,20,144.0,5.85,138.15,0.75,5.1,4.05,0.95,0.7
ViT-S in-domain (third party),old_to_plain,east_to_west,target,0.5,current_margin_guard,budget50,20,0,288.0,72.65,215.35,25.0,47.65,62.9,37.75,30.85
ViT-S in-domain (third party),old_to_plain,east_to_west,target,0.5,current_margin_guard,full_frozen,20,0,244.65,44.0,200.65,14.3,29.7,36.95,19.55,15.35
ViT-S in-domain (third party),old_to_plain,east_to_west,target,0.5,current_margin_guard,matched,20,17,174.9,13.55,161.35,3.75,9.8,10.35,3.7,2.8
ViT-S in-domain (third party),old_to_plain,east_to_west,target,0.5,old_margin_guard,budget10,20,7,57.0,6.2,50.8,5.75,0.45,5.2,4.3,3.25
ViT-S in-domain (third party),old_to_plain,east_to_west,target,0.5,old_margin_guard,budget25,20,0,144.0,22.4,121.6,12.85,9.55,19.6,12.75,8.85
ViT-S in-domain (third party),old_to_plain,east_to_west,target,0.5,old_margin_guard,budget50,20,0,288.0,75.0,213.0,28.2,46.8,64.6,39.7,32.2
ViT-S in-domain (third party),old_to_plain,east_to_west,target,0.5,old_margin_guard,full_frozen,20,0,235.7,53.4,182.3,24.2,29.2,45.7,28.65,21.9
ViT-S in-domain (third party),old_to_plain,east_to_west,target,0.5,old_margin_guard,matched,17,4,75.3,8.75,66.55,7.15,1.6,7.35,5.85,4.15
ViT-S in-domain (third party),old_to_plain,east_to_west,target,0.5,sq8_margin_guard,budget10,20,20,57.0,0.8,56.2,0.5,0.3,0.2,0.0,0.0
ViT-S in-domain (third party),old_to_plain,east_to_west,target,0.5,sq8_margin_guard,budget25,20,19,144.0,8.65,135.35,4.5,4.15,4.5,1.35,1.2
ViT-S in-domain (third party),old_to_plain,east_to_west,target,0.5,sq8_margin_guard,budget50,19,0,288.0,73.36842105263158,214.6315789473684,33.94736842105263,39.421052631578945,55.78947368421053,27.68421052631579,21.526315789473685
ViT-S in-domain (third party),old_to_plain,east_to_west,target,0.5,sq8_margin_guard,full_frozen,20,0,237.1,41.15,195.95,19.8,21.35,28.8,13.5,9.85
ViT-S in-domain (third party),old_to_plain,east_to_west,target,0.5,sq8_margin_guard,matched,20,9,183.75,18.95,164.8,9.85,9.1,11.65,4.15,3.25
ViT-S in-domain (third party),old_to_plain,east_to_west,control,0.25,current_su,budget10,20,20,57.0,0.1,56.9,0.1,0.0,0.1,0.0,0.0
ViT-S in-domain (third party),old_to_plain,east_to_west,control,0.25,current_su,budget25,20,20,144.0,4.1,139.9,4.1,0.0,3.05,1.25,0.0
ViT-S in-domain (third party),old_to_plain,east_to_west,control,0.25,current_su,budget50,20,20,288.0,13.85,274.15,10.75,3.1,9.65,3.05,0.05
ViT-S in-domain (third party),old_to_plain,east_to_west,control,0.25,current_su,full_frozen,20,0,480.75,72.5,408.25,46.45,26.05,53.4,22.65,11.2
ViT-S in-domain (third party),old_to_plain,east_to_west,control,0.25,current_su,matched,20,20,329.65,19.55,310.1,14.1,5.45,12.7,4.4,0.2
ViT-S in-domain (third party),old_to_plain,east_to_west,control,0.25,current_su_guard,budget10,20,20,57.0,0.1,56.9,0.1,0.0,0.1,0.0,0.0
ViT-S in-domain (third party),old_to_plain,east_to_west,control,0.25,current_su_guard,budget25,20,20,144.0,4.1,139.9,4.1,0.0,3.05,1.25,0.0
ViT-S in-domain (third party),old_to_plain,east_to_west,control,0.25,current_su_guard,budget50,20,20,288.0,13.85,274.15,10.75,3.1,9.65,3.05,0.05
ViT-S in-domain (third party),old_to_plain,east_to_west,control,0.25,current_su_guard,full_frozen,20,0,479.45,72.15,407.3,46.45,25.7,53.05,22.45,11.0
ViT-S in-domain (third party),old_to_plain,east_to_west,control,0.25,current_su_guard,matched,20,20,330.05,19.6,310.45,14.15,5.45,12.7,4.4,0.2
ViT-S in-domain (third party),old_to_plain,east_to_west,control,0.25,old_su,budget10,20,0,57.0,8.0,49.0,7.0,1.0,6.0,3.0,2.0
ViT-S in-domain (third party),old_to_plain,east_to_west,control,0.25,old_su,budget25,20,0,144.0,20.7,123.3,14.9,5.8,14.7,8.7,4.7
ViT-S in-domain (third party),old_to_plain,east_to_west,control,0.25,old_su,budget50,20,0,288.0,45.6,242.4,37.8,7.8,34.6,22.6,10.6
ViT-S in-domain (third party),old_to_plain,east_to_west,control,0.25,old_su,full_frozen,20,0,478.0,94.45,383.55,66.75,27.7,76.45,39.3,25.1
ViT-S in-domain (third party),old_to_plain,east_to_west,control,0.25,old_su,matched,20,0,35.2,6.15,29.05,6.05,0.1,4.15,3.05,2.05
ViT-S in-domain (third party),old_to_plain,east_to_west,control,0.25,old_su_guard,budget10,20,0,57.0,8.0,49.0,7.0,1.0,6.0,3.0,2.0
ViT-S in-domain (third party),old_to_plain,east_to_west,control,0.25,old_su_guard,budget25,20,0,144.0,20.7,123.3,14.9,5.8,14.7,8.7,4.7
ViT-S in-domain (third party),old_to_plain,east_to_west,control,0.25,old_su_guard,budget50,20,0,288.0,45.6,242.4,37.8,7.8,34.6,22.6,10.6
ViT-S in-domain (third party),old_to_plain,east_to_west,control,0.25,old_su_guard,full_frozen,20,0,477.3,94.1,383.2,66.75,27.35,76.1,39.3,25.1
ViT-S in-domain (third party),old_to_plain,east_to_west,control,0.25,old_su_guard,matched,20,0,35.2,6.15,29.05,6.05,0.1,4.15,3.05,2.05
ViT-S in-domain (third party),old_to_plain,east_to_west,control,0.25,current_margin,budget10,20,20,57.0,0.0,57.0,0.0,0.0,0.0,0.0,0.0
ViT-S in-domain (third party),old_to_plain,east_to_west,control,0.25,current_margin,budget25,20,20,144.0,0.0,144.0,0.0,0.0,0.0,0.0,0.0
ViT-S in-domain (third party),old_to_plain,east_to_west,control,0.25,current_margin,budget50,20,20,288.0,8.0,280.0,7.0,1.0,6.0,2.0,1.0
ViT-S in-domain (third party),old_to_plain,east_to_west,control,0.25,current_margin,full_frozen,20,0,463.0,62.75,400.25,40.9,21.85,50.6,23.45,16.4
ViT-S in-domain (third party),old_to_plain,east_to_west,control,0.25,current_margin,matched,20,20,317.65,14.65,303.0,12.85,1.8,11.65,3.95,1.95
ViT-S in-domain (third party),old_to_plain,east_to_west,control,0.25,current_margin_guard,budget10,20,20,57.0,0.0,57.0,0.0,0.0,0.0,0.0,0.0
ViT-S in-domain (third party),old_to_plain,east_to_west,control,0.25,current_margin_guard,budget25,20,20,144.0,0.0,144.0,0.0,0.0,0.0,0.0,0.0
ViT-S in-domain (third party),old_to_plain,east_to_west,control,0.25,current_margin_guard,budget50,20,20,288.0,8.25,279.75,7.25,1.0,6.25,2.25,1.25
ViT-S in-domain (third party),old_to_plain,east_to_west,control,0.25,current_margin_guard,full_frozen,20,0,461.65,62.45,399.2,40.9,21.55,50.3,23.45,16.4
ViT-S in-domain (third party),old_to_plain,east_to_west,control,0.25,current_margin_guard,matched,20,20,318.6,14.95,303.65,13.0,1.95,11.95,4.0,1.95
ViT-S in-domain (third party),old_to_plain,east_to_west,control,0.25,old_margin_guard,budget10,20,20,57.0,5.0,52.0,5.0,0.0,4.0,3.0,3.0
ViT-S in-domain (third party),old_to_plain,east_to_west,control,0.25,old_margin_guard,budget25,20,0,144.0,21.7,122.3,20.9,0.8,15.7,10.7,6.7
ViT-S in-domain (third party),old_to_plain,east_to_west,control,0.25,old_margin_guard,budget50,20,0,288.0,46.6,241.4,37.9,8.7,36.6,21.7,13.7
ViT-S in-domain (third party),old_to_plain,east_to_west,control,0.25,old_margin_guard,full_frozen,20,0,462.35,94.85,367.5,64.45,30.4,76.85,42.0,27.8
ViT-S in-domain (third party),old_to_plain,east_to_west,control,0.25,old_margin_guard,matched,20,0,80.35,11.35,69.0,10.55,0.8,8.2,6.05,3.95
ViT-S in-domain (third party),old_to_plain,east_to_west,control,0.25,sq8_margin_guard,budget10,20,20,57.0,0.0,57.0,0.0,0.0,0.0,0.0,0.0
ViT-S in-domain (third party),old_to_plain,east_to_west,control,0.25,sq8_margin_guard,budget25,20,20,144.0,0.0,144.0,0.0,0.0,0.0,0.0,0.0
ViT-S in-domain (third party),old_to_plain,east_to_west,control,0.25,sq8_margin_guard,budget50,20,20,288.0,8.3,279.7,7.3,1.0,6.3,2.3,1.3
ViT-S in-domain (third party),old_to_plain,east_to_west,control,0.25,sq8_margin_guard,full_frozen,20,0,461.75,61.95,399.8,40.45,21.5,49.8,23.3,16.4
ViT-S in-domain (third party),old_to_plain,east_to_west,control,0.25,sq8_margin_guard,matched,20,20,323.5,15.4,308.1,13.4,2.0,12.25,4.25,1.95
