dataset,case_id,arm,fraction,method,k,effective_k,queries,reachable,correct,retrieval_coverage,mean_confidence,grid_unresolved,empty_at_selected_alpha,wrong_topk_with_empty,ece10
university,full,full,0.0,distance,1,1,852,852,797,0.9354460093896714,0.9120422535211267,0,29,22,0.04838028169014088
university,full,full,0.0,distance,20,20,852,852,847,0.994131455399061,0.9853521126760565,0,0,0,0.008779342723004513
university,full,full,0.0,distance,50,50,852,852,849,0.9964788732394366,0.9895892018779343,0,0,0,0.006889671361502314
university,full,full,0.0,distance,100,100,852,852,850,0.9976525821596244,0.9899647887323945,0,0,0,0.007687793427229916
university,full,full,0.0,distance,200,200,852,852,850,0.9976525821596244,0.99,0,0,0,0.007652582159624388
university,full,full,0.0,aps_raw,1,1,852,852,797,0.9354460093896714,0.9491901408450704,0,0,0,0.013744131455398989
university,full,full,0.0,aps_raw,20,20,852,852,847,0.994131455399061,0.9820422535211271,0,0,0,0.012089201877933942
university,full,full,0.0,aps_raw,50,50,852,852,849,0.9964788732394366,0.99,0,0,0,0.006478873239436633
university,full,full,0.0,aps_raw,100,100,852,852,850,0.9976525821596244,0.99,0,0,0,0.007652582159624388
university,full,full,0.0,aps_raw,200,200,852,852,850,0.9976525821596244,0.99,0,0,0,0.007652582159624388
university,target_71_3407,target,0.25,distance,1,1,852,639,610,0.715962441314554,0.9320774647887324,0,87,83,0.25355633802816907
university,target_71_3407,target,0.25,distance,20,20,852,639,637,0.7476525821596244,0.9866314553990612,0,5,5,0.23897887323943678
university,target_71_3407,target,0.25,distance,50,50,852,639,638,0.7488262910798122,0.9898239436619719,0,2,2,0.24099765258215966
university,target_71_3407,target,0.25,distance,100,100,852,639,638,0.7488262910798122,0.9899882629107981,0,2,2,0.24116197183098587
university,target_71_3407,target,0.25,distance,200,200,852,639,639,0.75,0.99,0,2,2,0.24
university,target_71_3407,target,0.25,aps_raw,1,1,852,639,610,0.715962441314554,0.9454812206572768,0,0,0,0.2295187793427228
university,target_71_3407,target,0.25,aps_raw,20,20,852,639,637,0.7476525821596244,0.9813262910798125,0,0,0,0.23367370892018813
university,target_71_3407,target,0.25,aps_raw,50,50,852,639,638,0.7488262910798122,0.99,0,0,0,0.24117370892018775
university,target_71_3407,target,0.25,aps_raw,100,100,852,639,638,0.7488262910798122,0.99,0,0,0,0.24117370892018775
university,target_71_3407,target,0.25,aps_raw,200,200,852,639,639,0.75,0.99,0,0,0,0.24
university,control_71_3407,control,0.25,distance,1,1,852,852,799,0.937793427230047,0.9184976525821597,0,25,20,0.04319248826291085
university,control_71_3407,control,0.25,distance,20,20,852,852,847,0.994131455399061,0.9863380281690143,0,0,0,0.007793427230046723
university,control_71_3407,control,0.25,distance,50,50,852,852,849,0.9964788732394366,0.9897887323943663,0,0,0,0.006690140845070358
university,control_71_3407,control,0.25,distance,100,100,852,852,850,0.9976525821596244,0.9899765258215962,0,0,0,0.007676056338028148
university,control_71_3407,control,0.25,distance,200,200,852,852,851,0.9988262910798122,0.99,0,0,0,0.008826291079812254
university,control_71_3407,control,0.25,aps_raw,1,1,852,852,799,0.937793427230047,0.949025821596244,0,0,0,0.011232394366197052
university,control_71_3407,control,0.25,aps_raw,20,20,852,852,847,0.994131455399061,0.9815962441314557,0,0,0,0.012535211267605262
university,control_71_3407,control,0.25,aps_raw,50,50,852,852,849,0.9964788732394366,0.99,0,0,0,0.006478873239436633
university,control_71_3407,control,0.25,aps_raw,100,100,852,852,850,0.9976525821596244,0.99,0,0,0,0.007652582159624388
university,control_71_3407,control,0.25,aps_raw,200,200,852,852,851,0.9988262910798122,0.99,0,0,0,0.008826291079812254
university,target_142_3407,target,0.5,distance,1,1,852,426,410,0.4812206572769953,0.9461384976525823,0,162,160,0.4812089201877934
university,target_142_3407,target,0.5,distance,20,20,852,426,426,0.5,0.9881455399061034,0,4,4,0.48814553990610343
university,target_142_3407,target,0.5,distance,50,50,852,426,426,0.5,0.9899530516431926,0,3,3,0.4899530516431926
university,target_142_3407,target,0.5,distance,100,100,852,426,426,0.5,0.99,0,3,3,0.49
university,target_142_3407,target,0.5,distance,200,200,852,426,426,0.5,0.99,0,3,3,0.49
university,target_142_3407,target,0.5,aps_raw,1,1,852,426,410,0.4812206572769953,0.9411619718309858,0,0,0,0.4599413145539905
university,target_142_3407,target,0.5,aps_raw,20,20,852,426,426,0.5,0.9806220657276998,0,0,0,0.48062206572769983
university,target_142_3407,target,0.5,aps_raw,50,50,852,426,426,0.5,0.99,0,0,0,0.49
university,target_142_3407,target,0.5,aps_raw,100,100,852,426,426,0.5,0.99,0,0,0,0.49
university,target_142_3407,target,0.5,aps_raw,200,200,852,426,426,0.5,0.99,0,0,0,0.49
university,target_71_3408,target,0.25,distance,1,1,852,639,602,0.7065727699530516,0.9315492957746478,0,97,93,0.2624647887323943
university,target_71_3408,target,0.25,distance,20,20,852,639,635,0.7453051643192489,0.9866901408450706,0,2,2,0.2413849765258217
university,target_71_3408,target,0.25,distance,50,50,852,639,636,0.7464788732394366,0.9898708920187793,0,0,0,0.2433920187793427
university,target_71_3408,target,0.25,distance,100,100,852,639,637,0.7476525821596244,0.99,0,0,0,0.2423474178403756
university,target_71_3408,target,0.25,distance,200,200,852,639,638,0.7488262910798122,0.99,0,0,0,0.24117370892018775
university,target_71_3408,target,0.25,aps_raw,1,1,852,639,602,0.7065727699530516,0.9453286384976524,0,0,0,0.23875586854460074
university,target_71_3408,target,0.25,aps_raw,20,20,852,639,635,0.7453051643192489,0.9812206572769956,0,0,0,0.23591549295774672
university,target_71_3408,target,0.25,aps_raw,50,50,852,639,636,0.7464788732394366,0.99,0,0,0,0.24352112676056337
university,target_71_3408,target,0.25,aps_raw,100,100,852,639,637,0.7476525821596244,0.99,0,0,0,0.2423474178403756
university,target_71_3408,target,0.25,aps_raw,200,200,852,639,638,0.7488262910798122,0.99,0,0,0,0.24117370892018775
university,control_71_3408,control,0.25,distance,1,1,852,852,798,0.9366197183098591,0.9185211267605633,0,28,22,0.044201877934272306
university,control_71_3408,control,0.25,distance,20,20,852,852,847,0.994131455399061,0.9863967136150236,0,0,0,0.0077347417840374355
university,control_71_3408,control,0.25,distance,50,50,852,852,849,0.9964788732394366,0.98981220657277,0,0,0,0.006666666666666599
university,control_71_3408,control,0.25,distance,100,100,852,852,850,0.9976525821596244,0.9899882629107981,0,0,0,0.007664319248826268
university,control_71_3408,control,0.25,distance,200,200,852,852,851,0.9988262910798122,0.99,0,0,0,0.008826291079812254
university,control_71_3408,control,0.25,aps_raw,1,1,852,852,798,0.9366197183098591,0.9490492957746478,0,0,0,0.012429577464788677
university,control_71_3408,control,0.25,aps_raw,20,20,852,852,847,0.994131455399061,0.9814906103286388,0,0,0,0.01264084507042218
university,control_71_3408,control,0.25,aps_raw,50,50,852,852,849,0.9964788732394366,0.99,0,0,0,0.006478873239436633
university,control_71_3408,control,0.25,aps_raw,100,100,852,852,850,0.9976525821596244,0.99,0,0,0,0.007652582159624388
university,control_71_3408,control,0.25,aps_raw,200,200,852,852,851,0.9988262910798122,0.99,0,0,0,0.008826291079812254
university,target_142_3408,target,0.5,distance,1,1,852,426,401,0.4706572769953052,0.9440023474178405,0,174,170,0.49318075117370896
university,target_142_3408,target,0.5,distance,20,20,852,426,424,0.49765258215962443,0.988086854460094,0,3,3,0.4904342723004696
university,target_142_3408,target,0.5,distance,50,50,852,426,425,0.4988262910798122,0.9899530516431926,0,1,1,0.4911267605633804
university,target_142_3408,target,0.5,distance,100,100,852,426,425,0.4988262910798122,0.99,0,1,1,0.4911737089201878
university,target_142_3408,target,0.5,distance,200,200,852,426,426,0.5,0.99,0,1,1,0.49
university,target_142_3408,target,0.5,aps_raw,1,1,852,426,401,0.4706572769953052,0.9413028169014084,0,0,0,0.4706455399061032
university,target_142_3408,target,0.5,aps_raw,20,20,852,426,424,0.49765258215962443,0.9806690140845072,0,0,0,0.4830164319248828
university,target_142_3408,target,0.5,aps_raw,50,50,852,426,425,0.4988262910798122,0.99,0,0,0,0.4911737089201878
university,target_142_3408,target,0.5,aps_raw,100,100,852,426,425,0.4988262910798122,0.99,0,0,0,0.4911737089201878
university,target_142_3408,target,0.5,aps_raw,200,200,852,426,426,0.5,0.99,0,0,0,0.49
university,target_71_3409,target,0.25,distance,1,1,852,639,602,0.7065727699530516,0.9240845070422535,0,95,86,0.25762910798122074
university,target_71_3409,target,0.25,distance,20,20,852,639,635,0.7453051643192489,0.9867253521126762,0,4,4,0.24142018779342733
university,target_71_3409,target,0.25,distance,50,50,852,639,636,0.7464788732394366,0.9898943661971832,0,1,1,0.24341549295774656
university,target_71_3409,target,0.25,distance,100,100,852,639,637,0.7476525821596244,0.99,0,1,1,0.2423474178403756
university,target_71_3409,target,0.25,distance,200,200,852,639,638,0.7488262910798122,0.99,0,1,1,0.24117370892018775
university,target_71_3409,target,0.25,aps_raw,1,1,852,639,602,0.7065727699530516,0.945657276995305,0,0,0,0.23908450704225337
university,target_71_3409,target,0.25,aps_raw,20,20,852,639,635,0.7453051643192489,0.9811619718309862,0,0,0,0.23585680751173732
university,target_71_3409,target,0.25,aps_raw,50,50,852,639,636,0.7464788732394366,0.99,0,0,0,0.24352112676056337
university,target_71_3409,target,0.25,aps_raw,100,100,852,639,637,0.7476525821596244,0.99,0,0,0,0.2423474178403756
university,target_71_3409,target,0.25,aps_raw,200,200,852,639,638,0.7488262910798122,0.99,0,0,0,0.24117370892018775
university,control_71_3409,control,0.25,distance,1,1,852,852,798,0.9366197183098591,0.9169718309859155,0,27,20,0.043004694835680854
university,control_71_3409,control,0.25,distance,20,20,852,852,847,0.994131455399061,0.9864084507042254,0,0,0,0.007723004694835556
university,control_71_3409,control,0.25,distance,50,50,852,852,849,0.9964788732394366,0.98981220657277,0,0,0,0.006666666666666599
university,control_71_3409,control,0.25,distance,100,100,852,852,850,0.9976525821596244,0.9899765258215962,0,0,0,0.007676056338028148
university,control_71_3409,control,0.25,distance,200,200,852,852,851,0.9988262910798122,0.99,0,0,0,0.008826291079812254
university,control_71_3409,control,0.25,aps_raw,1,1,852,852,798,0.9366197183098591,0.9490845070422534,0,0,0,0.012464788732394316
university,control_71_3409,control,0.25,aps_raw,20,20,852,852,847,0.994131455399061,0.9816197183098593,0,0,0,0.012511737089201724
university,control_71_3409,control,0.25,aps_raw,50,50,852,852,849,0.9964788732394366,0.99,0,0,0,0.006478873239436633
university,control_71_3409,control,0.25,aps_raw,100,100,852,852,850,0.9976525821596244,0.99,0,0,0,0.007652582159624388
university,control_71_3409,control,0.25,aps_raw,200,200,852,852,851,0.9988262910798122,0.99,0,0,0,0.008826291079812254
university,target_142_3409,target,0.5,distance,1,1,852,426,395,0.4636150234741784,0.9408333333333334,0,179,170,0.4924295774647888
university,target_142_3409,target,0.5,distance,20,20,852,426,422,0.4953051643192488,0.9881924882629108,0,4,4,0.492887323943662
university,target_142_3409,target,0.5,distance,50,50,852,426,424,0.49765258215962443,0.9899530516431926,0,1,1,0.49230046948356815
university,target_142_3409,target,0.5,distance,100,100,852,426,424,0.49765258215962443,0.99,0,1,1,0.49234741784037556
university,target_142_3409,target,0.5,distance,200,200,852,426,426,0.5,0.99,0,1,1,0.49
university,target_142_3409,target,0.5,aps_raw,1,1,852,426,395,0.4636150234741784,0.941525821596244,0,0,0,0.4779107981220656
university,target_142_3409,target,0.5,aps_raw,20,20,852,426,422,0.4953051643192488,0.9803755868544604,0,0,0,0.48507042253521154
university,target_142_3409,target,0.5,aps_raw,50,50,852,426,424,0.49765258215962443,0.99,0,0,0,0.49234741784037556
university,target_142_3409,target,0.5,aps_raw,100,100,852,426,424,0.49765258215962443,0.99,0,0,0,0.49234741784037556
university,target_142_3409,target,0.5,aps_raw,200,200,852,426,426,0.5,0.99,0,0,0,0.49
university,target_71_3410,target,0.25,distance,1,1,852,639,598,0.7018779342723005,0.9337206572769953,0,76,73,0.2542136150234742
university,target_71_3410,target,0.25,distance,20,20,852,639,634,0.744131455399061,0.9867370892018781,0,2,2,0.24260563380281708
university,target_71_3410,target,0.25,distance,50,50,852,639,636,0.7464788732394366,0.9898474178403757,0,0,0,0.24336854460093904
university,target_71_3410,target,0.25,distance,100,100,852,639,637,0.7476525821596244,0.9899882629107981,0,0,0,0.24233568075117373
university,target_71_3410,target,0.25,distance,200,200,852,639,638,0.7488262910798122,0.99,0,0,0,0.24117370892018775
university,target_71_3410,target,0.25,aps_raw,1,1,852,639,598,0.7018779342723005,0.9452934272300468,0,0,0,0.24341549295774634
university,target_71_3410,target,0.25,aps_raw,20,20,852,639,634,0.744131455399061,0.9811619718309862,0,0,0,0.2370305164319252
university,target_71_3410,target,0.25,aps_raw,50,50,852,639,636,0.7464788732394366,0.99,0,0,0,0.24352112676056337
university,target_71_3410,target,0.25,aps_raw,100,100,852,639,637,0.7476525821596244,0.99,0,0,0,0.2423474178403756
university,target_71_3410,target,0.25,aps_raw,200,200,852,639,638,0.7488262910798122,0.99,0,0,0,0.24117370892018775
university,control_71_3410,control,0.25,distance,1,1,852,852,799,0.937793427230047,0.918568075117371,0,25,20,0.04265258215962442
university,control_71_3410,control,0.25,distance,20,20,852,852,847,0.994131455399061,0.9863380281690143,0,0,0,0.007793427230046723
university,control_71_3410,control,0.25,distance,50,50,852,852,849,0.9964788732394366,0.98981220657277,0,0,0,0.006666666666666599
university,control_71_3410,control,0.25,distance,100,100,852,852,850,0.9976525821596244,0.9899882629107981,0,0,0,0.007664319248826268
university,control_71_3410,control,0.25,distance,200,200,852,852,851,0.9988262910798122,0.99,0,0,0,0.008826291079812254
university,control_71_3410,control,0.25,aps_raw,1,1,852,852,799,0.937793427230047,0.9490610328638497,0,0,0,0.011267605633802691
university,control_71_3410,control,0.25,aps_raw,20,20,852,852,847,0.994131455399061,0.98156103286385,0,0,0,0.012570422535211012
university,control_71_3410,control,0.25,aps_raw,50,50,852,852,849,0.9964788732394366,0.99,0,0,0,0.006478873239436633
university,control_71_3410,control,0.25,aps_raw,100,100,852,852,850,0.9976525821596244,0.99,0,0,0,0.007652582159624388
university,control_71_3410,control,0.25,aps_raw,200,200,852,852,851,0.9988262910798122,0.99,0,0,0,0.008826291079812254
university,target_142_3410,target,0.5,distance,1,1,852,426,396,0.4647887323943662,0.9479812206572771,0,185,184,0.49009389671361514
university,target_142_3410,target,0.5,distance,20,20,852,426,422,0.4953051643192488,0.9882746478873239,0,3,3,0.4929694835680751
university,target_142_3410,target,0.5,distance,50,50,852,426,424,0.49765258215962443,0.9899530516431926,0,1,1,0.49230046948356815
university,target_142_3410,target,0.5,distance,100,100,852,426,424,0.49765258215962443,0.99,0,1,1,0.49234741784037556
university,target_142_3410,target,0.5,distance,200,200,852,426,426,0.5,0.99,0,1,1,0.49
university,target_142_3410,target,0.5,aps_raw,1,1,852,426,396,0.4647887323943662,0.9409859154929575,0,0,0,0.4761971830985913
university,target_142_3410,target,0.5,aps_raw,20,20,852,426,422,0.4953051643192488,0.9803755868544604,0,0,0,0.48507042253521154
university,target_142_3410,target,0.5,aps_raw,50,50,852,426,424,0.49765258215962443,0.99,0,0,0,0.49234741784037556
university,target_142_3410,target,0.5,aps_raw,100,100,852,426,424,0.49765258215962443,0.99,0,0,0,0.49234741784037556
university,target_142_3410,target,0.5,aps_raw,200,200,852,426,426,0.5,0.99,0,0,0,0.49
university,target_71_3411,target,0.25,distance,1,1,852,639,605,0.710093896713615,0.933943661971831,0,80,77,0.2517370892018781
university,target_71_3411,target,0.25,distance,20,20,852,639,636,0.7464788732394366,0.986737089201878,0,0,0,0.24025821596244135
university,target_71_3411,target,0.25,distance,50,50,852,639,637,0.7476525821596244,0.9898356807511738,0,0,0,0.2421830985915494
university,target_71_3411,target,0.25,distance,100,100,852,639,638,0.7488262910798122,0.9899765258215962,0,0,0,0.241150234741784
university,target_71_3411,target,0.25,distance,200,200,852,639,638,0.7488262910798122,0.99,0,0,0,0.24117370892018775
university,target_71_3411,target,0.25,aps_raw,1,1,852,639,605,0.710093896713615,0.9456690140845068,0,0,0,0.23557511737089176
university,target_71_3411,target,0.25,aps_raw,20,20,852,639,636,0.7464788732394366,0.9811619718309862,0,0,0,0.23468309859154957
university,target_71_3411,target,0.25,aps_raw,50,50,852,639,637,0.7476525821596244,0.99,0,0,0,0.2423474178403756
university,target_71_3411,target,0.25,aps_raw,100,100,852,639,638,0.7488262910798122,0.99,0,0,0,0.24117370892018775
university,target_71_3411,target,0.25,aps_raw,200,200,852,639,638,0.7488262910798122,0.99,0,0,0,0.24117370892018775
university,control_71_3411,control,0.25,distance,1,1,852,852,799,0.937793427230047,0.9182746478873238,0,26,20,0.044119718309859224
university,control_71_3411,control,0.25,distance,20,20,852,852,847,0.994131455399061,0.9864084507042254,0,0,0,0.007723004694835556
university,control_71_3411,control,0.25,distance,50,50,852,852,849,0.9964788732394366,0.9898004694835681,0,0,0,0.006678403755868478
university,control_71_3411,control,0.25,distance,100,100,852,852,850,0.9976525821596244,0.9899765258215962,0,0,0,0.007676056338028148
university,control_71_3411,control,0.25,distance,200,200,852,852,851,0.9988262910798122,0.99,0,0,0,0.008826291079812254
university,control_71_3411,control,0.25,aps_raw,1,1,852,852,799,0.937793427230047,0.9490375586854459,0,0,0,0.011244131455398931
university,control_71_3411,control,0.25,aps_raw,20,20,852,852,847,0.994131455399061,0.9815258215962444,0,0,0,0.012605633802816651
university,control_71_3411,control,0.25,aps_raw,50,50,852,852,849,0.9964788732394366,0.99,0,0,0,0.006478873239436633
university,control_71_3411,control,0.25,aps_raw,100,100,852,852,850,0.9976525821596244,0.99,0,0,0,0.007652582159624388
university,control_71_3411,control,0.25,aps_raw,200,200,852,852,851,0.9988262910798122,0.99,0,0,0,0.008826291079812254
university,target_142_3411,target,0.5,distance,1,1,852,426,407,0.47769953051643194,0.9459976525821596,0,174,169,0.4825704225352113
university,target_142_3411,target,0.5,distance,20,20,852,426,424,0.49765258215962443,0.9881103286384978,0,6,6,0.49045774647887336
university,target_142_3411,target,0.5,distance,50,50,852,426,424,0.49765258215962443,0.9899530516431926,0,4,4,0.49230046948356815
university,target_142_3411,target,0.5,distance,100,100,852,426,425,0.4988262910798122,0.99,0,4,4,0.4911737089201878
university,target_142_3411,target,0.5,distance,200,200,852,426,426,0.5,0.99,0,4,4,0.49
university,target_142_3411,target,0.5,aps_raw,1,1,852,426,407,0.47769953051643194,0.9411267605633802,0,0,0,0.46342723004694825
university,target_142_3411,target,0.5,aps_raw,20,20,852,426,424,0.49765258215962443,0.9805633802816904,0,0,0,0.482910798122066
university,target_142_3411,target,0.5,aps_raw,50,50,852,426,424,0.49765258215962443,0.99,0,0,0,0.49234741784037556
university,target_142_3411,target,0.5,aps_raw,100,100,852,426,425,0.4988262910798122,0.99,0,0,0,0.4911737089201878
university,target_142_3411,target,0.5,aps_raw,200,200,852,426,426,0.5,0.99,0,0,0,0.49
university,target_71_3412,target,0.25,distance,1,1,852,639,598,0.7018779342723005,0.9325352112676056,0,118,114,0.2638028169014085
university,target_71_3412,target,0.25,distance,20,20,852,639,635,0.7453051643192489,0.9867605633802817,0,2,2,0.24145539906103286
university,target_71_3412,target,0.25,distance,50,50,852,639,636,0.7464788732394366,0.9898474178403757,0,0,0,0.24336854460093904
university,target_71_3412,target,0.25,distance,100,100,852,639,637,0.7476525821596244,0.99,0,0,0,0.2423474178403756
university,target_71_3412,target,0.25,distance,200,200,852,639,638,0.7488262910798122,0.99,0,0,0,0.24117370892018775
university,target_71_3412,target,0.25,aps_raw,1,1,852,639,598,0.7018779342723005,0.9453403755868542,0,0,0,0.24346244131455375
university,target_71_3412,target,0.25,aps_raw,20,20,852,639,635,0.7453051643192489,0.9812441314553993,0,0,0,0.23593896713615048
university,target_71_3412,target,0.25,aps_raw,50,50,852,639,636,0.7464788732394366,0.99,0,0,0,0.24352112676056337
university,target_71_3412,target,0.25,aps_raw,100,100,852,639,637,0.7476525821596244,0.99,0,0,0,0.2423474178403756
university,target_71_3412,target,0.25,aps_raw,200,200,852,639,638,0.7488262910798122,0.99,0,0,0,0.24117370892018775
university,control_71_3412,control,0.25,distance,1,1,852,852,798,0.9366197183098591,0.9200704225352112,0,29,22,0.04246478873239432
university,control_71_3412,control,0.25,distance,20,20,852,852,847,0.994131455399061,0.986349765258216,0,0,0,0.007781690140844955
university,control_71_3412,control,0.25,distance,50,50,852,852,849,0.9964788732394366,0.9897887323943663,0,0,0,0.006690140845070358
university,control_71_3412,control,0.25,distance,100,100,852,852,850,0.9976525821596244,0.9899882629107981,0,0,0,0.007664319248826268
university,control_71_3412,control,0.25,distance,200,200,852,852,851,0.9988262910798122,0.99,0,0,0,0.008826291079812254
university,control_71_3412,control,0.25,aps_raw,1,1,852,852,798,0.9366197183098591,0.949014084507042,0,0,0,0.012394366197182927
university,control_71_3412,control,0.25,aps_raw,20,20,852,852,847,0.994131455399061,0.9815962441314556,0,0,0,0.012535211267605373
university,control_71_3412,control,0.25,aps_raw,50,50,852,852,849,0.9964788732394366,0.99,0,0,0,0.006478873239436633
university,control_71_3412,control,0.25,aps_raw,100,100,852,852,850,0.9976525821596244,0.99,0,0,0,0.007652582159624388
university,control_71_3412,control,0.25,aps_raw,200,200,852,852,851,0.9988262910798122,0.99,0,0,0,0.008826291079812254
university,target_142_3412,target,0.5,distance,1,1,852,426,400,0.4694835680751174,0.94712441314554,0,206,202,0.48407276995305154
university,target_142_3412,target,0.5,distance,20,20,852,426,422,0.4953051643192488,0.9882042253521127,0,7,7,0.4928990610328639
university,target_142_3412,target,0.5,distance,50,50,852,426,423,0.4964788732394366,0.9899530516431926,0,3,3,0.49347417840375596
university,target_142_3412,target,0.5,distance,100,100,852,426,424,0.49765258215962443,0.99,0,3,3,0.49234741784037556
university,target_142_3412,target,0.5,distance,200,200,852,426,426,0.5,0.99,0,3,3,0.49
university,target_142_3412,target,0.5,aps_raw,1,1,852,426,400,0.4694835680751174,0.9410211267605633,0,0,0,0.4715375586854459
university,target_142_3412,target,0.5,aps_raw,20,20,852,426,422,0.4953051643192488,0.9804694835680755,0,0,0,0.4851643192488267
university,target_142_3412,target,0.5,aps_raw,50,50,852,426,423,0.4964788732394366,0.99,0,0,0,0.49352112676056337
university,target_142_3412,target,0.5,aps_raw,100,100,852,426,424,0.49765258215962443,0.99,0,0,0,0.49234741784037556
university,target_142_3412,target,0.5,aps_raw,200,200,852,426,426,0.5,0.99,0,0,0,0.49
university,target_71_3413,target,0.25,distance,1,1,852,639,604,0.7089201877934272,0.9288849765258217,0,88,81,0.23742957746478882
university,target_71_3413,target,0.25,distance,20,20,852,639,636,0.7464788732394366,0.9868192488262912,0,5,5,0.24034037558685462
university,target_71_3413,target,0.25,distance,50,50,852,639,637,0.7476525821596244,0.9898474178403757,0,1,1,0.24219483568075129
university,target_71_3413,target,0.25,distance,100,100,852,639,638,0.7488262910798122,0.9899882629107981,0,1,1,0.24116197183098587
university,target_71_3413,target,0.25,distance,200,200,852,639,638,0.7488262910798122,0.99,0,1,1,0.24117370892018775
university,target_71_3413,target,0.25,aps_raw,1,1,852,639,604,0.7089201877934272,0.9455868544600937,0,0,0,0.23666666666666647
university,target_71_3413,target,0.25,aps_raw,20,20,852,639,636,0.7464788732394366,0.9811619718309862,0,0,0,0.23468309859154957
university,target_71_3413,target,0.25,aps_raw,50,50,852,639,637,0.7476525821596244,0.99,0,0,0,0.2423474178403756
university,target_71_3413,target,0.25,aps_raw,100,100,852,639,638,0.7488262910798122,0.99,0,0,0,0.24117370892018775
university,target_71_3413,target,0.25,aps_raw,200,200,852,639,638,0.7488262910798122,0.99,0,0,0,0.24117370892018775
university,control_71_3413,control,0.25,distance,1,1,852,852,799,0.937793427230047,0.9194366197183097,0,25,20,0.04230046948356811
university,control_71_3413,control,0.25,distance,20,20,852,852,847,0.994131455399061,0.9863380281690143,0,0,0,0.007793427230046723
university,control_71_3413,control,0.25,distance,50,50,852,852,849,0.9964788732394366,0.9898004694835681,0,0,0,0.006678403755868478
university,control_71_3413,control,0.25,distance,100,100,852,852,850,0.9976525821596244,0.9899882629107981,0,0,0,0.007664319248826268
university,control_71_3413,control,0.25,distance,200,200,852,852,851,0.9988262910798122,0.99,0,0,0,0.008826291079812254
university,control_71_3413,control,0.25,aps_raw,1,1,852,852,799,0.937793427230047,0.9490140845070422,0,0,0,0.011220657276995172
university,control_71_3413,control,0.25,aps_raw,20,20,852,852,847,0.994131455399061,0.9815845070422538,0,0,0,0.012546948356807253
university,control_71_3413,control,0.25,aps_raw,50,50,852,852,849,0.9964788732394366,0.99,0,0,0,0.006478873239436633
university,control_71_3413,control,0.25,aps_raw,100,100,852,852,850,0.9976525821596244,0.99,0,0,0,0.007652582159624388
university,control_71_3413,control,0.25,aps_raw,200,200,852,852,851,0.9988262910798122,0.99,0,0,0,0.008826291079812254
university,target_142_3413,target,0.5,distance,1,1,852,426,407,0.47769953051643194,0.9506690140845071,0,175,173,0.476725352112676
university,target_142_3413,target,0.5,distance,20,20,852,426,426,0.5,0.9884037558685448,0,6,5,0.4884037558685448
university,target_142_3413,target,0.5,distance,50,50,852,426,426,0.5,0.9899647887323945,0,3,2,0.48996478873239446
university,target_142_3413,target,0.5,distance,100,100,852,426,426,0.5,0.99,0,3,2,0.49
university,target_142_3413,target,0.5,distance,200,200,852,426,426,0.5,0.99,0,3,2,0.49
university,target_142_3413,target,0.5,aps_raw,1,1,852,426,407,0.47769953051643194,0.941044600938967,0,0,0,0.4633450704225351
university,target_142_3413,target,0.5,aps_raw,20,20,852,426,426,0.5,0.9804812206572774,0,0,0,0.4804812206572774
university,target_142_3413,target,0.5,aps_raw,50,50,852,426,426,0.5,0.99,0,0,0,0.49
university,target_142_3413,target,0.5,aps_raw,100,100,852,426,426,0.5,0.99,0,0,0,0.49
university,target_142_3413,target,0.5,aps_raw,200,200,852,426,426,0.5,0.99,0,0,0,0.49
university,target_71_3414,target,0.25,distance,1,1,852,639,608,0.7136150234741784,0.933075117370892,0,88,83,0.23838028169014086
university,target_71_3414,target,0.25,distance,20,20,852,639,636,0.7464788732394366,0.9867136150234742,0,3,3,0.2402347417840376
university,target_71_3414,target,0.25,distance,50,50,852,639,637,0.7476525821596244,0.9898239436619719,0,2,2,0.24217136150234753
university,target_71_3414,target,0.25,distance,100,100,852,639,638,0.7488262910798122,0.9899882629107981,0,2,2,0.24116197183098587
university,target_71_3414,target,0.25,distance,200,200,852,639,638,0.7488262910798122,0.99,0,2,2,0.24117370892018775
university,target_71_3414,target,0.25,aps_raw,1,1,852,639,608,0.7136150234741784,0.945363849765258,0,0,0,0.23174882629107962
university,target_71_3414,target,0.25,aps_raw,20,20,852,639,636,0.7464788732394366,0.9811737089201881,0,0,0,0.23469483568075145
university,target_71_3414,target,0.25,aps_raw,50,50,852,639,637,0.7476525821596244,0.99,0,0,0,0.2423474178403756
university,target_71_3414,target,0.25,aps_raw,100,100,852,639,638,0.7488262910798122,0.99,0,0,0,0.24117370892018775
university,target_71_3414,target,0.25,aps_raw,200,200,852,639,638,0.7488262910798122,0.99,0,0,0,0.24117370892018775
university,control_71_3414,control,0.25,distance,1,1,852,852,799,0.937793427230047,0.919037558685446,0,26,20,0.04187793427230032
university,control_71_3414,control,0.25,distance,20,20,852,852,847,0.994131455399061,0.986349765258216,0,0,0,0.007781690140844955
university,control_71_3414,control,0.25,distance,50,50,852,852,849,0.9964788732394366,0.9897887323943663,0,0,0,0.006690140845070358
university,control_71_3414,control,0.25,distance,100,100,852,852,850,0.9976525821596244,0.9899882629107981,0,0,0,0.007664319248826268
university,control_71_3414,control,0.25,distance,200,200,852,852,851,0.9988262910798122,0.99,0,0,0,0.008826291079812254
university,control_71_3414,control,0.25,aps_raw,1,1,852,852,799,0.937793427230047,0.9490845070422534,0,0,0,0.01129107981220645
university,control_71_3414,control,0.25,aps_raw,20,20,852,852,847,0.994131455399061,0.9815375586854462,0,0,0,0.012593896713614772
university,control_71_3414,control,0.25,aps_raw,50,50,852,852,849,0.9964788732394366,0.99,0,0,0,0.006478873239436633
university,control_71_3414,control,0.25,aps_raw,100,100,852,852,850,0.9976525821596244,0.99,0,0,0,0.007652582159624388
university,control_71_3414,control,0.25,aps_raw,200,200,852,852,851,0.9988262910798122,0.99,0,0,0,0.008826291079812254
university,target_142_3414,target,0.5,distance,1,1,852,426,407,0.47769953051643194,0.9475352112676058,0,165,163,0.47392018779342726
university,target_142_3414,target,0.5,distance,20,20,852,426,424,0.49765258215962443,0.9880281690140846,0,4,4,0.4903755868544602
university,target_142_3414,target,0.5,distance,50,50,852,426,425,0.4988262910798122,0.9899647887323945,0,4,4,0.4911384976525823
university,target_142_3414,target,0.5,distance,100,100,852,426,425,0.4988262910798122,0.99,0,4,4,0.4911737089201878
university,target_142_3414,target,0.5,distance,200,200,852,426,426,0.5,0.99,0,4,4,0.49
university,target_142_3414,target,0.5,aps_raw,1,1,852,426,407,0.47769953051643194,0.9415610328638495,0,0,0,0.4638615023474176
university,target_142_3414,target,0.5,aps_raw,20,20,852,426,424,0.49765258215962443,0.980516431924883,0,0,0,0.4828638497652586
university,target_142_3414,target,0.5,aps_raw,50,50,852,426,425,0.4988262910798122,0.99,0,0,0,0.4911737089201878
university,target_142_3414,target,0.5,aps_raw,100,100,852,426,425,0.4988262910798122,0.99,0,0,0,0.4911737089201878
university,target_142_3414,target,0.5,aps_raw,200,200,852,426,426,0.5,0.99,0,0,0,0.49
university,target_71_3415,target,0.25,distance,1,1,852,639,603,0.7077464788732394,0.9242253521126761,0,105,98,0.2663145539906104
university,target_71_3415,target,0.25,distance,20,20,852,639,638,0.7488262910798122,0.9865258215962442,0,3,3,0.237699530516432
university,target_71_3415,target,0.25,distance,50,50,852,639,639,0.75,0.9898591549295774,0,0,0,0.23985915492957743
university,target_71_3415,target,0.25,distance,100,100,852,639,639,0.75,0.9899882629107981,0,0,0,0.2399882629107981
university,target_71_3415,target,0.25,distance,200,200,852,639,639,0.75,0.99,0,0,0,0.24
university,target_71_3415,target,0.25,aps_raw,1,1,852,639,603,0.7077464788732394,0.9455751173708918,0,0,0,0.23782863849765246
university,target_71_3415,target,0.25,aps_raw,20,20,852,639,638,0.7488262910798122,0.9813262910798125,0,0,0,0.23250000000000026
university,target_71_3415,target,0.25,aps_raw,50,50,852,639,639,0.75,0.99,0,0,0,0.24
university,target_71_3415,target,0.25,aps_raw,100,100,852,639,639,0.75,0.99,0,0,0,0.24
university,target_71_3415,target,0.25,aps_raw,200,200,852,639,639,0.75,0.99,0,0,0,0.24
university,control_71_3415,control,0.25,distance,1,1,852,852,798,0.9366197183098591,0.9170305164319248,0,27,21,0.04414319248826296
university,control_71_3415,control,0.25,distance,20,20,852,852,847,0.994131455399061,0.9863380281690143,0,0,0,0.007793427230046723
university,control_71_3415,control,0.25,distance,50,50,852,852,849,0.9964788732394366,0.98981220657277,0,0,0,0.006666666666666599
university,control_71_3415,control,0.25,distance,100,100,852,852,850,0.9976525821596244,0.9899765258215962,0,0,0,0.007676056338028148
university,control_71_3415,control,0.25,distance,200,200,852,852,851,0.9988262910798122,0.99,0,0,0,0.008826291079812254
university,control_71_3415,control,0.25,aps_raw,1,1,852,852,798,0.9366197183098591,0.9490492957746478,0,0,0,0.012429577464788677
university,control_71_3415,control,0.25,aps_raw,20,20,852,852,847,0.994131455399061,0.98156103286385,0,0,0,0.012570422535211012
university,control_71_3415,control,0.25,aps_raw,50,50,852,852,849,0.9964788732394366,0.99,0,0,0,0.006478873239436633
university,control_71_3415,control,0.25,aps_raw,100,100,852,852,850,0.9976525821596244,0.99,0,0,0,0.007652582159624388
university,control_71_3415,control,0.25,aps_raw,200,200,852,852,851,0.9988262910798122,0.99,0,0,0,0.008826291079812254
university,target_142_3415,target,0.5,distance,1,1,852,426,400,0.4694835680751174,0.9362793427230047,0,199,193,0.48853286384976524
university,target_142_3415,target,0.5,distance,20,20,852,426,425,0.4988262910798122,0.9880751173708922,0,5,5,0.48924882629107996
university,target_142_3415,target,0.5,distance,50,50,852,426,426,0.5,0.9899530516431926,0,2,1,0.4899530516431926
university,target_142_3415,target,0.5,distance,100,100,852,426,426,0.5,0.99,0,2,1,0.49
university,target_142_3415,target,0.5,distance,200,200,852,426,426,0.5,0.99,0,2,1,0.49
university,target_142_3415,target,0.5,aps_raw,1,1,852,426,400,0.4694835680751174,0.941326291079812,0,0,0,0.47184272300469465
university,target_142_3415,target,0.5,aps_raw,20,20,852,426,425,0.4988262910798122,0.9807394366197186,0,0,0,0.48191314553990644
university,target_142_3415,target,0.5,aps_raw,50,50,852,426,426,0.5,0.99,0,0,0,0.49
university,target_142_3415,target,0.5,aps_raw,100,100,852,426,426,0.5,0.99,0,0,0,0.49
university,target_142_3415,target,0.5,aps_raw,200,200,852,426,426,0.5,0.99,0,0,0,0.49
university,target_71_3416,target,0.25,distance,1,1,852,639,604,0.7089201877934272,0.9277112676056339,0,103,98,0.26120892018779346
university,target_71_3416,target,0.25,distance,20,20,852,639,636,0.7464788732394366,0.9865727699530519,0,2,2,0.24009389671361525
university,target_71_3416,target,0.25,distance,50,50,852,639,637,0.7476525821596244,0.9898708920187795,0,1,1,0.24221830985915516
university,target_71_3416,target,0.25,distance,100,100,852,639,638,0.7488262910798122,0.9899882629107981,0,1,1,0.24116197183098587
university,target_71_3416,target,0.25,distance,200,200,852,639,638,0.7488262910798122,0.99,0,1,1,0.24117370892018775
university,target_71_3416,target,0.25,aps_raw,1,1,852,639,604,0.7089201877934272,0.945363849765258,0,0,0,0.23644366197183075
university,target_71_3416,target,0.25,aps_raw,20,20,852,639,636,0.7464788732394366,0.9812910798122069,0,0,0,0.23481220657277024
university,target_71_3416,target,0.25,aps_raw,50,50,852,639,637,0.7476525821596244,0.99,0,0,0,0.2423474178403756
university,target_71_3416,target,0.25,aps_raw,100,100,852,639,638,0.7488262910798122,0.99,0,0,0,0.24117370892018775
university,target_71_3416,target,0.25,aps_raw,200,200,852,639,638,0.7488262910798122,0.99,0,0,0,0.24117370892018775
university,control_71_3416,control,0.25,distance,1,1,852,852,799,0.937793427230047,0.9195187793427231,0,27,21,0.041467136150234604
university,control_71_3416,control,0.25,distance,20,20,852,852,847,0.994131455399061,0.9862793427230049,0,0,0,0.007852112676056122
university,control_71_3416,control,0.25,distance,50,50,852,852,849,0.9964788732394366,0.9898004694835681,0,0,0,0.006678403755868478
university,control_71_3416,control,0.25,distance,100,100,852,852,850,0.9976525821596244,0.9899765258215962,0,0,0,0.007676056338028148
university,control_71_3416,control,0.25,distance,200,200,852,852,851,0.9988262910798122,0.99,0,0,0,0.008826291079812254
university,control_71_3416,control,0.25,aps_raw,1,1,852,852,799,0.937793427230047,0.9490023474178403,0,0,0,0.011208920187793292
university,control_71_3416,control,0.25,aps_raw,20,20,852,852,847,0.994131455399061,0.9815375586854462,0,0,0,0.012593896713614772
university,control_71_3416,control,0.25,aps_raw,50,50,852,852,849,0.9964788732394366,0.99,0,0,0,0.006478873239436633
university,control_71_3416,control,0.25,aps_raw,100,100,852,852,850,0.9976525821596244,0.99,0,0,0,0.007652582159624388
university,control_71_3416,control,0.25,aps_raw,200,200,852,852,851,0.9988262910798122,0.99,0,0,0,0.008826291079812254
university,target_142_3416,target,0.5,distance,1,1,852,426,403,0.47300469483568075,0.9539788732394365,0,182,178,0.4901291079812208
university,target_142_3416,target,0.5,distance,20,20,852,426,423,0.4964788732394366,0.9883098591549296,0,3,3,0.491830985915493
university,target_142_3416,target,0.5,distance,50,50,852,426,425,0.4988262910798122,0.9899647887323945,0,3,3,0.4911384976525823
university,target_142_3416,target,0.5,distance,100,100,852,426,425,0.4988262910798122,0.99,0,3,3,0.4911737089201878
university,target_142_3416,target,0.5,distance,200,200,852,426,426,0.5,0.99,0,3,3,0.49
university,target_142_3416,target,0.5,aps_raw,1,1,852,426,403,0.47300469483568075,0.9408802816901407,0,0,0,0.46787558685445996
university,target_142_3416,target,0.5,aps_raw,20,20,852,426,423,0.4964788732394366,0.9804342723004696,0,0,0,0.483955399061033
university,target_142_3416,target,0.5,aps_raw,50,50,852,426,425,0.4988262910798122,0.99,0,0,0,0.4911737089201878
university,target_142_3416,target,0.5,aps_raw,100,100,852,426,425,0.4988262910798122,0.99,0,0,0,0.4911737089201878
university,target_142_3416,target,0.5,aps_raw,200,200,852,426,426,0.5,0.99,0,0,0,0.49
university,target_71_3417,target,0.25,distance,1,1,852,639,603,0.7077464788732394,0.9286737089201879,0,102,94,0.26609154929577483
university,target_71_3417,target,0.25,distance,20,20,852,639,635,0.7453051643192489,0.9864788732394367,0,4,4,0.24117370892018786
university,target_71_3417,target,0.25,distance,50,50,852,639,636,0.7464788732394366,0.9898708920187793,0,1,1,0.2433920187793427
university,target_71_3417,target,0.25,distance,100,100,852,639,637,0.7476525821596244,0.99,0,1,1,0.2423474178403756
university,target_71_3417,target,0.25,distance,200,200,852,639,638,0.7488262910798122,0.99,0,1,1,0.24117370892018775
university,target_71_3417,target,0.25,aps_raw,1,1,852,639,603,0.7077464788732394,0.9453755868544599,0,0,0,0.2376291079812205
university,target_71_3417,target,0.25,aps_raw,20,20,852,639,635,0.7453051643192489,0.9812910798122069,0,0,0,0.235985915492958
university,target_71_3417,target,0.25,aps_raw,50,50,852,639,636,0.7464788732394366,0.99,0,0,0,0.24352112676056337
university,target_71_3417,target,0.25,aps_raw,100,100,852,639,637,0.7476525821596244,0.99,0,0,0,0.2423474178403756
university,target_71_3417,target,0.25,aps_raw,200,200,852,639,638,0.7488262910798122,0.99,0,0,0,0.24117370892018775
university,control_71_3417,control,0.25,distance,1,1,852,852,797,0.9354460093896714,0.9151408450704226,0,27,21,0.046737089201877906
university,control_71_3417,control,0.25,distance,20,20,852,852,847,0.994131455399061,0.9863145539906105,0,0,0,0.007816901408450483
university,control_71_3417,control,0.25,distance,50,50,852,852,849,0.9964788732394366,0.9898004694835681,0,0,0,0.006678403755868478
university,control_71_3417,control,0.25,distance,100,100,852,852,850,0.9976525821596244,0.9899647887323945,0,0,0,0.007687793427229916
university,control_71_3417,control,0.25,distance,200,200,852,852,851,0.9988262910798122,0.99,0,0,0,0.008826291079812254
university,control_71_3417,control,0.25,aps_raw,1,1,852,852,797,0.9354460093896714,0.9491079812206571,0,0,0,0.01366197183098572
university,control_71_3417,control,0.25,aps_raw,20,20,852,852,847,0.994131455399061,0.9816431924882631,0,0,0,0.012488262910797854
university,control_71_3417,control,0.25,aps_raw,50,50,852,852,849,0.9964788732394366,0.99,0,0,0,0.006478873239436633
university,control_71_3417,control,0.25,aps_raw,100,100,852,852,850,0.9976525821596244,0.99,0,0,0,0.007652582159624388
university,control_71_3417,control,0.25,aps_raw,200,200,852,852,851,0.9988262910798122,0.99,0,0,0,0.008826291079812254
university,target_142_3417,target,0.5,distance,1,1,852,426,406,0.4765258215962441,0.9416197183098591,0,177,171,0.48366197183098597
university,target_142_3417,target,0.5,distance,20,20,852,426,424,0.49765258215962443,0.9879460093896714,0,5,5,0.49029342723004693
university,target_142_3417,target,0.5,distance,50,50,852,426,425,0.4988262910798122,0.9899647887323945,0,2,2,0.4911384976525823
university,target_142_3417,target,0.5,distance,100,100,852,426,425,0.4988262910798122,0.99,0,2,2,0.4911737089201878
university,target_142_3417,target,0.5,distance,200,200,852,426,426,0.5,0.99,0,2,2,0.49
university,target_142_3417,target,0.5,aps_raw,1,1,852,426,406,0.4765258215962441,0.9412793427230045,0,0,0,0.4647535211267604
university,target_142_3417,target,0.5,aps_raw,20,20,852,426,424,0.49765258215962443,0.9808098591549299,0,0,0,0.4831572769953055
university,target_142_3417,target,0.5,aps_raw,50,50,852,426,425,0.4988262910798122,0.99,0,0,0,0.4911737089201878
university,target_142_3417,target,0.5,aps_raw,100,100,852,426,425,0.4988262910798122,0.99,0,0,0,0.4911737089201878
university,target_142_3417,target,0.5,aps_raw,200,200,852,426,426,0.5,0.99,0,0,0,0.49
university,target_71_3418,target,0.25,distance,1,1,852,639,602,0.7065727699530516,0.933556338028169,0,96,92,0.24470657276995308
university,target_71_3418,target,0.25,distance,20,20,852,639,635,0.7453051643192489,0.9868544600938968,0,3,3,0.2415492957746479
university,target_71_3418,target,0.25,distance,50,50,852,639,637,0.7476525821596244,0.9898708920187793,0,0,0,0.24221830985915493
university,target_71_3418,target,0.25,distance,100,100,852,639,638,0.7488262910798122,0.9899882629107981,0,0,0,0.24116197183098587
university,target_71_3418,target,0.25,distance,200,200,852,639,638,0.7488262910798122,0.99,0,0,0,0.24117370892018775
university,target_71_3418,target,0.25,aps_raw,1,1,852,639,602,0.7065727699530516,0.9455399061032863,0,0,0,0.23896713615023468
university,target_71_3418,target,0.25,aps_raw,20,20,852,639,635,0.7453051643192489,0.9810446009389676,0,0,0,0.23573943661971875
university,target_71_3418,target,0.25,aps_raw,50,50,852,639,637,0.7476525821596244,0.99,0,0,0,0.2423474178403756
university,target_71_3418,target,0.25,aps_raw,100,100,852,639,638,0.7488262910798122,0.99,0,0,0,0.24117370892018775
university,target_71_3418,target,0.25,aps_raw,200,200,852,639,638,0.7488262910798122,0.99,0,0,0,0.24117370892018775
university,control_71_3418,control,0.25,distance,1,1,852,852,798,0.9366197183098591,0.9165023474178404,0,27,21,0.043873239436619554
university,control_71_3418,control,0.25,distance,20,20,852,852,847,0.994131455399061,0.9863145539906105,0,0,0,0.007816901408450483
university,control_71_3418,control,0.25,distance,50,50,852,852,849,0.9964788732394366,0.9898239436619719,0,0,0,0.006654929577464719
university,control_71_3418,control,0.25,distance,100,100,852,852,850,0.9976525821596244,0.9899765258215962,0,0,0,0.007676056338028148
university,control_71_3418,control,0.25,distance,200,200,852,852,851,0.9988262910798122,0.99,0,0,0,0.008826291079812254
university,control_71_3418,control,0.25,aps_raw,1,1,852,852,798,0.9366197183098591,0.9490727699530516,0,0,0,0.012453051643192437
university,control_71_3418,control,0.25,aps_raw,20,20,852,852,847,0.994131455399061,0.9816431924882631,0,0,0,0.012488262910797854
university,control_71_3418,control,0.25,aps_raw,50,50,852,852,849,0.9964788732394366,0.99,0,0,0,0.006478873239436633
university,control_71_3418,control,0.25,aps_raw,100,100,852,852,850,0.9976525821596244,0.99,0,0,0,0.007652582159624388
university,control_71_3418,control,0.25,aps_raw,200,200,852,852,851,0.9988262910798122,0.99,0,0,0,0.008826291079812254
university,target_142_3418,target,0.5,distance,1,1,852,426,405,0.4753521126760563,0.951830985915493,0,187,184,0.4822769953051642
university,target_142_3418,target,0.5,distance,20,20,852,426,424,0.49765258215962443,0.9882276995305165,0,4,4,0.49057511737089204
university,target_142_3418,target,0.5,distance,50,50,852,426,425,0.4988262910798122,0.9899647887323945,0,1,1,0.4911384976525823
university,target_142_3418,target,0.5,distance,100,100,852,426,425,0.4988262910798122,0.99,0,1,1,0.4911737089201878
university,target_142_3418,target,0.5,distance,200,200,852,426,426,0.5,0.99,0,1,1,0.49
university,target_142_3418,target,0.5,aps_raw,1,1,852,426,405,0.4753521126760563,0.9413028169014082,0,0,0,0.46595070422535184
university,target_142_3418,target,0.5,aps_raw,20,20,852,426,424,0.49765258215962443,0.9805633802816904,0,0,0,0.482910798122066
university,target_142_3418,target,0.5,aps_raw,50,50,852,426,425,0.4988262910798122,0.99,0,0,0,0.4911737089201878
university,target_142_3418,target,0.5,aps_raw,100,100,852,426,425,0.4988262910798122,0.99,0,0,0,0.4911737089201878
university,target_142_3418,target,0.5,aps_raw,200,200,852,426,426,0.5,0.99,0,0,0,0.49
university,target_71_3419,target,0.25,distance,1,1,852,639,600,0.704225352112676,0.9287676056338029,0,103,97,0.25134976525821595
university,target_71_3419,target,0.25,distance,20,20,852,639,635,0.7453051643192489,0.9867957746478875,0,2,2,0.2414906103286386
university,target_71_3419,target,0.25,distance,50,50,852,639,636,0.7464788732394366,0.9898826291079812,0,0,0,0.24340375586854457
university,target_71_3419,target,0.25,distance,100,100,852,639,637,0.7476525821596244,0.99,0,0,0,0.2423474178403756
university,target_71_3419,target,0.25,distance,200,200,852,639,638,0.7488262910798122,0.99,0,0,0,0.24117370892018775
university,target_71_3419,target,0.25,aps_raw,1,1,852,639,600,0.704225352112676,0.9457746478873238,0,0,0,0.2415492957746478
university,target_71_3419,target,0.25,aps_raw,20,20,852,639,635,0.7453051643192489,0.981091549295775,0,0,0,0.23578638497652615
university,target_71_3419,target,0.25,aps_raw,50,50,852,639,636,0.7464788732394366,0.99,0,0,0,0.24352112676056337
university,target_71_3419,target,0.25,aps_raw,100,100,852,639,637,0.7476525821596244,0.99,0,0,0,0.2423474178403756
university,target_71_3419,target,0.25,aps_raw,200,200,852,639,638,0.7488262910798122,0.99,0,0,0,0.24117370892018775
university,control_71_3419,control,0.25,distance,1,1,852,852,799,0.937793427230047,0.9199647887323943,0,27,20,0.04104460093896714
university,control_71_3419,control,0.25,distance,20,20,852,852,847,0.994131455399061,0.9863028169014086,0,0,0,0.007828638497652363
university,control_71_3419,control,0.25,distance,50,50,852,852,849,0.9964788732394366,0.9897887323943663,0,0,0,0.006690140845070358
university,control_71_3419,control,0.25,distance,100,100,852,852,850,0.9976525821596244,0.9899765258215962,0,0,0,0.007676056338028148
university,control_71_3419,control,0.25,distance,200,200,852,852,851,0.9988262910798122,0.99,0,0,0,0.008826291079812254
university,control_71_3419,control,0.25,aps_raw,1,1,852,852,799,0.937793427230047,0.949025821596244,0,0,0,0.011232394366197052
university,control_71_3419,control,0.25,aps_raw,20,20,852,852,847,0.994131455399061,0.98156103286385,0,0,0,0.012570422535211012
university,control_71_3419,control,0.25,aps_raw,50,50,852,852,849,0.9964788732394366,0.99,0,0,0,0.006478873239436633
university,control_71_3419,control,0.25,aps_raw,100,100,852,852,850,0.9976525821596244,0.99,0,0,0,0.007652582159624388
university,control_71_3419,control,0.25,aps_raw,200,200,852,852,851,0.9988262910798122,0.99,0,0,0,0.008826291079812254
university,target_142_3419,target,0.5,distance,1,1,852,426,404,0.47417840375586856,0.9488262910798123,0,168,164,0.4817605633802817
university,target_142_3419,target,0.5,distance,20,20,852,426,423,0.4964788732394366,0.9883568075117372,0,4,4,0.49187793427230053
university,target_142_3419,target,0.5,distance,50,50,852,426,424,0.49765258215962443,0.9899647887323945,0,2,2,0.49231220657277003
university,target_142_3419,target,0.5,distance,100,100,852,426,424,0.49765258215962443,0.99,0,2,2,0.49234741784037556
university,target_142_3419,target,0.5,distance,200,200,852,426,426,0.5,0.99,0,2,2,0.49
university,target_142_3419,target,0.5,aps_raw,1,1,852,426,404,0.47417840375586856,0.9414084507042253,0,0,0,0.46723004694835674
university,target_142_3419,target,0.5,aps_raw,20,20,852,426,423,0.4964788732394366,0.9803873239436622,0,0,0,0.4839084507042256
university,target_142_3419,target,0.5,aps_raw,50,50,852,426,424,0.49765258215962443,0.99,0,0,0,0.49234741784037556
university,target_142_3419,target,0.5,aps_raw,100,100,852,426,424,0.49765258215962443,0.99,0,0,0,0.49234741784037556
university,target_142_3419,target,0.5,aps_raw,200,200,852,426,426,0.5,0.99,0,0,0,0.49
university,target_71_3420,target,0.25,distance,1,1,852,639,608,0.7136150234741784,0.9377464788732395,0,80,75,0.24190140845070424
university,target_71_3420,target,0.25,distance,20,20,852,639,637,0.7476525821596244,0.9867957746478875,0,3,3,0.2391431924882631
university,target_71_3420,target,0.25,distance,50,50,852,639,638,0.7488262910798122,0.989906103286385,0,0,0,0.2410798122065727
university,target_71_3420,target,0.25,distance,100,100,852,639,638,0.7488262910798122,0.99,0,0,0,0.24117370892018775
university,target_71_3420,target,0.25,distance,200,200,852,639,639,0.75,0.99,0,0,0,0.24
university,target_71_3420,target,0.25,aps_raw,1,1,852,639,608,0.7136150234741784,0.9455985915492956,0,0,0,0.23198356807511722
university,target_71_3420,target,0.25,aps_raw,20,20,852,639,637,0.7476525821596244,0.98118544600939,0,0,0,0.23353286384976557
university,target_71_3420,target,0.25,aps_raw,50,50,852,639,638,0.7488262910798122,0.99,0,0,0,0.24117370892018775
university,target_71_3420,target,0.25,aps_raw,100,100,852,639,638,0.7488262910798122,0.99,0,0,0,0.24117370892018775
university,target_71_3420,target,0.25,aps_raw,200,200,852,639,639,0.75,0.99,0,0,0,0.24
university,control_71_3420,control,0.25,distance,1,1,852,852,798,0.9366197183098591,0.9168661971830986,0,26,20,0.04353286384976527
university,control_71_3420,control,0.25,distance,20,20,852,852,847,0.994131455399061,0.9863732394366198,0,0,0,0.007758215962441195
university,control_71_3420,control,0.25,distance,50,50,852,852,849,0.9964788732394366,0.98981220657277,0,0,0,0.006666666666666599
university,control_71_3420,control,0.25,distance,100,100,852,852,850,0.9976525821596244,0.9899765258215962,0,0,0,0.007676056338028148
university,control_71_3420,control,0.25,distance,200,200,852,852,851,0.9988262910798122,0.99,0,0,0,0.008826291079812254
university,control_71_3420,control,0.25,aps_raw,1,1,852,852,798,0.9366197183098591,0.9490610328638497,0,0,0,0.012441314553990557
university,control_71_3420,control,0.25,aps_raw,20,20,852,852,847,0.994131455399061,0.9815962441314556,0,0,0,0.012535211267605373
university,control_71_3420,control,0.25,aps_raw,50,50,852,852,849,0.9964788732394366,0.99,0,0,0,0.006478873239436633
university,control_71_3420,control,0.25,aps_raw,100,100,852,852,850,0.9976525821596244,0.99,0,0,0,0.007652582159624388
university,control_71_3420,control,0.25,aps_raw,200,200,852,852,851,0.9988262910798122,0.99,0,0,0,0.008826291079812254
university,target_142_3420,target,0.5,distance,1,1,852,426,409,0.4800469483568075,0.9487910798122067,0,187,184,0.47982394366197184
university,target_142_3420,target,0.5,distance,20,20,852,426,425,0.4988262910798122,0.988180751173709,0,4,4,0.48935446009389677
university,target_142_3420,target,0.5,distance,50,50,852,426,425,0.4988262910798122,0.9899530516431926,0,2,2,0.4911267605633804
university,target_142_3420,target,0.5,distance,100,100,852,426,425,0.4988262910798122,0.99,0,2,2,0.4911737089201878
university,target_142_3420,target,0.5,distance,200,200,852,426,426,0.5,0.99,0,2,2,0.49
university,target_142_3420,target,0.5,aps_raw,1,1,852,426,409,0.4800469483568075,0.9411619718309858,0,0,0,0.4611150234741783
university,target_142_3420,target,0.5,aps_raw,20,20,852,426,425,0.4988262910798122,0.9805751173708923,0,0,0,0.4817488262910801
university,target_142_3420,target,0.5,aps_raw,50,50,852,426,425,0.4988262910798122,0.99,0,0,0,0.4911737089201878
university,target_142_3420,target,0.5,aps_raw,100,100,852,426,425,0.4988262910798122,0.99,0,0,0,0.4911737089201878
university,target_142_3420,target,0.5,aps_raw,200,200,852,426,426,0.5,0.99,0,0,0,0.49
university,target_71_3421,target,0.25,distance,1,1,852,639,604,0.7089201877934272,0.9299765258215963,0,88,84,0.2490140845070422
university,target_71_3421,target,0.25,distance,20,20,852,639,638,0.7488262910798122,0.9867253521126761,0,0,0,0.23789906103286385
university,target_71_3421,target,0.25,distance,50,50,852,639,638,0.7488262910798122,0.9898943661971831,0,0,0,0.24106807511737083
university,target_71_3421,target,0.25,distance,100,100,852,639,638,0.7488262910798122,0.99,0,0,0,0.24117370892018775
university,target_71_3421,target,0.25,distance,200,200,852,639,639,0.75,0.99,0,0,0,0.24
university,target_71_3421,target,0.25,aps_raw,1,1,852,639,604,0.7089201877934272,0.9453755868544599,0,0,0,0.23645539906103263
university,target_71_3421,target,0.25,aps_raw,20,20,852,639,638,0.7488262910798122,0.9811971830985918,0,0,0,0.23237089201877958
university,target_71_3421,target,0.25,aps_raw,50,50,852,639,638,0.7488262910798122,0.99,0,0,0,0.24117370892018775
university,target_71_3421,target,0.25,aps_raw,100,100,852,639,638,0.7488262910798122,0.99,0,0,0,0.24117370892018775
university,target_71_3421,target,0.25,aps_raw,200,200,852,639,639,0.75,0.99,0,0,0,0.24
university,control_71_3421,control,0.25,distance,1,1,852,852,799,0.937793427230047,0.9174765258215962,0,26,20,0.04465962441314558
university,control_71_3421,control,0.25,distance,20,20,852,852,847,0.994131455399061,0.9863967136150236,0,0,0,0.0077347417840374355
university,control_71_3421,control,0.25,distance,50,50,852,852,849,0.9964788732394366,0.98981220657277,0,0,0,0.006666666666666599
university,control_71_3421,control,0.25,distance,100,100,852,852,850,0.9976525821596244,0.9899765258215962,0,0,0,0.007676056338028148
university,control_71_3421,control,0.25,distance,200,200,852,852,851,0.9988262910798122,0.99,0,0,0,0.008826291079812254
university,control_71_3421,control,0.25,aps_raw,1,1,852,852,799,0.937793427230047,0.9490727699530516,0,0,0,0.01127934272300457
university,control_71_3421,control,0.25,aps_raw,20,20,852,852,847,0.994131455399061,0.981572769953052,0,0,0,0.012558685446009021
university,control_71_3421,control,0.25,aps_raw,50,50,852,852,849,0.9964788732394366,0.99,0,0,0,0.006478873239436633
university,control_71_3421,control,0.25,aps_raw,100,100,852,852,850,0.9976525821596244,0.99,0,0,0,0.007652582159624388
university,control_71_3421,control,0.25,aps_raw,200,200,852,852,851,0.9988262910798122,0.99,0,0,0,0.008826291079812254
university,target_142_3421,target,0.5,distance,1,1,852,426,406,0.4765258215962441,0.9436267605633804,0,165,160,0.47742957746478876
university,target_142_3421,target,0.5,distance,20,20,852,426,425,0.4988262910798122,0.9881455399061034,0,1,1,0.48931924882629124
university,target_142_3421,target,0.5,distance,50,50,852,426,425,0.4988262910798122,0.9899647887323945,0,0,0,0.4911384976525823
university,target_142_3421,target,0.5,distance,100,100,852,426,425,0.4988262910798122,0.99,0,0,0,0.4911737089201878
university,target_142_3421,target,0.5,distance,200,200,852,426,426,0.5,0.99,0,0,0,0.49
university,target_142_3421,target,0.5,aps_raw,1,1,852,426,406,0.4765258215962441,0.9413615023474178,0,0,0,0.46483568075117365
university,target_142_3421,target,0.5,aps_raw,20,20,852,426,425,0.4988262910798122,0.980516431924883,0,0,0,0.48169014084507084
university,target_142_3421,target,0.5,aps_raw,50,50,852,426,425,0.4988262910798122,0.99,0,0,0,0.4911737089201878
university,target_142_3421,target,0.5,aps_raw,100,100,852,426,425,0.4988262910798122,0.99,0,0,0,0.4911737089201878
university,target_142_3421,target,0.5,aps_raw,200,200,852,426,426,0.5,0.99,0,0,0,0.49
university,target_71_3422,target,0.25,distance,1,1,852,639,602,0.7065727699530516,0.9282746478873241,0,98,94,0.25970657276995307
university,target_71_3422,target,0.25,distance,20,20,852,639,636,0.7464788732394366,0.986643192488263,0,2,2,0.24016431924882642
university,target_71_3422,target,0.25,distance,50,50,852,639,636,0.7464788732394366,0.9898708920187793,0,0,0,0.2433920187793427
university,target_71_3422,target,0.25,distance,100,100,852,639,637,0.7476525821596244,0.99,0,0,0,0.2423474178403756
university,target_71_3422,target,0.25,distance,200,200,852,639,638,0.7488262910798122,0.99,0,0,0,0.24117370892018775
university,target_71_3422,target,0.25,aps_raw,1,1,852,639,602,0.7065727699530516,0.9453051643192487,0,0,0,0.2387323943661971
university,target_71_3422,target,0.25,aps_raw,20,20,852,639,636,0.7464788732394366,0.9812558685446012,0,0,0,0.2347769953051646
university,target_71_3422,target,0.25,aps_raw,50,50,852,639,636,0.7464788732394366,0.99,0,0,0,0.24352112676056337
university,target_71_3422,target,0.25,aps_raw,100,100,852,639,637,0.7476525821596244,0.99,0,0,0,0.2423474178403756
university,target_71_3422,target,0.25,aps_raw,200,200,852,639,638,0.7488262910798122,0.99,0,0,0,0.24117370892018775
university,control_71_3422,control,0.25,distance,1,1,852,852,797,0.9354460093896714,0.9152112676056338,0,26,21,0.04633802816901414
university,control_71_3422,control,0.25,distance,20,20,852,852,847,0.994131455399061,0.986267605633803,0,0,0,0.007863849765258002
university,control_71_3422,control,0.25,distance,50,50,852,852,849,0.9964788732394366,0.9897887323943663,0,0,0,0.006690140845070358
university,control_71_3422,control,0.25,distance,100,100,852,852,850,0.9976525821596244,0.9899882629107981,0,0,0,0.007664319248826268
university,control_71_3422,control,0.25,distance,200,200,852,852,851,0.9988262910798122,0.99,0,0,0,0.008826291079812254
university,control_71_3422,control,0.25,aps_raw,1,1,852,852,797,0.9354460093896714,0.9490962441314552,0,0,0,0.01365023474178384
university,control_71_3422,control,0.25,aps_raw,20,20,852,852,847,0.994131455399061,0.9815727699530519,0,0,0,0.012558685446009132
university,control_71_3422,control,0.25,aps_raw,50,50,852,852,849,0.9964788732394366,0.99,0,0,0,0.006478873239436633
university,control_71_3422,control,0.25,aps_raw,100,100,852,852,850,0.9976525821596244,0.99,0,0,0,0.007652582159624388
university,control_71_3422,control,0.25,aps_raw,200,200,852,852,851,0.9988262910798122,0.99,0,0,0,0.008826291079812254
university,target_142_3422,target,0.5,distance,1,1,852,426,406,0.4765258215962441,0.9456455399061033,0,191,187,0.4794014084507045
university,target_142_3422,target,0.5,distance,20,20,852,426,424,0.49765258215962443,0.9882159624413146,0,4,4,0.49056338028169016
university,target_142_3422,target,0.5,distance,50,50,852,426,425,0.4988262910798122,0.9899647887323945,0,1,1,0.4911384976525823
university,target_142_3422,target,0.5,distance,100,100,852,426,425,0.4988262910798122,0.99,0,1,1,0.4911737089201878
university,target_142_3422,target,0.5,distance,200,200,852,426,426,0.5,0.99,0,1,1,0.49
university,target_142_3422,target,0.5,aps_raw,1,1,852,426,406,0.4765258215962441,0.9412441314553989,0,0,0,0.46471830985915474
university,target_142_3422,target,0.5,aps_raw,20,20,852,426,424,0.49765258215962443,0.9805985915492961,0,0,0,0.48294600938967164
university,target_142_3422,target,0.5,aps_raw,50,50,852,426,425,0.4988262910798122,0.99,0,0,0,0.4911737089201878
university,target_142_3422,target,0.5,aps_raw,100,100,852,426,425,0.4988262910798122,0.99,0,0,0,0.4911737089201878
university,target_142_3422,target,0.5,aps_raw,200,200,852,426,426,0.5,0.99,0,0,0,0.49
university,target_71_3423,target,0.25,distance,1,1,852,639,611,0.7171361502347418,0.9286971830985915,0,99,90,0.24146713615023485
university,target_71_3423,target,0.25,distance,20,20,852,639,638,0.7488262910798122,0.9866666666666668,0,5,5,0.23784037558685456
university,target_71_3423,target,0.25,distance,50,50,852,639,639,0.75,0.9898708920187795,0,0,0,0.23987089201877954
university,target_71_3423,target,0.25,distance,100,100,852,639,639,0.75,0.99,0,0,0,0.24
university,target_71_3423,target,0.25,distance,200,200,852,639,639,0.75,0.99,0,0,0,0.24
university,target_71_3423,target,0.25,aps_raw,1,1,852,639,611,0.7171361502347418,0.9458685446009388,0,0,0,0.22873239436619708
university,target_71_3423,target,0.25,aps_raw,20,20,852,639,638,0.7488262910798122,0.9810563380281693,0,0,0,0.23223004694835703
university,target_71_3423,target,0.25,aps_raw,50,50,852,639,639,0.75,0.99,0,0,0,0.24
university,target_71_3423,target,0.25,aps_raw,100,100,852,639,639,0.75,0.99,0,0,0,0.24
university,target_71_3423,target,0.25,aps_raw,200,200,852,639,639,0.75,0.99,0,0,0,0.24
university,control_71_3423,control,0.25,distance,1,1,852,852,799,0.937793427230047,0.9181807511737089,0,26,20,0.04383802816901404
university,control_71_3423,control,0.25,distance,20,20,852,852,847,0.994131455399061,0.9863615023474179,0,0,0,0.007769953051643075
university,control_71_3423,control,0.25,distance,50,50,852,852,849,0.9964788732394366,0.9897887323943663,0,0,0,0.006690140845070358
university,control_71_3423,control,0.25,distance,100,100,852,852,850,0.9976525821596244,0.9899765258215962,0,0,0,0.007676056338028148
university,control_71_3423,control,0.25,distance,200,200,852,852,851,0.9988262910798122,0.99,0,0,0,0.008826291079812254
university,control_71_3423,control,0.25,aps_raw,1,1,852,852,799,0.937793427230047,0.9490375586854459,0,0,0,0.011244131455398931
university,control_71_3423,control,0.25,aps_raw,20,20,852,852,847,0.994131455399061,0.9815610328638501,0,0,0,0.012570422535210901
university,control_71_3423,control,0.25,aps_raw,50,50,852,852,849,0.9964788732394366,0.99,0,0,0,0.006478873239436633
university,control_71_3423,control,0.25,aps_raw,100,100,852,852,850,0.9976525821596244,0.99,0,0,0,0.007652582159624388
university,control_71_3423,control,0.25,aps_raw,200,200,852,852,851,0.9988262910798122,0.99,0,0,0,0.008826291079812254
university,target_142_3423,target,0.5,distance,1,1,852,426,407,0.47769953051643194,0.9415962441314554,0,174,167,0.48119718309859183
university,target_142_3423,target,0.5,distance,20,20,852,426,425,0.4988262910798122,0.9880985915492959,0,6,6,0.4892723004694837
university,target_142_3423,target,0.5,distance,50,50,852,426,426,0.5,0.9899647887323945,0,2,1,0.48996478873239446
university,target_142_3423,target,0.5,distance,100,100,852,426,426,0.5,0.99,0,2,1,0.49
university,target_142_3423,target,0.5,distance,200,200,852,426,426,0.5,0.99,0,2,1,0.49
university,target_142_3423,target,0.5,aps_raw,1,1,852,426,407,0.47769953051643194,0.9414319248826291,0,0,0,0.4637323943661971
university,target_142_3423,target,0.5,aps_raw,20,20,852,426,425,0.4988262910798122,0.9804342723004698,0,0,0,0.48160798122065757
university,target_142_3423,target,0.5,aps_raw,50,50,852,426,426,0.5,0.99,0,0,0,0.49
university,target_142_3423,target,0.5,aps_raw,100,100,852,426,426,0.5,0.99,0,0,0,0.49
university,target_142_3423,target,0.5,aps_raw,200,200,852,426,426,0.5,0.99,0,0,0,0.49
university,target_71_3424,target,0.25,distance,1,1,852,639,601,0.7053990610328639,0.9320305164319249,0,106,98,0.25259389671361504
university,target_71_3424,target,0.25,distance,20,20,852,639,635,0.7453051643192489,0.9866197183098593,0,4,4,0.24131455399061041
university,target_71_3424,target,0.25,distance,50,50,852,639,636,0.7464788732394366,0.9899178403755869,0,1,1,0.24343896713615032
university,target_71_3424,target,0.25,distance,100,100,852,639,637,0.7476525821596244,0.9899882629107981,0,1,1,0.24233568075117373
university,target_71_3424,target,0.25,distance,200,200,852,639,638,0.7488262910798122,0.99,0,1,1,0.24117370892018775
university,target_71_3424,target,0.25,aps_raw,1,1,852,639,601,0.7053990610328639,0.9452934272300468,0,0,0,0.23989436619718296
university,target_71_3424,target,0.25,aps_raw,20,20,852,639,635,0.7453051643192489,0.9812676056338032,0,0,0,0.23596244131455435
university,target_71_3424,target,0.25,aps_raw,50,50,852,639,636,0.7464788732394366,0.99,0,0,0,0.24352112676056337
university,target_71_3424,target,0.25,aps_raw,100,100,852,639,637,0.7476525821596244,0.99,0,0,0,0.2423474178403756
university,target_71_3424,target,0.25,aps_raw,200,200,852,639,638,0.7488262910798122,0.99,0,0,0,0.24117370892018775
university,control_71_3424,control,0.25,distance,1,1,852,852,798,0.9366197183098591,0.9164436619718309,0,27,20,0.0443309859154929
university,control_71_3424,control,0.25,distance,20,20,852,852,847,0.994131455399061,0.986255868544601,0,0,0,0.007875586854459993
university,control_71_3424,control,0.25,distance,50,50,852,852,849,0.9964788732394366,0.9897887323943663,0,0,0,0.006690140845070358
university,control_71_3424,control,0.25,distance,100,100,852,852,850,0.9976525821596244,0.9899765258215962,0,0,0,0.007676056338028148
university,control_71_3424,control,0.25,distance,200,200,852,852,851,0.9988262910798122,0.99,0,0,0,0.008826291079812254
university,control_71_3424,control,0.25,aps_raw,1,1,852,852,798,0.9366197183098591,0.9490610328638497,0,0,0,0.012441314553990557
university,control_71_3424,control,0.25,aps_raw,20,20,852,852,847,0.994131455399061,0.9816197183098593,0,0,0,0.012511737089201724
university,control_71_3424,control,0.25,aps_raw,50,50,852,852,849,0.9964788732394366,0.99,0,0,0,0.006478873239436633
university,control_71_3424,control,0.25,aps_raw,100,100,852,852,850,0.9976525821596244,0.99,0,0,0,0.007652582159624388
university,control_71_3424,control,0.25,aps_raw,200,200,852,852,851,0.9988262910798122,0.99,0,0,0,0.008826291079812254
university,target_142_3424,target,0.5,distance,1,1,852,426,401,0.4706572769953052,0.9506690140845071,0,179,173,0.48473004694835675
university,target_142_3424,target,0.5,distance,20,20,852,426,422,0.4953051643192488,0.9881924882629108,0,5,5,0.492887323943662
university,target_142_3424,target,0.5,distance,50,50,852,426,424,0.49765258215962443,0.9899647887323945,0,4,4,0.49231220657277003
university,target_142_3424,target,0.5,distance,100,100,852,426,424,0.49765258215962443,0.99,0,4,4,0.49234741784037556
university,target_142_3424,target,0.5,distance,200,200,852,426,426,0.5,0.99,0,4,4,0.49
university,target_142_3424,target,0.5,aps_raw,1,1,852,426,401,0.4706572769953052,0.9412441314553989,0,0,0,0.4705868544600937
university,target_142_3424,target,0.5,aps_raw,20,20,852,426,422,0.4953051643192488,0.9803755868544605,0,0,0,0.48507042253521165
university,target_142_3424,target,0.5,aps_raw,50,50,852,426,424,0.49765258215962443,0.99,0,0,0,0.49234741784037556
university,target_142_3424,target,0.5,aps_raw,100,100,852,426,424,0.49765258215962443,0.99,0,0,0,0.49234741784037556
university,target_142_3424,target,0.5,aps_raw,200,200,852,426,426,0.5,0.99,0,0,0,0.49
university,target_71_3425,target,0.25,distance,1,1,852,639,605,0.710093896713615,0.9317253521126759,0,85,77,0.250575117370892
university,target_71_3425,target,0.25,distance,20,20,852,639,635,0.7453051643192489,0.9866901408450706,0,1,1,0.2413849765258217
university,target_71_3425,target,0.25,distance,50,50,852,639,636,0.7464788732394366,0.9898591549295777,0,0,0,0.24338028169014103
university,target_71_3425,target,0.25,distance,100,100,852,639,637,0.7476525821596244,0.99,0,0,0,0.2423474178403756
university,target_71_3425,target,0.25,distance,200,200,852,639,638,0.7488262910798122,0.99,0,0,0,0.24117370892018775
university,target_71_3425,target,0.25,aps_raw,1,1,852,639,605,0.710093896713615,0.9452699530516431,0,0,0,0.23517605633802807
university,target_71_3425,target,0.25,aps_raw,20,20,852,639,635,0.7453051643192489,0.98118544600939,0,0,0,0.23588028169014108
university,target_71_3425,target,0.25,aps_raw,50,50,852,639,636,0.7464788732394366,0.99,0,0,0,0.24352112676056337
university,target_71_3425,target,0.25,aps_raw,100,100,852,639,637,0.7476525821596244,0.99,0,0,0,0.2423474178403756
university,target_71_3425,target,0.25,aps_raw,200,200,852,639,638,0.7488262910798122,0.99,0,0,0,0.24117370892018775
university,control_71_3425,control,0.25,distance,1,1,852,852,799,0.937793427230047,0.9198122065727701,0,26,20,0.04131455399061036
university,control_71_3425,control,0.25,distance,20,20,852,852,847,0.994131455399061,0.9862558685446011,0,0,0,0.007875586854459882
university,control_71_3425,control,0.25,distance,50,50,852,852,849,0.9964788732394366,0.9897769953051644,0,0,0,0.006701877934272238
university,control_71_3425,control,0.25,distance,100,100,852,852,850,0.9976525821596244,0.9899765258215962,0,0,0,0.007676056338028148
university,control_71_3425,control,0.25,distance,200,200,852,852,851,0.9988262910798122,0.99,0,0,0,0.008826291079812254
university,control_71_3425,control,0.25,aps_raw,1,1,852,852,799,0.937793427230047,0.9490492957746478,0,0,0,0.011255868544600811
university,control_71_3425,control,0.25,aps_raw,20,20,852,852,847,0.994131455399061,0.9815845070422539,0,0,0,0.012546948356807142
university,control_71_3425,control,0.25,aps_raw,50,50,852,852,849,0.9964788732394366,0.99,0,0,0,0.006478873239436633
university,control_71_3425,control,0.25,aps_raw,100,100,852,852,850,0.9976525821596244,0.99,0,0,0,0.007652582159624388
university,control_71_3425,control,0.25,aps_raw,200,200,852,852,851,0.9988262910798122,0.99,0,0,0,0.008826291079812254
university,target_142_3425,target,0.5,distance,1,1,852,426,412,0.4835680751173709,0.952992957746479,0,168,165,0.4756455399061033
university,target_142_3425,target,0.5,distance,20,20,852,426,426,0.5,0.987992957746479,0,2,2,0.487992957746479
university,target_142_3425,target,0.5,distance,50,50,852,426,426,0.5,0.9899530516431926,0,2,2,0.4899530516431926
university,target_142_3425,target,0.5,distance,100,100,852,426,426,0.5,0.99,0,2,2,0.49
university,target_142_3425,target,0.5,distance,200,200,852,426,426,0.5,0.99,0,2,2,0.49
university,target_142_3425,target,0.5,aps_raw,1,1,852,426,412,0.4835680751173709,0.9409741784037556,0,0,0,0.45740610328638476
university,target_142_3425,target,0.5,aps_raw,20,20,852,426,426,0.5,0.9805751173708923,0,0,0,0.4805751173708923
university,target_142_3425,target,0.5,aps_raw,50,50,852,426,426,0.5,0.99,0,0,0,0.49
university,target_142_3425,target,0.5,aps_raw,100,100,852,426,426,0.5,0.99,0,0,0,0.49
university,target_142_3425,target,0.5,aps_raw,200,200,852,426,426,0.5,0.99,0,0,0,0.49
university,target_71_3426,target,0.25,distance,1,1,852,639,608,0.7136150234741784,0.9303521126760563,0,83,76,0.2524178403755868
university,target_71_3426,target,0.25,distance,20,20,852,639,635,0.7453051643192489,0.9867136150234742,0,2,2,0.24140845070422534
university,target_71_3426,target,0.25,distance,50,50,852,639,636,0.7464788732394366,0.9898356807511738,0,1,1,0.24335680751173716
university,target_71_3426,target,0.25,distance,100,100,852,639,637,0.7476525821596244,0.9899882629107981,0,1,1,0.24233568075117373
university,target_71_3426,target,0.25,distance,200,200,852,639,639,0.75,0.99,0,1,1,0.24
university,target_71_3426,target,0.25,aps_raw,1,1,852,639,608,0.7136150234741784,0.9455281690140843,0,0,0,0.23191314553990594
university,target_71_3426,target,0.25,aps_raw,20,20,852,639,635,0.7453051643192489,0.9811502347417844,0,0,0,0.23584507042253555
university,target_71_3426,target,0.25,aps_raw,50,50,852,639,636,0.7464788732394366,0.99,0,0,0,0.24352112676056337
university,target_71_3426,target,0.25,aps_raw,100,100,852,639,637,0.7476525821596244,0.99,0,0,0,0.2423474178403756
university,target_71_3426,target,0.25,aps_raw,200,200,852,639,639,0.75,0.99,0,0,0,0.24
university,control_71_3426,control,0.25,distance,1,1,852,852,797,0.9354460093896714,0.9156103286384977,0,27,21,0.046431924882629094
university,control_71_3426,control,0.25,distance,20,20,852,852,847,0.994131455399061,0.9862089201877936,0,0,0,0.0079225352112674
university,control_71_3426,control,0.25,distance,50,50,852,852,849,0.9964788732394366,0.9897769953051644,0,0,0,0.006701877934272238
university,control_71_3426,control,0.25,distance,100,100,852,852,850,0.9976525821596244,0.9899765258215962,0,0,0,0.007676056338028148
university,control_71_3426,control,0.25,distance,200,200,852,852,851,0.9988262910798122,0.99,0,0,0,0.008826291079812254
university,control_71_3426,control,0.25,aps_raw,1,1,852,852,797,0.9354460093896714,0.9491079812206571,0,0,0,0.01366197183098572
university,control_71_3426,control,0.25,aps_raw,20,20,852,852,847,0.994131455399061,0.9816314553990614,0,0,0,0.012499999999999623
university,control_71_3426,control,0.25,aps_raw,50,50,852,852,849,0.9964788732394366,0.99,0,0,0,0.006478873239436633
university,control_71_3426,control,0.25,aps_raw,100,100,852,852,850,0.9976525821596244,0.99,0,0,0,0.007652582159624388
university,control_71_3426,control,0.25,aps_raw,200,200,852,852,851,0.9988262910798122,0.99,0,0,0,0.008826291079812254
university,target_142_3426,target,0.5,distance,1,1,852,426,407,0.47769953051643194,0.9444953051643193,0,196,190,0.47818075117370906
university,target_142_3426,target,0.5,distance,20,20,852,426,425,0.4988262910798122,0.9881690140845071,0,8,8,0.4893427230046949
university,target_142_3426,target,0.5,distance,50,50,852,426,426,0.5,0.9899647887323945,0,4,4,0.48996478873239446
university,target_142_3426,target,0.5,distance,100,100,852,426,426,0.5,0.99,0,4,4,0.49
university,target_142_3426,target,0.5,distance,200,200,852,426,426,0.5,0.99,0,4,4,0.49
university,target_142_3426,target,0.5,aps_raw,1,1,852,426,407,0.47769953051643194,0.940845070422535,0,0,0,0.463145539906103
university,target_142_3426,target,0.5,aps_raw,20,20,852,426,425,0.4988262910798122,0.9804577464788736,0,0,0,0.48163145539906144
university,target_142_3426,target,0.5,aps_raw,50,50,852,426,426,0.5,0.99,0,0,0,0.49
university,target_142_3426,target,0.5,aps_raw,100,100,852,426,426,0.5,0.99,0,0,0,0.49
university,target_142_3426,target,0.5,aps_raw,200,200,852,426,426,0.5,0.99,0,0,0,0.49
sues,full,full,0.0,distance,1,1,1428,1428,1169,0.8186274509803921,0.8292296918767507,0,47,36,0.10253501400560223
sues,full,full,0.0,distance,20,20,1428,1428,1413,0.9894957983193278,0.9733333333333334,0,6,1,0.016162464985994385
sues,full,full,0.0,distance,50,50,1428,1428,1427,0.9992997198879552,0.9875630252100842,0,6,0,0.011736694677870974
sues,full,full,0.0,distance,100,100,1428,1428,1428,1.0,0.9900000000000002,0,6,0,0.009999999999999787
sues,full,full,0.0,distance,200,200,1428,1428,1428,1.0,0.9900000000000002,0,6,0,0.009999999999999787
sues,full,full,0.0,aps_raw,1,1,1428,1428,1169,0.8186274509803921,0.8776470588235296,0,0,0,0.0840896358543417
sues,full,full,0.0,aps_raw,20,20,1428,1428,1413,0.9894957983193278,0.9853641456582636,0,0,0,0.004131652661064189
sues,full,full,0.0,aps_raw,50,50,1428,1428,1427,0.9992997198879552,0.9900000000000002,0,0,0,0.009299719887954971
sues,full,full,0.0,aps_raw,100,100,1428,1428,1428,1.0,0.9900000000000002,0,0,0,0.009999999999999787
sues,full,full,0.0,aps_raw,200,200,1428,1428,1428,1.0,0.9900000000000002,0,0,0,0.009999999999999787
sues,target_25_290928,target,0.25,distance,1,1,1428,1068,896,0.6274509803921569,0.8503151260504201,0,82,75,0.24957282913165268
sues,target_25_290928,target,0.25,distance,20,20,1428,1068,1061,0.7429971988795518,0.9779621848739497,0,11,5,0.23496498599439786
sues,target_25_290928,target,0.25,distance,50,50,1428,1068,1068,0.7478991596638656,0.9888305322128853,0,11,5,0.24093137254901975
sues,target_25_290928,target,0.25,distance,100,100,1428,1068,1068,0.7478991596638656,0.9900000000000002,0,11,5,0.24210084033613466
sues,target_25_290928,target,0.25,distance,200,162,1428,1068,1068,0.7478991596638656,0.9900000000000002,0,11,5,0.24210084033613466
sues,target_25_290928,target,0.25,aps_raw,1,1,1428,1068,896,0.6274509803921569,0.8740196078431371,0,0,0,0.2566526610644256
sues,target_25_290928,target,0.25,aps_raw,20,20,1428,1068,1061,0.7429971988795518,0.9843767507002803,0,0,0,0.24137955182072846
sues,target_25_290928,target,0.25,aps_raw,50,50,1428,1068,1068,0.7478991596638656,0.9900000000000002,0,0,0,0.24210084033613466
sues,target_25_290928,target,0.25,aps_raw,100,100,1428,1068,1068,0.7478991596638656,0.9900000000000002,0,0,0,0.24210084033613466
sues,target_25_290928,target,0.25,aps_raw,200,162,1428,1068,1068,0.7478991596638656,0.9900000000000002,0,0,0,0.24210084033613466
sues,target_50_290928,target,0.5,distance,1,1,1428,708,602,0.4215686274509804,0.8685854341736694,0,122,120,0.4550560224089637
sues,target_50_290928,target,0.5,distance,20,20,1428,708,708,0.4957983193277311,0.9816596638655462,0,20,16,0.4858613445378152
sues,target_50_290928,target,0.5,distance,50,50,1428,708,708,0.4957983193277311,0.989670868347339,0,20,16,0.49387254901960786
sues,target_50_290928,target,0.5,distance,100,100,1428,708,708,0.4957983193277311,0.9900000000000002,0,20,16,0.4942016806722691
sues,target_50_290928,target,0.5,distance,200,124,1428,708,708,0.4957983193277311,0.9900000000000002,0,20,16,0.4942016806722691
sues,target_50_290928,target,0.5,aps_raw,1,1,1428,708,602,0.4215686274509804,0.8709803921568628,0,0,0,0.45263305322128866
sues,target_50_290928,target,0.5,aps_raw,20,20,1428,708,708,0.4957983193277311,0.9834943977591039,0,0,0,0.48769607843137275
sues,target_50_290928,target,0.5,aps_raw,50,50,1428,708,708,0.4957983193277311,0.9900000000000002,0,0,0,0.4942016806722691
sues,target_50_290928,target,0.5,aps_raw,100,100,1428,708,708,0.4957983193277311,0.9900000000000002,0,0,0,0.4942016806722691
sues,target_50_290928,target,0.5,aps_raw,200,124,1428,708,708,0.4957983193277311,0.9900000000000002,0,0,0,0.4942016806722691
sues,control_25_290928,control,0.25,distance,1,1,1428,1428,1201,0.8410364145658263,0.8427731092436975,0,50,36,0.08988795518207285
sues,control_25_290928,control,0.25,distance,20,20,1428,1428,1420,0.9943977591036415,0.9782422969187677,0,6,0,0.016155462184873907
sues,control_25_290928,control,0.25,distance,50,50,1428,1428,1428,1.0,0.9890336134453782,0,6,0,0.010966386554621788
sues,control_25_290928,control,0.25,distance,100,100,1428,1428,1428,1.0,0.9900000000000002,0,6,0,0.009999999999999787
sues,control_25_290928,control,0.25,distance,200,162,1428,1428,1428,1.0,0.9900000000000002,0,6,0,0.009999999999999787
sues,control_25_290928,control,0.25,aps_raw,1,1,1428,1428,1201,0.8410364145658263,0.8769047619047621,0,0,0,0.05939775910364134
sues,control_25_290928,control,0.25,aps_raw,20,20,1428,1428,1420,0.9943977591036415,0.98468487394958,0,0,0,0.009712885154061435
sues,control_25_290928,control,0.25,aps_raw,50,50,1428,1428,1428,1.0,0.9900000000000002,0,0,0,0.009999999999999787
sues,control_25_290928,control,0.25,aps_raw,100,100,1428,1428,1428,1.0,0.9900000000000002,0,0,0,0.009999999999999787
sues,control_25_290928,control,0.25,aps_raw,200,162,1428,1428,1428,1.0,0.9900000000000002,0,0,0,0.009999999999999787
sues,target_25_290929,target,0.25,distance,1,1,1428,1068,888,0.6218487394957983,0.8504831932773109,0,91,84,0.25098739495798317
sues,target_25_290929,target,0.25,distance,20,20,1428,1068,1064,0.7450980392156863,0.9779061624649862,0,19,15,0.23280812324929975
sues,target_25_290929,target,0.25,distance,50,50,1428,1068,1068,0.7478991596638656,0.9889635854341737,0,19,15,0.24106442577030818
sues,target_25_290929,target,0.25,distance,100,100,1428,1068,1068,0.7478991596638656,0.9900000000000002,0,19,15,0.24210084033613466
sues,target_25_290929,target,0.25,distance,200,162,1428,1068,1068,0.7478991596638656,0.9900000000000002,0,19,15,0.24210084033613466
sues,target_25_290929,target,0.25,aps_raw,1,1,1428,1068,888,0.6218487394957983,0.8747619047619049,0,0,0,0.26355742296918766
sues,target_25_290929,target,0.25,aps_raw,20,20,1428,1068,1064,0.7450980392156863,0.9845238095238096,0,0,0,0.2394257703081233
sues,target_25_290929,target,0.25,aps_raw,50,50,1428,1068,1068,0.7478991596638656,0.9900000000000002,0,0,0,0.24210084033613466
sues,target_25_290929,target,0.25,aps_raw,100,100,1428,1068,1068,0.7478991596638656,0.9900000000000002,0,0,0,0.24210084033613466
sues,target_25_290929,target,0.25,aps_raw,200,162,1428,1068,1068,0.7478991596638656,0.9900000000000002,0,0,0,0.24210084033613466
sues,target_50_290929,target,0.5,distance,1,1,1428,708,589,0.41246498599439774,0.8717927170868348,0,146,140,0.47046218487394953
sues,target_50_290929,target,0.5,distance,20,20,1428,708,704,0.49299719887955185,0.9820588235294119,0,37,34,0.48906162464985997
sues,target_50_290929,target,0.5,distance,50,50,1428,708,708,0.4957983193277311,0.9897759103641457,0,37,34,0.4939775910364146
sues,target_50_290929,target,0.5,distance,100,100,1428,708,708,0.4957983193277311,0.9900000000000002,0,37,34,0.4942016806722691
sues,target_50_290929,target,0.5,distance,200,124,1428,708,708,0.4957983193277311,0.9900000000000002,0,37,34,0.4942016806722691
sues,target_50_290929,target,0.5,aps_raw,1,1,1428,708,589,0.41246498599439774,0.8716386554621849,0,0,0,0.46505602240896354
sues,target_50_290929,target,0.5,aps_raw,20,20,1428,708,704,0.49299719887955185,0.9836274509803924,0,0,0,0.49063025210084055
sues,target_50_290929,target,0.5,aps_raw,50,50,1428,708,708,0.4957983193277311,0.9900000000000002,0,0,0,0.4942016806722691
sues,target_50_290929,target,0.5,aps_raw,100,100,1428,708,708,0.4957983193277311,0.9900000000000002,0,0,0,0.4942016806722691
sues,target_50_290929,target,0.5,aps_raw,200,124,1428,708,708,0.4957983193277311,0.9900000000000002,0,0,0,0.4942016806722691
sues,control_25_290929,control,0.25,distance,1,1,1428,1428,1194,0.8361344537815126,0.8444887955182073,0,50,37,0.0957072829131653
sues,control_25_290929,control,0.25,distance,20,20,1428,1428,1420,0.9943977591036415,0.9788305322128852,0,6,0,0.015567226890756252
sues,control_25_290929,control,0.25,distance,50,50,1428,1428,1428,1.0,0.9891176470588235,0,6,0,0.010882352941176454
sues,control_25_290929,control,0.25,distance,100,100,1428,1428,1428,1.0,0.9900000000000002,0,6,0,0.009999999999999787
sues,control_25_290929,control,0.25,distance,200,162,1428,1428,1428,1.0,0.9900000000000002,0,6,0,0.009999999999999787
sues,control_25_290929,control,0.25,aps_raw,1,1,1428,1428,1194,0.8361344537815126,0.8770168067226891,0,0,0,0.06385154061624652
sues,control_25_290929,control,0.25,aps_raw,20,20,1428,1428,1420,0.9943977591036415,0.9846568627450983,0,0,0,0.009740896358543139
sues,control_25_290929,control,0.25,aps_raw,50,50,1428,1428,1428,1.0,0.9900000000000002,0,0,0,0.009999999999999787
sues,control_25_290929,control,0.25,aps_raw,100,100,1428,1428,1428,1.0,0.9900000000000002,0,0,0,0.009999999999999787
sues,control_25_290929,control,0.25,aps_raw,200,162,1428,1428,1428,1.0,0.9900000000000002,0,0,0,0.009999999999999787
sues,target_25_290930,target,0.25,distance,1,1,1428,1068,869,0.6085434173669467,0.8482703081232492,0,99,90,0.2735504201680673
sues,target_25_290930,target,0.25,distance,20,20,1428,1068,1064,0.7450980392156863,0.9771848739495799,0,6,1,0.23240896358543423
sues,target_25_290930,target,0.25,distance,50,50,1428,1068,1068,0.7478991596638656,0.988795518207283,0,6,0,0.2408963585434174
sues,target_25_290930,target,0.25,distance,100,100,1428,1068,1068,0.7478991596638656,0.9900000000000002,0,6,0,0.24210084033613466
sues,target_25_290930,target,0.25,distance,200,162,1428,1068,1068,0.7478991596638656,0.9900000000000002,0,6,0,0.24210084033613466
sues,target_25_290930,target,0.25,aps_raw,1,1,1428,1068,869,0.6085434173669467,0.8739705882352943,0,0,0,0.28041316526610643
sues,target_25_290930,target,0.25,aps_raw,20,20,1428,1068,1064,0.7450980392156863,0.9844957983193279,0,0,0,0.23939775910364158
sues,target_25_290930,target,0.25,aps_raw,50,50,1428,1068,1068,0.7478991596638656,0.9900000000000002,0,0,0,0.24210084033613466
sues,target_25_290930,target,0.25,aps_raw,100,100,1428,1068,1068,0.7478991596638656,0.9900000000000002,0,0,0,0.24210084033613466
sues,target_25_290930,target,0.25,aps_raw,200,162,1428,1068,1068,0.7478991596638656,0.9900000000000002,0,0,0,0.24210084033613466
sues,target_50_290930,target,0.5,distance,1,1,1428,708,601,0.4208683473389356,0.8706232492997199,0,143,139,0.4526540616246499
sues,target_50_290930,target,0.5,distance,20,20,1428,708,706,0.4943977591036415,0.9810224089635855,0,23,23,0.4866246498599441
sues,target_50_290930,target,0.5,distance,50,50,1428,708,708,0.4957983193277311,0.9896638655462185,0,23,23,0.49386554621848744
sues,target_50_290930,target,0.5,distance,100,100,1428,708,708,0.4957983193277311,0.9900000000000002,0,23,23,0.4942016806722691
sues,target_50_290930,target,0.5,distance,200,124,1428,708,708,0.4957983193277311,0.9900000000000002,0,23,23,0.4942016806722691
sues,target_50_290930,target,0.5,aps_raw,1,1,1428,708,601,0.4208683473389356,0.8713795518207282,0,0,0,0.4556932773109244
sues,target_50_290930,target,0.5,aps_raw,20,20,1428,708,706,0.4943977591036415,0.9836904761904763,0,0,0,0.48929271708683486
sues,target_50_290930,target,0.5,aps_raw,50,50,1428,708,708,0.4957983193277311,0.9900000000000002,0,0,0,0.4942016806722691
sues,target_50_290930,target,0.5,aps_raw,100,100,1428,708,708,0.4957983193277311,0.9900000000000002,0,0,0,0.4942016806722691
sues,target_50_290930,target,0.5,aps_raw,200,124,1428,708,708,0.4957983193277311,0.9900000000000002,0,0,0,0.4942016806722691
sues,control_25_290930,control,0.25,distance,1,1,1428,1428,1204,0.8431372549019608,0.8407492997198881,0,51,37,0.08918067226890751
sues,control_25_290930,control,0.25,distance,20,20,1428,1428,1420,0.9943977591036415,0.9780952380952382,0,6,0,0.016302521008403202
sues,control_25_290930,control,0.25,distance,50,50,1428,1428,1428,1.0,0.988984593837535,0,6,0,0.011015406162464991
sues,control_25_290930,control,0.25,distance,100,100,1428,1428,1428,1.0,0.9900000000000002,0,6,0,0.009999999999999787
sues,control_25_290930,control,0.25,distance,200,162,1428,1428,1428,1.0,0.9900000000000002,0,6,0,0.009999999999999787
sues,control_25_290930,control,0.25,aps_raw,1,1,1428,1428,1204,0.8431372549019608,0.876981792717087,0,0,0,0.05779411764705868
sues,control_25_290930,control,0.25,aps_raw,20,20,1428,1428,1420,0.9943977591036415,0.9846568627450981,0,0,0,0.00974089635854336
sues,control_25_290930,control,0.25,aps_raw,50,50,1428,1428,1428,1.0,0.9900000000000002,0,0,0,0.009999999999999787
sues,control_25_290930,control,0.25,aps_raw,100,100,1428,1428,1428,1.0,0.9900000000000002,0,0,0,0.009999999999999787
sues,control_25_290930,control,0.25,aps_raw,200,162,1428,1428,1428,1.0,0.9900000000000002,0,0,0,0.009999999999999787
sues,target_25_290931,target,0.25,distance,1,1,1428,1068,871,0.6099439775910365,0.8523459383753502,0,83,76,0.2798809523809524
sues,target_25_290931,target,0.25,distance,20,20,1428,1068,1062,0.7436974789915967,0.9775420168067229,0,12,8,0.2395028011204482
sues,target_25_290931,target,0.25,distance,50,50,1428,1068,1068,0.7478991596638656,0.9888865546218488,0,12,7,0.24098739495798327
sues,target_25_290931,target,0.25,distance,100,100,1428,1068,1068,0.7478991596638656,0.9900000000000002,0,12,7,0.24210084033613466
sues,target_25_290931,target,0.25,distance,200,162,1428,1068,1068,0.7478991596638656,0.9900000000000002,0,12,7,0.24210084033613466
sues,target_25_290931,target,0.25,aps_raw,1,1,1428,1068,871,0.6099439775910365,0.8740686274509802,0,0,0,0.2784103641456581
sues,target_25_290931,target,0.25,aps_raw,20,20,1428,1068,1062,0.7436974789915967,0.9843697478991599,0,0,0,0.2406722689075632
sues,target_25_290931,target,0.25,aps_raw,50,50,1428,1068,1068,0.7478991596638656,0.9900000000000002,0,0,0,0.24210084033613466
sues,target_25_290931,target,0.25,aps_raw,100,100,1428,1068,1068,0.7478991596638656,0.9900000000000002,0,0,0,0.24210084033613466
sues,target_25_290931,target,0.25,aps_raw,200,162,1428,1068,1068,0.7478991596638656,0.9900000000000002,0,0,0,0.24210084033613466
sues,target_50_290931,target,0.5,distance,1,1,1428,708,570,0.39915966386554624,0.8804761904761906,0,126,120,0.4861064425770309
sues,target_50_290931,target,0.5,distance,20,20,1428,708,704,0.49299719887955185,0.9832422969187676,0,18,13,0.4902450980392156
sues,target_50_290931,target,0.5,distance,50,50,1428,708,708,0.4957983193277311,0.9898879551820728,0,18,13,0.49408963585434174
sues,target_50_290931,target,0.5,distance,100,100,1428,708,708,0.4957983193277311,0.9900000000000002,0,18,13,0.4942016806722691
sues,target_50_290931,target,0.5,distance,200,124,1428,708,708,0.4957983193277311,0.9900000000000002,0,18,13,0.4942016806722691
sues,target_50_290931,target,0.5,aps_raw,1,1,1428,708,570,0.39915966386554624,0.8704201680672269,0,0,0,0.47672268907563026
sues,target_50_290931,target,0.5,aps_raw,20,20,1428,708,704,0.49299719887955185,0.9831862745098041,0,0,0,0.49018907563025227
sues,target_50_290931,target,0.5,aps_raw,50,50,1428,708,708,0.4957983193277311,0.9900000000000002,0,0,0,0.4942016806722691
sues,target_50_290931,target,0.5,aps_raw,100,100,1428,708,708,0.4957983193277311,0.9900000000000002,0,0,0,0.4942016806722691
sues,target_50_290931,target,0.5,aps_raw,200,124,1428,708,708,0.4957983193277311,0.9900000000000002,0,0,0,0.4942016806722691
sues,control_25_290931,control,0.25,distance,1,1,1428,1428,1201,0.8410364145658263,0.8472408963585434,0,48,35,0.08726890756302527
sues,control_25_290931,control,0.25,distance,20,20,1428,1428,1419,0.9936974789915967,0.9786764705882354,0,6,1,0.015021008403361288
sues,control_25_290931,control,0.25,distance,50,50,1428,1428,1428,1.0,0.9891036414565827,0,6,0,0.010896358543417306
sues,control_25_290931,control,0.25,distance,100,100,1428,1428,1428,1.0,0.9900000000000002,0,6,0,0.009999999999999787
sues,control_25_290931,control,0.25,distance,200,162,1428,1428,1428,1.0,0.9900000000000002,0,6,0,0.009999999999999787
sues,control_25_290931,control,0.25,aps_raw,1,1,1428,1428,1201,0.8410364145658263,0.8768697478991597,0,0,0,0.05866246498599431
sues,control_25_290931,control,0.25,aps_raw,20,20,1428,1428,1419,0.9936974789915967,0.9845518207282915,0,0,0,0.009145658263305156
sues,control_25_290931,control,0.25,aps_raw,50,50,1428,1428,1428,1.0,0.9900000000000002,0,0,0,0.009999999999999787
sues,control_25_290931,control,0.25,aps_raw,100,100,1428,1428,1428,1.0,0.9900000000000002,0,0,0,0.009999999999999787
sues,control_25_290931,control,0.25,aps_raw,200,162,1428,1428,1428,1.0,0.9900000000000002,0,0,0,0.009999999999999787
sues,target_25_290932,target,0.25,distance,1,1,1428,1068,883,0.6183473389355743,0.8483053221288516,0,86,78,0.2768207282913166
sues,target_25_290932,target,0.25,distance,20,20,1428,1068,1059,0.7415966386554622,0.9771288515406163,0,11,8,0.2361064425770308
sues,target_25_290932,target,0.25,distance,50,50,1428,1068,1068,0.7478991596638656,0.9887535014005603,0,11,8,0.24085434173669473
sues,target_25_290932,target,0.25,distance,100,100,1428,1068,1068,0.7478991596638656,0.9900000000000002,0,11,8,0.24210084033613466
sues,target_25_290932,target,0.25,distance,200,162,1428,1068,1068,0.7478991596638656,0.9900000000000002,0,11,8,0.24210084033613466
sues,target_25_290932,target,0.25,aps_raw,1,1,1428,1068,883,0.6183473389355743,0.874796918767507,0,0,0,0.2738165266106441
sues,target_25_290932,target,0.25,aps_raw,20,20,1428,1068,1059,0.7415966386554622,0.9844607843137256,0,0,0,0.24286414565826342
sues,target_25_290932,target,0.25,aps_raw,50,50,1428,1068,1068,0.7478991596638656,0.9900000000000002,0,0,0,0.24210084033613466
sues,target_25_290932,target,0.25,aps_raw,100,100,1428,1068,1068,0.7478991596638656,0.9900000000000002,0,0,0,0.24210084033613466
sues,target_25_290932,target,0.25,aps_raw,200,162,1428,1068,1068,0.7478991596638656,0.9900000000000002,0,0,0,0.24210084033613466
sues,target_50_290932,target,0.5,distance,1,1,1428,708,582,0.40756302521008403,0.864467787114846,0,157,149,0.4796498599439775
sues,target_50_290932,target,0.5,distance,20,20,1428,708,703,0.49229691876750703,0.9817296918767507,0,16,14,0.4894327731092438
sues,target_50_290932,target,0.5,distance,50,50,1428,708,708,0.4957983193277311,0.9897408963585436,0,16,14,0.49394257703081246
sues,target_50_290932,target,0.5,distance,100,100,1428,708,708,0.4957983193277311,0.9900000000000002,0,16,14,0.4942016806722691
sues,target_50_290932,target,0.5,distance,200,124,1428,708,708,0.4957983193277311,0.9900000000000002,0,16,14,0.4942016806722691
sues,target_50_290932,target,0.5,aps_raw,1,1,1428,708,582,0.40756302521008403,0.8711414565826332,0,0,0,0.47002100840336153
sues,target_50_290932,target,0.5,aps_raw,20,20,1428,708,703,0.49229691876750703,0.9835154061624651,0,0,0,0.4912184873949581
sues,target_50_290932,target,0.5,aps_raw,50,50,1428,708,708,0.4957983193277311,0.9900000000000002,0,0,0,0.4942016806722691
sues,target_50_290932,target,0.5,aps_raw,100,100,1428,708,708,0.4957983193277311,0.9900000000000002,0,0,0,0.4942016806722691
sues,target_50_290932,target,0.5,aps_raw,200,124,1428,708,708,0.4957983193277311,0.9900000000000002,0,0,0,0.4942016806722691
sues,control_25_290932,control,0.25,distance,1,1,1428,1428,1205,0.8438375350140056,0.8489775910364147,0,53,40,0.0853921568627451
sues,control_25_290932,control,0.25,distance,20,20,1428,1428,1421,0.9950980392156863,0.9786134453781513,0,6,0,0.01648459383753478
sues,control_25_290932,control,0.25,distance,50,50,1428,1428,1428,1.0,0.9890686274509805,0,6,0,0.010931372549019547
sues,control_25_290932,control,0.25,distance,100,100,1428,1428,1428,1.0,0.9900000000000002,0,6,0,0.009999999999999787
sues,control_25_290932,control,0.25,distance,200,162,1428,1428,1428,1.0,0.9900000000000002,0,6,0,0.009999999999999787
sues,control_25_290932,control,0.25,aps_raw,1,1,1428,1428,1205,0.8438375350140056,0.8767226890756302,0,0,0,0.05543417366946771
sues,control_25_290932,control,0.25,aps_raw,20,20,1428,1428,1421,0.9950980392156863,0.9845658263305322,0,0,0,0.010532212885154046
sues,control_25_290932,control,0.25,aps_raw,50,50,1428,1428,1428,1.0,0.9900000000000002,0,0,0,0.009999999999999787
sues,control_25_290932,control,0.25,aps_raw,100,100,1428,1428,1428,1.0,0.9900000000000002,0,0,0,0.009999999999999787
sues,control_25_290932,control,0.25,aps_raw,200,162,1428,1428,1428,1.0,0.9900000000000002,0,0,0,0.009999999999999787
sues,target_25_290933,target,0.25,distance,1,1,1428,1068,905,0.6337535014005602,0.8466036414565825,0,94,89,0.25591736694677875
sues,target_25_290933,target,0.25,distance,20,20,1428,1068,1063,0.7443977591036415,0.9776120448179273,0,8,4,0.2332142857142858
sues,target_25_290933,target,0.25,distance,50,50,1428,1068,1068,0.7478991596638656,0.9890196078431374,0,8,4,0.2411204481792718
sues,target_25_290933,target,0.25,distance,100,100,1428,1068,1068,0.7478991596638656,0.9900000000000002,0,8,4,0.24210084033613466
sues,target_25_290933,target,0.25,distance,200,162,1428,1068,1068,0.7478991596638656,0.9900000000000002,0,8,4,0.24210084033613466
sues,target_25_290933,target,0.25,aps_raw,1,1,1428,1068,905,0.6337535014005602,0.874390756302521,0,0,0,0.2587044817927171
sues,target_25_290933,target,0.25,aps_raw,20,20,1428,1068,1063,0.7443977591036415,0.9846148459383754,0,0,0,0.24021708683473397
sues,target_25_290933,target,0.25,aps_raw,50,50,1428,1068,1068,0.7478991596638656,0.9900000000000002,0,0,0,0.24210084033613466
sues,target_25_290933,target,0.25,aps_raw,100,100,1428,1068,1068,0.7478991596638656,0.9900000000000002,0,0,0,0.24210084033613466
sues,target_25_290933,target,0.25,aps_raw,200,162,1428,1068,1068,0.7478991596638656,0.9900000000000002,0,0,0,0.24210084033613466
sues,target_50_290933,target,0.5,distance,1,1,1428,708,597,0.4180672268907563,0.8731302521008403,0,178,174,0.4682983193277311
sues,target_50_290933,target,0.5,distance,20,20,1428,708,705,0.49369747899159666,0.9822058823529413,0,30,26,0.4885084033613448
sues,target_50_290933,target,0.5,distance,50,50,1428,708,708,0.4957983193277311,0.9897899159663867,0,30,26,0.49399159663865555
sues,target_50_290933,target,0.5,distance,100,100,1428,708,708,0.4957983193277311,0.9900000000000002,0,30,26,0.4942016806722691
sues,target_50_290933,target,0.5,distance,200,124,1428,708,708,0.4957983193277311,0.9900000000000002,0,30,26,0.4942016806722691
sues,target_50_290933,target,0.5,aps_raw,1,1,1428,708,597,0.4180672268907563,0.8710574229691878,0,0,0,0.4636344537815126
sues,target_50_290933,target,0.5,aps_raw,20,20,1428,708,705,0.49369747899159666,0.9834173669467788,0,0,0,0.4897198879551822
sues,target_50_290933,target,0.5,aps_raw,50,50,1428,708,708,0.4957983193277311,0.9900000000000002,0,0,0,0.4942016806722691
sues,target_50_290933,target,0.5,aps_raw,100,100,1428,708,708,0.4957983193277311,0.9900000000000002,0,0,0,0.4942016806722691
sues,target_50_290933,target,0.5,aps_raw,200,124,1428,708,708,0.4957983193277311,0.9900000000000002,0,0,0,0.4942016806722691
sues,control_25_290933,control,0.25,distance,1,1,1428,1428,1211,0.8480392156862745,0.849922969187675,0,53,37,0.08574929971988796
sues,control_25_290933,control,0.25,distance,20,20,1428,1428,1420,0.9943977591036415,0.9783823529411766,0,6,0,0.016015406162464954
sues,control_25_290933,control,0.25,distance,50,50,1428,1428,1428,1.0,0.9890056022408965,0,6,0,0.010994397759103491
sues,control_25_290933,control,0.25,distance,100,100,1428,1428,1428,1.0,0.9900000000000002,0,6,0,0.009999999999999787
sues,control_25_290933,control,0.25,distance,200,162,1428,1428,1428,1.0,0.9900000000000002,0,6,0,0.009999999999999787
sues,control_25_290933,control,0.25,aps_raw,1,1,1428,1428,1211,0.8480392156862745,0.8767156862745098,0,0,0,0.051645658263305215
sues,control_25_290933,control,0.25,aps_raw,20,20,1428,1428,1420,0.9943977591036415,0.9846288515406164,0,0,0,0.009768907563025064
sues,control_25_290933,control,0.25,aps_raw,50,50,1428,1428,1428,1.0,0.9900000000000002,0,0,0,0.009999999999999787
sues,control_25_290933,control,0.25,aps_raw,100,100,1428,1428,1428,1.0,0.9900000000000002,0,0,0,0.009999999999999787
sues,control_25_290933,control,0.25,aps_raw,200,162,1428,1428,1428,1.0,0.9900000000000002,0,0,0,0.009999999999999787
sues,target_25_290934,target,0.25,distance,1,1,1428,1068,924,0.6470588235294118,0.8485714285714284,0,92,87,0.28704481792717085
sues,target_25_290934,target,0.25,distance,20,20,1428,1068,1062,0.7436974789915967,0.9770868347338936,0,13,7,0.23647058823529415
sues,target_25_290934,target,0.25,distance,50,50,1428,1068,1068,0.7478991596638656,0.9886834733893558,0,13,7,0.24078431372549025
sues,target_25_290934,target,0.25,distance,100,100,1428,1068,1068,0.7478991596638656,0.9900000000000002,0,13,7,0.24210084033613466
sues,target_25_290934,target,0.25,distance,200,162,1428,1068,1068,0.7478991596638656,0.9900000000000002,0,13,7,0.24210084033613466
sues,target_25_290934,target,0.25,aps_raw,1,1,1428,1068,924,0.6470588235294118,0.8750140056022409,0,0,0,0.2510644257703081
sues,target_25_290934,target,0.25,aps_raw,20,20,1428,1068,1062,0.7436974789915967,0.9846638655462188,0,0,0,0.2409663865546221
sues,target_25_290934,target,0.25,aps_raw,50,50,1428,1068,1068,0.7478991596638656,0.9900000000000002,0,0,0,0.24210084033613466
sues,target_25_290934,target,0.25,aps_raw,100,100,1428,1068,1068,0.7478991596638656,0.9900000000000002,0,0,0,0.24210084033613466
sues,target_25_290934,target,0.25,aps_raw,200,162,1428,1068,1068,0.7478991596638656,0.9900000000000002,0,0,0,0.24210084033613466
sues,target_50_290934,target,0.5,distance,1,1,1428,708,598,0.41876750700280113,0.8765406162464985,0,135,132,0.473529411764706
sues,target_50_290934,target,0.5,distance,20,20,1428,708,704,0.49299719887955185,0.9826610644257703,0,19,13,0.4896638655462185
sues,target_50_290934,target,0.5,distance,50,50,1428,708,708,0.4957983193277311,0.9898109243697479,0,19,13,0.49401260504201683
sues,target_50_290934,target,0.5,distance,100,100,1428,708,708,0.4957983193277311,0.9900000000000002,0,19,13,0.4942016806722691
sues,target_50_290934,target,0.5,distance,200,124,1428,708,708,0.4957983193277311,0.9900000000000002,0,19,13,0.4942016806722691
sues,target_50_290934,target,0.5,aps_raw,1,1,1428,708,598,0.41876750700280113,0.8709243697478992,0,0,0,0.4630812324929971
sues,target_50_290934,target,0.5,aps_raw,20,20,1428,708,704,0.49299719887955185,0.9834733893557424,0,0,0,0.4904761904761905
sues,target_50_290934,target,0.5,aps_raw,50,50,1428,708,708,0.4957983193277311,0.9900000000000002,0,0,0,0.4942016806722691
sues,target_50_290934,target,0.5,aps_raw,100,100,1428,708,708,0.4957983193277311,0.9900000000000002,0,0,0,0.4942016806722691
sues,target_50_290934,target,0.5,aps_raw,200,124,1428,708,708,0.4957983193277311,0.9900000000000002,0,0,0,0.4942016806722691
sues,control_25_290934,control,0.25,distance,1,1,1428,1428,1210,0.8473389355742297,0.8485714285714284,0,50,35,0.08497198879551826
sues,control_25_290934,control,0.25,distance,20,20,1428,1428,1421,0.9950980392156863,0.9789985994397759,0,6,0,0.016099439775910183
sues,control_25_290934,control,0.25,distance,50,50,1428,1428,1428,1.0,0.9891176470588235,0,6,0,0.010882352941176454
sues,control_25_290934,control,0.25,distance,100,100,1428,1428,1428,1.0,0.9900000000000002,0,6,0,0.009999999999999787
sues,control_25_290934,control,0.25,distance,200,162,1428,1428,1428,1.0,0.9900000000000002,0,6,0,0.009999999999999787
sues,control_25_290934,control,0.25,aps_raw,1,1,1428,1428,1210,0.8473389355742297,0.8767717086834735,0,0,0,0.05198179271708695
sues,control_25_290934,control,0.25,aps_raw,20,20,1428,1428,1421,0.9950980392156863,0.9845938375350143,0,0,0,0.01050420168067201
sues,control_25_290934,control,0.25,aps_raw,50,50,1428,1428,1428,1.0,0.9900000000000002,0,0,0,0.009999999999999787
sues,control_25_290934,control,0.25,aps_raw,100,100,1428,1428,1428,1.0,0.9900000000000002,0,0,0,0.009999999999999787
sues,control_25_290934,control,0.25,aps_raw,200,162,1428,1428,1428,1.0,0.9900000000000002,0,0,0,0.009999999999999787
sues,target_25_290935,target,0.25,distance,1,1,1428,1068,891,0.6239495798319328,0.8578291316526611,0,72,65,0.24572829131652651
sues,target_25_290935,target,0.25,distance,20,20,1428,1068,1057,0.7401960784313726,0.9783683473389356,0,6,3,0.23817226890756316
sues,target_25_290935,target,0.25,distance,50,50,1428,1068,1068,0.7478991596638656,0.9889005602240897,0,6,3,0.24100140056022412
sues,target_25_290935,target,0.25,distance,100,100,1428,1068,1068,0.7478991596638656,0.9900000000000002,0,6,3,0.24210084033613466
sues,target_25_290935,target,0.25,distance,200,162,1428,1068,1068,0.7478991596638656,0.9900000000000002,0,6,3,0.24210084033613466
sues,target_25_290935,target,0.25,aps_raw,1,1,1428,1068,891,0.6239495798319328,0.8742577030812325,0,0,0,0.2610924369747898
sues,target_25_290935,target,0.25,aps_raw,20,20,1428,1068,1057,0.7401960784313726,0.9844117647058825,0,0,0,0.24421568627450996
sues,target_25_290935,target,0.25,aps_raw,50,50,1428,1068,1068,0.7478991596638656,0.9900000000000002,0,0,0,0.24210084033613466
sues,target_25_290935,target,0.25,aps_raw,100,100,1428,1068,1068,0.7478991596638656,0.9900000000000002,0,0,0,0.24210084033613466
sues,target_25_290935,target,0.25,aps_raw,200,162,1428,1068,1068,0.7478991596638656,0.9900000000000002,0,0,0,0.24210084033613466
sues,target_50_290935,target,0.5,distance,1,1,1428,708,608,0.4257703081232493,0.8794747899159663,0,109,107,0.4537044817927171
sues,target_50_290935,target,0.5,distance,20,20,1428,708,705,0.49369747899159666,0.983312324929972,0,25,24,0.4896148459383754
sues,target_50_290935,target,0.5,distance,50,50,1428,708,708,0.4957983193277311,0.9898389355742299,0,25,24,0.49404061624649875
sues,target_50_290935,target,0.5,distance,100,100,1428,708,708,0.4957983193277311,0.9900000000000002,0,25,24,0.4942016806722691
sues,target_50_290935,target,0.5,distance,200,124,1428,708,708,0.4957983193277311,0.9900000000000002,0,25,24,0.4942016806722691
sues,target_50_290935,target,0.5,aps_raw,1,1,1428,708,608,0.4257703081232493,0.8709663865546219,0,0,0,0.44519607843137254
sues,target_50_290935,target,0.5,aps_raw,20,20,1428,708,705,0.49369747899159666,0.9831372549019611,0,0,0,0.48943977591036447
sues,target_50_290935,target,0.5,aps_raw,50,50,1428,708,708,0.4957983193277311,0.9900000000000002,0,0,0,0.4942016806722691
sues,target_50_290935,target,0.5,aps_raw,100,100,1428,708,708,0.4957983193277311,0.9900000000000002,0,0,0,0.4942016806722691
sues,target_50_290935,target,0.5,aps_raw,200,124,1428,708,708,0.4957983193277311,0.9900000000000002,0,0,0,0.4942016806722691
sues,control_25_290935,control,0.25,distance,1,1,1428,1428,1206,0.8445378151260504,0.8466946778711484,0,51,35,0.08705882352941172
sues,control_25_290935,control,0.25,distance,20,20,1428,1428,1420,0.9943977591036415,0.9785854341736695,0,6,0,0.01581232492997197
sues,control_25_290935,control,0.25,distance,50,50,1428,1428,1428,1.0,0.9890966386554623,0,6,0,0.010903361344537732
sues,control_25_290935,control,0.25,distance,100,100,1428,1428,1428,1.0,0.9900000000000002,0,6,0,0.009999999999999787
sues,control_25_290935,control,0.25,distance,200,162,1428,1428,1428,1.0,0.9900000000000002,0,6,0,0.009999999999999787
sues,control_25_290935,control,0.25,aps_raw,1,1,1428,1428,1206,0.8445378151260504,0.8768767507002801,0,0,0,0.05558823529411763
sues,control_25_290935,control,0.25,aps_raw,20,20,1428,1428,1420,0.9943977591036415,0.9845798319327731,0,0,0,0.009817927170868379
sues,control_25_290935,control,0.25,aps_raw,50,50,1428,1428,1428,1.0,0.9900000000000002,0,0,0,0.009999999999999787
sues,control_25_290935,control,0.25,aps_raw,100,100,1428,1428,1428,1.0,0.9900000000000002,0,0,0,0.009999999999999787
sues,control_25_290935,control,0.25,aps_raw,200,162,1428,1428,1428,1.0,0.9900000000000002,0,0,0,0.009999999999999787
sues,target_25_290936,target,0.25,distance,1,1,1428,1068,873,0.6113445378151261,0.8470238095238095,0,75,66,0.2763095238095238
sues,target_25_290936,target,0.25,distance,20,20,1428,1068,1063,0.7443977591036415,0.978403361344538,0,15,10,0.2340056022408964
sues,target_25_290936,target,0.25,distance,50,50,1428,1068,1068,0.7478991596638656,0.9891666666666669,0,15,9,0.2412675070028013
sues,target_25_290936,target,0.25,distance,100,100,1428,1068,1068,0.7478991596638656,0.9900000000000002,0,15,9,0.24210084033613466
sues,target_25_290936,target,0.25,distance,200,162,1428,1068,1068,0.7478991596638656,0.9900000000000002,0,15,9,0.24210084033613466
sues,target_25_290936,target,0.25,aps_raw,1,1,1428,1068,873,0.6113445378151261,0.8745798319327732,0,0,0,0.2801820728291317
sues,target_25_290936,target,0.25,aps_raw,20,20,1428,1068,1063,0.7443977591036415,0.9844047619047621,0,0,0,0.24000700280112064
sues,target_25_290936,target,0.25,aps_raw,50,50,1428,1068,1068,0.7478991596638656,0.9900000000000002,0,0,0,0.24210084033613466
sues,target_25_290936,target,0.25,aps_raw,100,100,1428,1068,1068,0.7478991596638656,0.9900000000000002,0,0,0,0.24210084033613466
sues,target_25_290936,target,0.25,aps_raw,200,162,1428,1068,1068,0.7478991596638656,0.9900000000000002,0,0,0,0.24210084033613466
sues,target_50_290936,target,0.5,distance,1,1,1428,708,591,0.41386554621848737,0.8752801120448178,0,138,136,0.46616246498599445
sues,target_50_290936,target,0.5,distance,20,20,1428,708,707,0.4950980392156863,0.9821498599439777,0,32,28,0.4870518207282913
sues,target_50_290936,target,0.5,distance,50,50,1428,708,708,0.4957983193277311,0.9897969187675071,0,32,28,0.493998599439776
sues,target_50_290936,target,0.5,distance,100,100,1428,708,708,0.4957983193277311,0.9900000000000002,0,32,28,0.4942016806722691
sues,target_50_290936,target,0.5,distance,200,124,1428,708,708,0.4957983193277311,0.9900000000000002,0,32,28,0.4942016806722691
sues,target_50_290936,target,0.5,aps_raw,1,1,1428,708,591,0.41386554621848737,0.8709033613445378,0,0,0,0.4595588235294118
sues,target_50_290936,target,0.5,aps_raw,20,20,1428,708,707,0.4950980392156863,0.9835714285714287,0,0,0,0.48847338935574236
sues,target_50_290936,target,0.5,aps_raw,50,50,1428,708,708,0.4957983193277311,0.9900000000000002,0,0,0,0.4942016806722691
sues,target_50_290936,target,0.5,aps_raw,100,100,1428,708,708,0.4957983193277311,0.9900000000000002,0,0,0,0.4942016806722691
sues,target_50_290936,target,0.5,aps_raw,200,124,1428,708,708,0.4957983193277311,0.9900000000000002,0,0,0,0.4942016806722691
sues,control_25_290936,control,0.25,distance,1,1,1428,1428,1205,0.8438375350140056,0.8425070028011203,0,51,37,0.0857422969187675
sues,control_25_290936,control,0.25,distance,20,20,1428,1428,1419,0.9936974789915967,0.9775910364145658,0,6,0,0.016106442577030762
sues,control_25_290936,control,0.25,distance,50,50,1428,1428,1428,1.0,0.9889565826330532,0,6,0,0.011043417366946806
sues,control_25_290936,control,0.25,distance,100,100,1428,1428,1428,1.0,0.9900000000000002,0,6,0,0.009999999999999787
sues,control_25_290936,control,0.25,distance,200,162,1428,1428,1428,1.0,0.9900000000000002,0,6,0,0.009999999999999787
sues,control_25_290936,control,0.25,aps_raw,1,1,1428,1428,1205,0.8438375350140056,0.876904761904762,0,0,0,0.05673669467787123
sues,control_25_290936,control,0.25,aps_raw,20,20,1428,1428,1419,0.9936974789915967,0.9847198879551823,0,0,0,0.008977591036414379
sues,control_25_290936,control,0.25,aps_raw,50,50,1428,1428,1428,1.0,0.9900000000000002,0,0,0,0.009999999999999787
sues,control_25_290936,control,0.25,aps_raw,100,100,1428,1428,1428,1.0,0.9900000000000002,0,0,0,0.009999999999999787
sues,control_25_290936,control,0.25,aps_raw,200,162,1428,1428,1428,1.0,0.9900000000000002,0,0,0,0.009999999999999787
sues,target_25_290937,target,0.25,distance,1,1,1428,1068,869,0.6085434173669467,0.8500140056022408,0,91,80,0.26042016806722695
sues,target_25_290937,target,0.25,distance,20,20,1428,1068,1058,0.7408963585434174,0.9779131652661065,0,15,9,0.23701680672268924
sues,target_25_290937,target,0.25,distance,50,50,1428,1068,1068,0.7478991596638656,0.9889775910364147,0,15,9,0.24107843137254914
sues,target_25_290937,target,0.25,distance,100,100,1428,1068,1068,0.7478991596638656,0.9900000000000002,0,15,9,0.24210084033613466
sues,target_25_290937,target,0.25,distance,200,162,1428,1068,1068,0.7478991596638656,0.9900000000000002,0,15,9,0.24210084033613466
sues,target_25_290937,target,0.25,aps_raw,1,1,1428,1068,869,0.6085434173669467,0.8746778711484594,0,0,0,0.2776190476190476
sues,target_25_290937,target,0.25,aps_raw,20,20,1428,1068,1058,0.7408963585434174,0.9846428571428573,0,0,0,0.24374649859943986
sues,target_25_290937,target,0.25,aps_raw,50,50,1428,1068,1068,0.7478991596638656,0.9900000000000002,0,0,0,0.24210084033613466
sues,target_25_290937,target,0.25,aps_raw,100,100,1428,1068,1068,0.7478991596638656,0.9900000000000002,0,0,0,0.24210084033613466
sues,target_25_290937,target,0.25,aps_raw,200,162,1428,1068,1068,0.7478991596638656,0.9900000000000002,0,0,0,0.24210084033613466
sues,target_50_290937,target,0.5,distance,1,1,1428,708,586,0.4103641456582633,0.8702521008403361,0,123,118,0.4696078431372549
sues,target_50_290937,target,0.5,distance,20,20,1428,708,704,0.49299719887955185,0.9821638655462186,0,18,15,0.48916666666666686
sues,target_50_290937,target,0.5,distance,50,50,1428,708,708,0.4957983193277311,0.9897759103641457,0,18,15,0.4939775910364146
sues,target_50_290937,target,0.5,distance,100,100,1428,708,708,0.4957983193277311,0.9900000000000002,0,18,15,0.4942016806722691
sues,target_50_290937,target,0.5,distance,200,124,1428,708,708,0.4957983193277311,0.9900000000000002,0,18,15,0.4942016806722691
sues,target_50_290937,target,0.5,aps_raw,1,1,1428,708,586,0.4103641456582633,0.8710504201680673,0,0,0,0.46754901960784323
sues,target_50_290937,target,0.5,aps_raw,20,20,1428,708,704,0.49299719887955185,0.9834173669467788,0,0,0,0.490420168067227
sues,target_50_290937,target,0.5,aps_raw,50,50,1428,708,708,0.4957983193277311,0.9900000000000002,0,0,0,0.4942016806722691
sues,target_50_290937,target,0.5,aps_raw,100,100,1428,708,708,0.4957983193277311,0.9900000000000002,0,0,0,0.4942016806722691
sues,target_50_290937,target,0.5,aps_raw,200,124,1428,708,708,0.4957983193277311,0.9900000000000002,0,0,0,0.4942016806722691
sues,control_25_290937,control,0.25,distance,1,1,1428,1428,1205,0.8438375350140056,0.8475700280112044,0,54,40,0.0910994397759104
sues,control_25_290937,control,0.25,distance,20,20,1428,1428,1421,0.9950980392156863,0.9788515406162466,0,6,0,0.016246498599439583
sues,control_25_290937,control,0.25,distance,50,50,1428,1428,1428,1.0,0.9890686274509805,0,6,0,0.010931372549019547
sues,control_25_290937,control,0.25,distance,100,100,1428,1428,1428,1.0,0.9900000000000002,0,6,0,0.009999999999999787
sues,control_25_290937,control,0.25,distance,200,162,1428,1428,1428,1.0,0.9900000000000002,0,6,0,0.009999999999999787
sues,control_25_290937,control,0.25,aps_raw,1,1,1428,1428,1205,0.8438375350140056,0.8768347338935575,0,0,0,0.05596638655462176
sues,control_25_290937,control,0.25,aps_raw,20,20,1428,1428,1421,0.9950980392156863,0.9845518207282914,0,0,0,0.010546218487394898
sues,control_25_290937,control,0.25,aps_raw,50,50,1428,1428,1428,1.0,0.9900000000000002,0,0,0,0.009999999999999787
sues,control_25_290937,control,0.25,aps_raw,100,100,1428,1428,1428,1.0,0.9900000000000002,0,0,0,0.009999999999999787
sues,control_25_290937,control,0.25,aps_raw,200,162,1428,1428,1428,1.0,0.9900000000000002,0,0,0,0.009999999999999787
sues,target_25_290938,target,0.25,distance,1,1,1428,1068,907,0.6351540616246498,0.8453571428571427,0,109,103,0.24392857142857144
sues,target_25_290938,target,0.25,distance,20,20,1428,1068,1065,0.7457983193277311,0.9764635854341736,0,26,23,0.23066526610644256
sues,target_25_290938,target,0.25,distance,50,50,1428,1068,1068,0.7478991596638656,0.9885854341736696,0,26,23,0.24068627450980407
sues,target_25_290938,target,0.25,distance,100,100,1428,1068,1068,0.7478991596638656,0.9900000000000002,0,26,23,0.24210084033613466
sues,target_25_290938,target,0.25,distance,200,162,1428,1068,1068,0.7478991596638656,0.9900000000000002,0,26,23,0.24210084033613466
sues,target_25_290938,target,0.25,aps_raw,1,1,1428,1068,907,0.6351540616246498,0.8749649859943978,0,0,0,0.2515756302521009
sues,target_25_290938,target,0.25,aps_raw,20,20,1428,1068,1065,0.7457983193277311,0.9847058823529414,0,0,0,0.23890756302521032
sues,target_25_290938,target,0.25,aps_raw,50,50,1428,1068,1068,0.7478991596638656,0.9900000000000002,0,0,0,0.24210084033613466
sues,target_25_290938,target,0.25,aps_raw,100,100,1428,1068,1068,0.7478991596638656,0.9900000000000002,0,0,0,0.24210084033613466
sues,target_25_290938,target,0.25,aps_raw,200,162,1428,1068,1068,0.7478991596638656,0.9900000000000002,0,0,0,0.24210084033613466
sues,target_50_290938,target,0.5,distance,1,1,1428,708,600,0.42016806722689076,0.8701190476190478,0,135,133,0.4607212885154063
sues,target_50_290938,target,0.5,distance,20,20,1428,708,707,0.4950980392156863,0.9822689075630254,0,26,24,0.487170868347339
sues,target_50_290938,target,0.5,distance,50,50,1428,708,708,0.4957983193277311,0.9897619047619048,0,26,24,0.49396358543417374
sues,target_50_290938,target,0.5,distance,100,100,1428,708,708,0.4957983193277311,0.9900000000000002,0,26,24,0.4942016806722691
sues,target_50_290938,target,0.5,distance,200,124,1428,708,708,0.4957983193277311,0.9900000000000002,0,26,24,0.4942016806722691
sues,target_50_290938,target,0.5,aps_raw,1,1,1428,708,600,0.42016806722689076,0.8711274509803921,0,0,0,0.45586134453781507
sues,target_50_290938,target,0.5,aps_raw,20,20,1428,708,707,0.4950980392156863,0.9834873949579834,0,0,0,0.48838935574229714
sues,target_50_290938,target,0.5,aps_raw,50,50,1428,708,708,0.4957983193277311,0.9900000000000002,0,0,0,0.4942016806722691
sues,target_50_290938,target,0.5,aps_raw,100,100,1428,708,708,0.4957983193277311,0.9900000000000002,0,0,0,0.4942016806722691
sues,target_50_290938,target,0.5,aps_raw,200,124,1428,708,708,0.4957983193277311,0.9900000000000002,0,0,0,0.4942016806722691
sues,control_25_290938,control,0.25,distance,1,1,1428,1428,1202,0.8417366946778712,0.8470238095238095,0,50,36,0.09136554621848736
sues,control_25_290938,control,0.25,distance,20,20,1428,1428,1421,0.9950980392156863,0.9786484593837537,0,6,0,0.016449579831932768
sues,control_25_290938,control,0.25,distance,50,50,1428,1428,1428,1.0,0.9890476190476192,0,6,0,0.010952380952380825
sues,control_25_290938,control,0.25,distance,100,100,1428,1428,1428,1.0,0.9900000000000002,0,6,0,0.009999999999999787
sues,control_25_290938,control,0.25,distance,200,162,1428,1428,1428,1.0,0.9900000000000002,0,6,0,0.009999999999999787
sues,control_25_290938,control,0.25,aps_raw,1,1,1428,1428,1202,0.8417366946778712,0.8768067226890756,0,0,0,0.05831932773109239
sues,control_25_290938,control,0.25,aps_raw,20,20,1428,1428,1421,0.9950980392156863,0.984607843137255,0,0,0,0.010490196078431269
sues,control_25_290938,control,0.25,aps_raw,50,50,1428,1428,1428,1.0,0.9900000000000002,0,0,0,0.009999999999999787
sues,control_25_290938,control,0.25,aps_raw,100,100,1428,1428,1428,1.0,0.9900000000000002,0,0,0,0.009999999999999787
sues,control_25_290938,control,0.25,aps_raw,200,162,1428,1428,1428,1.0,0.9900000000000002,0,0,0,0.009999999999999787
sues,target_25_290939,target,0.25,distance,1,1,1428,1068,901,0.6309523809523809,0.8538655462184873,0,92,86,0.2731372549019608
sues,target_25_290939,target,0.25,distance,20,20,1428,1068,1062,0.7436974789915967,0.9784733893557425,0,9,3,0.2373809523809525
sues,target_25_290939,target,0.25,distance,50,50,1428,1068,1068,0.7478991596638656,0.9889985994397759,0,9,3,0.2410994397759103
sues,target_25_290939,target,0.25,distance,100,100,1428,1068,1068,0.7478991596638656,0.9900000000000002,0,9,3,0.24210084033613466
sues,target_25_290939,target,0.25,distance,200,162,1428,1068,1068,0.7478991596638656,0.9900000000000002,0,9,3,0.24210084033613466
sues,target_25_290939,target,0.25,aps_raw,1,1,1428,1068,901,0.6309523809523809,0.8749299719887956,0,0,0,0.2624649859943977
sues,target_25_290939,target,0.25,aps_raw,20,20,1428,1068,1062,0.7436974789915967,0.9843837535014007,0,0,0,0.24068627450980407
sues,target_25_290939,target,0.25,aps_raw,50,50,1428,1068,1068,0.7478991596638656,0.9900000000000002,0,0,0,0.24210084033613466
sues,target_25_290939,target,0.25,aps_raw,100,100,1428,1068,1068,0.7478991596638656,0.9900000000000002,0,0,0,0.24210084033613466
sues,target_25_290939,target,0.25,aps_raw,200,162,1428,1068,1068,0.7478991596638656,0.9900000000000002,0,0,0,0.24210084033613466
sues,target_50_290939,target,0.5,distance,1,1,1428,708,609,0.4264705882352941,0.8747268907563026,0,147,144,0.46300420168067224
sues,target_50_290939,target,0.5,distance,20,20,1428,708,703,0.49229691876750703,0.9821778711484596,0,21,16,0.4898809523809524
sues,target_50_290939,target,0.5,distance,50,50,1428,708,708,0.4957983193277311,0.9896778711484595,0,21,16,0.4938795518207284
sues,target_50_290939,target,0.5,distance,100,100,1428,708,708,0.4957983193277311,0.9900000000000002,0,21,16,0.4942016806722691
sues,target_50_290939,target,0.5,distance,200,124,1428,708,708,0.4957983193277311,0.9900000000000002,0,21,16,0.4942016806722691
sues,target_50_290939,target,0.5,aps_raw,1,1,1428,708,609,0.4264705882352941,0.8716736694677871,0,0,0,0.45626750700280116
sues,target_50_290939,target,0.5,aps_raw,20,20,1428,708,703,0.49229691876750703,0.9835434173669471,0,0,0,0.49124649859944003
sues,target_50_290939,target,0.5,aps_raw,50,50,1428,708,708,0.4957983193277311,0.9900000000000002,0,0,0,0.4942016806722691
sues,target_50_290939,target,0.5,aps_raw,100,100,1428,708,708,0.4957983193277311,0.9900000000000002,0,0,0,0.4942016806722691
sues,target_50_290939,target,0.5,aps_raw,200,124,1428,708,708,0.4957983193277311,0.9900000000000002,0,0,0,0.4942016806722691
sues,control_25_290939,control,0.25,distance,1,1,1428,1428,1206,0.8445378151260504,0.8498109243697477,0,52,38,0.08433473389355742
sues,control_25_290939,control,0.25,distance,20,20,1428,1428,1420,0.9943977591036415,0.9791386554621849,0,6,1,0.015259103641456604
sues,control_25_290939,control,0.25,distance,50,50,1428,1428,1428,1.0,0.9891316526610644,0,6,0,0.010868347338935602
sues,control_25_290939,control,0.25,distance,100,100,1428,1428,1428,1.0,0.9900000000000002,0,6,0,0.009999999999999787
sues,control_25_290939,control,0.25,distance,200,162,1428,1428,1428,1.0,0.9900000000000002,0,6,0,0.009999999999999787
sues,control_25_290939,control,0.25,aps_raw,1,1,1428,1428,1206,0.8445378151260504,0.8767296918767508,0,0,0,0.05474089635854328
sues,control_25_290939,control,0.25,aps_raw,20,20,1428,1428,1420,0.9943977591036415,0.9845448179271711,0,0,0,0.009852941176470398
sues,control_25_290939,control,0.25,aps_raw,50,50,1428,1428,1428,1.0,0.9900000000000002,0,0,0,0.009999999999999787
sues,control_25_290939,control,0.25,aps_raw,100,100,1428,1428,1428,1.0,0.9900000000000002,0,0,0,0.009999999999999787
sues,control_25_290939,control,0.25,aps_raw,200,162,1428,1428,1428,1.0,0.9900000000000002,0,0,0,0.009999999999999787
sues,target_25_290940,target,0.25,distance,1,1,1428,1068,913,0.6393557422969187,0.8476540616246498,0,78,73,0.2512955182072829
sues,target_25_290940,target,0.25,distance,20,20,1428,1068,1060,0.742296918767507,0.9762535014005603,0,6,4,0.23395658263305338
sues,target_25_290940,target,0.25,distance,50,50,1428,1068,1068,0.7478991596638656,0.9887044817927172,0,6,3,0.24080532212885164
sues,target_25_290940,target,0.25,distance,100,100,1428,1068,1068,0.7478991596638656,0.9900000000000002,0,6,3,0.24210084033613466
sues,target_25_290940,target,0.25,distance,200,162,1428,1068,1068,0.7478991596638656,0.9900000000000002,0,6,3,0.24210084033613466
sues,target_25_290940,target,0.25,aps_raw,1,1,1428,1068,913,0.6393557422969187,0.8750560224089637,0,0,0,0.25642857142857145
sues,target_25_290940,target,0.25,aps_raw,20,20,1428,1068,1060,0.742296918767507,0.984698879551821,0,0,0,0.24240196078431397
sues,target_25_290940,target,0.25,aps_raw,50,50,1428,1068,1068,0.7478991596638656,0.9900000000000002,0,0,0,0.24210084033613466
sues,target_25_290940,target,0.25,aps_raw,100,100,1428,1068,1068,0.7478991596638656,0.9900000000000002,0,0,0,0.24210084033613466
sues,target_25_290940,target,0.25,aps_raw,200,162,1428,1068,1068,0.7478991596638656,0.9900000000000002,0,0,0,0.24210084033613466
sues,target_50_290940,target,0.5,distance,1,1,1428,708,617,0.4320728291316527,0.8679901960784314,0,130,129,0.462233893557423
sues,target_50_290940,target,0.5,distance,20,20,1428,708,708,0.4957983193277311,0.9809033613445378,0,19,16,0.4851050420168068
sues,target_50_290940,target,0.5,distance,50,50,1428,708,708,0.4957983193277311,0.989670868347339,0,19,16,0.49387254901960786
sues,target_50_290940,target,0.5,distance,100,100,1428,708,708,0.4957983193277311,0.9900000000000002,0,19,16,0.4942016806722691
sues,target_50_290940,target,0.5,distance,200,124,1428,708,708,0.4957983193277311,0.9900000000000002,0,19,16,0.4942016806722691
sues,target_50_290940,target,0.5,aps_raw,1,1,1428,708,617,0.4320728291316527,0.8716176470588236,0,0,0,0.4541106442577032
sues,target_50_290940,target,0.5,aps_raw,20,20,1428,708,708,0.4957983193277311,0.9835364145658265,0,0,0,0.4877380952380954
sues,target_50_290940,target,0.5,aps_raw,50,50,1428,708,708,0.4957983193277311,0.9900000000000002,0,0,0,0.4942016806722691
sues,target_50_290940,target,0.5,aps_raw,100,100,1428,708,708,0.4957983193277311,0.9900000000000002,0,0,0,0.4942016806722691
sues,target_50_290940,target,0.5,aps_raw,200,124,1428,708,708,0.4957983193277311,0.9900000000000002,0,0,0,0.4942016806722691
sues,control_25_290940,control,0.25,distance,1,1,1428,1428,1202,0.8417366946778712,0.8477100840336135,0,50,34,0.08338235294117642
sues,control_25_290940,control,0.25,distance,20,20,1428,1428,1420,0.9943977591036415,0.9778291316526612,0,6,0,0.016568627450980308
sues,control_25_290940,control,0.25,distance,50,50,1428,1428,1428,1.0,0.9889565826330532,0,6,0,0.011043417366946806
sues,control_25_290940,control,0.25,distance,100,100,1428,1428,1428,1.0,0.9900000000000002,0,6,0,0.009999999999999787
sues,control_25_290940,control,0.25,distance,200,162,1428,1428,1428,1.0,0.9900000000000002,0,6,0,0.009999999999999787
sues,control_25_290940,control,0.25,aps_raw,1,1,1428,1428,1202,0.8417366946778712,0.8768627450980394,0,0,0,0.05795518207282912
sues,control_25_290940,control,0.25,aps_raw,20,20,1428,1428,1420,0.9943977591036415,0.9846148459383754,0,0,0,0.009782913165266027
sues,control_25_290940,control,0.25,aps_raw,50,50,1428,1428,1428,1.0,0.9900000000000002,0,0,0,0.009999999999999787
sues,control_25_290940,control,0.25,aps_raw,100,100,1428,1428,1428,1.0,0.9900000000000002,0,0,0,0.009999999999999787
sues,control_25_290940,control,0.25,aps_raw,200,162,1428,1428,1428,1.0,0.9900000000000002,0,0,0,0.009999999999999787
sues,target_25_290941,target,0.25,distance,1,1,1428,1068,878,0.6148459383753502,0.8472268907563024,0,86,76,0.2754621848739497
sues,target_25_290941,target,0.25,distance,20,20,1428,1068,1059,0.7415966386554622,0.9776120448179273,0,7,3,0.23601540616246505
sues,target_25_290941,target,0.25,distance,50,50,1428,1068,1068,0.7478991596638656,0.9888445378151262,0,7,3,0.2409453781512606
sues,target_25_290941,target,0.25,distance,100,100,1428,1068,1068,0.7478991596638656,0.9900000000000002,0,7,3,0.24210084033613466
sues,target_25_290941,target,0.25,distance,200,162,1428,1068,1068,0.7478991596638656,0.9900000000000002,0,7,3,0.24210084033613466
sues,target_25_290941,target,0.25,aps_raw,1,1,1428,1068,878,0.6148459383753502,0.8742226890756303,0,0,0,0.27730392156862743
sues,target_25_290941,target,0.25,aps_raw,20,20,1428,1068,1059,0.7415966386554622,0.9845378151260507,0,0,0,0.24294117647058844
sues,target_25_290941,target,0.25,aps_raw,50,50,1428,1068,1068,0.7478991596638656,0.9900000000000002,0,0,0,0.24210084033613466
sues,target_25_290941,target,0.25,aps_raw,100,100,1428,1068,1068,0.7478991596638656,0.9900000000000002,0,0,0,0.24210084033613466
sues,target_25_290941,target,0.25,aps_raw,200,162,1428,1068,1068,0.7478991596638656,0.9900000000000002,0,0,0,0.24210084033613466
sues,target_50_290941,target,0.5,distance,1,1,1428,708,598,0.41876750700280113,0.8706792717086834,0,124,120,0.4564775910364146
sues,target_50_290941,target,0.5,distance,20,20,1428,708,704,0.49299719887955185,0.9822268907563027,0,9,8,0.4892296918767509
sues,target_50_290941,target,0.5,distance,50,50,1428,708,708,0.4957983193277311,0.9898109243697479,0,9,8,0.49401260504201683
sues,target_50_290941,target,0.5,distance,100,100,1428,708,708,0.4957983193277311,0.9900000000000002,0,9,8,0.4942016806722691
sues,target_50_290941,target,0.5,distance,200,124,1428,708,708,0.4957983193277311,0.9900000000000002,0,9,8,0.4942016806722691
sues,target_50_290941,target,0.5,aps_raw,1,1,1428,708,598,0.41876750700280113,0.8713725490196079,0,0,0,0.45834733893557433
sues,target_50_290941,target,0.5,aps_raw,20,20,1428,708,704,0.49299719887955185,0.9835154061624651,0,0,0,0.4905182072829133
sues,target_50_290941,target,0.5,aps_raw,50,50,1428,708,708,0.4957983193277311,0.9900000000000002,0,0,0,0.4942016806722691
sues,target_50_290941,target,0.5,aps_raw,100,100,1428,708,708,0.4957983193277311,0.9900000000000002,0,0,0,0.4942016806722691
sues,target_50_290941,target,0.5,aps_raw,200,124,1428,708,708,0.4957983193277311,0.9900000000000002,0,0,0,0.4942016806722691
sues,control_25_290941,control,0.25,distance,1,1,1428,1428,1194,0.8361344537815126,0.8428571428571427,0,51,37,0.08767507002801123
sues,control_25_290941,control,0.25,distance,20,20,1428,1428,1421,0.9950980392156863,0.9782352941176471,0,6,0,0.01686274509803924
sues,control_25_290941,control,0.25,distance,50,50,1428,1428,1428,1.0,0.9890476190476192,0,6,0,0.010952380952380825
sues,control_25_290941,control,0.25,distance,100,100,1428,1428,1428,1.0,0.9900000000000002,0,6,0,0.009999999999999787
sues,control_25_290941,control,0.25,distance,200,162,1428,1428,1428,1.0,0.9900000000000002,0,6,0,0.009999999999999787
sues,control_25_290941,control,0.25,aps_raw,1,1,1428,1428,1194,0.8361344537815126,0.8770378151260505,0,0,0,0.06443277310924367
sues,control_25_290941,control,0.25,aps_raw,20,20,1428,1428,1421,0.9950980392156863,0.9846918767507005,0,0,0,0.010406162464985824
sues,control_25_290941,control,0.25,aps_raw,50,50,1428,1428,1428,1.0,0.9900000000000002,0,0,0,0.009999999999999787
sues,control_25_290941,control,0.25,aps_raw,100,100,1428,1428,1428,1.0,0.9900000000000002,0,0,0,0.009999999999999787
sues,control_25_290941,control,0.25,aps_raw,200,162,1428,1428,1428,1.0,0.9900000000000002,0,0,0,0.009999999999999787
sues,target_25_290942,target,0.25,distance,1,1,1428,1068,892,0.6246498599439776,0.8525350140056023,0,86,77,0.24436974789915972
sues,target_25_290942,target,0.25,distance,20,20,1428,1068,1062,0.7436974789915967,0.9792436974789916,0,18,12,0.23554621848739504
sues,target_25_290942,target,0.25,distance,50,50,1428,1068,1068,0.7478991596638656,0.9891736694677871,0,18,12,0.2412745098039215
sues,target_25_290942,target,0.25,distance,100,100,1428,1068,1068,0.7478991596638656,0.9900000000000002,0,18,12,0.24210084033613466
sues,target_25_290942,target,0.25,distance,200,162,1428,1068,1068,0.7478991596638656,0.9900000000000002,0,18,12,0.24210084033613466
sues,target_25_290942,target,0.25,aps_raw,1,1,1428,1068,892,0.6246498599439776,0.8745378151260506,0,0,0,0.2622128851540616
sues,target_25_290942,target,0.25,aps_raw,20,20,1428,1068,1062,0.7436974789915967,0.9844537815126052,0,0,0,0.24075630252100855
sues,target_25_290942,target,0.25,aps_raw,50,50,1428,1068,1068,0.7478991596638656,0.9900000000000002,0,0,0,0.24210084033613466
sues,target_25_290942,target,0.25,aps_raw,100,100,1428,1068,1068,0.7478991596638656,0.9900000000000002,0,0,0,0.24210084033613466
sues,target_25_290942,target,0.25,aps_raw,200,162,1428,1068,1068,0.7478991596638656,0.9900000000000002,0,0,0,0.24210084033613466
sues,target_50_290942,target,0.5,distance,1,1,1428,708,617,0.4320728291316527,0.8792577030812324,0,104,101,0.44718487394957984
sues,target_50_290942,target,0.5,distance,20,20,1428,708,708,0.4957983193277311,0.9833403361344538,0,25,22,0.48754201680672277
sues,target_50_290942,target,0.5,distance,50,50,1428,708,708,0.4957983193277311,0.9898039215686275,0,25,22,0.4940056022408964
sues,target_50_290942,target,0.5,distance,100,100,1428,708,708,0.4957983193277311,0.9900000000000002,0,25,22,0.4942016806722691
sues,target_50_290942,target,0.5,distance,200,124,1428,708,708,0.4957983193277311,0.9900000000000002,0,25,22,0.4942016806722691
sues,target_50_290942,target,0.5,aps_raw,1,1,1428,708,617,0.4320728291316527,0.8712254901960785,0,0,0,0.43915266106442585
sues,target_50_290942,target,0.5,aps_raw,20,20,1428,708,708,0.4957983193277311,0.9832703081232493,0,0,0,0.48747198879551823
sues,target_50_290942,target,0.5,aps_raw,50,50,1428,708,708,0.4957983193277311,0.9900000000000002,0,0,0,0.4942016806722691
sues,target_50_290942,target,0.5,aps_raw,100,100,1428,708,708,0.4957983193277311,0.9900000000000002,0,0,0,0.4942016806722691
sues,target_50_290942,target,0.5,aps_raw,200,124,1428,708,708,0.4957983193277311,0.9900000000000002,0,0,0,0.4942016806722691
sues,control_25_290942,control,0.25,distance,1,1,1428,1428,1200,0.8403361344537815,0.8447689075630251,0,50,37,0.08689775910364139
sues,control_25_290942,control,0.25,distance,20,20,1428,1428,1420,0.9943977591036415,0.9788235294117649,0,6,1,0.015574229691876537
sues,control_25_290942,control,0.25,distance,50,50,1428,1428,1428,1.0,0.9891176470588235,0,6,0,0.010882352941176454
sues,control_25_290942,control,0.25,distance,100,100,1428,1428,1428,1.0,0.9900000000000002,0,6,0,0.009999999999999787
sues,control_25_290942,control,0.25,distance,200,162,1428,1428,1428,1.0,0.9900000000000002,0,6,0,0.009999999999999787
sues,control_25_290942,control,0.25,aps_raw,1,1,1428,1428,1200,0.8403361344537815,0.8768977591036414,0,0,0,0.059810924369747824
sues,control_25_290942,control,0.25,aps_raw,20,20,1428,1428,1420,0.9943977591036415,0.984621848739496,0,0,0,0.00977591036414549
sues,control_25_290942,control,0.25,aps_raw,50,50,1428,1428,1428,1.0,0.9900000000000002,0,0,0,0.009999999999999787
sues,control_25_290942,control,0.25,aps_raw,100,100,1428,1428,1428,1.0,0.9900000000000002,0,0,0,0.009999999999999787
sues,control_25_290942,control,0.25,aps_raw,200,162,1428,1428,1428,1.0,0.9900000000000002,0,0,0,0.009999999999999787
sues,target_25_290943,target,0.25,distance,1,1,1428,1068,876,0.6134453781512605,0.8436064425770307,0,100,90,0.2644327731092437
sues,target_25_290943,target,0.25,distance,20,20,1428,1068,1061,0.7429971988795518,0.9772759103641457,0,15,9,0.23427871148459384
sues,target_25_290943,target,0.25,distance,50,50,1428,1068,1068,0.7478991596638656,0.9888165266106445,0,15,9,0.2409173669467789
sues,target_25_290943,target,0.25,distance,100,100,1428,1068,1068,0.7478991596638656,0.9900000000000002,0,15,9,0.24210084033613466
sues,target_25_290943,target,0.25,distance,200,162,1428,1068,1068,0.7478991596638656,0.9900000000000002,0,15,9,0.24210084033613466
sues,target_25_290943,target,0.25,aps_raw,1,1,1428,1068,876,0.6134453781512605,0.8747408963585435,0,0,0,0.2708193277310924
sues,target_25_290943,target,0.25,aps_raw,20,20,1428,1068,1061,0.7429971988795518,0.9846428571428573,0,0,0,0.24164565826330542
sues,target_25_290943,target,0.25,aps_raw,50,50,1428,1068,1068,0.7478991596638656,0.9900000000000002,0,0,0,0.24210084033613466
sues,target_25_290943,target,0.25,aps_raw,100,100,1428,1068,1068,0.7478991596638656,0.9900000000000002,0,0,0,0.24210084033613466
sues,target_25_290943,target,0.25,aps_raw,200,162,1428,1068,1068,0.7478991596638656,0.9900000000000002,0,0,0,0.24210084033613466
sues,target_50_290943,target,0.5,distance,1,1,1428,708,596,0.4173669467787115,0.8705672268907564,0,127,124,0.47039915966386553
sues,target_50_290943,target,0.5,distance,20,20,1428,708,704,0.49299719887955185,0.9826610644257705,0,30,29,0.4896638655462184
sues,target_50_290943,target,0.5,distance,50,50,1428,708,708,0.4957983193277311,0.9897689075630253,0,30,29,0.49397058823529416
sues,target_50_290943,target,0.5,distance,100,100,1428,708,708,0.4957983193277311,0.9900000000000002,0,30,29,0.4942016806722691
sues,target_50_290943,target,0.5,distance,200,124,1428,708,708,0.4957983193277311,0.9900000000000002,0,30,29,0.4942016806722691
sues,target_50_290943,target,0.5,aps_raw,1,1,1428,708,596,0.4173669467787115,0.8713515406162464,0,0,0,0.4567857142857143
sues,target_50_290943,target,0.5,aps_raw,20,20,1428,708,704,0.49299719887955185,0.983354341736695,0,0,0,0.49035714285714316
sues,target_50_290943,target,0.5,aps_raw,50,50,1428,708,708,0.4957983193277311,0.9900000000000002,0,0,0,0.4942016806722691
sues,target_50_290943,target,0.5,aps_raw,100,100,1428,708,708,0.4957983193277311,0.9900000000000002,0,0,0,0.4942016806722691
sues,target_50_290943,target,0.5,aps_raw,200,124,1428,708,708,0.4957983193277311,0.9900000000000002,0,0,0,0.4942016806722691
sues,control_25_290943,control,0.25,distance,1,1,1428,1428,1195,0.8368347338935574,0.8450980392156863,0,48,34,0.09219887955182073
sues,control_25_290943,control,0.25,distance,20,20,1428,1428,1421,0.9950980392156863,0.9785154061624651,0,6,0,0.016582633053221267
sues,control_25_290943,control,0.25,distance,50,50,1428,1428,1428,1.0,0.9891036414565827,0,6,0,0.010896358543417306
sues,control_25_290943,control,0.25,distance,100,100,1428,1428,1428,1.0,0.9900000000000002,0,6,0,0.009999999999999787
sues,control_25_290943,control,0.25,distance,200,162,1428,1428,1428,1.0,0.9900000000000002,0,6,0,0.009999999999999787
sues,control_25_290943,control,0.25,aps_raw,1,1,1428,1428,1195,0.8368347338935574,0.8769607843137256,0,0,0,0.06323529411764717
sues,control_25_290943,control,0.25,aps_raw,20,20,1428,1428,1421,0.9950980392156863,0.9847128851540619,0,0,0,0.010385154061624435
sues,control_25_290943,control,0.25,aps_raw,50,50,1428,1428,1428,1.0,0.9900000000000002,0,0,0,0.009999999999999787
sues,control_25_290943,control,0.25,aps_raw,100,100,1428,1428,1428,1.0,0.9900000000000002,0,0,0,0.009999999999999787
sues,control_25_290943,control,0.25,aps_raw,200,162,1428,1428,1428,1.0,0.9900000000000002,0,0,0,0.009999999999999787
sues,target_25_290944,target,0.25,distance,1,1,1428,1068,904,0.6330532212885154,0.8540966386554623,0,82,74,0.2552450980392156
sues,target_25_290944,target,0.25,distance,20,20,1428,1068,1059,0.7415966386554622,0.9785364145658266,0,8,3,0.23693977591036414
sues,target_25_290944,target,0.25,distance,50,50,1428,1068,1068,0.7478991596638656,0.9890756302521009,0,8,2,0.24117647058823533
sues,target_25_290944,target,0.25,distance,100,100,1428,1068,1068,0.7478991596638656,0.9900000000000002,0,8,2,0.24210084033613466
sues,target_25_290944,target,0.25,distance,200,162,1428,1068,1068,0.7478991596638656,0.9900000000000002,0,8,2,0.24210084033613466
sues,target_25_290944,target,0.25,aps_raw,1,1,1428,1068,904,0.6330532212885154,0.8746008403361346,0,0,0,0.25737394957983195
sues,target_25_290944,target,0.25,aps_raw,20,20,1428,1068,1059,0.7415966386554622,0.9844607843137257,0,0,0,0.24286414565826353
sues,target_25_290944,target,0.25,aps_raw,50,50,1428,1068,1068,0.7478991596638656,0.9900000000000002,0,0,0,0.24210084033613466
sues,target_25_290944,target,0.25,aps_raw,100,100,1428,1068,1068,0.7478991596638656,0.9900000000000002,0,0,0,0.24210084033613466
sues,target_25_290944,target,0.25,aps_raw,200,162,1428,1068,1068,0.7478991596638656,0.9900000000000002,0,0,0,0.24210084033613466
sues,target_50_290944,target,0.5,distance,1,1,1428,708,596,0.4173669467787115,0.874859943977591,0,143,138,0.4686414565826332
sues,target_50_290944,target,0.5,distance,20,20,1428,708,704,0.49299719887955185,0.9821148459383754,0,35,31,0.48911764705882355
sues,target_50_290944,target,0.5,distance,50,50,1428,708,708,0.4957983193277311,0.9896988795518209,0,35,31,0.4939005602240898
sues,target_50_290944,target,0.5,distance,100,100,1428,708,708,0.4957983193277311,0.9900000000000002,0,35,31,0.4942016806722691
sues,target_50_290944,target,0.5,distance,200,124,1428,708,708,0.4957983193277311,0.9900000000000002,0,35,31,0.4942016806722691
sues,target_50_290944,target,0.5,aps_raw,1,1,1428,708,596,0.4173669467787115,0.8709383753501401,0,0,0,0.45861344537815135
sues,target_50_290944,target,0.5,aps_raw,20,20,1428,708,704,0.49299719887955185,0.9833403361344539,0,0,0,0.4903431372549021
sues,target_50_290944,target,0.5,aps_raw,50,50,1428,708,708,0.4957983193277311,0.9900000000000002,0,0,0,0.4942016806722691
sues,target_50_290944,target,0.5,aps_raw,100,100,1428,708,708,0.4957983193277311,0.9900000000000002,0,0,0,0.4942016806722691
sues,target_50_290944,target,0.5,aps_raw,200,124,1428,708,708,0.4957983193277311,0.9900000000000002,0,0,0,0.4942016806722691
sues,control_25_290944,control,0.25,distance,1,1,1428,1428,1199,0.8396358543417367,0.8455182072829133,0,53,38,0.08252100840336135
sues,control_25_290944,control,0.25,distance,20,20,1428,1428,1420,0.9943977591036415,0.9787254901960785,0,6,0,0.015672268907562934
sues,control_25_290944,control,0.25,distance,50,50,1428,1428,1428,1.0,0.9890826330532213,0,6,0,0.010917366946778695
sues,control_25_290944,control,0.25,distance,100,100,1428,1428,1428,1.0,0.9900000000000002,0,6,0,0.009999999999999787
sues,control_25_290944,control,0.25,distance,200,162,1428,1428,1428,1.0,0.9900000000000002,0,6,0,0.009999999999999787
sues,control_25_290944,control,0.25,aps_raw,1,1,1428,1428,1199,0.8396358543417367,0.8769397759103643,0,0,0,0.0601330532212885
sues,control_25_290944,control,0.25,aps_raw,20,20,1428,1428,1420,0.9943977591036415,0.9846148459383754,0,0,0,0.009782913165266027
sues,control_25_290944,control,0.25,aps_raw,50,50,1428,1428,1428,1.0,0.9900000000000002,0,0,0,0.009999999999999787
sues,control_25_290944,control,0.25,aps_raw,100,100,1428,1428,1428,1.0,0.9900000000000002,0,0,0,0.009999999999999787
sues,control_25_290944,control,0.25,aps_raw,200,162,1428,1428,1428,1.0,0.9900000000000002,0,0,0,0.009999999999999787
sues,target_25_290945,target,0.25,distance,1,1,1428,1068,877,0.6141456582633054,0.8445378151260504,0,98,88,0.28043417366946777
sues,target_25_290945,target,0.25,distance,20,20,1428,1068,1060,0.742296918767507,0.9772689075630253,0,10,4,0.23497198879551845
sues,target_25_290945,target,0.25,distance,50,50,1428,1068,1068,0.7478991596638656,0.9887675070028011,0,10,4,0.24086834733893558
sues,target_25_290945,target,0.25,distance,100,100,1428,1068,1068,0.7478991596638656,0.9900000000000002,0,10,4,0.24210084033613466
sues,target_25_290945,target,0.25,distance,200,162,1428,1068,1068,0.7478991596638656,0.9900000000000002,0,10,4,0.24210084033613466
sues,target_25_290945,target,0.25,aps_raw,1,1,1428,1068,877,0.6141456582633054,0.8743067226890758,0,0,0,0.2779481792717087
sues,target_25_290945,target,0.25,aps_raw,20,20,1428,1068,1060,0.742296918767507,0.984635854341737,0,0,0,0.24233893557422992
sues,target_25_290945,target,0.25,aps_raw,50,50,1428,1068,1068,0.7478991596638656,0.9900000000000002,0,0,0,0.24210084033613466
sues,target_25_290945,target,0.25,aps_raw,100,100,1428,1068,1068,0.7478991596638656,0.9900000000000002,0,0,0,0.24210084033613466
sues,target_25_290945,target,0.25,aps_raw,200,162,1428,1068,1068,0.7478991596638656,0.9900000000000002,0,0,0,0.24210084033613466
sues,target_50_290945,target,0.5,distance,1,1,1428,708,586,0.4103641456582633,0.8638305322128853,0,158,153,0.46612745098039216
sues,target_50_290945,target,0.5,distance,20,20,1428,708,707,0.4950980392156863,0.9817857142857143,0,24,23,0.4866876750700281
sues,target_50_290945,target,0.5,distance,50,50,1428,708,708,0.4957983193277311,0.989747899159664,0,24,23,0.4939495798319329
sues,target_50_290945,target,0.5,distance,100,100,1428,708,708,0.4957983193277311,0.9900000000000002,0,24,23,0.4942016806722691
sues,target_50_290945,target,0.5,distance,200,124,1428,708,708,0.4957983193277311,0.9900000000000002,0,24,23,0.4942016806722691
sues,target_50_290945,target,0.5,aps_raw,1,1,1428,708,586,0.4103641456582633,0.8712324929971988,0,0,0,0.46871148459383766
sues,target_50_290945,target,0.5,aps_raw,20,20,1428,708,707,0.4950980392156863,0.9835784313725492,0,0,0,0.4884803921568629
sues,target_50_290945,target,0.5,aps_raw,50,50,1428,708,708,0.4957983193277311,0.9900000000000002,0,0,0,0.4942016806722691
sues,target_50_290945,target,0.5,aps_raw,100,100,1428,708,708,0.4957983193277311,0.9900000000000002,0,0,0,0.4942016806722691
sues,target_50_290945,target,0.5,aps_raw,200,124,1428,708,708,0.4957983193277311,0.9900000000000002,0,0,0,0.4942016806722691
sues,control_25_290945,control,0.25,distance,1,1,1428,1428,1206,0.8445378151260504,0.8430182072829131,0,49,35,0.08969887955182076
sues,control_25_290945,control,0.25,distance,20,20,1428,1428,1419,0.9936974789915967,0.9788445378151261,0,6,0,0.014852941176470492
sues,control_25_290945,control,0.25,distance,50,50,1428,1428,1428,1.0,0.9891106442577032,0,6,0,0.010889355742296769
sues,control_25_290945,control,0.25,distance,100,100,1428,1428,1428,1.0,0.9900000000000002,0,6,0,0.009999999999999787
sues,control_25_290945,control,0.25,distance,200,162,1428,1428,1428,1.0,0.9900000000000002,0,6,0,0.009999999999999787
sues,control_25_290945,control,0.25,aps_raw,1,1,1428,1428,1206,0.8445378151260504,0.8769117647058824,0,0,0,0.05562324929971986
sues,control_25_290945,control,0.25,aps_raw,20,20,1428,1428,1419,0.9936974789915967,0.9846008403361346,0,0,0,0.009096638655462064
sues,control_25_290945,control,0.25,aps_raw,50,50,1428,1428,1428,1.0,0.9900000000000002,0,0,0,0.009999999999999787
sues,control_25_290945,control,0.25,aps_raw,100,100,1428,1428,1428,1.0,0.9900000000000002,0,0,0,0.009999999999999787
sues,control_25_290945,control,0.25,aps_raw,200,162,1428,1428,1428,1.0,0.9900000000000002,0,0,0,0.009999999999999787
sues,target_25_290946,target,0.25,distance,1,1,1428,1068,901,0.6309523809523809,0.8465196078431372,0,74,65,0.2560294117647059
sues,target_25_290946,target,0.25,distance,20,20,1428,1068,1064,0.7450980392156863,0.9766176470588236,0,8,3,0.23151960784313733
sues,target_25_290946,target,0.25,distance,50,50,1428,1068,1068,0.7478991596638656,0.9886204481792717,0,8,3,0.2407212885154062
sues,target_25_290946,target,0.25,distance,100,100,1428,1068,1068,0.7478991596638656,0.9900000000000002,0,8,3,0.24210084033613466
sues,target_25_290946,target,0.25,distance,200,162,1428,1068,1068,0.7478991596638656,0.9900000000000002,0,8,3,0.24210084033613466
sues,target_25_290946,target,0.25,aps_raw,1,1,1428,1068,901,0.6309523809523809,0.8745588235294117,0,0,0,0.25929271708683477
sues,target_25_290946,target,0.25,aps_raw,20,20,1428,1068,1064,0.7450980392156863,0.9844747899159667,0,0,0,0.23937675070028042
sues,target_25_290946,target,0.25,aps_raw,50,50,1428,1068,1068,0.7478991596638656,0.9900000000000002,0,0,0,0.24210084033613466
sues,target_25_290946,target,0.25,aps_raw,100,100,1428,1068,1068,0.7478991596638656,0.9900000000000002,0,0,0,0.24210084033613466
sues,target_25_290946,target,0.25,aps_raw,200,162,1428,1068,1068,0.7478991596638656,0.9900000000000002,0,0,0,0.24210084033613466
sues,target_50_290946,target,0.5,distance,1,1,1428,708,631,0.4418767507002801,0.8745238095238095,0,130,125,0.43935574229691876
sues,target_50_290946,target,0.5,distance,20,20,1428,708,707,0.4950980392156863,0.9820028011204484,0,35,30,0.48690476190476195
sues,target_50_290946,target,0.5,distance,50,50,1428,708,708,0.4957983193277311,0.9897408963585436,0,35,30,0.49394257703081246
sues,target_50_290946,target,0.5,distance,100,100,1428,708,708,0.4957983193277311,0.9900000000000002,0,35,30,0.4942016806722691
sues,target_50_290946,target,0.5,distance,200,124,1428,708,708,0.4957983193277311,0.9900000000000002,0,35,30,0.4942016806722691
sues,target_50_290946,target,0.5,aps_raw,1,1,1428,708,631,0.4418767507002801,0.8712885154061625,0,0,0,0.43641456582633065
sues,target_50_290946,target,0.5,aps_raw,20,20,1428,708,707,0.4950980392156863,0.9833823529411766,0,0,0,0.4882843137254903
sues,target_50_290946,target,0.5,aps_raw,50,50,1428,708,708,0.4957983193277311,0.9900000000000002,0,0,0,0.4942016806722691
sues,target_50_290946,target,0.5,aps_raw,100,100,1428,708,708,0.4957983193277311,0.9900000000000002,0,0,0,0.4942016806722691
sues,target_50_290946,target,0.5,aps_raw,200,124,1428,708,708,0.4957983193277311,0.9900000000000002,0,0,0,0.4942016806722691
sues,control_25_290946,control,0.25,distance,1,1,1428,1428,1205,0.8438375350140056,0.845735294117647,0,52,37,0.09237394957983194
sues,control_25_290946,control,0.25,distance,20,20,1428,1428,1421,0.9950980392156863,0.9791596638655462,0,6,0,0.015938375350140154
sues,control_25_290946,control,0.25,distance,50,50,1428,1428,1428,1.0,0.9891736694677871,0,6,0,0.010826330532212936
sues,control_25_290946,control,0.25,distance,100,100,1428,1428,1428,1.0,0.9900000000000002,0,6,0,0.009999999999999787
sues,control_25_290946,control,0.25,distance,200,162,1428,1428,1428,1.0,0.9900000000000002,0,6,0,0.009999999999999787
sues,control_25_290946,control,0.25,aps_raw,1,1,1428,1428,1205,0.8438375350140056,0.8769117647058824,0,0,0,0.056603641456582546
sues,control_25_290946,control,0.25,aps_raw,20,20,1428,1428,1421,0.9950980392156863,0.9845868347338937,0,0,0,0.010511204481792547
sues,control_25_290946,control,0.25,aps_raw,50,50,1428,1428,1428,1.0,0.9900000000000002,0,0,0,0.009999999999999787
sues,control_25_290946,control,0.25,aps_raw,100,100,1428,1428,1428,1.0,0.9900000000000002,0,0,0,0.009999999999999787
sues,control_25_290946,control,0.25,aps_raw,200,162,1428,1428,1428,1.0,0.9900000000000002,0,0,0,0.009999999999999787
sues,target_25_290947,target,0.25,distance,1,1,1428,1068,891,0.6239495798319328,0.846547619047619,0,93,86,0.2726260504201681
sues,target_25_290947,target,0.25,distance,20,20,1428,1068,1062,0.7436974789915967,0.9766876750700281,0,8,2,0.23353641456582647
sues,target_25_290947,target,0.25,distance,50,50,1428,1068,1068,0.7478991596638656,0.9887324929971989,0,8,2,0.24083333333333334
sues,target_25_290947,target,0.25,distance,100,100,1428,1068,1068,0.7478991596638656,0.9900000000000002,0,8,2,0.24210084033613466
sues,target_25_290947,target,0.25,distance,200,162,1428,1068,1068,0.7478991596638656,0.9900000000000002,0,8,2,0.24210084033613466
sues,target_25_290947,target,0.25,aps_raw,1,1,1428,1068,891,0.6239495798319328,0.8746778711484594,0,0,0,0.27005602240896365
sues,target_25_290947,target,0.25,aps_raw,20,20,1428,1068,1062,0.7436974789915967,0.9846008403361346,0,0,0,0.24090336134453794
sues,target_25_290947,target,0.25,aps_raw,50,50,1428,1068,1068,0.7478991596638656,0.9900000000000002,0,0,0,0.24210084033613466
sues,target_25_290947,target,0.25,aps_raw,100,100,1428,1068,1068,0.7478991596638656,0.9900000000000002,0,0,0,0.24210084033613466
sues,target_25_290947,target,0.25,aps_raw,200,162,1428,1068,1068,0.7478991596638656,0.9900000000000002,0,0,0,0.24210084033613466
sues,target_50_290947,target,0.5,distance,1,1,1428,708,628,0.43977591036414565,0.8682422969187674,0,145,141,0.45242997198879553
sues,target_50_290947,target,0.5,distance,20,20,1428,708,705,0.49369747899159666,0.9816736694677871,0,17,13,0.4879761904761907
sues,target_50_290947,target,0.5,distance,50,50,1428,708,708,0.4957983193277311,0.9897759103641457,0,17,13,0.4939775910364146
sues,target_50_290947,target,0.5,distance,100,100,1428,708,708,0.4957983193277311,0.9900000000000002,0,17,13,0.4942016806722691
sues,target_50_290947,target,0.5,distance,200,124,1428,708,708,0.4957983193277311,0.9900000000000002,0,17,13,0.4942016806722691
sues,target_50_290947,target,0.5,aps_raw,1,1,1428,708,628,0.43977591036414565,0.8714285714285714,0,0,0,0.442717086834734
sues,target_50_290947,target,0.5,aps_raw,20,20,1428,708,705,0.49369747899159666,0.9834383753501403,0,0,0,0.4897408963585437
sues,target_50_290947,target,0.5,aps_raw,50,50,1428,708,708,0.4957983193277311,0.9900000000000002,0,0,0,0.4942016806722691
sues,target_50_290947,target,0.5,aps_raw,100,100,1428,708,708,0.4957983193277311,0.9900000000000002,0,0,0,0.4942016806722691
sues,target_50_290947,target,0.5,aps_raw,200,124,1428,708,708,0.4957983193277311,0.9900000000000002,0,0,0,0.4942016806722691
sues,control_25_290947,control,0.25,distance,1,1,1428,1428,1203,0.842436974789916,0.8494257703081233,0,53,40,0.0876190476190476
sues,control_25_290947,control,0.25,distance,20,20,1428,1428,1421,0.9950980392156863,0.9790056022408964,0,6,0,0.016092436974789893
sues,control_25_290947,control,0.25,distance,50,50,1428,1428,1428,1.0,0.9891666666666669,0,6,0,0.01083333333333314
sues,control_25_290947,control,0.25,distance,100,100,1428,1428,1428,1.0,0.9900000000000002,0,6,0,0.009999999999999787
sues,control_25_290947,control,0.25,distance,200,162,1428,1428,1428,1.0,0.9900000000000002,0,6,0,0.009999999999999787
sues,control_25_290947,control,0.25,aps_raw,1,1,1428,1428,1203,0.842436974789916,0.8767156862745098,0,0,0,0.05682773109243707
sues,control_25_290947,control,0.25,aps_raw,20,20,1428,1428,1421,0.9950980392156863,0.9845448179271711,0,0,0,0.010553221288515213
sues,control_25_290947,control,0.25,aps_raw,50,50,1428,1428,1428,1.0,0.9900000000000002,0,0,0,0.009999999999999787
sues,control_25_290947,control,0.25,aps_raw,100,100,1428,1428,1428,1.0,0.9900000000000002,0,0,0,0.009999999999999787
sues,control_25_290947,control,0.25,aps_raw,200,162,1428,1428,1428,1.0,0.9900000000000002,0,0,0,0.009999999999999787
