dataset,case_id,method,k,bin,count,accuracy,confidence
university,full,distance,1,0,3,0.6666666666666666,0.04333333333333337
university,full,distance,1,1,2,0.5,0.18999999999999995
university,full,distance,1,2,7,0.42857142857142855,0.23428571428571426
university,full,distance,1,3,4,0.75,0.37750000000000006
university,full,distance,1,4,5,0.8,0.4619999999999999
university,full,distance,1,5,5,0.8,0.556
university,full,distance,1,6,20,0.95,0.6499999999999999
university,full,distance,1,7,40,0.925,0.748
university,full,distance,1,8,74,0.9864864864864865,0.8614864864864864
university,full,distance,1,9,692,0.9407514450867052,0.9561271676300578
university,full,distance,20,9,852,0.994131455399061,0.9853521126760565
university,full,distance,50,9,852,0.9964788732394366,0.9895892018779343
university,full,distance,100,9,852,0.9976525821596244,0.9899647887323945
university,full,distance,200,9,852,0.9976525821596244,0.99
university,full,aps_raw,1,9,852,0.9354460093896714,0.9491901408450704
university,full,aps_raw,20,9,852,0.994131455399061,0.9820422535211271
university,full,aps_raw,50,9,852,0.9964788732394366,0.99
university,full,aps_raw,100,9,852,0.9976525821596244,0.99
university,full,aps_raw,200,9,852,0.9976525821596244,0.99
university,target_71_3407,distance,1,0,1,1.0,0.040000000000000036
university,target_71_3407,distance,1,2,5,0.4,0.24
university,target_71_3407,distance,1,3,2,1.0,0.375
university,target_71_3407,distance,1,4,3,1.0,0.4633333333333333
university,target_71_3407,distance,1,5,3,0.3333333333333333,0.5366666666666667
university,target_71_3407,distance,1,6,14,1.0,0.6528571428571429
university,target_71_3407,distance,1,7,31,0.8387096774193549,0.7496774193548387
university,target_71_3407,distance,1,8,55,0.9272727272727272,0.8598181818181819
university,target_71_3407,distance,1,9,738,0.6910569105691057,0.9613414634146342
university,target_71_3407,distance,20,9,852,0.7476525821596244,0.9866314553990612
university,target_71_3407,distance,50,9,852,0.7488262910798122,0.9898239436619719
university,target_71_3407,distance,100,9,852,0.7488262910798122,0.9899882629107981
university,target_71_3407,distance,200,9,852,0.75,0.99
university,target_71_3407,aps_raw,1,9,852,0.715962441314554,0.9454812206572768
university,target_71_3407,aps_raw,20,9,852,0.7476525821596244,0.9813262910798125
university,target_71_3407,aps_raw,50,9,852,0.7488262910798122,0.99
university,target_71_3407,aps_raw,100,9,852,0.7488262910798122,0.99
university,target_71_3407,aps_raw,200,9,852,0.75,0.99
university,control_71_3407,distance,1,0,2,0.5,0.04500000000000004
university,control_71_3407,distance,1,1,2,0.5,0.18999999999999995
university,control_71_3407,distance,1,2,5,0.4,0.24
university,control_71_3407,distance,1,3,4,0.75,0.37750000000000006
university,control_71_3407,distance,1,4,5,0.8,0.4619999999999999
university,control_71_3407,distance,1,5,4,0.75,0.5525
university,control_71_3407,distance,1,6,17,0.9411764705882353,0.6505882352941177
university,control_71_3407,distance,1,7,36,0.9166666666666666,0.7499999999999999
university,control_71_3407,distance,1,8,75,0.9866666666666667,0.8616
university,control_71_3407,distance,1,9,702,0.9430199430199431,0.9575213675213676
university,control_71_3407,distance,20,9,852,0.994131455399061,0.9863380281690143
university,control_71_3407,distance,50,9,852,0.9964788732394366,0.9897887323943663
university,control_71_3407,distance,100,9,852,0.9976525821596244,0.9899765258215962
university,control_71_3407,distance,200,9,852,0.9988262910798122,0.99
university,control_71_3407,aps_raw,1,9,852,0.937793427230047,0.949025821596244
university,control_71_3407,aps_raw,20,9,852,0.994131455399061,0.9815962441314557
university,control_71_3407,aps_raw,50,9,852,0.9964788732394366,0.99
university,control_71_3407,aps_raw,100,9,852,0.9976525821596244,0.99
university,control_71_3407,aps_raw,200,9,852,0.9988262910798122,0.99
university,target_142_3407,distance,1,0,1,1.0,0.040000000000000036
university,target_142_3407,distance,1,2,5,0.4,0.24
university,target_142_3407,distance,1,3,2,1.0,0.375
university,target_142_3407,distance,1,4,2,1.0,0.45999999999999996
university,target_142_3407,distance,1,5,3,0.3333333333333333,0.5366666666666667
university,target_142_3407,distance,1,6,6,1.0,0.6549999999999999
university,target_142_3407,distance,1,7,23,0.782608695652174,0.748695652173913
university,target_142_3407,distance,1,8,26,0.7307692307692307,0.8584615384615386
university,target_142_3407,distance,1,9,784,0.45790816326530615,0.9669897959183673
university,target_142_3407,distance,20,9,852,0.5,0.9881455399061034
university,target_142_3407,distance,50,9,852,0.5,0.9899530516431926
university,target_142_3407,distance,100,9,852,0.5,0.99
university,target_142_3407,distance,200,9,852,0.5,0.99
university,target_142_3407,aps_raw,1,9,852,0.4812206572769953,0.9411619718309858
university,target_142_3407,aps_raw,20,9,852,0.5,0.9806220657276998
university,target_142_3407,aps_raw,50,9,852,0.5,0.99
university,target_142_3407,aps_raw,100,9,852,0.5,0.99
university,target_142_3407,aps_raw,200,9,852,0.5,0.99
university,target_71_3408,distance,1,0,1,1.0,0.040000000000000036
university,target_71_3408,distance,1,2,5,0.4,0.24
university,target_71_3408,distance,1,3,2,1.0,0.375
university,target_71_3408,distance,1,4,3,1.0,0.4633333333333333
university,target_71_3408,distance,1,5,3,0.3333333333333333,0.5366666666666667
university,target_71_3408,distance,1,6,15,1.0,0.6506666666666666
university,target_71_3408,distance,1,7,33,0.8787878787878788,0.7518181818181819
university,target_71_3408,distance,1,8,49,0.8979591836734694,0.8587755102040816
university,target_71_3408,distance,1,9,741,0.6815114709851552,0.9609176788124156
university,target_71_3408,distance,20,9,852,0.7453051643192489,0.9866901408450706
university,target_71_3408,distance,50,9,852,0.7464788732394366,0.9898708920187793
university,target_71_3408,distance,100,9,852,0.7476525821596244,0.99
university,target_71_3408,distance,200,9,852,0.7488262910798122,0.99
university,target_71_3408,aps_raw,1,9,852,0.7065727699530516,0.9453286384976524
university,target_71_3408,aps_raw,20,9,852,0.7453051643192489,0.9812206572769956
university,target_71_3408,aps_raw,50,9,852,0.7464788732394366,0.99
university,target_71_3408,aps_raw,100,9,852,0.7476525821596244,0.99
university,target_71_3408,aps_raw,200,9,852,0.7488262910798122,0.99
university,control_71_3408,distance,1,0,2,0.5,0.04500000000000004
university,control_71_3408,distance,1,1,2,0.5,0.18999999999999995
university,control_71_3408,distance,1,2,4,0.25,0.23249999999999998
university,control_71_3408,distance,1,3,2,0.5,0.38
university,control_71_3408,distance,1,4,5,0.8,0.4619999999999999
university,control_71_3408,distance,1,5,5,1.0,0.5640000000000001
university,control_71_3408,distance,1,6,20,0.95,0.647
university,control_71_3408,distance,1,7,37,0.918918918918919,0.7464864864864863
university,control_71_3408,distance,1,8,75,0.9733333333333334,0.8614666666666667
university,control_71_3408,distance,1,9,700,0.9414285714285714,0.9573142857142857
university,control_71_3408,distance,20,9,852,0.994131455399061,0.9863967136150236
university,control_71_3408,distance,50,9,852,0.9964788732394366,0.98981220657277
university,control_71_3408,distance,100,9,852,0.9976525821596244,0.9899882629107981
university,control_71_3408,distance,200,9,852,0.9988262910798122,0.99
university,control_71_3408,aps_raw,1,9,852,0.9366197183098591,0.9490492957746478
university,control_71_3408,aps_raw,20,9,852,0.994131455399061,0.9814906103286388
university,control_71_3408,aps_raw,50,9,852,0.9964788732394366,0.99
university,control_71_3408,aps_raw,100,9,852,0.9976525821596244,0.99
university,control_71_3408,aps_raw,200,9,852,0.9988262910798122,0.99
university,target_142_3408,distance,1,0,1,1.0,0.040000000000000036
university,target_142_3408,distance,1,2,5,0.4,0.24
university,target_142_3408,distance,1,3,2,1.0,0.375
university,target_142_3408,distance,1,4,3,1.0,0.4633333333333333
university,target_142_3408,distance,1,5,3,0.3333333333333333,0.5366666666666667
university,target_142_3408,distance,1,6,11,1.0,0.6518181818181819
university,target_142_3408,distance,1,7,20,0.75,0.7535000000000001
university,target_142_3408,distance,1,8,23,0.7391304347826086,0.8408695652173913
university,target_142_3408,distance,1,9,784,0.4451530612244898,0.9664795918367348
university,target_142_3408,distance,20,9,852,0.49765258215962443,0.988086854460094
university,target_142_3408,distance,50,9,852,0.4988262910798122,0.9899530516431926
university,target_142_3408,distance,100,9,852,0.4988262910798122,0.99
university,target_142_3408,distance,200,9,852,0.5,0.99
university,target_142_3408,aps_raw,1,9,852,0.4706572769953052,0.9413028169014084
university,target_142_3408,aps_raw,20,9,852,0.49765258215962443,0.9806690140845072
university,target_142_3408,aps_raw,50,9,852,0.4988262910798122,0.99
university,target_142_3408,aps_raw,100,9,852,0.4988262910798122,0.99
university,target_142_3408,aps_raw,200,9,852,0.5,0.99
university,target_71_3409,distance,1,0,3,0.6666666666666666,0.04333333333333337
university,target_71_3409,distance,1,1,2,0.5,0.18999999999999995
university,target_71_3409,distance,1,2,7,0.42857142857142855,0.23428571428571426
university,target_71_3409,distance,1,3,2,1.0,0.375
university,target_71_3409,distance,1,4,3,0.6666666666666666,0.4633333333333333
university,target_71_3409,distance,1,5,7,0.7142857142857143,0.5514285714285715
university,target_71_3409,distance,1,6,16,0.9375,0.6487499999999999
university,target_71_3409,distance,1,7,29,0.8620689655172413,0.7496551724137931
university,target_71_3409,distance,1,8,52,0.9038461538461539,0.8584615384615385
university,target_71_3409,distance,1,9,731,0.6839945280437757,0.960889192886457
university,target_71_3409,distance,20,9,852,0.7453051643192489,0.9867253521126762
university,target_71_3409,distance,50,9,852,0.7464788732394366,0.9898943661971832
university,target_71_3409,distance,100,9,852,0.7476525821596244,0.99
university,target_71_3409,distance,200,9,852,0.7488262910798122,0.99
university,target_71_3409,aps_raw,1,9,852,0.7065727699530516,0.945657276995305
university,target_71_3409,aps_raw,20,9,852,0.7453051643192489,0.9811619718309862
university,target_71_3409,aps_raw,50,9,852,0.7464788732394366,0.99
university,target_71_3409,aps_raw,100,9,852,0.7476525821596244,0.99
university,target_71_3409,aps_raw,200,9,852,0.7488262910798122,0.99
university,control_71_3409,distance,1,0,3,0.6666666666666666,0.04333333333333337
university,control_71_3409,distance,1,1,2,0.5,0.18999999999999995
university,control_71_3409,distance,1,2,6,0.3333333333333333,0.2283333333333333
university,control_71_3409,distance,1,3,2,0.5,0.38
university,control_71_3409,distance,1,4,5,0.8,0.4619999999999999
university,control_71_3409,distance,1,5,5,1.0,0.5640000000000001
university,control_71_3409,distance,1,6,17,0.9411764705882353,0.6470588235294118
university,control_71_3409,distance,1,7,35,0.9142857142857143,0.7468571428571428
university,control_71_3409,distance,1,8,76,0.9736842105263158,0.8605263157894738
university,control_71_3409,distance,1,9,701,0.9429386590584878,0.9571326676176891
university,control_71_3409,distance,20,9,852,0.994131455399061,0.9864084507042254
university,control_71_3409,distance,50,9,852,0.9964788732394366,0.98981220657277
university,control_71_3409,distance,100,9,852,0.9976525821596244,0.9899765258215962
university,control_71_3409,distance,200,9,852,0.9988262910798122,0.99
university,control_71_3409,aps_raw,1,9,852,0.9366197183098591,0.9490845070422534
university,control_71_3409,aps_raw,20,9,852,0.994131455399061,0.9816197183098593
university,control_71_3409,aps_raw,50,9,852,0.9964788732394366,0.99
university,control_71_3409,aps_raw,100,9,852,0.9976525821596244,0.99
university,control_71_3409,aps_raw,200,9,852,0.9988262910798122,0.99
university,target_142_3409,distance,1,0,3,0.6666666666666666,0.04333333333333337
university,target_142_3409,distance,1,1,2,0.5,0.18999999999999995
university,target_142_3409,distance,1,2,4,0.5,0.21999999999999997
university,target_142_3409,distance,1,3,1,0.0,0.39
university,target_142_3409,distance,1,4,2,0.5,0.445
university,target_142_3409,distance,1,5,7,0.7142857142857143,0.5585714285714287
university,target_142_3409,distance,1,6,13,0.7692307692307693,0.6407692307692308
university,target_142_3409,distance,1,7,12,0.75,0.7533333333333333
university,target_142_3409,distance,1,8,28,0.6071428571428571,0.8549999999999999
university,target_142_3409,distance,1,9,780,0.4461538461538462,0.9662820512820514
university,target_142_3409,distance,20,9,852,0.4953051643192488,0.9881924882629108
university,target_142_3409,distance,50,9,852,0.49765258215962443,0.9899530516431926
university,target_142_3409,distance,100,9,852,0.49765258215962443,0.99
university,target_142_3409,distance,200,9,852,0.5,0.99
university,target_142_3409,aps_raw,1,9,852,0.4636150234741784,0.941525821596244
university,target_142_3409,aps_raw,20,9,852,0.4953051643192488,0.9803755868544604
university,target_142_3409,aps_raw,50,9,852,0.49765258215962443,0.99
university,target_142_3409,aps_raw,100,9,852,0.49765258215962443,0.99
university,target_142_3409,aps_raw,200,9,852,0.5,0.99
university,target_71_3410,distance,1,2,3,0.3333333333333333,0.26333333333333336
university,target_71_3410,distance,1,3,2,1.0,0.365
university,target_71_3410,distance,1,4,4,0.75,0.46249999999999997
university,target_71_3410,distance,1,5,6,0.6666666666666666,0.56
university,target_71_3410,distance,1,6,13,0.9230769230769231,0.6461538461538461
university,target_71_3410,distance,1,7,30,0.8333333333333334,0.7446666666666666
university,target_71_3410,distance,1,8,51,0.8235294117647058,0.8572549019607841
university,target_71_3410,distance,1,9,743,0.6850605652759085,0.9614266487213998
university,target_71_3410,distance,20,9,852,0.744131455399061,0.9867370892018781
university,target_71_3410,distance,50,9,852,0.7464788732394366,0.9898474178403757
university,target_71_3410,distance,100,9,852,0.7476525821596244,0.9899882629107981
university,target_71_3410,distance,200,9,852,0.7488262910798122,0.99
university,target_71_3410,aps_raw,1,9,852,0.7018779342723005,0.9452934272300468
university,target_71_3410,aps_raw,20,9,852,0.744131455399061,0.9811619718309862
university,target_71_3410,aps_raw,50,9,852,0.7464788732394366,0.99
university,target_71_3410,aps_raw,100,9,852,0.7476525821596244,0.99
university,target_71_3410,aps_raw,200,9,852,0.7488262910798122,0.99
university,control_71_3410,distance,1,0,2,0.5,0.04500000000000004
university,control_71_3410,distance,1,1,2,0.5,0.18999999999999995
university,control_71_3410,distance,1,2,5,0.4,0.24
university,control_71_3410,distance,1,3,4,0.75,0.37750000000000006
university,control_71_3410,distance,1,4,5,0.8,0.4619999999999999
university,control_71_3410,distance,1,5,4,0.75,0.5525
university,control_71_3410,distance,1,6,17,0.9411764705882353,0.6505882352941177
university,control_71_3410,distance,1,7,35,0.9142857142857143,0.7502857142857142
university,control_71_3410,distance,1,8,75,0.9866666666666667,0.8616
university,control_71_3410,distance,1,9,703,0.9431009957325747,0.9572972972972973
university,control_71_3410,distance,20,9,852,0.994131455399061,0.9863380281690143
university,control_71_3410,distance,50,9,852,0.9964788732394366,0.98981220657277
university,control_71_3410,distance,100,9,852,0.9976525821596244,0.9899882629107981
university,control_71_3410,distance,200,9,852,0.9988262910798122,0.99
university,control_71_3410,aps_raw,1,9,852,0.937793427230047,0.9490610328638497
university,control_71_3410,aps_raw,20,9,852,0.994131455399061,0.98156103286385
university,control_71_3410,aps_raw,50,9,852,0.9964788732394366,0.99
university,control_71_3410,aps_raw,100,9,852,0.9976525821596244,0.99
university,control_71_3410,aps_raw,200,9,852,0.9988262910798122,0.99
university,target_142_3410,distance,1,2,2,0.0,0.26
university,target_142_3410,distance,1,3,1,1.0,0.37
university,target_142_3410,distance,1,4,3,0.3333333333333333,0.45
university,target_142_3410,distance,1,5,5,0.8,0.5660000000000001
university,target_142_3410,distance,1,6,11,0.7272727272727273,0.6381818181818182
university,target_142_3410,distance,1,7,16,0.75,0.74
university,target_142_3410,distance,1,8,31,0.7741935483870968,0.8583870967741934
university,target_142_3410,distance,1,9,783,0.44189016602809705,0.9669731800766285
university,target_142_3410,distance,20,9,852,0.4953051643192488,0.9882746478873239
university,target_142_3410,distance,50,9,852,0.49765258215962443,0.9899530516431926
university,target_142_3410,distance,100,9,852,0.49765258215962443,0.99
university,target_142_3410,distance,200,9,852,0.5,0.99
university,target_142_3410,aps_raw,1,9,852,0.4647887323943662,0.9409859154929575
university,target_142_3410,aps_raw,20,9,852,0.4953051643192488,0.9803755868544604
university,target_142_3410,aps_raw,50,9,852,0.49765258215962443,0.99
university,target_142_3410,aps_raw,100,9,852,0.49765258215962443,0.99
university,target_142_3410,aps_raw,200,9,852,0.5,0.99
university,target_71_3411,distance,1,0,1,1.0,0.040000000000000036
university,target_71_3411,distance,1,2,4,0.5,0.235
university,target_71_3411,distance,1,3,3,0.6666666666666666,0.38000000000000006
university,target_71_3411,distance,1,4,2,1.0,0.46499999999999997
university,target_71_3411,distance,1,5,4,0.5,0.545
university,target_71_3411,distance,1,6,16,1.0,0.653125
university,target_71_3411,distance,1,7,26,0.8461538461538461,0.7546153846153847
university,target_71_3411,distance,1,8,49,0.8163265306122449,0.8577551020408164
university,target_71_3411,distance,1,9,747,0.6934404283801874,0.9617001338688087
university,target_71_3411,distance,20,9,852,0.7464788732394366,0.986737089201878
university,target_71_3411,distance,50,9,852,0.7476525821596244,0.9898356807511738
university,target_71_3411,distance,100,9,852,0.7488262910798122,0.9899765258215962
university,target_71_3411,distance,200,9,852,0.7488262910798122,0.99
university,target_71_3411,aps_raw,1,9,852,0.710093896713615,0.9456690140845068
university,target_71_3411,aps_raw,20,9,852,0.7464788732394366,0.9811619718309862
university,target_71_3411,aps_raw,50,9,852,0.7476525821596244,0.99
university,target_71_3411,aps_raw,100,9,852,0.7488262910798122,0.99
university,target_71_3411,aps_raw,200,9,852,0.7488262910798122,0.99
university,control_71_3411,distance,1,0,2,0.5,0.04500000000000004
university,control_71_3411,distance,1,1,2,0.5,0.18999999999999995
university,control_71_3411,distance,1,2,4,0.25,0.23249999999999998
university,control_71_3411,distance,1,3,2,0.5,0.38
university,control_71_3411,distance,1,4,5,0.8,0.4619999999999999
university,control_71_3411,distance,1,5,6,1.0,0.5650000000000001
university,control_71_3411,distance,1,6,20,0.95,0.647
university,control_71_3411,distance,1,7,38,0.9210526315789473,0.7449999999999999
university,control_71_3411,distance,1,8,73,0.9726027397260274,0.8599999999999999
university,control_71_3411,distance,1,9,700,0.9428571428571428,0.9578285714285715
university,control_71_3411,distance,20,9,852,0.994131455399061,0.9864084507042254
university,control_71_3411,distance,50,9,852,0.9964788732394366,0.9898004694835681
university,control_71_3411,distance,100,9,852,0.9976525821596244,0.9899765258215962
university,control_71_3411,distance,200,9,852,0.9988262910798122,0.99
university,control_71_3411,aps_raw,1,9,852,0.937793427230047,0.9490375586854459
university,control_71_3411,aps_raw,20,9,852,0.994131455399061,0.9815258215962444
university,control_71_3411,aps_raw,50,9,852,0.9964788732394366,0.99
university,control_71_3411,aps_raw,100,9,852,0.9976525821596244,0.99
university,control_71_3411,aps_raw,200,9,852,0.9988262910798122,0.99
university,target_142_3411,distance,1,0,1,1.0,0.040000000000000036
university,target_142_3411,distance,1,2,3,0.3333333333333333,0.2233333333333333
university,target_142_3411,distance,1,3,2,0.5,0.39
university,target_142_3411,distance,1,4,3,0.6666666666666666,0.45
university,target_142_3411,distance,1,5,4,0.5,0.555
university,target_142_3411,distance,1,6,14,0.9285714285714286,0.6485714285714286
university,target_142_3411,distance,1,7,18,0.7222222222222222,0.7572222222222221
university,target_142_3411,distance,1,8,20,0.7,0.8554999999999999
university,target_142_3411,distance,1,9,787,0.45743329097839897,0.9671029224904701
university,target_142_3411,distance,20,9,852,0.49765258215962443,0.9881103286384978
university,target_142_3411,distance,50,9,852,0.49765258215962443,0.9899530516431926
university,target_142_3411,distance,100,9,852,0.4988262910798122,0.99
university,target_142_3411,distance,200,9,852,0.5,0.99
university,target_142_3411,aps_raw,1,9,852,0.47769953051643194,0.9411267605633802
university,target_142_3411,aps_raw,20,9,852,0.49765258215962443,0.9805633802816904
university,target_142_3411,aps_raw,50,9,852,0.49765258215962443,0.99
university,target_142_3411,aps_raw,100,9,852,0.4988262910798122,0.99
university,target_142_3411,aps_raw,200,9,852,0.5,0.99
university,target_71_3412,distance,1,0,1,1.0,0.040000000000000036
university,target_71_3412,distance,1,2,3,0.3333333333333333,0.2233333333333333
university,target_71_3412,distance,1,3,1,1.0,0.39
university,target_71_3412,distance,1,4,4,0.75,0.45249999999999996
university,target_71_3412,distance,1,5,6,0.6666666666666666,0.555
university,target_71_3412,distance,1,6,16,0.875,0.6481250000000001
university,target_71_3412,distance,1,7,27,0.8518518518518519,0.752962962962963
university,target_71_3412,distance,1,8,57,0.9298245614035088,0.8585964912280701
university,target_71_3412,distance,1,9,737,0.6757123473541384,0.9615196743554953
university,target_71_3412,distance,20,9,852,0.7453051643192489,0.9867605633802817
university,target_71_3412,distance,50,9,852,0.7464788732394366,0.9898474178403757
university,target_71_3412,distance,100,9,852,0.7476525821596244,0.99
university,target_71_3412,distance,200,9,852,0.7488262910798122,0.99
university,target_71_3412,aps_raw,1,9,852,0.7018779342723005,0.9453403755868542
university,target_71_3412,aps_raw,20,9,852,0.7453051643192489,0.9812441314553993
university,target_71_3412,aps_raw,50,9,852,0.7464788732394366,0.99
university,target_71_3412,aps_raw,100,9,852,0.7476525821596244,0.99
university,target_71_3412,aps_raw,200,9,852,0.7488262910798122,0.99
university,control_71_3412,distance,1,0,2,0.5,0.04500000000000004
university,control_71_3412,distance,1,1,2,0.5,0.18999999999999995
university,control_71_3412,distance,1,2,4,0.25,0.23249999999999998
university,control_71_3412,distance,1,3,2,0.5,0.38
university,control_71_3412,distance,1,4,5,0.8,0.4619999999999999
university,control_71_3412,distance,1,5,5,1.0,0.5640000000000001
university,control_71_3412,distance,1,6,17,0.9411764705882353,0.6470588235294118
university,control_71_3412,distance,1,7,35,0.9142857142857143,0.7468571428571428
university,control_71_3412,distance,1,8,76,0.9736842105263158,0.860921052631579
university,control_71_3412,distance,1,9,704,0.9417613636363636,0.9574431818181818
university,control_71_3412,distance,20,9,852,0.994131455399061,0.986349765258216
university,control_71_3412,distance,50,9,852,0.9964788732394366,0.9897887323943663
university,control_71_3412,distance,100,9,852,0.9976525821596244,0.9899882629107981
university,control_71_3412,distance,200,9,852,0.9988262910798122,0.99
university,control_71_3412,aps_raw,1,9,852,0.9366197183098591,0.949014084507042
university,control_71_3412,aps_raw,20,9,852,0.994131455399061,0.9815962441314556
university,control_71_3412,aps_raw,50,9,852,0.9964788732394366,0.99
university,control_71_3412,aps_raw,100,9,852,0.9976525821596244,0.99
university,control_71_3412,aps_raw,200,9,852,0.9988262910798122,0.99
university,target_142_3412,distance,1,0,1,1.0,0.040000000000000036
university,target_142_3412,distance,1,2,2,0.5,0.21999999999999997
university,target_142_3412,distance,1,3,2,0.5,0.39
university,target_142_3412,distance,1,4,1,0.0,0.42000000000000004
university,target_142_3412,distance,1,5,4,0.75,0.5625
university,target_142_3412,distance,1,6,9,0.6666666666666666,0.6388888888888888
university,target_142_3412,distance,1,7,17,0.7058823529411765,0.7564705882352941
university,target_142_3412,distance,1,8,46,0.782608695652174,0.8610869565217389
university,target_142_3412,distance,1,9,770,0.44155844155844154,0.9672727272727272
university,target_142_3412,distance,20,9,852,0.4953051643192488,0.9882042253521127
university,target_142_3412,distance,50,9,852,0.4964788732394366,0.9899530516431926
university,target_142_3412,distance,100,9,852,0.49765258215962443,0.99
university,target_142_3412,distance,200,9,852,0.5,0.99
university,target_142_3412,aps_raw,1,9,852,0.4694835680751174,0.9410211267605633
university,target_142_3412,aps_raw,20,9,852,0.4953051643192488,0.9804694835680755
university,target_142_3412,aps_raw,50,9,852,0.4964788732394366,0.99
university,target_142_3412,aps_raw,100,9,852,0.49765258215962443,0.99
university,target_142_3412,aps_raw,200,9,852,0.5,0.99
university,target_71_3413,distance,1,0,3,0.6666666666666666,0.04333333333333337
university,target_71_3413,distance,1,1,2,0.5,0.18999999999999995
university,target_71_3413,distance,1,2,6,0.3333333333333333,0.2283333333333333
university,target_71_3413,distance,1,3,3,0.6666666666666666,0.3833333333333333
university,target_71_3413,distance,1,4,4,0.5,0.44999999999999996
university,target_71_3413,distance,1,5,4,1.0,0.5625
university,target_71_3413,distance,1,6,10,0.8,0.648
university,target_71_3413,distance,1,7,22,0.7272727272727273,0.745909090909091
university,target_71_3413,distance,1,8,48,0.8333333333333334,0.8622916666666667
university,target_71_3413,distance,1,9,750,0.7026666666666667,0.9600666666666667
university,target_71_3413,distance,20,9,852,0.7464788732394366,0.9868192488262912
university,target_71_3413,distance,50,9,852,0.7476525821596244,0.9898474178403757
university,target_71_3413,distance,100,9,852,0.7488262910798122,0.9899882629107981
university,target_71_3413,distance,200,9,852,0.7488262910798122,0.99
university,target_71_3413,aps_raw,1,9,852,0.7089201877934272,0.9455868544600937
university,target_71_3413,aps_raw,20,9,852,0.7464788732394366,0.9811619718309862
university,target_71_3413,aps_raw,50,9,852,0.7476525821596244,0.99
university,target_71_3413,aps_raw,100,9,852,0.7488262910798122,0.99
university,target_71_3413,aps_raw,200,9,852,0.7488262910798122,0.99
university,control_71_3413,distance,1,0,2,0.5,0.04500000000000004
university,control_71_3413,distance,1,1,2,0.5,0.18999999999999995
university,control_71_3413,distance,1,2,4,0.25,0.23249999999999998
university,control_71_3413,distance,1,3,3,0.6666666666666666,0.37333333333333335
university,control_71_3413,distance,1,4,6,0.8333333333333334,0.4549999999999999
university,control_71_3413,distance,1,5,5,0.8,0.556
university,control_71_3413,distance,1,6,16,0.9375,0.6499999999999999
university,control_71_3413,distance,1,7,35,0.9428571428571428,0.7471428571428571
university,control_71_3413,distance,1,8,75,0.9733333333333334,0.8610666666666666
university,control_71_3413,distance,1,9,704,0.9431818181818182,0.9576704545454546
university,control_71_3413,distance,20,9,852,0.994131455399061,0.9863380281690143
university,control_71_3413,distance,50,9,852,0.9964788732394366,0.9898004694835681
university,control_71_3413,distance,100,9,852,0.9976525821596244,0.9899882629107981
university,control_71_3413,distance,200,9,852,0.9988262910798122,0.99
university,control_71_3413,aps_raw,1,9,852,0.937793427230047,0.9490140845070422
university,control_71_3413,aps_raw,20,9,852,0.994131455399061,0.9815845070422538
university,control_71_3413,aps_raw,50,9,852,0.9964788732394366,0.99
university,control_71_3413,aps_raw,100,9,852,0.9976525821596244,0.99
university,control_71_3413,aps_raw,200,9,852,0.9988262910798122,0.99
university,target_142_3413,distance,1,2,2,0.0,0.26
university,target_142_3413,distance,1,3,2,0.5,0.38
university,target_142_3413,distance,1,4,3,0.3333333333333333,0.4466666666666666
university,target_142_3413,distance,1,5,3,0.6666666666666666,0.5733333333333334
university,target_142_3413,distance,1,6,6,0.8333333333333334,0.6533333333333332
university,target_142_3413,distance,1,7,15,0.7333333333333333,0.738
university,target_142_3413,distance,1,8,27,0.7777777777777778,0.8555555555555555
university,target_142_3413,distance,1,9,794,0.4609571788413098,0.9666750629722921
university,target_142_3413,distance,20,9,852,0.5,0.9884037558685448
university,target_142_3413,distance,50,9,852,0.5,0.9899647887323945
university,target_142_3413,distance,100,9,852,0.5,0.99
university,target_142_3413,distance,200,9,852,0.5,0.99
university,target_142_3413,aps_raw,1,9,852,0.47769953051643194,0.941044600938967
university,target_142_3413,aps_raw,20,9,852,0.5,0.9804812206572774
university,target_142_3413,aps_raw,50,9,852,0.5,0.99
university,target_142_3413,aps_raw,100,9,852,0.5,0.99
university,target_142_3413,aps_raw,200,9,852,0.5,0.99
university,target_71_3414,distance,1,0,1,1.0,0.040000000000000036
university,target_71_3414,distance,1,2,4,0.25,0.23249999999999998
university,target_71_3414,distance,1,3,2,1.0,0.38
university,target_71_3414,distance,1,4,4,0.5,0.45249999999999996
university,target_71_3414,distance,1,6,14,0.8571428571428571,0.6457142857142857
university,target_71_3414,distance,1,7,26,0.7692307692307693,0.7515384615384615
university,target_71_3414,distance,1,8,65,0.8923076923076924,0.8587692307692307
university,target_71_3414,distance,1,9,736,0.6956521739130435,0.9606521739130435
university,target_71_3414,distance,20,9,852,0.7464788732394366,0.9867136150234742
university,target_71_3414,distance,50,9,852,0.7476525821596244,0.9898239436619719
university,target_71_3414,distance,100,9,852,0.7488262910798122,0.9899882629107981
university,target_71_3414,distance,200,9,852,0.7488262910798122,0.99
university,target_71_3414,aps_raw,1,9,852,0.7136150234741784,0.945363849765258
university,target_71_3414,aps_raw,20,9,852,0.7464788732394366,0.9811737089201881
university,target_71_3414,aps_raw,50,9,852,0.7476525821596244,0.99
university,target_71_3414,aps_raw,100,9,852,0.7488262910798122,0.99
university,target_71_3414,aps_raw,200,9,852,0.7488262910798122,0.99
university,control_71_3414,distance,1,0,2,0.5,0.04500000000000004
university,control_71_3414,distance,1,1,2,0.5,0.18999999999999995
university,control_71_3414,distance,1,2,5,0.4,0.24
university,control_71_3414,distance,1,3,3,0.6666666666666666,0.3833333333333333
university,control_71_3414,distance,1,4,5,0.8,0.4619999999999999
university,control_71_3414,distance,1,5,4,1.0,0.5625
university,control_71_3414,distance,1,6,18,0.8888888888888888,0.6488888888888888
university,control_71_3414,distance,1,7,34,0.9117647058823529,0.7497058823529411
university,control_71_3414,distance,1,8,75,0.9866666666666667,0.8616
university,control_71_3414,distance,1,9,704,0.9431818181818182,0.9571732954545453
university,control_71_3414,distance,20,9,852,0.994131455399061,0.986349765258216
university,control_71_3414,distance,50,9,852,0.9964788732394366,0.9897887323943663
university,control_71_3414,distance,100,9,852,0.9976525821596244,0.9899882629107981
university,control_71_3414,distance,200,9,852,0.9988262910798122,0.99
university,control_71_3414,aps_raw,1,9,852,0.937793427230047,0.9490845070422534
university,control_71_3414,aps_raw,20,9,852,0.994131455399061,0.9815375586854462
university,control_71_3414,aps_raw,50,9,852,0.9964788732394366,0.99
university,control_71_3414,aps_raw,100,9,852,0.9976525821596244,0.99
university,control_71_3414,aps_raw,200,9,852,0.9988262910798122,0.99
university,target_142_3414,distance,1,0,1,1.0,0.040000000000000036
university,target_142_3414,distance,1,2,2,0.5,0.21999999999999997
university,target_142_3414,distance,1,3,2,0.5,0.39
university,target_142_3414,distance,1,4,1,0.0,0.42000000000000004
university,target_142_3414,distance,1,5,1,0.0,0.5700000000000001
university,target_142_3414,distance,1,6,7,0.5714285714285714,0.6442857142857142
university,target_142_3414,distance,1,7,16,0.75,0.7562500000000001
university,target_142_3414,distance,1,8,44,0.8181818181818182,0.8554545454545454
university,target_142_3414,distance,1,9,778,0.4524421593830334,0.9650385604113112
university,target_142_3414,distance,20,9,852,0.49765258215962443,0.9880281690140846
university,target_142_3414,distance,50,9,852,0.4988262910798122,0.9899647887323945
university,target_142_3414,distance,100,9,852,0.4988262910798122,0.99
university,target_142_3414,distance,200,9,852,0.5,0.99
university,target_142_3414,aps_raw,1,9,852,0.47769953051643194,0.9415610328638495
university,target_142_3414,aps_raw,20,9,852,0.49765258215962443,0.980516431924883
university,target_142_3414,aps_raw,50,9,852,0.4988262910798122,0.99
university,target_142_3414,aps_raw,100,9,852,0.4988262910798122,0.99
university,target_142_3414,aps_raw,200,9,852,0.5,0.99
university,target_71_3415,distance,1,0,3,0.6666666666666666,0.04333333333333337
university,target_71_3415,distance,1,1,2,0.5,0.18999999999999995
university,target_71_3415,distance,1,2,6,0.5,0.22999999999999998
university,target_71_3415,distance,1,3,4,0.75,0.37750000000000006
university,target_71_3415,distance,1,4,4,0.75,0.46249999999999997
university,target_71_3415,distance,1,5,5,0.8,0.556
university,target_71_3415,distance,1,6,17,0.9411764705882353,0.6494117647058824
university,target_71_3415,distance,1,7,26,0.9230769230769231,0.7507692307692307
university,target_71_3415,distance,1,8,49,0.9387755102040817,0.8608163265306122
university,target_71_3415,distance,1,9,736,0.6807065217391305,0.9601494565217392
university,target_71_3415,distance,20,9,852,0.7488262910798122,0.9865258215962442
university,target_71_3415,distance,50,9,852,0.75,0.9898591549295774
university,target_71_3415,distance,100,9,852,0.75,0.9899882629107981
university,target_71_3415,distance,200,9,852,0.75,0.99
university,target_71_3415,aps_raw,1,9,852,0.7077464788732394,0.9455751173708918
university,target_71_3415,aps_raw,20,9,852,0.7488262910798122,0.9813262910798125
university,target_71_3415,aps_raw,50,9,852,0.75,0.99
university,target_71_3415,aps_raw,100,9,852,0.75,0.99
university,target_71_3415,aps_raw,200,9,852,0.75,0.99
university,control_71_3415,distance,1,0,3,0.6666666666666666,0.04333333333333337
university,control_71_3415,distance,1,1,2,0.5,0.18999999999999995
university,control_71_3415,distance,1,2,6,0.3333333333333333,0.2283333333333333
university,control_71_3415,distance,1,3,2,0.5,0.38
university,control_71_3415,distance,1,4,5,0.8,0.4619999999999999
university,control_71_3415,distance,1,5,5,1.0,0.5640000000000001
university,control_71_3415,distance,1,6,17,0.9411764705882353,0.6470588235294118
university,control_71_3415,distance,1,7,37,0.918918918918919,0.7467567567567567
university,control_71_3415,distance,1,8,76,0.9736842105263158,0.8611842105263158
university,control_71_3415,distance,1,9,699,0.9427753934191703,0.9577396280400573
university,control_71_3415,distance,20,9,852,0.994131455399061,0.9863380281690143
university,control_71_3415,distance,50,9,852,0.9964788732394366,0.98981220657277
university,control_71_3415,distance,100,9,852,0.9976525821596244,0.9899765258215962
university,control_71_3415,distance,200,9,852,0.9988262910798122,0.99
university,control_71_3415,aps_raw,1,9,852,0.9366197183098591,0.9490492957746478
university,control_71_3415,aps_raw,20,9,852,0.994131455399061,0.98156103286385
university,control_71_3415,aps_raw,50,9,852,0.9964788732394366,0.99
university,control_71_3415,aps_raw,100,9,852,0.9976525821596244,0.99
university,control_71_3415,aps_raw,200,9,852,0.9988262910798122,0.99
university,target_142_3415,distance,1,0,3,0.6666666666666666,0.04333333333333337
university,target_142_3415,distance,1,1,2,0.5,0.18999999999999995
university,target_142_3415,distance,1,2,6,0.5,0.235
university,target_142_3415,distance,1,3,3,0.6666666666666666,0.37333333333333335
university,target_142_3415,distance,1,4,3,0.6666666666666666,0.4633333333333333
university,target_142_3415,distance,1,5,4,0.5,0.5625
university,target_142_3415,distance,1,6,10,1.0,0.6459999999999999
university,target_142_3415,distance,1,7,21,0.7619047619047619,0.7547619047619049
university,target_142_3415,distance,1,8,34,0.7941176470588235,0.855
university,target_142_3415,distance,1,9,766,0.43733681462140994,0.9656005221932115
university,target_142_3415,distance,20,9,852,0.4988262910798122,0.9880751173708922
university,target_142_3415,distance,50,9,852,0.5,0.9899530516431926
university,target_142_3415,distance,100,9,852,0.5,0.99
university,target_142_3415,distance,200,9,852,0.5,0.99
university,target_142_3415,aps_raw,1,9,852,0.4694835680751174,0.941326291079812
university,target_142_3415,aps_raw,20,9,852,0.4988262910798122,0.9807394366197186
university,target_142_3415,aps_raw,50,9,852,0.5,0.99
university,target_142_3415,aps_raw,100,9,852,0.5,0.99
university,target_142_3415,aps_raw,200,9,852,0.5,0.99
university,target_71_3416,distance,1,0,3,0.6666666666666666,0.04333333333333337
university,target_71_3416,distance,1,1,2,0.5,0.18999999999999995
university,target_71_3416,distance,1,2,6,0.5,0.22999999999999998
university,target_71_3416,distance,1,3,3,0.6666666666666666,0.38000000000000006
university,target_71_3416,distance,1,4,2,1.0,0.45999999999999996
university,target_71_3416,distance,1,5,7,0.7142857142857143,0.5514285714285715
university,target_71_3416,distance,1,6,10,0.9,0.65
university,target_71_3416,distance,1,7,28,0.9285714285714286,0.7524999999999998
university,target_71_3416,distance,1,8,46,0.9347826086956522,0.8597826086956519
university,target_71_3416,distance,1,9,745,0.6859060402684564,0.9603758389261745
university,target_71_3416,distance,20,9,852,0.7464788732394366,0.9865727699530519
university,target_71_3416,distance,50,9,852,0.7476525821596244,0.9898708920187795
university,target_71_3416,distance,100,9,852,0.7488262910798122,0.9899882629107981
university,target_71_3416,distance,200,9,852,0.7488262910798122,0.99
university,target_71_3416,aps_raw,1,9,852,0.7089201877934272,0.945363849765258
university,target_71_3416,aps_raw,20,9,852,0.7464788732394366,0.9812910798122069
university,target_71_3416,aps_raw,50,9,852,0.7476525821596244,0.99
university,target_71_3416,aps_raw,100,9,852,0.7488262910798122,0.99
university,target_71_3416,aps_raw,200,9,852,0.7488262910798122,0.99
university,control_71_3416,distance,1,0,2,0.5,0.04500000000000004
university,control_71_3416,distance,1,1,2,0.5,0.18999999999999995
university,control_71_3416,distance,1,2,4,0.25,0.23249999999999998
university,control_71_3416,distance,1,3,3,0.6666666666666666,0.37333333333333335
university,control_71_3416,distance,1,4,6,0.8333333333333334,0.4549999999999999
university,control_71_3416,distance,1,5,5,0.8,0.556
university,control_71_3416,distance,1,6,16,0.9375,0.6499999999999999
university,control_71_3416,distance,1,7,34,0.9411764705882353,0.7470588235294118
university,control_71_3416,distance,1,8,74,0.972972972972973,0.861081081081081
university,control_71_3416,distance,1,9,706,0.943342776203966,0.9573371104815862
university,control_71_3416,distance,20,9,852,0.994131455399061,0.9862793427230049
university,control_71_3416,distance,50,9,852,0.9964788732394366,0.9898004694835681
university,control_71_3416,distance,100,9,852,0.9976525821596244,0.9899765258215962
university,control_71_3416,distance,200,9,852,0.9988262910798122,0.99
university,control_71_3416,aps_raw,1,9,852,0.937793427230047,0.9490023474178403
university,control_71_3416,aps_raw,20,9,852,0.994131455399061,0.9815375586854462
university,control_71_3416,aps_raw,50,9,852,0.9964788732394366,0.99
university,control_71_3416,aps_raw,100,9,852,0.9976525821596244,0.99
university,control_71_3416,aps_raw,200,9,852,0.9988262910798122,0.99
university,target_142_3416,distance,1,0,1,1.0,0.040000000000000036
university,target_142_3416,distance,1,2,3,0.6666666666666666,0.23666666666666666
university,target_142_3416,distance,1,3,1,1.0,0.36
university,target_142_3416,distance,1,4,1,1.0,0.45999999999999996
university,target_142_3416,distance,1,5,1,0.0,0.53
university,target_142_3416,distance,1,6,2,0.5,0.64
university,target_142_3416,distance,1,7,14,0.7857142857142857,0.7521428571428571
university,target_142_3416,distance,1,8,27,0.6666666666666666,0.8659259259259259
university,target_142_3416,distance,1,9,802,0.45885286783042395,0.9669576059850374
university,target_142_3416,distance,20,9,852,0.4964788732394366,0.9883098591549296
university,target_142_3416,distance,50,9,852,0.4988262910798122,0.9899647887323945
university,target_142_3416,distance,100,9,852,0.4988262910798122,0.99
university,target_142_3416,distance,200,9,852,0.5,0.99
university,target_142_3416,aps_raw,1,9,852,0.47300469483568075,0.9408802816901407
university,target_142_3416,aps_raw,20,9,852,0.4964788732394366,0.9804342723004696
university,target_142_3416,aps_raw,50,9,852,0.4988262910798122,0.99
university,target_142_3416,aps_raw,100,9,852,0.4988262910798122,0.99
university,target_142_3416,aps_raw,200,9,852,0.5,0.99
university,target_71_3417,distance,1,0,2,0.5,0.04500000000000004
university,target_71_3417,distance,1,1,2,0.5,0.18999999999999995
university,target_71_3417,distance,1,2,5,0.4,0.24
university,target_71_3417,distance,1,3,4,0.75,0.37750000000000006
university,target_71_3417,distance,1,4,4,0.75,0.45999999999999996
university,target_71_3417,distance,1,5,2,0.5,0.55
university,target_71_3417,distance,1,6,9,1.0,0.6566666666666667
university,target_71_3417,distance,1,7,34,0.9117647058823529,0.7491176470588234
university,target_71_3417,distance,1,8,47,0.9787234042553191,0.858723404255319
university,target_71_3417,distance,1,9,743,0.6810228802153432,0.9601211305518171
university,target_71_3417,distance,20,9,852,0.7453051643192489,0.9864788732394367
university,target_71_3417,distance,50,9,852,0.7464788732394366,0.9898708920187793
university,target_71_3417,distance,100,9,852,0.7476525821596244,0.99
university,target_71_3417,distance,200,9,852,0.7488262910798122,0.99
university,target_71_3417,aps_raw,1,9,852,0.7077464788732394,0.9453755868544599
university,target_71_3417,aps_raw,20,9,852,0.7453051643192489,0.9812910798122069
university,target_71_3417,aps_raw,50,9,852,0.7464788732394366,0.99
university,target_71_3417,aps_raw,100,9,852,0.7476525821596244,0.99
university,target_71_3417,aps_raw,200,9,852,0.7488262910798122,0.99
university,control_71_3417,distance,1,0,3,0.6666666666666666,0.04333333333333337
university,control_71_3417,distance,1,1,2,0.5,0.18999999999999995
university,control_71_3417,distance,1,2,6,0.3333333333333333,0.2283333333333333
university,control_71_3417,distance,1,3,2,0.5,0.38
university,control_71_3417,distance,1,4,5,0.8,0.4619999999999999
university,control_71_3417,distance,1,5,6,1.0,0.5650000000000001
university,control_71_3417,distance,1,6,20,0.95,0.647
university,control_71_3417,distance,1,7,38,0.9210526315789473,0.7449999999999999
university,control_71_3417,distance,1,8,73,0.9726027397260274,0.8609589041095891
university,control_71_3417,distance,1,9,697,0.9411764705882353,0.9573314203730272
university,control_71_3417,distance,20,9,852,0.994131455399061,0.9863145539906105
university,control_71_3417,distance,50,9,852,0.9964788732394366,0.9898004694835681
university,control_71_3417,distance,100,9,852,0.9976525821596244,0.9899647887323945
university,control_71_3417,distance,200,9,852,0.9988262910798122,0.99
university,control_71_3417,aps_raw,1,9,852,0.9354460093896714,0.9491079812206571
university,control_71_3417,aps_raw,20,9,852,0.994131455399061,0.9816431924882631
university,control_71_3417,aps_raw,50,9,852,0.9964788732394366,0.99
university,control_71_3417,aps_raw,100,9,852,0.9976525821596244,0.99
university,control_71_3417,aps_raw,200,9,852,0.9988262910798122,0.99
university,target_142_3417,distance,1,0,2,0.5,0.04500000000000004
university,target_142_3417,distance,1,1,2,0.5,0.18999999999999995
university,target_142_3417,distance,1,2,5,0.4,0.246
university,target_142_3417,distance,1,3,3,0.6666666666666666,0.37333333333333335
university,target_142_3417,distance,1,4,2,0.5,0.45999999999999996
university,target_142_3417,distance,1,5,4,0.5,0.5625
university,target_142_3417,distance,1,6,7,1.0,0.66
university,target_142_3417,distance,1,7,21,0.8571428571428571,0.7490476190476191
university,target_142_3417,distance,1,8,27,0.7777777777777778,0.8537037037037037
university,target_142_3417,distance,1,9,779,0.45057766367137353,0.9664569961489089
university,target_142_3417,distance,20,9,852,0.49765258215962443,0.9879460093896714
university,target_142_3417,distance,50,9,852,0.4988262910798122,0.9899647887323945
university,target_142_3417,distance,100,9,852,0.4988262910798122,0.99
university,target_142_3417,distance,200,9,852,0.5,0.99
university,target_142_3417,aps_raw,1,9,852,0.4765258215962441,0.9412793427230045
university,target_142_3417,aps_raw,20,9,852,0.49765258215962443,0.9808098591549299
university,target_142_3417,aps_raw,50,9,852,0.4988262910798122,0.99
university,target_142_3417,aps_raw,100,9,852,0.4988262910798122,0.99
university,target_142_3417,aps_raw,200,9,852,0.5,0.99
university,target_71_3418,distance,1,2,2,0.0,0.245
university,target_71_3418,distance,1,3,2,0.5,0.39
university,target_71_3418,distance,1,4,3,0.6666666666666666,0.45
university,target_71_3418,distance,1,5,7,0.7142857142857143,0.5571428571428572
university,target_71_3418,distance,1,6,20,0.9,0.6464999999999999
university,target_71_3418,distance,1,7,29,0.7241379310344828,0.7575862068965515
university,target_71_3418,distance,1,8,47,0.8723404255319149,0.8614893617021275
university,target_71_3418,distance,1,9,742,0.692722371967655,0.9615633423180593
university,target_71_3418,distance,20,9,852,0.7453051643192489,0.9868544600938968
university,target_71_3418,distance,50,9,852,0.7476525821596244,0.9898708920187793
university,target_71_3418,distance,100,9,852,0.7488262910798122,0.9899882629107981
university,target_71_3418,distance,200,9,852,0.7488262910798122,0.99
university,target_71_3418,aps_raw,1,9,852,0.7065727699530516,0.9455399061032863
university,target_71_3418,aps_raw,20,9,852,0.7453051643192489,0.9810446009389676
university,target_71_3418,aps_raw,50,9,852,0.7476525821596244,0.99
university,target_71_3418,aps_raw,100,9,852,0.7488262910798122,0.99
university,target_71_3418,aps_raw,200,9,852,0.7488262910798122,0.99
university,control_71_3418,distance,1,0,3,0.6666666666666666,0.04333333333333337
university,control_71_3418,distance,1,1,2,0.5,0.18999999999999995
university,control_71_3418,distance,1,2,6,0.3333333333333333,0.2283333333333333
university,control_71_3418,distance,1,3,2,0.5,0.38
university,control_71_3418,distance,1,4,5,0.8,0.4619999999999999
university,control_71_3418,distance,1,5,5,1.0,0.5640000000000001
university,control_71_3418,distance,1,6,17,0.9411764705882353,0.6470588235294118
university,control_71_3418,distance,1,7,37,0.918918918918919,0.7467567567567567
university,control_71_3418,distance,1,8,77,0.974025974025974,0.8615584415584416
university,control_71_3418,distance,1,9,698,0.9426934097421203,0.9571919770773637
university,control_71_3418,distance,20,9,852,0.994131455399061,0.9863145539906105
university,control_71_3418,distance,50,9,852,0.9964788732394366,0.9898239436619719
university,control_71_3418,distance,100,9,852,0.9976525821596244,0.9899765258215962
university,control_71_3418,distance,200,9,852,0.9988262910798122,0.99
university,control_71_3418,aps_raw,1,9,852,0.9366197183098591,0.9490727699530516
university,control_71_3418,aps_raw,20,9,852,0.994131455399061,0.9816431924882631
university,control_71_3418,aps_raw,50,9,852,0.9964788732394366,0.99
university,control_71_3418,aps_raw,100,9,852,0.9976525821596244,0.99
university,control_71_3418,aps_raw,200,9,852,0.9988262910798122,0.99
university,target_142_3418,distance,1,2,1,0.0,0.22999999999999998
university,target_142_3418,distance,1,3,2,0.5,0.39
university,target_142_3418,distance,1,4,2,0.5,0.44
university,target_142_3418,distance,1,5,4,0.5,0.555
university,target_142_3418,distance,1,6,9,0.8888888888888888,0.6522222222222224
university,target_142_3418,distance,1,7,14,0.5714285714285714,0.7621428571428571
university,target_142_3418,distance,1,8,26,0.6923076923076923,0.8661538461538463
university,target_142_3418,distance,1,9,794,0.4622166246851385,0.9669899244332493
university,target_142_3418,distance,20,9,852,0.49765258215962443,0.9882276995305165
university,target_142_3418,distance,50,9,852,0.4988262910798122,0.9899647887323945
university,target_142_3418,distance,100,9,852,0.4988262910798122,0.99
university,target_142_3418,distance,200,9,852,0.5,0.99
university,target_142_3418,aps_raw,1,9,852,0.4753521126760563,0.9413028169014082
university,target_142_3418,aps_raw,20,9,852,0.49765258215962443,0.9805633802816904
university,target_142_3418,aps_raw,50,9,852,0.4988262910798122,0.99
university,target_142_3418,aps_raw,100,9,852,0.4988262910798122,0.99
university,target_142_3418,aps_raw,200,9,852,0.5,0.99
university,target_71_3419,distance,1,0,1,1.0,0.040000000000000036
university,target_71_3419,distance,1,2,4,0.25,0.23249999999999998
university,target_71_3419,distance,1,3,3,0.6666666666666666,0.3833333333333333
university,target_71_3419,distance,1,4,5,0.6,0.4539999999999999
university,target_71_3419,distance,1,5,5,0.8,0.5640000000000001
university,target_71_3419,distance,1,6,17,0.8823529411764706,0.6464705882352941
university,target_71_3419,distance,1,7,26,0.7692307692307693,0.7496153846153846
university,target_71_3419,distance,1,8,59,0.9152542372881356,0.8625423728813558
university,target_71_3419,distance,1,9,732,0.6830601092896175,0.9600136612021858
university,target_71_3419,distance,20,9,852,0.7453051643192489,0.9867957746478875
university,target_71_3419,distance,50,9,852,0.7464788732394366,0.9898826291079812
university,target_71_3419,distance,100,9,852,0.7476525821596244,0.99
university,target_71_3419,distance,200,9,852,0.7488262910798122,0.99
university,target_71_3419,aps_raw,1,9,852,0.704225352112676,0.9457746478873238
university,target_71_3419,aps_raw,20,9,852,0.7453051643192489,0.981091549295775
university,target_71_3419,aps_raw,50,9,852,0.7464788732394366,0.99
university,target_71_3419,aps_raw,100,9,852,0.7476525821596244,0.99
university,target_71_3419,aps_raw,200,9,852,0.7488262910798122,0.99
university,control_71_3419,distance,1,0,2,0.5,0.04500000000000004
university,control_71_3419,distance,1,1,2,0.5,0.18999999999999995
university,control_71_3419,distance,1,2,4,0.25,0.23249999999999998
university,control_71_3419,distance,1,3,2,0.5,0.38
university,control_71_3419,distance,1,4,5,0.8,0.4619999999999999
university,control_71_3419,distance,1,5,5,1.0,0.5640000000000001
university,control_71_3419,distance,1,6,17,0.9411764705882353,0.6470588235294118
university,control_71_3419,distance,1,7,36,0.9166666666666666,0.7474999999999999
university,control_71_3419,distance,1,8,74,0.972972972972973,0.861081081081081
university,control_71_3419,distance,1,9,705,0.9432624113475178,0.957290780141844
university,control_71_3419,distance,20,9,852,0.994131455399061,0.9863028169014086
university,control_71_3419,distance,50,9,852,0.9964788732394366,0.9897887323943663
university,control_71_3419,distance,100,9,852,0.9976525821596244,0.9899765258215962
university,control_71_3419,distance,200,9,852,0.9988262910798122,0.99
university,control_71_3419,aps_raw,1,9,852,0.937793427230047,0.949025821596244
university,control_71_3419,aps_raw,20,9,852,0.994131455399061,0.98156103286385
university,control_71_3419,aps_raw,50,9,852,0.9964788732394366,0.99
university,control_71_3419,aps_raw,100,9,852,0.9976525821596244,0.99
university,control_71_3419,aps_raw,200,9,852,0.9988262910798122,0.99
university,target_142_3419,distance,1,0,1,1.0,0.040000000000000036
university,target_142_3419,distance,1,2,3,0.3333333333333333,0.2233333333333333
university,target_142_3419,distance,1,3,1,1.0,0.39
university,target_142_3419,distance,1,4,2,0.0,0.44
university,target_142_3419,distance,1,5,4,0.5,0.555
university,target_142_3419,distance,1,6,6,0.8333333333333334,0.645
university,target_142_3419,distance,1,7,20,0.7,0.7529999999999999
university,target_142_3419,distance,1,8,23,0.6956521739130435,0.8634782608695651
university,target_142_3419,distance,1,9,792,0.4595959595959596,0.9664267676767678
university,target_142_3419,distance,20,9,852,0.4964788732394366,0.9883568075117372
university,target_142_3419,distance,50,9,852,0.49765258215962443,0.9899647887323945
university,target_142_3419,distance,100,9,852,0.49765258215962443,0.99
university,target_142_3419,distance,200,9,852,0.5,0.99
university,target_142_3419,aps_raw,1,9,852,0.47417840375586856,0.9414084507042253
university,target_142_3419,aps_raw,20,9,852,0.4964788732394366,0.9803873239436622
university,target_142_3419,aps_raw,50,9,852,0.49765258215962443,0.99
university,target_142_3419,aps_raw,100,9,852,0.49765258215962443,0.99
university,target_142_3419,aps_raw,200,9,852,0.5,0.99
university,target_71_3420,distance,1,0,1,1.0,0.040000000000000036
university,target_71_3420,distance,1,2,4,0.5,0.2425
university,target_71_3420,distance,1,3,2,1.0,0.365
university,target_71_3420,distance,1,4,2,0.5,0.45999999999999996
university,target_71_3420,distance,1,5,6,0.6666666666666666,0.56
university,target_71_3420,distance,1,6,8,0.875,0.64375
university,target_71_3420,distance,1,7,23,0.8260869565217391,0.7504347826086956
university,target_71_3420,distance,1,8,45,0.8,0.863111111111111
university,target_71_3420,distance,1,9,761,0.7043363994743759,0.9614848883048621
university,target_71_3420,distance,20,9,852,0.7476525821596244,0.9867957746478875
university,target_71_3420,distance,50,9,852,0.7488262910798122,0.989906103286385
university,target_71_3420,distance,100,9,852,0.7488262910798122,0.99
university,target_71_3420,distance,200,9,852,0.75,0.99
university,target_71_3420,aps_raw,1,9,852,0.7136150234741784,0.9455985915492956
university,target_71_3420,aps_raw,20,9,852,0.7476525821596244,0.98118544600939
university,target_71_3420,aps_raw,50,9,852,0.7488262910798122,0.99
university,target_71_3420,aps_raw,100,9,852,0.7488262910798122,0.99
university,target_71_3420,aps_raw,200,9,852,0.75,0.99
university,control_71_3420,distance,1,0,3,0.6666666666666666,0.04333333333333337
university,control_71_3420,distance,1,1,2,0.5,0.18999999999999995
university,control_71_3420,distance,1,2,6,0.3333333333333333,0.2283333333333333
university,control_71_3420,distance,1,3,2,0.5,0.38
university,control_71_3420,distance,1,4,5,0.8,0.4619999999999999
university,control_71_3420,distance,1,5,5,1.0,0.5640000000000001
university,control_71_3420,distance,1,6,17,0.9411764705882353,0.6470588235294118
university,control_71_3420,distance,1,7,37,0.918918918918919,0.7475675675675675
university,control_71_3420,distance,1,8,75,0.9733333333333334,0.8614666666666667
university,control_71_3420,distance,1,9,700,0.9428571428571428,0.9573285714285714
university,control_71_3420,distance,20,9,852,0.994131455399061,0.9863732394366198
university,control_71_3420,distance,50,9,852,0.9964788732394366,0.98981220657277
university,control_71_3420,distance,100,9,852,0.9976525821596244,0.9899765258215962
university,control_71_3420,distance,200,9,852,0.9988262910798122,0.99
university,control_71_3420,aps_raw,1,9,852,0.9366197183098591,0.9490610328638497
university,control_71_3420,aps_raw,20,9,852,0.994131455399061,0.9815962441314556
university,control_71_3420,aps_raw,50,9,852,0.9964788732394366,0.99
university,control_71_3420,aps_raw,100,9,852,0.9976525821596244,0.99
university,control_71_3420,aps_raw,200,9,852,0.9988262910798122,0.99
university,target_142_3420,distance,1,0,1,1.0,0.040000000000000036
university,target_142_3420,distance,1,2,4,0.5,0.2425
university,target_142_3420,distance,1,3,2,1.0,0.365
university,target_142_3420,distance,1,4,2,0.5,0.45999999999999996
university,target_142_3420,distance,1,5,3,0.3333333333333333,0.56
university,target_142_3420,distance,1,6,4,1.0,0.6549999999999999
university,target_142_3420,distance,1,7,17,0.7058823529411765,0.7505882352941176
university,target_142_3420,distance,1,8,31,0.7419354838709677,0.8616129032258065
university,target_142_3420,distance,1,9,788,0.4606598984771574,0.9669289340101523
university,target_142_3420,distance,20,9,852,0.4988262910798122,0.988180751173709
university,target_142_3420,distance,50,9,852,0.4988262910798122,0.9899530516431926
university,target_142_3420,distance,100,9,852,0.4988262910798122,0.99
university,target_142_3420,distance,200,9,852,0.5,0.99
university,target_142_3420,aps_raw,1,9,852,0.4800469483568075,0.9411619718309858
university,target_142_3420,aps_raw,20,9,852,0.4988262910798122,0.9805751173708923
university,target_142_3420,aps_raw,50,9,852,0.4988262910798122,0.99
university,target_142_3420,aps_raw,100,9,852,0.4988262910798122,0.99
university,target_142_3420,aps_raw,200,9,852,0.5,0.99
university,target_71_3421,distance,1,0,1,1.0,0.040000000000000036
university,target_71_3421,distance,1,2,4,0.25,0.23249999999999998
university,target_71_3421,distance,1,3,2,1.0,0.38
university,target_71_3421,distance,1,4,6,0.5,0.4549999999999999
university,target_71_3421,distance,1,5,5,0.8,0.5640000000000001
university,target_71_3421,distance,1,6,16,0.875,0.6443749999999999
university,target_71_3421,distance,1,7,31,0.8064516129032258,0.7493548387096772
university,target_71_3421,distance,1,8,48,0.9166666666666666,0.8597916666666667
university,target_71_3421,distance,1,9,739,0.6901217861975643,0.9610960757780784
university,target_71_3421,distance,20,9,852,0.7488262910798122,0.9867253521126761
university,target_71_3421,distance,50,9,852,0.7488262910798122,0.9898943661971831
university,target_71_3421,distance,100,9,852,0.7488262910798122,0.99
university,target_71_3421,distance,200,9,852,0.75,0.99
university,target_71_3421,aps_raw,1,9,852,0.7089201877934272,0.9453755868544599
university,target_71_3421,aps_raw,20,9,852,0.7488262910798122,0.9811971830985918
university,target_71_3421,aps_raw,50,9,852,0.7488262910798122,0.99
university,target_71_3421,aps_raw,100,9,852,0.7488262910798122,0.99
university,target_71_3421,aps_raw,200,9,852,0.75,0.99
university,control_71_3421,distance,1,0,2,0.5,0.04500000000000004
university,control_71_3421,distance,1,1,2,0.5,0.18999999999999995
university,control_71_3421,distance,1,2,5,0.4,0.24
university,control_71_3421,distance,1,3,3,0.6666666666666666,0.3833333333333333
university,control_71_3421,distance,1,4,5,0.8,0.4619999999999999
university,control_71_3421,distance,1,5,4,1.0,0.5625
university,control_71_3421,distance,1,6,21,0.9047619047619048,0.6485714285714285
university,control_71_3421,distance,1,7,37,0.918918918918919,0.7489189189189188
university,control_71_3421,distance,1,8,75,0.9866666666666667,0.8614666666666667
university,control_71_3421,distance,1,9,698,0.9426934097421203,0.9575501432664757
university,control_71_3421,distance,20,9,852,0.994131455399061,0.9863967136150236
university,control_71_3421,distance,50,9,852,0.9964788732394366,0.98981220657277
university,control_71_3421,distance,100,9,852,0.9976525821596244,0.9899765258215962
university,control_71_3421,distance,200,9,852,0.9988262910798122,0.99
university,control_71_3421,aps_raw,1,9,852,0.937793427230047,0.9490727699530516
university,control_71_3421,aps_raw,20,9,852,0.994131455399061,0.981572769953052
university,control_71_3421,aps_raw,50,9,852,0.9964788732394366,0.99
university,control_71_3421,aps_raw,100,9,852,0.9976525821596244,0.99
university,control_71_3421,aps_raw,200,9,852,0.9988262910798122,0.99
university,target_142_3421,distance,1,0,1,1.0,0.040000000000000036
university,target_142_3421,distance,1,2,3,0.3333333333333333,0.2333333333333333
university,target_142_3421,distance,1,3,2,0.5,0.39
university,target_142_3421,distance,1,4,2,0.5,0.445
university,target_142_3421,distance,1,5,4,0.75,0.5625
university,target_142_3421,distance,1,6,17,0.7647058823529411,0.6435294117647059
university,target_142_3421,distance,1,7,18,0.6111111111111112,0.7527777777777778
university,target_142_3421,distance,1,8,27,0.7407407407407407,0.8459259259259261
university,target_142_3421,distance,1,9,778,0.45629820051413883,0.9665552699228792
university,target_142_3421,distance,20,9,852,0.4988262910798122,0.9881455399061034
university,target_142_3421,distance,50,9,852,0.4988262910798122,0.9899647887323945
university,target_142_3421,distance,100,9,852,0.4988262910798122,0.99
university,target_142_3421,distance,200,9,852,0.5,0.99
university,target_142_3421,aps_raw,1,9,852,0.4765258215962441,0.9413615023474178
university,target_142_3421,aps_raw,20,9,852,0.4988262910798122,0.980516431924883
university,target_142_3421,aps_raw,50,9,852,0.4988262910798122,0.99
university,target_142_3421,aps_raw,100,9,852,0.4988262910798122,0.99
university,target_142_3421,aps_raw,200,9,852,0.5,0.99
university,target_71_3422,distance,1,0,3,0.6666666666666666,0.04333333333333337
university,target_71_3422,distance,1,1,2,0.5,0.18999999999999995
university,target_71_3422,distance,1,2,6,0.5,0.22999999999999998
university,target_71_3422,distance,1,3,3,1.0,0.37333333333333335
university,target_71_3422,distance,1,4,4,0.75,0.45999999999999996
university,target_71_3422,distance,1,5,4,0.75,0.5525
university,target_71_3422,distance,1,6,10,0.9,0.6549999999999999
university,target_71_3422,distance,1,7,27,0.8888888888888888,0.7499999999999999
university,target_71_3422,distance,1,8,51,0.9019607843137255,0.861764705882353
university,target_71_3422,distance,1,9,742,0.6846361185983828,0.9610242587601079
university,target_71_3422,distance,20,9,852,0.7464788732394366,0.986643192488263
university,target_71_3422,distance,50,9,852,0.7464788732394366,0.9898708920187793
university,target_71_3422,distance,100,9,852,0.7476525821596244,0.99
university,target_71_3422,distance,200,9,852,0.7488262910798122,0.99
university,target_71_3422,aps_raw,1,9,852,0.7065727699530516,0.9453051643192487
university,target_71_3422,aps_raw,20,9,852,0.7464788732394366,0.9812558685446012
university,target_71_3422,aps_raw,50,9,852,0.7464788732394366,0.99
university,target_71_3422,aps_raw,100,9,852,0.7476525821596244,0.99
university,target_71_3422,aps_raw,200,9,852,0.7488262910798122,0.99
university,control_71_3422,distance,1,0,3,0.6666666666666666,0.04333333333333337
university,control_71_3422,distance,1,1,2,0.5,0.18999999999999995
university,control_71_3422,distance,1,2,7,0.42857142857142855,0.23428571428571426
university,control_71_3422,distance,1,3,3,0.6666666666666666,0.3833333333333333
university,control_71_3422,distance,1,4,5,0.8,0.4619999999999999
university,control_71_3422,distance,1,5,5,1.0,0.5640000000000001
university,control_71_3422,distance,1,6,18,0.8888888888888888,0.6488888888888888
university,control_71_3422,distance,1,7,37,0.918918918918919,0.7478378378378377
university,control_71_3422,distance,1,8,73,0.9863013698630136,0.8610958904109588
university,control_71_3422,distance,1,9,699,0.9413447782546495,0.9572532188841202
university,control_71_3422,distance,20,9,852,0.994131455399061,0.986267605633803
university,control_71_3422,distance,50,9,852,0.9964788732394366,0.9897887323943663
university,control_71_3422,distance,100,9,852,0.9976525821596244,0.9899882629107981
university,control_71_3422,distance,200,9,852,0.9988262910798122,0.99
university,control_71_3422,aps_raw,1,9,852,0.9354460093896714,0.9490962441314552
university,control_71_3422,aps_raw,20,9,852,0.994131455399061,0.9815727699530519
university,control_71_3422,aps_raw,50,9,852,0.9964788732394366,0.99
university,control_71_3422,aps_raw,100,9,852,0.9976525821596244,0.99
university,control_71_3422,aps_raw,200,9,852,0.9988262910798122,0.99
university,target_142_3422,distance,1,0,2,0.5,0.04500000000000004
university,target_142_3422,distance,1,1,2,0.5,0.18999999999999995
university,target_142_3422,distance,1,2,3,0.6666666666666666,0.23666666666666666
university,target_142_3422,distance,1,3,2,0.5,0.375
university,target_142_3422,distance,1,5,6,0.6666666666666666,0.5500000000000002
university,target_142_3422,distance,1,6,6,0.6666666666666666,0.64
university,target_142_3422,distance,1,7,14,0.7857142857142857,0.7535714285714284
university,target_142_3422,distance,1,8,31,0.7096774193548387,0.8548387096774194
university,target_142_3422,distance,1,9,786,0.4580152671755725,0.966374045801527
university,target_142_3422,distance,20,9,852,0.49765258215962443,0.9882159624413146
university,target_142_3422,distance,50,9,852,0.4988262910798122,0.9899647887323945
university,target_142_3422,distance,100,9,852,0.4988262910798122,0.99
university,target_142_3422,distance,200,9,852,0.5,0.99
university,target_142_3422,aps_raw,1,9,852,0.4765258215962441,0.9412441314553989
university,target_142_3422,aps_raw,20,9,852,0.49765258215962443,0.9805985915492961
university,target_142_3422,aps_raw,50,9,852,0.4988262910798122,0.99
university,target_142_3422,aps_raw,100,9,852,0.4988262910798122,0.99
university,target_142_3422,aps_raw,200,9,852,0.5,0.99
university,target_71_3423,distance,1,0,3,0.6666666666666666,0.04333333333333337
university,target_71_3423,distance,1,1,2,0.5,0.18999999999999995
university,target_71_3423,distance,1,2,5,0.4,0.22199999999999998
university,target_71_3423,distance,1,3,2,1.0,0.38
university,target_71_3423,distance,1,4,5,0.6,0.4539999999999999
university,target_71_3423,distance,1,5,3,1.0,0.56
university,target_71_3423,distance,1,6,15,0.8666666666666667,0.646
university,target_71_3423,distance,1,7,21,0.7142857142857143,0.7485714285714286
university,target_71_3423,distance,1,8,56,0.9107142857142857,0.8614285714285713
university,target_71_3423,distance,1,9,740,0.7013513513513514,0.9611756756756759
university,target_71_3423,distance,20,9,852,0.7488262910798122,0.9866666666666668
university,target_71_3423,distance,50,9,852,0.75,0.9898708920187795
university,target_71_3423,distance,100,9,852,0.75,0.99
university,target_71_3423,distance,200,9,852,0.75,0.99
university,target_71_3423,aps_raw,1,9,852,0.7171361502347418,0.9458685446009388
university,target_71_3423,aps_raw,20,9,852,0.7488262910798122,0.9810563380281693
university,target_71_3423,aps_raw,50,9,852,0.75,0.99
university,target_71_3423,aps_raw,100,9,852,0.75,0.99
university,target_71_3423,aps_raw,200,9,852,0.75,0.99
university,control_71_3423,distance,1,0,2,0.5,0.04500000000000004
university,control_71_3423,distance,1,1,2,0.5,0.18999999999999995
university,control_71_3423,distance,1,2,4,0.25,0.23249999999999998
university,control_71_3423,distance,1,3,3,0.6666666666666666,0.37333333333333335
university,control_71_3423,distance,1,4,6,0.8333333333333334,0.4549999999999999
university,control_71_3423,distance,1,5,5,0.8,0.556
university,control_71_3423,distance,1,6,19,0.9473684210526315,0.6494736842105263
university,control_71_3423,distance,1,7,36,0.9444444444444444,0.7466666666666666
university,control_71_3423,distance,1,8,74,0.972972972972973,0.861081081081081
university,control_71_3423,distance,1,9,701,0.9429386590584878,0.9576604850213979
university,control_71_3423,distance,20,9,852,0.994131455399061,0.9863615023474179
university,control_71_3423,distance,50,9,852,0.9964788732394366,0.9897887323943663
university,control_71_3423,distance,100,9,852,0.9976525821596244,0.9899765258215962
university,control_71_3423,distance,200,9,852,0.9988262910798122,0.99
university,control_71_3423,aps_raw,1,9,852,0.937793427230047,0.9490375586854459
university,control_71_3423,aps_raw,20,9,852,0.994131455399061,0.9815610328638501
university,control_71_3423,aps_raw,50,9,852,0.9964788732394366,0.99
university,control_71_3423,aps_raw,100,9,852,0.9976525821596244,0.99
university,control_71_3423,aps_raw,200,9,852,0.9988262910798122,0.99
university,target_142_3423,distance,1,0,3,0.6666666666666666,0.04333333333333337
university,target_142_3423,distance,1,1,2,0.5,0.18999999999999995
university,target_142_3423,distance,1,2,5,0.4,0.22799999999999998
university,target_142_3423,distance,1,3,1,1.0,0.39
university,target_142_3423,distance,1,4,4,0.75,0.45249999999999996
university,target_142_3423,distance,1,5,1,0.0,0.5
university,target_142_3423,distance,1,6,12,0.8333333333333334,0.6483333333333333
university,target_142_3423,distance,1,7,13,0.6923076923076923,0.7476923076923078
university,target_142_3423,distance,1,8,35,0.6285714285714286,0.8608571428571429
university,target_142_3423,distance,1,9,776,0.46005154639175255,0.9668298969072167
university,target_142_3423,distance,20,9,852,0.4988262910798122,0.9880985915492959
university,target_142_3423,distance,50,9,852,0.5,0.9899647887323945
university,target_142_3423,distance,100,9,852,0.5,0.99
university,target_142_3423,distance,200,9,852,0.5,0.99
university,target_142_3423,aps_raw,1,9,852,0.47769953051643194,0.9414319248826291
university,target_142_3423,aps_raw,20,9,852,0.4988262910798122,0.9804342723004698
university,target_142_3423,aps_raw,50,9,852,0.5,0.99
university,target_142_3423,aps_raw,100,9,852,0.5,0.99
university,target_142_3423,aps_raw,200,9,852,0.5,0.99
university,target_71_3424,distance,1,0,2,0.5,0.04500000000000004
university,target_71_3424,distance,1,1,2,0.5,0.18999999999999995
university,target_71_3424,distance,1,2,4,0.5,0.2425
university,target_71_3424,distance,1,3,2,1.0,0.365
university,target_71_3424,distance,1,4,4,0.75,0.46249999999999997
university,target_71_3424,distance,1,5,3,0.3333333333333333,0.56
university,target_71_3424,distance,1,6,13,1.0,0.653076923076923
university,target_71_3424,distance,1,7,26,0.8076923076923077,0.7473076923076923
university,target_71_3424,distance,1,8,50,0.84,0.8582
university,target_71_3424,distance,1,9,746,0.6903485254691689,0.9618766756032172
university,target_71_3424,distance,20,9,852,0.7453051643192489,0.9866197183098593
university,target_71_3424,distance,50,9,852,0.7464788732394366,0.9899178403755869
university,target_71_3424,distance,100,9,852,0.7476525821596244,0.9899882629107981
university,target_71_3424,distance,200,9,852,0.7488262910798122,0.99
university,target_71_3424,aps_raw,1,9,852,0.7053990610328639,0.9452934272300468
university,target_71_3424,aps_raw,20,9,852,0.7453051643192489,0.9812676056338032
university,target_71_3424,aps_raw,50,9,852,0.7464788732394366,0.99
university,target_71_3424,aps_raw,100,9,852,0.7476525821596244,0.99
university,target_71_3424,aps_raw,200,9,852,0.7488262910798122,0.99
university,control_71_3424,distance,1,0,3,0.6666666666666666,0.04333333333333337
university,control_71_3424,distance,1,1,2,0.5,0.18999999999999995
university,control_71_3424,distance,1,2,6,0.3333333333333333,0.2283333333333333
university,control_71_3424,distance,1,3,2,0.5,0.38
university,control_71_3424,distance,1,4,5,0.8,0.4619999999999999
university,control_71_3424,distance,1,5,6,1.0,0.5650000000000001
university,control_71_3424,distance,1,6,17,0.9411764705882353,0.6470588235294118
university,control_71_3424,distance,1,7,37,0.918918918918919,0.7454054054054053
university,control_71_3424,distance,1,8,75,0.9733333333333334,0.8613333333333333
university,control_71_3424,distance,1,9,699,0.9427753934191703,0.9574964234620886
university,control_71_3424,distance,20,9,852,0.994131455399061,0.986255868544601
university,control_71_3424,distance,50,9,852,0.9964788732394366,0.9897887323943663
university,control_71_3424,distance,100,9,852,0.9976525821596244,0.9899765258215962
university,control_71_3424,distance,200,9,852,0.9988262910798122,0.99
university,control_71_3424,aps_raw,1,9,852,0.9366197183098591,0.9490610328638497
university,control_71_3424,aps_raw,20,9,852,0.994131455399061,0.9816197183098593
university,control_71_3424,aps_raw,50,9,852,0.9964788732394366,0.99
university,control_71_3424,aps_raw,100,9,852,0.9976525821596244,0.99
university,control_71_3424,aps_raw,200,9,852,0.9988262910798122,0.99
university,target_142_3424,distance,1,3,1,1.0,0.39
university,target_142_3424,distance,1,4,2,0.5,0.44
university,target_142_3424,distance,1,5,2,0.0,0.535
university,target_142_3424,distance,1,6,9,0.7777777777777778,0.6466666666666666
university,target_142_3424,distance,1,7,20,0.75,0.7449999999999999
university,target_142_3424,distance,1,8,32,0.6875,0.8525
university,target_142_3424,distance,1,9,786,0.45165394402035625,0.9664503816793893
university,target_142_3424,distance,20,9,852,0.4953051643192488,0.9881924882629108
university,target_142_3424,distance,50,9,852,0.49765258215962443,0.9899647887323945
university,target_142_3424,distance,100,9,852,0.49765258215962443,0.99
university,target_142_3424,distance,200,9,852,0.5,0.99
university,target_142_3424,aps_raw,1,9,852,0.4706572769953052,0.9412441314553989
university,target_142_3424,aps_raw,20,9,852,0.4953051643192488,0.9803755868544605
university,target_142_3424,aps_raw,50,9,852,0.49765258215962443,0.99
university,target_142_3424,aps_raw,100,9,852,0.49765258215962443,0.99
university,target_142_3424,aps_raw,200,9,852,0.5,0.99
university,target_71_3425,distance,1,0,3,0.6666666666666666,0.04333333333333337
university,target_71_3425,distance,1,1,2,0.5,0.18999999999999995
university,target_71_3425,distance,1,2,5,0.6,0.22999999999999998
university,target_71_3425,distance,1,3,3,0.6666666666666666,0.38000000000000006
university,target_71_3425,distance,1,4,2,1.0,0.45999999999999996
university,target_71_3425,distance,1,5,4,0.25,0.5425
university,target_71_3425,distance,1,6,7,0.8571428571428571,0.6585714285714286
university,target_71_3425,distance,1,7,22,0.9545454545454546,0.7427272727272727
university,target_71_3425,distance,1,8,49,0.8367346938775511,0.8585714285714285
university,target_71_3425,distance,1,9,755,0.6966887417218544,0.9601589403973511
university,target_71_3425,distance,20,9,852,0.7453051643192489,0.9866901408450706
university,target_71_3425,distance,50,9,852,0.7464788732394366,0.9898591549295777
university,target_71_3425,distance,100,9,852,0.7476525821596244,0.99
university,target_71_3425,distance,200,9,852,0.7488262910798122,0.99
university,target_71_3425,aps_raw,1,9,852,0.710093896713615,0.9452699530516431
university,target_71_3425,aps_raw,20,9,852,0.7453051643192489,0.98118544600939
university,target_71_3425,aps_raw,50,9,852,0.7464788732394366,0.99
university,target_71_3425,aps_raw,100,9,852,0.7476525821596244,0.99
university,target_71_3425,aps_raw,200,9,852,0.7488262910798122,0.99
university,control_71_3425,distance,1,0,2,0.5,0.04500000000000004
university,control_71_3425,distance,1,1,2,0.5,0.18999999999999995
university,control_71_3425,distance,1,2,4,0.25,0.23249999999999998
university,control_71_3425,distance,1,3,2,0.5,0.38
university,control_71_3425,distance,1,4,5,0.8,0.4619999999999999
university,control_71_3425,distance,1,5,5,1.0,0.5640000000000001
university,control_71_3425,distance,1,6,17,0.9411764705882353,0.6470588235294118
university,control_71_3425,distance,1,7,36,0.9166666666666666,0.7474999999999999
university,control_71_3425,distance,1,8,75,0.9733333333333334,0.8605333333333334
university,control_71_3425,distance,1,9,704,0.9431818181818182,0.9573011363636365
university,control_71_3425,distance,20,9,852,0.994131455399061,0.9862558685446011
university,control_71_3425,distance,50,9,852,0.9964788732394366,0.9897769953051644
university,control_71_3425,distance,100,9,852,0.9976525821596244,0.9899765258215962
university,control_71_3425,distance,200,9,852,0.9988262910798122,0.99
university,control_71_3425,aps_raw,1,9,852,0.937793427230047,0.9490492957746478
university,control_71_3425,aps_raw,20,9,852,0.994131455399061,0.9815845070422539
university,control_71_3425,aps_raw,50,9,852,0.9964788732394366,0.99
university,control_71_3425,aps_raw,100,9,852,0.9976525821596244,0.99
university,control_71_3425,aps_raw,200,9,852,0.9988262910798122,0.99
university,target_142_3425,distance,1,0,1,1.0,0.040000000000000036
university,target_142_3425,distance,1,2,2,0.5,0.21999999999999997
university,target_142_3425,distance,1,4,1,0.0,0.42000000000000004
university,target_142_3425,distance,1,5,1,0.0,0.5700000000000001
university,target_142_3425,distance,1,6,6,0.8333333333333334,0.6449999999999999
university,target_142_3425,distance,1,7,11,0.7272727272727273,0.7563636363636363
university,target_142_3425,distance,1,8,36,0.5833333333333334,0.8572222222222222
university,target_142_3425,distance,1,9,794,0.473551637279597,0.9665365239294711
university,target_142_3425,distance,20,9,852,0.5,0.987992957746479
university,target_142_3425,distance,50,9,852,0.5,0.9899530516431926
university,target_142_3425,distance,100,9,852,0.5,0.99
university,target_142_3425,distance,200,9,852,0.5,0.99
university,target_142_3425,aps_raw,1,9,852,0.4835680751173709,0.9409741784037556
university,target_142_3425,aps_raw,20,9,852,0.5,0.9805751173708923
university,target_142_3425,aps_raw,50,9,852,0.5,0.99
university,target_142_3425,aps_raw,100,9,852,0.5,0.99
university,target_142_3425,aps_raw,200,9,852,0.5,0.99
university,target_71_3426,distance,1,0,2,0.5,0.04500000000000004
university,target_71_3426,distance,1,1,2,0.5,0.18999999999999995
university,target_71_3426,distance,1,2,3,0.6666666666666666,0.23666666666666666
university,target_71_3426,distance,1,3,3,0.3333333333333333,0.38000000000000006
university,target_71_3426,distance,1,4,3,1.0,0.4633333333333333
university,target_71_3426,distance,1,5,4,0.5,0.5475000000000001
university,target_71_3426,distance,1,6,10,1.0,0.6479999999999999
university,target_71_3426,distance,1,7,32,0.90625,0.7509375
university,target_71_3426,distance,1,8,51,0.9019607843137255,0.8572549019607841
university,target_71_3426,distance,1,9,742,0.6913746630727763,0.9602830188679244
university,target_71_3426,distance,20,9,852,0.7453051643192489,0.9867136150234742
university,target_71_3426,distance,50,9,852,0.7464788732394366,0.9898356807511738
university,target_71_3426,distance,100,9,852,0.7476525821596244,0.9899882629107981
university,target_71_3426,distance,200,9,852,0.75,0.99
university,target_71_3426,aps_raw,1,9,852,0.7136150234741784,0.9455281690140843
university,target_71_3426,aps_raw,20,9,852,0.7453051643192489,0.9811502347417844
university,target_71_3426,aps_raw,50,9,852,0.7464788732394366,0.99
university,target_71_3426,aps_raw,100,9,852,0.7476525821596244,0.99
university,target_71_3426,aps_raw,200,9,852,0.75,0.99
university,control_71_3426,distance,1,0,3,0.6666666666666666,0.04333333333333337
university,control_71_3426,distance,1,1,2,0.5,0.18999999999999995
university,control_71_3426,distance,1,2,7,0.42857142857142855,0.23428571428571426
university,control_71_3426,distance,1,3,3,0.6666666666666666,0.3833333333333333
university,control_71_3426,distance,1,4,5,0.8,0.4619999999999999
university,control_71_3426,distance,1,5,5,1.0,0.5640000000000001
university,control_71_3426,distance,1,6,18,0.8888888888888888,0.6488888888888888
university,control_71_3426,distance,1,7,37,0.918918918918919,0.7483783783783783
university,control_71_3426,distance,1,8,72,0.9861111111111112,0.8606944444444444
university,control_71_3426,distance,1,9,700,0.9414285714285714,0.9576142857142856
university,control_71_3426,distance,20,9,852,0.994131455399061,0.9862089201877936
university,control_71_3426,distance,50,9,852,0.9964788732394366,0.9897769953051644
university,control_71_3426,distance,100,9,852,0.9976525821596244,0.9899765258215962
university,control_71_3426,distance,200,9,852,0.9988262910798122,0.99
university,control_71_3426,aps_raw,1,9,852,0.9354460093896714,0.9491079812206571
university,control_71_3426,aps_raw,20,9,852,0.994131455399061,0.9816314553990614
university,control_71_3426,aps_raw,50,9,852,0.9964788732394366,0.99
university,control_71_3426,aps_raw,100,9,852,0.9976525821596244,0.99
university,control_71_3426,aps_raw,200,9,852,0.9988262910798122,0.99
university,target_142_3426,distance,1,0,2,0.5,0.04500000000000004
university,target_142_3426,distance,1,1,2,0.5,0.18999999999999995
university,target_142_3426,distance,1,2,2,0.5,0.21999999999999997
university,target_142_3426,distance,1,3,2,0.0,0.39
university,target_142_3426,distance,1,4,3,0.6666666666666666,0.4466666666666666
university,target_142_3426,distance,1,5,4,0.5,0.5575000000000001
university,target_142_3426,distance,1,6,5,0.8,0.6439999999999999
university,target_142_3426,distance,1,7,17,0.8235294117647058,0.7458823529411764
university,target_142_3426,distance,1,8,32,0.8125,0.8515625
university,target_142_3426,distance,1,9,783,0.454661558109834,0.9659003831417626
university,target_142_3426,distance,20,9,852,0.4988262910798122,0.9881690140845071
university,target_142_3426,distance,50,9,852,0.5,0.9899647887323945
university,target_142_3426,distance,100,9,852,0.5,0.99
university,target_142_3426,distance,200,9,852,0.5,0.99
university,target_142_3426,aps_raw,1,9,852,0.47769953051643194,0.940845070422535
university,target_142_3426,aps_raw,20,9,852,0.4988262910798122,0.9804577464788736
university,target_142_3426,aps_raw,50,9,852,0.5,0.99
university,target_142_3426,aps_raw,100,9,852,0.5,0.99
university,target_142_3426,aps_raw,200,9,852,0.5,0.99
sues,full,distance,1,1,4,0.75,0.17250000000000001
sues,full,distance,1,2,5,1.0,0.254
sues,full,distance,1,3,20,1.0,0.35150000000000003
sues,full,distance,1,4,19,0.7894736842105263,0.456842105263158
sues,full,distance,1,5,46,0.717391304347826,0.548913043478261
sues,full,distance,1,6,115,0.8521739130434782,0.6614782608695652
sues,full,distance,1,7,215,0.7953488372093023,0.745906976744186
sues,full,distance,1,8,476,0.8046218487394958,0.8540546218487396
sues,full,distance,1,9,528,0.8352272727272727,0.943655303030303
sues,full,distance,20,8,47,1.0,0.8723404255319149
sues,full,distance,20,9,1381,0.9891383055756698,0.9767704561911659
sues,full,distance,50,9,1428,0.9992997198879552,0.9875630252100842
sues,full,distance,100,9,1428,1.0,0.9900000000000002
sues,full,distance,200,9,1428,1.0,0.9900000000000002
sues,full,aps_raw,1,8,1239,0.7917675544794189,0.8742372881355933
sues,full,aps_raw,1,9,189,0.9947089947089947,0.9000000000000005
sues,full,aps_raw,20,9,1428,0.9894957983193278,0.9853641456582636
sues,full,aps_raw,50,9,1428,0.9992997198879552,0.9900000000000002
sues,full,aps_raw,100,9,1428,1.0,0.9900000000000002
sues,full,aps_raw,200,9,1428,1.0,0.9900000000000002
sues,target_25_290928,distance,1,1,1,1.0,0.17000000000000004
sues,target_25_290928,distance,1,2,6,0.5,0.25333333333333335
sues,target_25_290928,distance,1,3,17,0.9411764705882353,0.35470588235294115
sues,target_25_290928,distance,1,4,17,0.5882352941176471,0.45647058823529413
sues,target_25_290928,distance,1,5,36,0.5,0.5530555555555556
sues,target_25_290928,distance,1,6,76,0.7236842105263158,0.6638157894736841
sues,target_25_290928,distance,1,7,184,0.6956521739130435,0.7483695652173913
sues,target_25_290928,distance,1,8,455,0.610989010989011,0.8546153846153847
sues,target_25_290928,distance,1,9,636,0.6084905660377359,0.9463207547169812
sues,target_25_290928,distance,20,8,29,0.5517241379310345,0.8765517241379311
sues,target_25_290928,distance,20,9,1399,0.7469621157969979,0.9800643316654755
sues,target_25_290928,distance,50,9,1428,0.7478991596638656,0.9888305322128853
sues,target_25_290928,distance,100,9,1428,0.7478991596638656,0.9900000000000002
sues,target_25_290928,distance,200,9,1428,0.7478991596638656,0.9900000000000002
sues,target_25_290928,aps_raw,1,8,1316,0.5987841945288754,0.8718085106382978
sues,target_25_290928,aps_raw,1,9,112,0.9642857142857143,0.9000000000000002
sues,target_25_290928,aps_raw,20,9,1428,0.7429971988795518,0.9843767507002803
sues,target_25_290928,aps_raw,50,9,1428,0.7478991596638656,0.9900000000000002
sues,target_25_290928,aps_raw,100,9,1428,0.7478991596638656,0.9900000000000002
sues,target_25_290928,aps_raw,200,9,1428,0.7478991596638656,0.9900000000000002
sues,target_50_290928,distance,1,1,1,1.0,0.17000000000000004
sues,target_50_290928,distance,1,2,5,0.4,0.25
sues,target_50_290928,distance,1,3,8,0.875,0.355
sues,target_50_290928,distance,1,4,12,0.4166666666666667,0.4633333333333333
sues,target_50_290928,distance,1,5,31,0.41935483870967744,0.5535483870967743
sues,target_50_290928,distance,1,6,54,0.5,0.6677777777777777
sues,target_50_290928,distance,1,7,165,0.5818181818181818,0.75
sues,target_50_290928,distance,1,8,428,0.43457943925233644,0.8554906542056075
sues,target_50_290928,distance,1,9,724,0.3660220994475138,0.9494475138121549
sues,target_50_290928,distance,20,8,13,0.07692307692307693,0.8815384615384615
sues,target_50_290928,distance,20,9,1415,0.49964664310954066,0.9825795053003534
sues,target_50_290928,distance,50,9,1428,0.4957983193277311,0.989670868347339
sues,target_50_290928,distance,100,9,1428,0.4957983193277311,0.9900000000000002
sues,target_50_290928,distance,200,9,1428,0.4957983193277311,0.9900000000000002
sues,target_50_290928,aps_raw,1,8,1355,0.3940959409594096,0.8694169741697418
sues,target_50_290928,aps_raw,1,9,73,0.9315068493150684,0.9000000000000002
sues,target_50_290928,aps_raw,20,9,1428,0.4957983193277311,0.9834943977591039
sues,target_50_290928,aps_raw,50,9,1428,0.4957983193277311,0.9900000000000002
sues,target_50_290928,aps_raw,100,9,1428,0.4957983193277311,0.9900000000000002
sues,target_50_290928,aps_raw,200,9,1428,0.4957983193277311,0.9900000000000002
sues,control_25_290928,distance,1,1,4,0.75,0.17250000000000001
sues,control_25_290928,distance,1,2,5,1.0,0.254
sues,control_25_290928,distance,1,3,19,1.0,0.35105263157894734
sues,control_25_290928,distance,1,4,19,0.8421052631578947,0.4568421052631579
sues,control_25_290928,distance,1,5,36,0.7777777777777778,0.5477777777777777
sues,control_25_290928,distance,1,6,99,0.8484848484848485,0.6637373737373736
sues,control_25_290928,distance,1,7,188,0.8031914893617021,0.7463829787234042
sues,control_25_290928,distance,1,8,457,0.8271334792122538,0.8561487964989059
sues,control_25_290928,distance,1,9,601,0.8602329450915142,0.9470216306156406
sues,control_25_290928,distance,20,8,20,1.0,0.881
sues,control_25_290928,distance,20,9,1408,0.9943181818181818,0.9796235795454545
sues,control_25_290928,distance,50,9,1428,1.0,0.9890336134453782
sues,control_25_290928,distance,100,9,1428,1.0,0.9900000000000002
sues,control_25_290928,distance,200,9,1428,1.0,0.9900000000000002
sues,control_25_290928,aps_raw,1,8,1250,0.8192,0.873616
sues,control_25_290928,aps_raw,1,9,178,0.9943820224719101,0.9000000000000002
sues,control_25_290928,aps_raw,20,9,1428,0.9943977591036415,0.98468487394958
sues,control_25_290928,aps_raw,50,9,1428,1.0,0.9900000000000002
sues,control_25_290928,aps_raw,100,9,1428,1.0,0.9900000000000002
sues,control_25_290928,aps_raw,200,9,1428,1.0,0.9900000000000002
sues,target_25_290929,distance,1,1,2,0.5,0.16000000000000003
sues,target_25_290929,distance,1,2,3,0.6666666666666666,0.24666666666666667
sues,target_25_290929,distance,1,3,11,0.9090909090909091,0.34909090909090906
sues,target_25_290929,distance,1,4,11,0.5454545454545454,0.4572727272727273
sues,target_25_290929,distance,1,5,38,0.6052631578947368,0.553421052631579
sues,target_25_290929,distance,1,6,94,0.7127659574468085,0.6604255319148935
sues,target_25_290929,distance,1,7,173,0.6878612716763006,0.7452023121387282
sues,target_25_290929,distance,1,8,492,0.6219512195121951,0.8558536585365855
sues,target_25_290929,distance,1,9,604,0.5860927152317881,0.9461092715231787
sues,target_25_290929,distance,20,8,28,0.75,0.8771428571428571
sues,target_25_290929,distance,20,9,1400,0.745,0.9799214285714286
sues,target_25_290929,distance,50,9,1428,0.7478991596638656,0.9889635854341737
sues,target_25_290929,distance,100,9,1428,0.7478991596638656,0.9900000000000002
sues,target_25_290929,distance,200,9,1428,0.7478991596638656,0.9900000000000002
sues,target_25_290929,aps_raw,1,8,1292,0.586687306501548,0.8721052631578947
sues,target_25_290929,aps_raw,1,9,136,0.9558823529411765,0.9000000000000001
sues,target_25_290929,aps_raw,20,9,1428,0.7450980392156863,0.9845238095238096
sues,target_25_290929,aps_raw,50,9,1428,0.7478991596638656,0.9900000000000002
sues,target_25_290929,aps_raw,100,9,1428,0.7478991596638656,0.9900000000000002
sues,target_25_290929,aps_raw,200,9,1428,0.7478991596638656,0.9900000000000002
sues,target_50_290929,distance,1,2,4,0.75,0.2425
sues,target_50_290929,distance,1,3,11,0.8181818181818182,0.35272727272727267
sues,target_50_290929,distance,1,4,9,0.4444444444444444,0.4577777777777778
sues,target_50_290929,distance,1,5,24,0.5833333333333334,0.55
sues,target_50_290929,distance,1,6,71,0.5915492957746479,0.6622535211267606
sues,target_50_290929,distance,1,7,122,0.5409836065573771,0.7456557377049181
sues,target_50_290929,distance,1,8,455,0.41318681318681316,0.8591208791208791
sues,target_50_290929,distance,1,9,732,0.3592896174863388,0.947896174863388
sues,target_50_290929,distance,20,8,10,0.7,0.884
sues,target_50_290929,distance,20,9,1418,0.4915373765867419,0.9827503526093089
sues,target_50_290929,distance,50,9,1428,0.4957983193277311,0.9897759103641457
sues,target_50_290929,distance,100,9,1428,0.4957983193277311,0.9900000000000002
sues,target_50_290929,distance,200,9,1428,0.4957983193277311,0.9900000000000002
sues,target_50_290929,aps_raw,1,8,1326,0.3717948717948718,0.8694570135746607
sues,target_50_290929,aps_raw,1,9,102,0.9411764705882353,0.9000000000000006
sues,target_50_290929,aps_raw,20,9,1428,0.49299719887955185,0.9836274509803924
sues,target_50_290929,aps_raw,50,9,1428,0.4957983193277311,0.9900000000000002
sues,target_50_290929,aps_raw,100,9,1428,0.4957983193277311,0.9900000000000002
sues,target_50_290929,aps_raw,200,9,1428,0.4957983193277311,0.9900000000000002
sues,control_25_290929,distance,1,1,4,0.75,0.17250000000000001
sues,control_25_290929,distance,1,2,3,1.0,0.25333333333333335
sues,control_25_290929,distance,1,3,15,1.0,0.3493333333333334
sues,control_25_290929,distance,1,4,17,0.8235294117647058,0.46058823529411763
sues,control_25_290929,distance,1,5,37,0.8918918918918919,0.5470270270270271
sues,control_25_290929,distance,1,6,100,0.84,0.6643999999999999
sues,control_25_290929,distance,1,7,185,0.8108108108108109,0.7482702702702703
sues,control_25_290929,distance,1,8,474,0.8291139240506329,0.8572151898734177
sues,control_25_290929,distance,1,9,593,0.8414839797639123,0.9443170320404722
sues,control_25_290929,distance,20,8,14,1.0,0.8850000000000001
sues,control_25_290929,distance,20,9,1414,0.9943422913719944,0.9797595473833098
sues,control_25_290929,distance,50,9,1428,1.0,0.9891176470588235
sues,control_25_290929,distance,100,9,1428,1.0,0.9900000000000002
sues,control_25_290929,distance,200,9,1428,1.0,0.9900000000000002
sues,control_25_290929,aps_raw,1,8,1254,0.8141945773524721,0.8738277511961724
sues,control_25_290929,aps_raw,1,9,174,0.9942528735632183,0.9000000000000005
sues,control_25_290929,aps_raw,20,9,1428,0.9943977591036415,0.9846568627450983
sues,control_25_290929,aps_raw,50,9,1428,1.0,0.9900000000000002
sues,control_25_290929,aps_raw,100,9,1428,1.0,0.9900000000000002
sues,control_25_290929,aps_raw,200,9,1428,1.0,0.9900000000000002
sues,target_25_290930,distance,1,1,4,0.75,0.17250000000000001
sues,target_25_290930,distance,1,2,3,1.0,0.25333333333333335
sues,target_25_290930,distance,1,3,8,0.875,0.34500000000000003
sues,target_25_290930,distance,1,4,12,0.6666666666666666,0.46166666666666667
sues,target_25_290930,distance,1,5,44,0.5681818181818182,0.5543181818181818
sues,target_25_290930,distance,1,6,101,0.7821782178217822,0.6604950495049504
sues,target_25_290930,distance,1,7,192,0.6979166666666666,0.7436458333333333
sues,target_25_290930,distance,1,8,436,0.6146788990825688,0.856559633027523
sues,target_25_290930,distance,1,9,628,0.5445859872611465,0.9462420382165605
sues,target_25_290930,distance,20,8,35,0.8857142857142857,0.8791428571428571
sues,target_25_290930,distance,20,9,1393,0.741564967695621,0.9796482412060302
sues,target_25_290930,distance,50,9,1428,0.7478991596638656,0.988795518207283
sues,target_25_290930,distance,100,9,1428,0.7478991596638656,0.9900000000000002
sues,target_25_290930,distance,200,9,1428,0.7478991596638656,0.9900000000000002
sues,target_25_290930,aps_raw,1,8,1291,0.5693261037955074,0.8712083656080558
sues,target_25_290930,aps_raw,1,9,137,0.9781021897810219,0.9000000000000001
sues,target_25_290930,aps_raw,20,9,1428,0.7450980392156863,0.9844957983193279
sues,target_25_290930,aps_raw,50,9,1428,0.7478991596638656,0.9900000000000002
sues,target_25_290930,aps_raw,100,9,1428,0.7478991596638656,0.9900000000000002
sues,target_25_290930,aps_raw,200,9,1428,0.7478991596638656,0.9900000000000002
sues,target_50_290930,distance,1,1,1,1.0,0.17000000000000004
sues,target_50_290930,distance,1,2,3,0.0,0.24666666666666667
sues,target_50_290930,distance,1,3,5,0.6,0.352
sues,target_50_290930,distance,1,4,8,0.375,0.465
sues,target_50_290930,distance,1,5,32,0.34375,0.5606250000000002
sues,target_50_290930,distance,1,6,64,0.609375,0.66375
sues,target_50_290930,distance,1,7,162,0.5123456790123457,0.7430864197530864
sues,target_50_290930,distance,1,8,414,0.5120772946859904,0.8564251207729469
sues,target_50_290930,distance,1,9,739,0.33694181326116374,0.949255751014885
sues,target_50_290930,distance,20,8,17,0.35294117647058826,0.8823529411764706
sues,target_50_290930,distance,20,9,1411,0.4961020552799433,0.982211197732105
sues,target_50_290930,distance,50,9,1428,0.4957983193277311,0.9896638655462185
sues,target_50_290930,distance,100,9,1428,0.4957983193277311,0.9900000000000002
sues,target_50_290930,distance,200,9,1428,0.4957983193277311,0.9900000000000002
sues,target_50_290930,aps_raw,1,8,1331,0.38317054845980464,0.8692937640871525
sues,target_50_290930,aps_raw,1,9,97,0.9381443298969072,0.9000000000000002
sues,target_50_290930,aps_raw,20,9,1428,0.4943977591036415,0.9836904761904763
sues,target_50_290930,aps_raw,50,9,1428,0.4957983193277311,0.9900000000000002
sues,target_50_290930,aps_raw,100,9,1428,0.4957983193277311,0.9900000000000002
sues,target_50_290930,aps_raw,200,9,1428,0.4957983193277311,0.9900000000000002
sues,control_25_290930,distance,1,1,4,0.75,0.17250000000000001
sues,control_25_290930,distance,1,2,5,1.0,0.254
sues,control_25_290930,distance,1,3,20,1.0,0.353
sues,control_25_290930,distance,1,4,18,0.8333333333333334,0.45611111111111113
sues,control_25_290930,distance,1,5,41,0.7073170731707317,0.5465853658536586
sues,control_25_290930,distance,1,6,104,0.8653846153846154,0.6618269230769229
sues,control_25_290930,distance,1,7,181,0.8121546961325967,0.7466850828729283
sues,control_25_290930,distance,1,8,456,0.8355263157894737,0.8563815789473684
sues,control_25_290930,distance,1,9,599,0.8580968280467446,0.9456761268781301
sues,control_25_290930,distance,20,8,24,1.0,0.88
sues,control_25_290930,distance,20,9,1404,0.9943019943019943,0.9797720797720799
sues,control_25_290930,distance,50,9,1428,1.0,0.988984593837535
sues,control_25_290930,distance,100,9,1428,1.0,0.9900000000000002
sues,control_25_290930,distance,200,9,1428,1.0,0.9900000000000002
sues,control_25_290930,aps_raw,1,8,1247,0.8211708099438653,0.8736407377706494
sues,control_25_290930,aps_raw,1,9,181,0.994475138121547,0.9000000000000004
sues,control_25_290930,aps_raw,20,9,1428,0.9943977591036415,0.9846568627450981
sues,control_25_290930,aps_raw,50,9,1428,1.0,0.9900000000000002
sues,control_25_290930,aps_raw,100,9,1428,1.0,0.9900000000000002
sues,control_25_290930,aps_raw,200,9,1428,1.0,0.9900000000000002
sues,target_25_290931,distance,1,1,4,0.75,0.17250000000000001
sues,target_25_290931,distance,1,2,5,1.0,0.254
sues,target_25_290931,distance,1,3,19,0.9473684210526315,0.3526315789473684
sues,target_25_290931,distance,1,4,16,0.75,0.458125
sues,target_25_290931,distance,1,5,29,0.6896551724137931,0.5506896551724138
sues,target_25_290931,distance,1,6,64,0.671875,0.6606249999999999
sues,target_25_290931,distance,1,7,172,0.6918604651162791,0.7461627906976744
sues,target_25_290931,distance,1,8,494,0.6093117408906883,0.8565384615384616
sues,target_25_290931,distance,1,9,625,0.56,0.946304
sues,target_25_290931,distance,20,8,32,1.0,0.87375
sues,target_25_290931,distance,20,9,1396,0.7378223495702005,0.9799212034383954
sues,target_25_290931,distance,50,9,1428,0.7478991596638656,0.9888865546218488
sues,target_25_290931,distance,100,9,1428,0.7478991596638656,0.9900000000000002
sues,target_25_290931,distance,200,9,1428,0.7478991596638656,0.9900000000000002
sues,target_25_290931,aps_raw,1,8,1306,0.5750382848392037,0.871646248085758
sues,target_25_290931,aps_raw,1,9,122,0.9836065573770492,0.9000000000000004
sues,target_25_290931,aps_raw,20,9,1428,0.7436974789915967,0.9843697478991599
sues,target_25_290931,aps_raw,50,9,1428,0.7478991596638656,0.9900000000000002
sues,target_25_290931,aps_raw,100,9,1428,0.7478991596638656,0.9900000000000002
sues,target_25_290931,aps_raw,200,9,1428,0.7478991596638656,0.9900000000000002
sues,target_50_290931,distance,1,1,3,0.6666666666666666,0.17333333333333334
sues,target_50_290931,distance,1,2,2,1.0,0.255
sues,target_50_290931,distance,1,3,2,0.5,0.345
sues,target_50_290931,distance,1,4,4,0.5,0.465
sues,target_50_290931,distance,1,5,16,0.3125,0.556875
sues,target_50_290931,distance,1,6,50,0.56,0.6641999999999999
sues,target_50_290931,distance,1,7,133,0.5488721804511278,0.7443609022556391
sues,target_50_290931,distance,1,8,459,0.37037037037037035,0.8587145969498912
sues,target_50_290931,distance,1,9,759,0.37812911725955206,0.9466007905138341
sues,target_50_290931,distance,20,8,6,0.3333333333333333,0.8833333333333333
sues,target_50_290931,distance,20,9,1422,0.4936708860759494,0.9836638537271448
sues,target_50_290931,distance,50,9,1428,0.4957983193277311,0.9898879551820728
sues,target_50_290931,distance,100,9,1428,0.4957983193277311,0.9900000000000002
sues,target_50_290931,distance,200,9,1428,0.4957983193277311,0.9900000000000002
sues,target_50_290931,aps_raw,1,8,1359,0.3708609271523179,0.8689183222958058
sues,target_50_290931,aps_raw,1,9,69,0.9565217391304348,0.9
sues,target_50_290931,aps_raw,20,9,1428,0.49299719887955185,0.9831862745098041
sues,target_50_290931,aps_raw,50,9,1428,0.4957983193277311,0.9900000000000002
sues,target_50_290931,aps_raw,100,9,1428,0.4957983193277311,0.9900000000000002
sues,target_50_290931,aps_raw,200,9,1428,0.4957983193277311,0.9900000000000002
sues,control_25_290931,distance,1,1,4,0.75,0.17250000000000001
sues,control_25_290931,distance,1,2,3,1.0,0.25333333333333335
sues,control_25_290931,distance,1,3,14,1.0,0.35285714285714287
sues,control_25_290931,distance,1,4,16,0.875,0.45999999999999996
sues,control_25_290931,distance,1,5,30,0.9,0.5466666666666666
sues,control_25_290931,distance,1,6,100,0.82,0.6653999999999999
sues,control_25_290931,distance,1,7,180,0.8111111111111111,0.7468333333333333
sues,control_25_290931,distance,1,8,489,0.8241308793456033,0.856993865030675
sues,control_25_290931,distance,1,9,592,0.8597972972972973,0.9453885135135135
sues,control_25_290931,distance,20,8,18,1.0,0.8861111111111112
sues,control_25_290931,distance,20,9,1410,0.9936170212765958,0.9798581560283689
sues,control_25_290931,distance,50,9,1428,1.0,0.9891036414565827
sues,control_25_290931,distance,100,9,1428,1.0,0.9900000000000002
sues,control_25_290931,distance,200,9,1428,1.0,0.9900000000000002
sues,control_25_290931,aps_raw,1,8,1255,0.8199203187250996,0.8736812749003984
sues,control_25_290931,aps_raw,1,9,173,0.9942196531791907,0.9000000000000002
sues,control_25_290931,aps_raw,20,9,1428,0.9936974789915967,0.9845518207282915
sues,control_25_290931,aps_raw,50,9,1428,1.0,0.9900000000000002
sues,control_25_290931,aps_raw,100,9,1428,1.0,0.9900000000000002
sues,control_25_290931,aps_raw,200,9,1428,1.0,0.9900000000000002
sues,target_25_290932,distance,1,1,4,0.5,0.17250000000000001
sues,target_25_290932,distance,1,2,5,1.0,0.254
sues,target_25_290932,distance,1,3,11,1.0,0.3472727272727273
sues,target_25_290932,distance,1,4,15,0.6666666666666666,0.4553333333333334
sues,target_25_290932,distance,1,5,42,0.6428571428571429,0.5561904761904762
sues,target_25_290932,distance,1,6,90,0.8222222222222222,0.6618888888888889
sues,target_25_290932,distance,1,7,175,0.72,0.7432000000000002
sues,target_25_290932,distance,1,8,458,0.6091703056768559,0.8550218340611354
sues,target_25_290932,distance,1,9,628,0.5557324840764332,0.9461464968152867
sues,target_25_290932,distance,20,8,35,0.8857142857142857,0.8739999999999999
sues,target_25_290932,distance,20,9,1393,0.7379755922469491,0.9797200287150036
sues,target_25_290932,distance,50,9,1428,0.7478991596638656,0.9887535014005603
sues,target_25_290932,distance,100,9,1428,0.7478991596638656,0.9900000000000002
sues,target_25_290932,distance,200,9,1428,0.7478991596638656,0.9900000000000002
sues,target_25_290932,aps_raw,1,8,1284,0.5771028037383178,0.8719704049844236
sues,target_25_290932,aps_raw,1,9,144,0.9861111111111112,0.9000000000000001
sues,target_25_290932,aps_raw,20,9,1428,0.7415966386554622,0.9844607843137256
sues,target_25_290932,aps_raw,50,9,1428,0.7478991596638656,0.9900000000000002
sues,target_25_290932,aps_raw,100,9,1428,0.7478991596638656,0.9900000000000002
sues,target_25_290932,aps_raw,200,9,1428,0.7478991596638656,0.9900000000000002
sues,target_50_290932,distance,1,1,2,0.5,0.185
sues,target_50_290932,distance,1,2,6,0.5,0.25
sues,target_50_290932,distance,1,3,11,0.9090909090909091,0.3481818181818182
sues,target_50_290932,distance,1,4,15,0.6666666666666666,0.4526666666666667
sues,target_50_290932,distance,1,5,40,0.6,0.5567500000000001
sues,target_50_290932,distance,1,6,68,0.7058823529411765,0.6617647058823528
sues,target_50_290932,distance,1,7,131,0.6335877862595419,0.7446564885496183
sues,target_50_290932,distance,1,8,427,0.405152224824356,0.8565105386416862
sues,target_50_290932,distance,1,9,728,0.3159340659340659,0.9497527472527472
sues,target_50_290932,distance,20,8,11,0.8181818181818182,0.8781818181818182
sues,target_50_290932,distance,20,9,1417,0.48976711362032466,0.9825335215243474
sues,target_50_290932,distance,50,9,1428,0.4957983193277311,0.9897408963585436
sues,target_50_290932,distance,100,9,1428,0.4957983193277311,0.9900000000000002
sues,target_50_290932,distance,200,9,1428,0.4957983193277311,0.9900000000000002
sues,target_50_290932,aps_raw,1,8,1332,0.3686186186186186,0.8690615615615617
sues,target_50_290932,aps_raw,1,9,96,0.9479166666666666,0.9000000000000002
sues,target_50_290932,aps_raw,20,9,1428,0.49229691876750703,0.9835154061624651
sues,target_50_290932,aps_raw,50,9,1428,0.4957983193277311,0.9900000000000002
sues,target_50_290932,aps_raw,100,9,1428,0.4957983193277311,0.9900000000000002
sues,target_50_290932,aps_raw,200,9,1428,0.4957983193277311,0.9900000000000002
sues,control_25_290932,distance,1,1,4,0.75,0.17250000000000001
sues,control_25_290932,distance,1,2,3,1.0,0.25333333333333335
sues,control_25_290932,distance,1,3,15,1.0,0.3493333333333334
sues,control_25_290932,distance,1,4,16,0.875,0.45999999999999996
sues,control_25_290932,distance,1,5,35,0.9142857142857143,0.5471428571428572
sues,control_25_290932,distance,1,6,95,0.8315789473684211,0.664736842105263
sues,control_25_290932,distance,1,7,172,0.7906976744186046,0.7462209302325583
sues,control_25_290932,distance,1,8,471,0.832271762208068,0.8580042462845011
sues,control_25_290932,distance,1,9,617,0.8606158833063209,0.9457374392220421
sues,control_25_290932,distance,20,8,21,1.0,0.8823809523809525
sues,control_25_290932,distance,20,9,1407,0.9950248756218906,0.9800497512437814
sues,control_25_290932,distance,50,9,1428,1.0,0.9890686274509805
sues,control_25_290932,distance,100,9,1428,1.0,0.9900000000000002
sues,control_25_290932,distance,200,9,1428,1.0,0.9900000000000002
sues,control_25_290932,aps_raw,1,8,1257,0.8233890214797136,0.8735560859188544
sues,control_25_290932,aps_raw,1,9,171,0.9941520467836257,0.9000000000000002
sues,control_25_290932,aps_raw,20,9,1428,0.9950980392156863,0.9845658263305322
sues,control_25_290932,aps_raw,50,9,1428,1.0,0.9900000000000002
sues,control_25_290932,aps_raw,100,9,1428,1.0,0.9900000000000002
sues,control_25_290932,aps_raw,200,9,1428,1.0,0.9900000000000002
sues,target_25_290933,distance,1,1,3,0.6666666666666666,0.16333333333333336
sues,target_25_290933,distance,1,2,5,1.0,0.258
sues,target_25_290933,distance,1,3,19,1.0,0.35526315789473684
sues,target_25_290933,distance,1,4,15,0.7333333333333333,0.4546666666666667
sues,target_25_290933,distance,1,5,38,0.5789473684210527,0.5547368421052632
sues,target_25_290933,distance,1,6,86,0.7558139534883721,0.6606976744186046
sues,target_25_290933,distance,1,7,184,0.717391304347826,0.7473913043478262
sues,target_25_290933,distance,1,8,465,0.6645161290322581,0.8548387096774194
sues,target_25_290933,distance,1,9,613,0.5546492659053833,0.9472756933115825
sues,target_25_290933,distance,20,8,29,0.7241379310344828,0.8765517241379309
sues,target_25_290933,distance,20,9,1399,0.7448177269478199,0.9797069335239458
sues,target_25_290933,distance,50,9,1428,0.7478991596638656,0.9890196078431374
sues,target_25_290933,distance,100,9,1428,0.7478991596638656,0.9900000000000002
sues,target_25_290933,distance,200,9,1428,0.7478991596638656,0.9900000000000002
sues,target_25_290933,aps_raw,1,8,1289,0.5950349107835532,0.8716291698991467
sues,target_25_290933,aps_raw,1,9,139,0.9928057553956835,0.9000000000000002
sues,target_25_290933,aps_raw,20,9,1428,0.7443977591036415,0.9846148459383754
sues,target_25_290933,aps_raw,50,9,1428,0.7478991596638656,0.9900000000000002
sues,target_25_290933,aps_raw,100,9,1428,0.7478991596638656,0.9900000000000002
sues,target_25_290933,aps_raw,200,9,1428,0.7478991596638656,0.9900000000000002
sues,target_50_290933,distance,1,1,1,0.0,0.17000000000000004
sues,target_50_290933,distance,1,2,3,1.0,0.26
sues,target_50_290933,distance,1,3,9,1.0,0.35333333333333333
sues,target_50_290933,distance,1,4,8,0.625,0.44875000000000004
sues,target_50_290933,distance,1,5,18,0.4444444444444444,0.5611111111111111
sues,target_50_290933,distance,1,6,64,0.578125,0.66375
sues,target_50_290933,distance,1,7,146,0.6643835616438356,0.7452054794520547
sues,target_50_290933,distance,1,8,443,0.49887133182844245,0.8571783295711062
sues,target_50_290933,distance,1,9,736,0.29483695652173914,0.9483695652173914
sues,target_50_290933,distance,20,8,7,0.5714285714285714,0.8857142857142858
sues,target_50_290933,distance,20,9,1421,0.4933145672061928,0.9826812104152008
sues,target_50_290933,distance,50,9,1428,0.4957983193277311,0.9897899159663867
sues,target_50_290933,distance,100,9,1428,0.4957983193277311,0.9900000000000002
sues,target_50_290933,distance,200,9,1428,0.4957983193277311,0.9900000000000002
sues,target_50_290933,aps_raw,1,8,1342,0.38152011922503726,0.8692026825633383
sues,target_50_290933,aps_raw,1,9,86,0.9883720930232558,0.9000000000000006
sues,target_50_290933,aps_raw,20,9,1428,0.49369747899159666,0.9834173669467788
sues,target_50_290933,aps_raw,50,9,1428,0.4957983193277311,0.9900000000000002
sues,target_50_290933,aps_raw,100,9,1428,0.4957983193277311,0.9900000000000002
sues,target_50_290933,aps_raw,200,9,1428,0.4957983193277311,0.9900000000000002
sues,control_25_290933,distance,1,1,4,0.75,0.17250000000000001
sues,control_25_290933,distance,1,2,3,1.0,0.25333333333333335
sues,control_25_290933,distance,1,3,14,1.0,0.35285714285714287
sues,control_25_290933,distance,1,4,16,0.875,0.45999999999999996
sues,control_25_290933,distance,1,5,30,0.9,0.5466666666666666
sues,control_25_290933,distance,1,6,102,0.8431372549019608,0.6651960784313725
sues,control_25_290933,distance,1,7,169,0.8106508875739645,0.7462721893491125
sues,control_25_290933,distance,1,8,466,0.8304721030042919,0.8577038626609443
sues,control_25_290933,distance,1,9,624,0.8653846153846154,0.9453205128205128
sues,control_25_290933,distance,20,8,22,1.0,0.8827272727272727
sues,control_25_290933,distance,20,9,1406,0.9943100995732574,0.9798790896159317
sues,control_25_290933,distance,50,9,1428,1.0,0.9890056022408965
sues,control_25_290933,distance,100,9,1428,1.0,0.9900000000000002
sues,control_25_290933,distance,200,9,1428,1.0,0.9900000000000002
sues,control_25_290933,aps_raw,1,8,1254,0.8277511961722488,0.8734848484848484
sues,control_25_290933,aps_raw,1,9,174,0.9942528735632183,0.9000000000000005
sues,control_25_290933,aps_raw,20,9,1428,0.9943977591036415,0.9846288515406164
sues,control_25_290933,aps_raw,50,9,1428,1.0,0.9900000000000002
sues,control_25_290933,aps_raw,100,9,1428,1.0,0.9900000000000002
sues,control_25_290933,aps_raw,200,9,1428,1.0,0.9900000000000002
sues,target_25_290934,distance,1,1,2,1.0,0.185
sues,target_25_290934,distance,1,2,6,1.0,0.25
sues,target_25_290934,distance,1,3,14,1.0,0.35285714285714287
sues,target_25_290934,distance,1,4,14,0.7857142857142857,0.45928571428571435
sues,target_25_290934,distance,1,5,34,0.9117647058823529,0.5520588235294118
sues,target_25_290934,distance,1,6,107,0.822429906542056,0.6614018691588784
sues,target_25_290934,distance,1,7,165,0.8181818181818182,0.7463636363636365
sues,target_25_290934,distance,1,8,474,0.6518987341772152,0.8568776371308017
sues,target_25_290934,distance,1,9,612,0.5359477124183006,0.947173202614379
sues,target_25_290934,distance,20,8,34,0.9411764705882353,0.8764705882352941
sues,target_25_290934,distance,20,9,1394,0.7388809182209469,0.9795408895265424
sues,target_25_290934,distance,50,9,1428,0.7478991596638656,0.9886834733893558
sues,target_25_290934,distance,100,9,1428,0.7478991596638656,0.9900000000000002
sues,target_25_290934,distance,200,9,1428,0.7478991596638656,0.9900000000000002
sues,target_25_290934,aps_raw,1,8,1263,0.6009501187648456,0.8717498020585907
sues,target_25_290934,aps_raw,1,9,165,1.0,0.9000000000000004
sues,target_25_290934,aps_raw,20,9,1428,0.7436974789915967,0.9846638655462188
sues,target_25_290934,aps_raw,50,9,1428,0.7478991596638656,0.9900000000000002
sues,target_25_290934,aps_raw,100,9,1428,0.7478991596638656,0.9900000000000002
sues,target_25_290934,aps_raw,200,9,1428,0.7478991596638656,0.9900000000000002
sues,target_50_290934,distance,1,1,1,0.0,0.19999999999999996
sues,target_50_290934,distance,1,2,6,1.0,0.25333333333333335
sues,target_50_290934,distance,1,3,10,1.0,0.35500000000000004
sues,target_50_290934,distance,1,4,8,0.5,0.46
sues,target_50_290934,distance,1,5,14,0.42857142857142855,0.5457142857142857
sues,target_50_290934,distance,1,6,62,0.5483870967741935,0.6591935483870968
sues,target_50_290934,distance,1,7,113,0.5398230088495575,0.7491150442477875
sues,target_50_290934,distance,1,8,460,0.47391304347826085,0.8573913043478262
sues,target_50_290934,distance,1,9,754,0.34350132625994695,0.948527851458886
sues,target_50_290934,distance,20,8,1,0.0,0.87
sues,target_50_290934,distance,20,9,1427,0.4933426769446391,0.982740014015417
sues,target_50_290934,distance,50,9,1428,0.4957983193277311,0.9898109243697479
sues,target_50_290934,distance,100,9,1428,0.4957983193277311,0.9900000000000002
sues,target_50_290934,distance,200,9,1428,0.4957983193277311,0.9900000000000002
sues,target_50_290934,aps_raw,1,8,1340,0.3813432835820896,0.8690149253731343
sues,target_50_290934,aps_raw,1,9,88,0.9886363636363636,0.9000000000000002
sues,target_50_290934,aps_raw,20,9,1428,0.49299719887955185,0.9834733893557424
sues,target_50_290934,aps_raw,50,9,1428,0.4957983193277311,0.9900000000000002
sues,target_50_290934,aps_raw,100,9,1428,0.4957983193277311,0.9900000000000002
sues,target_50_290934,aps_raw,200,9,1428,0.4957983193277311,0.9900000000000002
sues,control_25_290934,distance,1,1,4,0.75,0.17250000000000001
sues,control_25_290934,distance,1,2,3,1.0,0.25333333333333335
sues,control_25_290934,distance,1,3,15,1.0,0.3493333333333334
sues,control_25_290934,distance,1,4,16,0.875,0.45999999999999996
sues,control_25_290934,distance,1,5,35,0.9142857142857143,0.5471428571428572
sues,control_25_290934,distance,1,6,94,0.8297872340425532,0.6644680851063829
sues,control_25_290934,distance,1,7,172,0.8081395348837209,0.7473837209302326
sues,control_25_290934,distance,1,8,478,0.8389121338912134,0.8579079497907951
sues,control_25_290934,distance,1,9,611,0.8592471358428805,0.9451227495908348
sues,control_25_290934,distance,20,8,17,1.0,0.8847058823529411
sues,control_25_290934,distance,20,9,1411,0.9950389794472005,0.9801346562721476
sues,control_25_290934,distance,50,9,1428,1.0,0.9891176470588235
sues,control_25_290934,distance,100,9,1428,1.0,0.9900000000000002
sues,control_25_290934,distance,200,9,1428,1.0,0.9900000000000002
sues,control_25_290934,aps_raw,1,8,1257,0.8273667462211615,0.8736117740652348
sues,control_25_290934,aps_raw,1,9,171,0.9941520467836257,0.9000000000000002
sues,control_25_290934,aps_raw,20,9,1428,0.9950980392156863,0.9845938375350143
sues,control_25_290934,aps_raw,50,9,1428,1.0,0.9900000000000002
sues,control_25_290934,aps_raw,100,9,1428,1.0,0.9900000000000002
sues,control_25_290934,aps_raw,200,9,1428,1.0,0.9900000000000002
sues,target_25_290935,distance,1,1,3,0.6666666666666666,0.17333333333333334
sues,target_25_290935,distance,1,2,4,0.75,0.2475
sues,target_25_290935,distance,1,3,6,0.8333333333333334,0.3383333333333334
sues,target_25_290935,distance,1,4,9,0.5555555555555556,0.47111111111111115
sues,target_25_290935,distance,1,5,27,0.5925925925925926,0.5466666666666666
sues,target_25_290935,distance,1,6,79,0.6582278481012658,0.6658227848101266
sues,target_25_290935,distance,1,7,173,0.6878612716763006,0.7452601156069365
sues,target_25_290935,distance,1,8,501,0.6227544910179641,0.8555888223552893
sues,target_25_290935,distance,1,9,626,0.6022364217252396,0.9461022364217252
sues,target_25_290935,distance,20,8,22,0.6818181818181818,0.8795454545454544
sues,target_25_290935,distance,20,9,1406,0.7411095305832148,0.979914651493599
sues,target_25_290935,distance,50,9,1428,0.7478991596638656,0.9889005602240897
sues,target_25_290935,distance,100,9,1428,0.7478991596638656,0.9900000000000002
sues,target_25_290935,distance,200,9,1428,0.7478991596638656,0.9900000000000002
sues,target_25_290935,aps_raw,1,8,1311,0.593440122044241,0.8719603356216628
sues,target_25_290935,aps_raw,1,9,117,0.9658119658119658,0.9000000000000005
sues,target_25_290935,aps_raw,20,9,1428,0.7401960784313726,0.9844117647058825
sues,target_25_290935,aps_raw,50,9,1428,0.7478991596638656,0.9900000000000002
sues,target_25_290935,aps_raw,100,9,1428,0.7478991596638656,0.9900000000000002
sues,target_25_290935,aps_raw,200,9,1428,0.7478991596638656,0.9900000000000002
sues,target_50_290935,distance,1,2,4,0.0,0.2525
sues,target_50_290935,distance,1,3,3,0.3333333333333333,0.34333333333333327
sues,target_50_290935,distance,1,4,7,0.2857142857142857,0.4628571428571429
sues,target_50_290935,distance,1,5,26,0.46153846153846156,0.5511538461538461
sues,target_50_290935,distance,1,6,56,0.5178571428571429,0.6641071428571428
sues,target_50_290935,distance,1,7,124,0.5483870967741935,0.7483064516129032
sues,target_50_290935,distance,1,8,440,0.41818181818181815,0.8580909090909091
sues,target_50_290935,distance,1,9,768,0.40625,0.9488802083333333
sues,target_50_290935,distance,20,8,2,0.5,0.89
sues,target_50_290935,distance,20,9,1426,0.49368863955119213,0.9834431977559608
sues,target_50_290935,distance,50,9,1428,0.4957983193277311,0.9898389355742299
sues,target_50_290935,distance,100,9,1428,0.4957983193277311,0.9900000000000002
sues,target_50_290935,distance,200,9,1428,0.4957983193277311,0.9900000000000002
sues,target_50_290935,aps_raw,1,8,1357,0.4023581429624171,0.8694473102431836
sues,target_50_290935,aps_raw,1,9,71,0.8732394366197183,0.9
sues,target_50_290935,aps_raw,20,9,1428,0.49369747899159666,0.9831372549019611
sues,target_50_290935,aps_raw,50,9,1428,0.4957983193277311,0.9900000000000002
sues,target_50_290935,aps_raw,100,9,1428,0.4957983193277311,0.9900000000000002
sues,target_50_290935,aps_raw,200,9,1428,0.4957983193277311,0.9900000000000002
sues,control_25_290935,distance,1,1,4,0.75,0.17250000000000001
sues,control_25_290935,distance,1,2,3,1.0,0.25333333333333335
sues,control_25_290935,distance,1,3,14,1.0,0.35285714285714287
sues,control_25_290935,distance,1,4,16,0.875,0.45999999999999996
sues,control_25_290935,distance,1,5,35,0.8857142857142857,0.5482857142857144
sues,control_25_290935,distance,1,6,104,0.8365384615384616,0.6627884615384616
sues,control_25_290935,distance,1,7,176,0.8068181818181818,0.7472159090909091
sues,control_25_290935,distance,1,8,479,0.8225469728601252,0.8567432150313152
sues,control_25_290935,distance,1,9,597,0.8676716917922948,0.946934673366834
sues,control_25_290935,distance,20,8,22,1.0,0.8818181818181817
sues,control_25_290935,distance,20,9,1406,0.9943100995732574,0.980099573257468
sues,control_25_290935,distance,50,9,1428,1.0,0.9890966386554623
sues,control_25_290935,distance,100,9,1428,1.0,0.9900000000000002
sues,control_25_290935,distance,200,9,1428,1.0,0.9900000000000002
sues,control_25_290935,aps_raw,1,8,1252,0.8234824281150159,0.8736261980830671
sues,control_25_290935,aps_raw,1,9,176,0.9943181818181818,0.9000000000000002
sues,control_25_290935,aps_raw,20,9,1428,0.9943977591036415,0.9845798319327731
sues,control_25_290935,aps_raw,50,9,1428,1.0,0.9900000000000002
sues,control_25_290935,aps_raw,100,9,1428,1.0,0.9900000000000002
sues,control_25_290935,aps_raw,200,9,1428,1.0,0.9900000000000002
sues,target_25_290936,distance,1,1,1,1.0,0.17000000000000004
sues,target_25_290936,distance,1,2,6,0.5,0.25333333333333335
sues,target_25_290936,distance,1,3,19,0.9473684210526315,0.3557894736842105
sues,target_25_290936,distance,1,4,17,0.6470588235294118,0.45411764705882357
sues,target_25_290936,distance,1,5,40,0.6,0.5515000000000001
sues,target_25_290936,distance,1,6,95,0.7684210526315789,0.6606315789473682
sues,target_25_290936,distance,1,7,163,0.7239263803680982,0.7439877300613498
sues,target_25_290936,distance,1,8,449,0.6169265033407573,0.85456570155902
sues,target_25_290936,distance,1,9,638,0.5454545454545454,0.9460658307210031
sues,target_25_290936,distance,20,8,21,0.38095238095238093,0.8780952380952384
sues,target_25_290936,distance,20,9,1407,0.749822316986496,0.9799004975124378
sues,target_25_290936,distance,50,9,1428,0.7478991596638656,0.9891666666666669
sues,target_25_290936,distance,100,9,1428,0.7478991596638656,0.9900000000000002
sues,target_25_290936,distance,200,9,1428,0.7478991596638656,0.9900000000000002
sues,target_25_290936,aps_raw,1,8,1267,0.5651144435674822,0.8713496448303079
sues,target_25_290936,aps_raw,1,9,161,0.9751552795031055,0.9000000000000002
sues,target_25_290936,aps_raw,20,9,1428,0.7443977591036415,0.9844047619047621
sues,target_25_290936,aps_raw,50,9,1428,0.7478991596638656,0.9900000000000002
sues,target_25_290936,aps_raw,100,9,1428,0.7478991596638656,0.9900000000000002
sues,target_25_290936,aps_raw,200,9,1428,0.7478991596638656,0.9900000000000002
sues,target_50_290936,distance,1,2,6,0.3333333333333333,0.24666666666666667
sues,target_50_290936,distance,1,3,6,0.8333333333333334,0.35500000000000004
sues,target_50_290936,distance,1,4,8,0.25,0.45125000000000004
sues,target_50_290936,distance,1,5,17,0.4117647058823529,0.5529411764705884
sues,target_50_290936,distance,1,6,61,0.5409836065573771,0.6634426229508196
sues,target_50_290936,distance,1,7,150,0.54,0.7463333333333334
sues,target_50_290936,distance,1,8,421,0.498812351543943,0.8555344418052256
sues,target_50_290936,distance,1,9,759,0.33069828722002637,0.9495125164690383
sues,target_50_290936,distance,20,8,7,0.0,0.8885714285714286
sues,target_50_290936,distance,20,9,1421,0.4975369458128079,0.9826108374384236
sues,target_50_290936,distance,50,9,1428,0.4957983193277311,0.9897969187675071
sues,target_50_290936,distance,100,9,1428,0.4957983193277311,0.9900000000000002
sues,target_50_290936,distance,200,9,1428,0.4957983193277311,0.9900000000000002
sues,target_50_290936,aps_raw,1,8,1350,0.3844444444444444,0.8692222222222222
sues,target_50_290936,aps_raw,1,9,78,0.9230769230769231,0.9000000000000006
sues,target_50_290936,aps_raw,20,9,1428,0.4950980392156863,0.9835714285714287
sues,target_50_290936,aps_raw,50,9,1428,0.4957983193277311,0.9900000000000002
sues,target_50_290936,aps_raw,100,9,1428,0.4957983193277311,0.9900000000000002
sues,target_50_290936,aps_raw,200,9,1428,0.4957983193277311,0.9900000000000002
sues,control_25_290936,distance,1,1,4,0.75,0.17250000000000001
sues,control_25_290936,distance,1,2,5,1.0,0.254
sues,control_25_290936,distance,1,3,20,1.0,0.353
sues,control_25_290936,distance,1,4,18,0.8333333333333334,0.4577777777777778
sues,control_25_290936,distance,1,5,39,0.6923076923076923,0.5492307692307694
sues,control_25_290936,distance,1,6,101,0.8613861386138614,0.6638613861386137
sues,control_25_290936,distance,1,7,177,0.807909604519774,0.7463276836158194
sues,control_25_290936,distance,1,8,464,0.8275862068965517,0.8566379310344828
sues,control_25_290936,distance,1,9,600,0.8683333333333333,0.9463166666666666
sues,control_25_290936,distance,20,8,25,1.0,0.8816000000000002
sues,control_25_290936,distance,20,9,1403,0.9935851746258019,0.9793014967925874
sues,control_25_290936,distance,50,9,1428,1.0,0.9889565826330532
sues,control_25_290936,distance,100,9,1428,1.0,0.9900000000000002
sues,control_25_290936,distance,200,9,1428,1.0,0.9900000000000002
sues,control_25_290936,aps_raw,1,8,1249,0.822257806244996,0.8735948759007207
sues,control_25_290936,aps_raw,1,9,179,0.994413407821229,0.9000000000000002
sues,control_25_290936,aps_raw,20,9,1428,0.9936974789915967,0.9847198879551823
sues,control_25_290936,aps_raw,50,9,1428,1.0,0.9900000000000002
sues,control_25_290936,aps_raw,100,9,1428,1.0,0.9900000000000002
sues,control_25_290936,aps_raw,200,9,1428,1.0,0.9900000000000002
sues,target_25_290937,distance,1,1,1,0.0,0.17000000000000004
sues,target_25_290937,distance,1,2,6,0.5,0.25333333333333335
sues,target_25_290937,distance,1,3,10,0.9,0.35500000000000004
sues,target_25_290937,distance,1,4,13,0.46153846153846156,0.45461538461538464
sues,target_25_290937,distance,1,5,34,0.35294117647058826,0.5611764705882355
sues,target_25_290937,distance,1,6,91,0.7362637362637363,0.6647252747252745
sues,target_25_290937,distance,1,7,193,0.6580310880829016,0.7470466321243524
sues,target_25_290937,distance,1,8,475,0.6210526315789474,0.855221052631579
sues,target_25_290937,distance,1,9,605,0.5785123966942148,0.9465950413223141
sues,target_25_290937,distance,20,8,25,0.2,0.8795999999999999
sues,target_25_290937,distance,20,9,1403,0.7505345687811832,0.979665003563792
sues,target_25_290937,distance,50,9,1428,0.7478991596638656,0.9889775910364147
sues,target_25_290937,distance,100,9,1428,0.7478991596638656,0.9900000000000002
sues,target_25_290937,distance,200,9,1428,0.7478991596638656,0.9900000000000002
sues,target_25_290937,aps_raw,1,8,1296,0.5725308641975309,0.8720987654320987
sues,target_25_290937,aps_raw,1,9,132,0.9621212121212122,0.9000000000000001
sues,target_25_290937,aps_raw,20,9,1428,0.7408963585434174,0.9846428571428573
sues,target_25_290937,aps_raw,50,9,1428,0.7478991596638656,0.9900000000000002
sues,target_25_290937,aps_raw,100,9,1428,0.7478991596638656,0.9900000000000002
sues,target_25_290937,aps_raw,200,9,1428,0.7478991596638656,0.9900000000000002
sues,target_50_290937,distance,1,1,1,0.0,0.17000000000000004
sues,target_50_290937,distance,1,2,6,0.5,0.25333333333333335
sues,target_50_290937,distance,1,3,10,0.9,0.35500000000000004
sues,target_50_290937,distance,1,4,11,0.45454545454545453,0.45363636363636367
sues,target_50_290937,distance,1,5,20,0.25,0.5645
sues,target_50_290937,distance,1,6,61,0.6065573770491803,0.6649180327868852
sues,target_50_290937,distance,1,7,153,0.5882352941176471,0.7454248366013073
sues,target_50_290937,distance,1,8,428,0.45560747663551404,0.8547429906542056
sues,target_50_290937,distance,1,9,738,0.32791327913279134,0.9495392953929539
sues,target_50_290937,distance,20,8,2,0.0,0.885
sues,target_50_290937,distance,20,9,1426,0.49368863955119213,0.9823001402524546
sues,target_50_290937,distance,50,9,1428,0.4957983193277311,0.9897759103641457
sues,target_50_290937,distance,100,9,1428,0.4957983193277311,0.9900000000000002
sues,target_50_290937,distance,200,9,1428,0.4957983193277311,0.9900000000000002
sues,target_50_290937,aps_raw,1,8,1329,0.37020316027088035,0.8688939051918737
sues,target_50_290937,aps_raw,1,9,99,0.9494949494949495,0.9000000000000004
sues,target_50_290937,aps_raw,20,9,1428,0.49299719887955185,0.9834173669467788
sues,target_50_290937,aps_raw,50,9,1428,0.4957983193277311,0.9900000000000002
sues,target_50_290937,aps_raw,100,9,1428,0.4957983193277311,0.9900000000000002
sues,target_50_290937,aps_raw,200,9,1428,0.4957983193277311,0.9900000000000002
sues,control_25_290937,distance,1,1,4,0.75,0.17250000000000001
sues,control_25_290937,distance,1,2,3,1.0,0.25333333333333335
sues,control_25_290937,distance,1,3,14,1.0,0.35285714285714287
sues,control_25_290937,distance,1,4,16,0.875,0.45999999999999996
sues,control_25_290937,distance,1,5,32,0.90625,0.545625
sues,control_25_290937,distance,1,6,99,0.8383838383838383,0.6636363636363635
sues,control_25_290937,distance,1,7,178,0.8202247191011236,0.7455617977528091
sues,control_25_290937,distance,1,8,477,0.8322851153039832,0.8576310272536688
sues,control_25_290937,distance,1,9,605,0.8528925619834711,0.9448264462809918
sues,control_25_290937,distance,20,8,17,1.0,0.881764705882353
sues,control_25_290937,distance,20,9,1411,0.9950389794472005,0.980021261516655
sues,control_25_290937,distance,50,9,1428,1.0,0.9890686274509805
sues,control_25_290937,distance,100,9,1428,1.0,0.9900000000000002
sues,control_25_290937,distance,200,9,1428,1.0,0.9900000000000002
sues,control_25_290937,aps_raw,1,8,1254,0.8229665071770335,0.8736204146730462
sues,control_25_290937,aps_raw,1,9,174,0.9942528735632183,0.9000000000000005
sues,control_25_290937,aps_raw,20,9,1428,0.9950980392156863,0.9845518207282914
sues,control_25_290937,aps_raw,50,9,1428,1.0,0.9900000000000002
sues,control_25_290937,aps_raw,100,9,1428,1.0,0.9900000000000002
sues,control_25_290937,aps_raw,200,9,1428,1.0,0.9900000000000002
sues,target_25_290938,distance,1,1,2,0.5,0.16000000000000003
sues,target_25_290938,distance,1,2,3,0.6666666666666666,0.24666666666666667
sues,target_25_290938,distance,1,3,11,0.9090909090909091,0.34909090909090906
sues,target_25_290938,distance,1,4,12,0.6666666666666666,0.4566666666666667
sues,target_25_290938,distance,1,5,45,0.6,0.5502222222222223
sues,target_25_290938,distance,1,6,107,0.7663551401869159,0.6614953271028035
sues,target_25_290938,distance,1,7,188,0.7393617021276596,0.7462234042553193
sues,target_25_290938,distance,1,8,458,0.648471615720524,0.8556331877729257
sues,target_25_290938,distance,1,9,602,0.5664451827242525,0.9453156146179402
sues,target_25_290938,distance,20,8,31,0.7419354838709677,0.8751612903225808
sues,target_25_290938,distance,20,9,1397,0.7458840372226199,0.9787115246957766
sues,target_25_290938,distance,50,9,1428,0.7478991596638656,0.9885854341736696
sues,target_25_290938,distance,100,9,1428,0.7478991596638656,0.9900000000000002
sues,target_25_290938,distance,200,9,1428,0.7478991596638656,0.9900000000000002
sues,target_25_290938,aps_raw,1,8,1284,0.5989096573208723,0.8721573208722743
sues,target_25_290938,aps_raw,1,9,144,0.9583333333333334,0.9000000000000001
sues,target_25_290938,aps_raw,20,9,1428,0.7457983193277311,0.9847058823529414
sues,target_25_290938,aps_raw,50,9,1428,0.7478991596638656,0.9900000000000002
sues,target_25_290938,aps_raw,100,9,1428,0.7478991596638656,0.9900000000000002
sues,target_25_290938,aps_raw,200,9,1428,0.7478991596638656,0.9900000000000002
sues,target_50_290938,distance,1,1,2,0.5,0.16000000000000003
sues,target_50_290938,distance,1,2,3,0.6666666666666666,0.26
sues,target_50_290938,distance,1,3,10,0.9,0.348
sues,target_50_290938,distance,1,4,8,0.5,0.46625
sues,target_50_290938,distance,1,5,26,0.2692307692307692,0.5526923076923078
sues,target_50_290938,distance,1,6,69,0.5507246376811594,0.6647826086956521
sues,target_50_290938,distance,1,7,141,0.5177304964539007,0.7491489361702127
sues,target_50_290938,distance,1,8,427,0.4309133489461358,0.8569320843091336
sues,target_50_290938,distance,1,9,742,0.38005390835579517,0.9466846361185984
sues,target_50_290938,distance,20,8,6,0.3333333333333333,0.8850000000000001
sues,target_50_290938,distance,20,9,1422,0.4957805907172996,0.9826793248945148
sues,target_50_290938,distance,50,9,1428,0.4957983193277311,0.9897619047619048
sues,target_50_290938,distance,100,9,1428,0.4957983193277311,0.9900000000000002
sues,target_50_290938,distance,200,9,1428,0.4957983193277311,0.9900000000000002
sues,target_50_290938,aps_raw,1,8,1353,0.3909830007390983,0.8695269770879527
sues,target_50_290938,aps_raw,1,9,75,0.9466666666666667,0.9000000000000004
sues,target_50_290938,aps_raw,20,9,1428,0.4950980392156863,0.9834873949579834
sues,target_50_290938,aps_raw,50,9,1428,0.4957983193277311,0.9900000000000002
sues,target_50_290938,aps_raw,100,9,1428,0.4957983193277311,0.9900000000000002
sues,target_50_290938,aps_raw,200,9,1428,0.4957983193277311,0.9900000000000002
sues,control_25_290938,distance,1,1,4,0.75,0.17250000000000001
sues,control_25_290938,distance,1,2,3,1.0,0.25333333333333335
sues,control_25_290938,distance,1,3,15,1.0,0.3493333333333334
sues,control_25_290938,distance,1,4,16,0.875,0.45999999999999996
sues,control_25_290938,distance,1,5,35,0.9142857142857143,0.5471428571428572
sues,control_25_290938,distance,1,6,101,0.8217821782178217,0.6648514851485147
sues,control_25_290938,distance,1,7,181,0.8121546961325967,0.7469060773480662
sues,control_25_290938,distance,1,8,462,0.8225108225108225,0.8566883116883116
sues,control_25_290938,distance,1,9,611,0.8592471358428805,0.9463502454991816
sues,control_25_290938,distance,20,8,20,1.0,0.883
sues,control_25_290938,distance,20,9,1408,0.9950284090909091,0.9800071022727272
sues,control_25_290938,distance,50,9,1428,1.0,0.9890476190476192
sues,control_25_290938,distance,100,9,1428,1.0,0.9900000000000002
sues,control_25_290938,distance,200,9,1428,1.0,0.9900000000000002
sues,control_25_290938,aps_raw,1,8,1252,0.8202875399361023,0.8735463258785943
sues,control_25_290938,aps_raw,1,9,176,0.9943181818181818,0.9000000000000002
sues,control_25_290938,aps_raw,20,9,1428,0.9950980392156863,0.984607843137255
sues,control_25_290938,aps_raw,50,9,1428,1.0,0.9900000000000002
sues,control_25_290938,aps_raw,100,9,1428,1.0,0.9900000000000002
sues,control_25_290938,aps_raw,200,9,1428,1.0,0.9900000000000002
sues,target_25_290939,distance,1,1,2,1.0,0.185
sues,target_25_290939,distance,1,2,4,1.0,0.2475
sues,target_25_290939,distance,1,3,16,0.9375,0.349375
sues,target_25_290939,distance,1,4,13,0.7692307692307693,0.45615384615384613
sues,target_25_290939,distance,1,5,37,0.7297297297297297,0.5513513513513514
sues,target_25_290939,distance,1,6,75,0.8,0.6589333333333333
sues,target_25_290939,distance,1,7,145,0.7517241379310344,0.7478620689655172
sues,target_25_290939,distance,1,8,510,0.6352941176470588,0.8557450980392157
sues,target_25_290939,distance,1,9,626,0.5591054313099042,0.9452875399361023
sues,target_25_290939,distance,20,8,24,0.9583333333333334,0.8808333333333334
sues,target_25_290939,distance,20,9,1404,0.74002849002849,0.9801424501424503
sues,target_25_290939,distance,50,9,1428,0.7478991596638656,0.9889985994397759
sues,target_25_290939,distance,100,9,1428,0.7478991596638656,0.9900000000000002
sues,target_25_290939,distance,200,9,1428,0.7478991596638656,0.9900000000000002
sues,target_25_290939,aps_raw,1,8,1276,0.5885579937304075,0.8719435736677116
sues,target_25_290939,aps_raw,1,9,152,0.9868421052631579,0.9
sues,target_25_290939,aps_raw,20,9,1428,0.7436974789915967,0.9843837535014007
sues,target_25_290939,aps_raw,50,9,1428,0.7478991596638656,0.9900000000000002
sues,target_25_290939,aps_raw,100,9,1428,0.7478991596638656,0.9900000000000002
sues,target_25_290939,aps_raw,200,9,1428,0.7478991596638656,0.9900000000000002
sues,target_50_290939,distance,1,1,2,0.5,0.19999999999999996
sues,target_50_290939,distance,1,2,1,1.0,0.25
sues,target_50_290939,distance,1,3,6,0.8333333333333334,0.3383333333333334
sues,target_50_290939,distance,1,4,8,0.75,0.46499999999999997
sues,target_50_290939,distance,1,5,26,0.6923076923076923,0.5503846153846154
sues,target_50_290939,distance,1,6,66,0.6666666666666666,0.663030303030303
sues,target_50_290939,distance,1,7,123,0.6666666666666666,0.7485365853658534
sues,target_50_290939,distance,1,8,468,0.49786324786324787,0.8561752136752138
sues,target_50_290939,distance,1,9,728,0.3008241758241758,0.9503846153846154
sues,target_50_290939,distance,20,8,9,0.7777777777777778,0.8844444444444445
sues,target_50_290939,distance,20,9,1419,0.4904862579281184,0.9827977448907682
sues,target_50_290939,distance,50,9,1428,0.4957983193277311,0.9896778711484595
sues,target_50_290939,distance,100,9,1428,0.4957983193277311,0.9900000000000002
sues,target_50_290939,distance,200,9,1428,0.4957983193277311,0.9900000000000002
sues,target_50_290939,aps_raw,1,8,1319,0.3813495072024261,0.8693328278999243
sues,target_50_290939,aps_raw,1,9,109,0.9724770642201835,0.9000000000000005
sues,target_50_290939,aps_raw,20,9,1428,0.49229691876750703,0.9835434173669471
sues,target_50_290939,aps_raw,50,9,1428,0.4957983193277311,0.9900000000000002
sues,target_50_290939,aps_raw,100,9,1428,0.4957983193277311,0.9900000000000002
sues,target_50_290939,aps_raw,200,9,1428,0.4957983193277311,0.9900000000000002
sues,control_25_290939,distance,1,1,4,0.75,0.17250000000000001
sues,control_25_290939,distance,1,2,3,1.0,0.25333333333333335
sues,control_25_290939,distance,1,3,14,1.0,0.35285714285714287
sues,control_25_290939,distance,1,4,16,0.875,0.45999999999999996
sues,control_25_290939,distance,1,5,30,0.9,0.5466666666666666
sues,control_25_290939,distance,1,6,98,0.8367346938775511,0.6648979591836734
sues,control_25_290939,distance,1,7,176,0.7954545454545454,0.7456818181818182
sues,control_25_290939,distance,1,8,472,0.8283898305084746,0.8579237288135594
sues,control_25_290939,distance,1,9,615,0.865040650406504,0.9464065040650406
sues,control_25_290939,distance,20,8,13,1.0,0.8830769230769231
sues,control_25_290939,distance,20,9,1415,0.9943462897526502,0.9800212014134275
sues,control_25_290939,distance,50,9,1428,1.0,0.9891316526610644
sues,control_25_290939,distance,100,9,1428,1.0,0.9900000000000002
sues,control_25_290939,distance,200,9,1428,1.0,0.9900000000000002
sues,control_25_290939,aps_raw,1,8,1257,0.8241845664280032,0.8735640413683372
sues,control_25_290939,aps_raw,1,9,171,0.9941520467836257,0.9000000000000002
sues,control_25_290939,aps_raw,20,9,1428,0.9943977591036415,0.9845448179271711
sues,control_25_290939,aps_raw,50,9,1428,1.0,0.9900000000000002
sues,control_25_290939,aps_raw,100,9,1428,1.0,0.9900000000000002
sues,control_25_290939,aps_raw,200,9,1428,1.0,0.9900000000000002
sues,target_25_290940,distance,1,1,1,1.0,0.17000000000000004
sues,target_25_290940,distance,1,2,6,1.0,0.25333333333333335
sues,target_25_290940,distance,1,3,20,1.0,0.356
sues,target_25_290940,distance,1,4,15,0.6666666666666666,0.4580000000000001
sues,target_25_290940,distance,1,5,36,0.5833333333333334,0.5527777777777779
sues,target_25_290940,distance,1,6,89,0.7415730337078652,0.6631460674157303
sues,target_25_290940,distance,1,7,178,0.7528089887640449,0.7455056179775282
sues,target_25_290940,distance,1,8,484,0.6074380165289256,0.8573553719008266
sues,target_25_290940,distance,1,9,599,0.6026711185308848,0.9485642737896494
sues,target_25_290940,distance,20,8,39,0.6923076923076923,0.8753846153846152
sues,target_25_290940,distance,20,9,1389,0.7437005039596832,0.9790856731461485
sues,target_25_290940,distance,50,9,1428,0.7478991596638656,0.9887044817927172
sues,target_25_290940,distance,100,9,1428,0.7478991596638656,0.9900000000000002
sues,target_25_290940,distance,200,9,1428,0.7478991596638656,0.9900000000000002
sues,target_25_290940,aps_raw,1,8,1280,0.59765625,0.872171875
sues,target_25_290940,aps_raw,1,9,148,1.0,0.9000000000000004
sues,target_25_290940,aps_raw,20,9,1428,0.742296918767507,0.984698879551821
sues,target_25_290940,aps_raw,50,9,1428,0.7478991596638656,0.9900000000000002
sues,target_25_290940,aps_raw,100,9,1428,0.7478991596638656,0.9900000000000002
sues,target_25_290940,aps_raw,200,9,1428,0.7478991596638656,0.9900000000000002
sues,target_50_290940,distance,1,1,1,1.0,0.17000000000000004
sues,target_50_290940,distance,1,2,5,1.0,0.25
sues,target_50_290940,distance,1,3,18,1.0,0.355
sues,target_50_290940,distance,1,4,14,0.6428571428571429,0.45714285714285724
sues,target_50_290940,distance,1,5,31,0.5161290322580645,0.5567741935483872
sues,target_50_290940,distance,1,6,68,0.5735294117647058,0.6642647058823529
sues,target_50_290940,distance,1,7,118,0.7288135593220338,0.7428813559322035
sues,target_50_290940,distance,1,8,429,0.4405594405594406,0.8590442890442891
sues,target_50_290940,distance,1,9,744,0.34139784946236557,0.9498118279569892
sues,target_50_290940,distance,20,8,14,0.35714285714285715,0.8807142857142859
sues,target_50_290940,distance,20,9,1414,0.4971711456859972,0.981895332390382
sues,target_50_290940,distance,50,9,1428,0.4957983193277311,0.989670868347339
sues,target_50_290940,distance,100,9,1428,0.4957983193277311,0.9900000000000002
sues,target_50_290940,distance,200,9,1428,0.4957983193277311,0.9900000000000002
sues,target_50_290940,aps_raw,1,8,1314,0.3835616438356164,0.8691552511415527
sues,target_50_290940,aps_raw,1,9,114,0.9912280701754386,0.9000000000000004
sues,target_50_290940,aps_raw,20,9,1428,0.4957983193277311,0.9835364145658265
sues,target_50_290940,aps_raw,50,9,1428,0.4957983193277311,0.9900000000000002
sues,target_50_290940,aps_raw,100,9,1428,0.4957983193277311,0.9900000000000002
sues,target_50_290940,aps_raw,200,9,1428,0.4957983193277311,0.9900000000000002
sues,control_25_290940,distance,1,1,4,0.75,0.17250000000000001
sues,control_25_290940,distance,1,2,3,1.0,0.25333333333333335
sues,control_25_290940,distance,1,3,15,1.0,0.3533333333333334
sues,control_25_290940,distance,1,4,15,0.8666666666666667,0.4613333333333334
sues,control_25_290940,distance,1,5,34,0.7941176470588235,0.5494117647058825
sues,control_25_290940,distance,1,6,104,0.8557692307692307,0.6649038461538461
sues,control_25_290940,distance,1,7,173,0.7861271676300579,0.7469942196531792
sues,control_25_290940,distance,1,8,471,0.8343949044585988,0.8566454352441614
sues,control_25_290940,distance,1,9,609,0.8587848932676518,0.9463382594417076
sues,control_25_290940,distance,20,8,27,1.0,0.878888888888889
sues,control_25_290940,distance,20,9,1401,0.9942897930049964,0.9797359029264812
sues,control_25_290940,distance,50,9,1428,1.0,0.9889565826330532
sues,control_25_290940,distance,100,9,1428,1.0,0.9900000000000002
sues,control_25_290940,distance,200,9,1428,1.0,0.9900000000000002
sues,control_25_290940,aps_raw,1,8,1255,0.8207171314741036,0.8736733067729084
sues,control_25_290940,aps_raw,1,9,173,0.9942196531791907,0.9000000000000002
sues,control_25_290940,aps_raw,20,9,1428,0.9943977591036415,0.9846148459383754
sues,control_25_290940,aps_raw,50,9,1428,1.0,0.9900000000000002
sues,control_25_290940,aps_raw,100,9,1428,1.0,0.9900000000000002
sues,control_25_290940,aps_raw,200,9,1428,1.0,0.9900000000000002
sues,target_25_290941,distance,1,1,3,0.6666666666666666,0.16333333333333336
sues,target_25_290941,distance,1,2,5,1.0,0.258
sues,target_25_290941,distance,1,3,18,0.9444444444444444,0.3566666666666667
sues,target_25_290941,distance,1,4,14,0.6428571428571429,0.4535714285714286
sues,target_25_290941,distance,1,5,36,0.6111111111111112,0.5508333333333335
sues,target_25_290941,distance,1,6,97,0.7628865979381443,0.6583505154639175
sues,target_25_290941,distance,1,7,170,0.6352941176470588,0.7444705882352941
sues,target_25_290941,distance,1,8,458,0.5960698689956332,0.8556986899563319
sues,target_25_290941,distance,1,9,627,0.5869218500797448,0.9459808612440194
sues,target_25_290941,distance,20,8,28,0.6785714285714286,0.8789285714285714
sues,target_25_290941,distance,20,9,1400,0.7428571428571429,0.9795857142857144
sues,target_25_290941,distance,50,9,1428,0.7478991596638656,0.9888445378151262
sues,target_25_290941,distance,100,9,1428,0.7478991596638656,0.9900000000000002
sues,target_25_290941,distance,200,9,1428,0.7478991596638656,0.9900000000000002
sues,target_25_290941,aps_raw,1,8,1280,0.571875,0.8712421875
sues,target_25_290941,aps_raw,1,9,148,0.9864864864864865,0.9000000000000004
sues,target_25_290941,aps_raw,20,9,1428,0.7415966386554622,0.9845378151260507
sues,target_25_290941,aps_raw,50,9,1428,0.7478991596638656,0.9900000000000002
sues,target_25_290941,aps_raw,100,9,1428,0.7478991596638656,0.9900000000000002
sues,target_25_290941,aps_raw,200,9,1428,0.7478991596638656,0.9900000000000002
sues,target_50_290941,distance,1,1,1,0.0,0.17000000000000004
sues,target_50_290941,distance,1,2,5,0.4,0.25
sues,target_50_290941,distance,1,3,7,0.7142857142857143,0.35571428571428576
sues,target_50_290941,distance,1,4,12,0.3333333333333333,0.45333333333333337
sues,target_50_290941,distance,1,5,31,0.4838709677419355,0.5541935483870969
sues,target_50_290941,distance,1,6,70,0.6142857142857143,0.663
sues,target_50_290941,distance,1,7,121,0.4297520661157025,0.7465289256198347
sues,target_50_290941,distance,1,8,444,0.45045045045045046,0.8576801801801802
sues,target_50_290941,distance,1,9,737,0.3758480325644505,0.9487788331071914
sues,target_50_290941,distance,20,8,7,0.0,0.88
sues,target_50_290941,distance,20,9,1421,0.4954257565095003,0.9827304714989445
sues,target_50_290941,distance,50,9,1428,0.4957983193277311,0.9898109243697479
sues,target_50_290941,distance,100,9,1428,0.4957983193277311,0.9900000000000002
sues,target_50_290941,distance,200,9,1428,0.4957983193277311,0.9900000000000002
sues,target_50_290941,aps_raw,1,8,1317,0.37509491268033407,0.8689597570235384
sues,target_50_290941,aps_raw,1,9,111,0.9369369369369369,0.9000000000000006
sues,target_50_290941,aps_raw,20,9,1428,0.49299719887955185,0.9835154061624651
sues,target_50_290941,aps_raw,50,9,1428,0.4957983193277311,0.9900000000000002
sues,target_50_290941,aps_raw,100,9,1428,0.4957983193277311,0.9900000000000002
sues,target_50_290941,aps_raw,200,9,1428,0.4957983193277311,0.9900000000000002
sues,control_25_290941,distance,1,1,4,0.75,0.17250000000000001
sues,control_25_290941,distance,1,2,3,1.0,0.25333333333333335
sues,control_25_290941,distance,1,3,15,1.0,0.3533333333333334
sues,control_25_290941,distance,1,4,16,0.8125,0.46187500000000004
sues,control_25_290941,distance,1,5,38,0.7894736842105263,0.5510526315789473
sues,control_25_290941,distance,1,6,104,0.8269230769230769,0.6638461538461538
sues,control_25_290941,distance,1,7,194,0.8092783505154639,0.7478350515463916
sues,control_25_290941,distance,1,8,474,0.8291139240506329,0.8568776371308018
sues,control_25_290941,distance,1,9,580,0.8517241379310345,0.9452413793103448
sues,control_25_290941,distance,20,8,22,1.0,0.880909090909091
sues,control_25_290941,distance,20,9,1406,0.9950213371266002,0.9797581792318634
sues,control_25_290941,distance,50,9,1428,1.0,0.9890476190476192
sues,control_25_290941,distance,100,9,1428,1.0,0.9900000000000002
sues,control_25_290941,distance,200,9,1428,1.0,0.9900000000000002
sues,control_25_290941,aps_raw,1,8,1250,0.8136,0.873768
sues,control_25_290941,aps_raw,1,9,178,0.9943820224719101,0.9000000000000002
sues,control_25_290941,aps_raw,20,9,1428,0.9950980392156863,0.9846918767507005
sues,control_25_290941,aps_raw,50,9,1428,1.0,0.9900000000000002
sues,control_25_290941,aps_raw,100,9,1428,1.0,0.9900000000000002
sues,control_25_290941,aps_raw,200,9,1428,1.0,0.9900000000000002
sues,target_25_290942,distance,1,1,3,0.3333333333333333,0.17333333333333334
sues,target_25_290942,distance,1,2,2,1.0,0.255
sues,target_25_290942,distance,1,3,4,0.75,0.345
sues,target_25_290942,distance,1,4,9,0.5555555555555556,0.4677777777777778
sues,target_25_290942,distance,1,5,41,0.5121951219512195,0.555609756097561
sues,target_25_290942,distance,1,6,98,0.7346938775510204,0.6592857142857143
sues,target_25_290942,distance,1,7,162,0.6851851851851852,0.7435185185185186
sues,target_25_290942,distance,1,8,499,0.5891783567134269,0.8550300601202405
sues,target_25_290942,distance,1,9,610,0.6278688524590164,0.9447540983606558
sues,target_25_290942,distance,20,8,13,0.38461538461538464,0.8830769230769231
sues,target_25_290942,distance,20,9,1415,0.7469964664310954,0.9801272084805654
sues,target_25_290942,distance,50,9,1428,0.7478991596638656,0.9891736694677871
sues,target_25_290942,distance,100,9,1428,0.7478991596638656,0.9900000000000002
sues,target_25_290942,distance,200,9,1428,0.7478991596638656,0.9900000000000002
sues,target_25_290942,aps_raw,1,8,1300,0.5907692307692308,0.8720307692307693
sues,target_25_290942,aps_raw,1,9,128,0.96875,0.9000000000000002
sues,target_25_290942,aps_raw,20,9,1428,0.7436974789915967,0.9844537815126052
sues,target_25_290942,aps_raw,50,9,1428,0.7478991596638656,0.9900000000000002
sues,target_25_290942,aps_raw,100,9,1428,0.7478991596638656,0.9900000000000002
sues,target_25_290942,aps_raw,200,9,1428,0.7478991596638656,0.9900000000000002
sues,target_50_290942,distance,1,2,4,0.0,0.2525
sues,target_50_290942,distance,1,3,3,0.3333333333333333,0.34333333333333327
sues,target_50_290942,distance,1,4,5,0.2,0.476
sues,target_50_290942,distance,1,5,24,0.125,0.5537500000000001
sues,target_50_290942,distance,1,6,50,0.5,0.6606000000000001
sues,target_50_290942,distance,1,7,128,0.4296875,0.74953125
sues,target_50_290942,distance,1,8,458,0.39737991266375544,0.8556113537117904
sues,target_50_290942,distance,1,9,756,0.46296296296296297,0.9484523809523809
sues,target_50_290942,distance,20,8,2,0.0,0.885
sues,target_50_290942,distance,20,9,1426,0.4964936886395512,0.9834782608695652
sues,target_50_290942,distance,50,9,1428,0.4957983193277311,0.9898039215686275
sues,target_50_290942,distance,100,9,1428,0.4957983193277311,0.9900000000000002
sues,target_50_290942,distance,200,9,1428,0.4957983193277311,0.9900000000000002
sues,target_50_290942,aps_raw,1,8,1358,0.40795287187039764,0.8697422680412372
sues,target_50_290942,aps_raw,1,9,70,0.9,0.9
sues,target_50_290942,aps_raw,20,9,1428,0.4957983193277311,0.9832703081232493
sues,target_50_290942,aps_raw,50,9,1428,0.4957983193277311,0.9900000000000002
sues,target_50_290942,aps_raw,100,9,1428,0.4957983193277311,0.9900000000000002
sues,target_50_290942,aps_raw,200,9,1428,0.4957983193277311,0.9900000000000002
sues,control_25_290942,distance,1,1,4,0.75,0.17250000000000001
sues,control_25_290942,distance,1,2,3,1.0,0.25333333333333335
sues,control_25_290942,distance,1,3,15,1.0,0.3533333333333334
sues,control_25_290942,distance,1,4,16,0.8125,0.46187500000000004
sues,control_25_290942,distance,1,5,38,0.7894736842105263,0.5481578947368422
sues,control_25_290942,distance,1,6,103,0.8349514563106796,0.6640776699029127
sues,control_25_290942,distance,1,7,186,0.8118279569892473,0.7459677419354839
sues,control_25_290942,distance,1,8,462,0.8354978354978355,0.8580519480519481
sues,control_25_290942,distance,1,9,601,0.8535773710482529,0.9447420965058235
sues,control_25_290942,distance,20,8,20,1.0,0.8845000000000001
sues,control_25_290942,distance,20,9,1408,0.9943181818181818,0.9801633522727274
sues,control_25_290942,distance,50,9,1428,1.0,0.9891176470588235
sues,control_25_290942,distance,100,9,1428,1.0,0.9900000000000002
sues,control_25_290942,distance,200,9,1428,1.0,0.9900000000000002
sues,control_25_290942,aps_raw,1,8,1252,0.8186900958466453,0.8736501597444088
sues,control_25_290942,aps_raw,1,9,176,0.9943181818181818,0.9000000000000002
sues,control_25_290942,aps_raw,20,9,1428,0.9943977591036415,0.984621848739496
sues,control_25_290942,aps_raw,50,9,1428,1.0,0.9900000000000002
sues,control_25_290942,aps_raw,100,9,1428,1.0,0.9900000000000002
sues,control_25_290942,aps_raw,200,9,1428,1.0,0.9900000000000002
sues,target_25_290943,distance,1,1,1,1.0,0.17000000000000004
sues,target_25_290943,distance,1,2,6,0.3333333333333333,0.25333333333333335
sues,target_25_290943,distance,1,3,19,0.8421052631578947,0.3557894736842105
sues,target_25_290943,distance,1,4,17,0.7058823529411765,0.45529411764705885
sues,target_25_290943,distance,1,5,35,0.5428571428571428,0.5525714285714287
sues,target_25_290943,distance,1,6,90,0.7666666666666667,0.6593333333333333
sues,target_25_290943,distance,1,7,186,0.6774193548387096,0.7473655913978494
sues,target_25_290943,distance,1,8,497,0.607645875251509,0.855513078470825
sues,target_25_290943,distance,1,9,577,0.5701906412478336,0.9455805892547658
sues,target_25_290943,distance,20,8,32,0.71875,0.875625
sues,target_25_290943,distance,20,9,1396,0.7435530085959885,0.979606017191977
sues,target_25_290943,distance,50,9,1428,0.7478991596638656,0.9888165266106445
sues,target_25_290943,distance,100,9,1428,0.7478991596638656,0.9900000000000002
sues,target_25_290943,distance,200,9,1428,0.7478991596638656,0.9900000000000002
sues,target_25_290943,aps_raw,1,8,1290,0.5775193798449613,0.8720387596899225
sues,target_25_290943,aps_raw,1,9,138,0.9492753623188406,0.9000000000000002
sues,target_25_290943,aps_raw,20,9,1428,0.7429971988795518,0.9846428571428573
sues,target_25_290943,aps_raw,50,9,1428,0.7478991596638656,0.9900000000000002
sues,target_25_290943,aps_raw,100,9,1428,0.7478991596638656,0.9900000000000002
sues,target_25_290943,aps_raw,200,9,1428,0.7478991596638656,0.9900000000000002
sues,target_50_290943,distance,1,1,1,1.0,0.17000000000000004
sues,target_50_290943,distance,1,2,6,0.3333333333333333,0.25333333333333335
sues,target_50_290943,distance,1,3,16,0.8125,0.35624999999999996
sues,target_50_290943,distance,1,4,14,0.7142857142857143,0.4521428571428571
sues,target_50_290943,distance,1,5,20,0.5,0.5525000000000001
sues,target_50_290943,distance,1,6,48,0.5833333333333334,0.6589583333333332
sues,target_50_290943,distance,1,7,124,0.4838709677419355,0.7509677419354839
sues,target_50_290943,distance,1,8,474,0.38396624472573837,0.8567299578059072
sues,target_50_290943,distance,1,9,725,0.4,0.9483586206896552
sues,target_50_290943,distance,20,8,7,0.8571428571428571,0.8828571428571429
sues,target_50_290943,distance,20,9,1421,0.4912033779028853,0.9831527093596059
sues,target_50_290943,distance,50,9,1428,0.4957983193277311,0.9897689075630253
sues,target_50_290943,distance,100,9,1428,0.4957983193277311,0.9900000000000002
sues,target_50_290943,distance,200,9,1428,0.4957983193277311,0.9900000000000002
sues,target_50_290943,aps_raw,1,8,1338,0.3834080717488789,0.869424514200299
sues,target_50_290943,aps_raw,1,9,90,0.9222222222222223,0.9000000000000004
sues,target_50_290943,aps_raw,20,9,1428,0.49299719887955185,0.983354341736695
sues,target_50_290943,aps_raw,50,9,1428,0.4957983193277311,0.9900000000000002
sues,target_50_290943,aps_raw,100,9,1428,0.4957983193277311,0.9900000000000002
sues,target_50_290943,aps_raw,200,9,1428,0.4957983193277311,0.9900000000000002
sues,control_25_290943,distance,1,1,4,0.75,0.17250000000000001
sues,control_25_290943,distance,1,2,3,1.0,0.25333333333333335
sues,control_25_290943,distance,1,3,14,1.0,0.35285714285714287
sues,control_25_290943,distance,1,4,17,0.8235294117647058,0.46058823529411763
sues,control_25_290943,distance,1,5,32,0.875,0.5465625000000001
sues,control_25_290943,distance,1,6,108,0.8333333333333334,0.6653703703703703
sues,control_25_290943,distance,1,7,184,0.8097826086956522,0.7472826086956522
sues,control_25_290943,distance,1,8,475,0.8231578947368421,0.8571789473684212
sues,control_25_290943,distance,1,9,591,0.8510998307952623,0.9451269035532994
sues,control_25_290943,distance,20,8,18,1.0,0.8855555555555555
sues,control_25_290943,distance,20,9,1410,0.9950354609929078,0.9797021276595745
sues,control_25_290943,distance,50,9,1428,1.0,0.9891036414565827
sues,control_25_290943,distance,100,9,1428,1.0,0.9900000000000002
sues,control_25_290943,distance,200,9,1428,1.0,0.9900000000000002
sues,control_25_290943,aps_raw,1,8,1253,0.8148443735035914,0.8737430167597767
sues,control_25_290943,aps_raw,1,9,175,0.9942857142857143,0.9000000000000004
sues,control_25_290943,aps_raw,20,9,1428,0.9950980392156863,0.9847128851540619
sues,control_25_290943,aps_raw,50,9,1428,1.0,0.9900000000000002
sues,control_25_290943,aps_raw,100,9,1428,1.0,0.9900000000000002
sues,control_25_290943,aps_raw,200,9,1428,1.0,0.9900000000000002
sues,target_25_290944,distance,1,1,2,0.5,0.185
sues,target_25_290944,distance,1,2,6,1.0,0.25
sues,target_25_290944,distance,1,3,11,0.9090909090909091,0.3509090909090909
sues,target_25_290944,distance,1,4,13,0.5384615384615384,0.46
sues,target_25_290944,distance,1,5,32,0.65625,0.5553125
sues,target_25_290944,distance,1,6,76,0.7763157894736842,0.6592105263157894
sues,target_25_290944,distance,1,7,160,0.70625,0.74475
sues,target_25_290944,distance,1,8,500,0.588,0.85564
sues,target_25_290944,distance,1,9,628,0.6257961783439491,0.9444108280254776
sues,target_25_290944,distance,20,8,24,0.7916666666666666,0.8791666666666668
sues,target_25_290944,distance,20,9,1404,0.7407407407407407,0.9802350427350427
sues,target_25_290944,distance,50,9,1428,0.7478991596638656,0.9890756302521009
sues,target_25_290944,distance,100,9,1428,0.7478991596638656,0.9900000000000002
sues,target_25_290944,distance,200,9,1428,0.7478991596638656,0.9900000000000002
sues,target_25_290944,aps_raw,1,8,1295,0.5969111969111969,0.871992277992278
sues,target_25_290944,aps_raw,1,9,133,0.9849624060150376,0.9000000000000001
sues,target_25_290944,aps_raw,20,9,1428,0.7415966386554622,0.9844607843137257
sues,target_25_290944,aps_raw,50,9,1428,0.7478991596638656,0.9900000000000002
sues,target_25_290944,aps_raw,100,9,1428,0.7478991596638656,0.9900000000000002
sues,target_25_290944,aps_raw,200,9,1428,0.7478991596638656,0.9900000000000002
sues,target_50_290944,distance,1,1,1,0.0,0.17000000000000004
sues,target_50_290944,distance,1,2,6,0.8333333333333334,0.25333333333333335
sues,target_50_290944,distance,1,3,10,0.7,0.358
sues,target_50_290944,distance,1,4,11,0.45454545454545453,0.4581818181818182
sues,target_50_290944,distance,1,5,25,0.6,0.5576000000000001
sues,target_50_290944,distance,1,6,50,0.6,0.6572
sues,target_50_290944,distance,1,7,107,0.5794392523364486,0.7416822429906541
sues,target_50_290944,distance,1,8,463,0.42116630669546434,0.8589632829373651
sues,target_50_290944,distance,1,9,755,0.36688741721854307,0.9471920529801326
sues,target_50_290944,distance,20,8,8,0.875,0.8825
sues,target_50_290944,distance,20,9,1420,0.4908450704225352,0.9826760563380282
sues,target_50_290944,distance,50,9,1428,0.4957983193277311,0.9896988795518209
sues,target_50_290944,distance,100,9,1428,0.4957983193277311,0.9900000000000002
sues,target_50_290944,distance,200,9,1428,0.4957983193277311,0.9900000000000002
sues,target_50_290944,aps_raw,1,8,1342,0.3837555886736215,0.869076005961252
sues,target_50_290944,aps_raw,1,9,86,0.9418604651162791,0.9000000000000006
sues,target_50_290944,aps_raw,20,9,1428,0.49299719887955185,0.9833403361344539
sues,target_50_290944,aps_raw,50,9,1428,0.4957983193277311,0.9900000000000002
sues,target_50_290944,aps_raw,100,9,1428,0.4957983193277311,0.9900000000000002
sues,target_50_290944,aps_raw,200,9,1428,0.4957983193277311,0.9900000000000002
sues,control_25_290944,distance,1,1,4,0.75,0.17250000000000001
sues,control_25_290944,distance,1,2,3,1.0,0.25333333333333335
sues,control_25_290944,distance,1,3,15,1.0,0.3533333333333334
sues,control_25_290944,distance,1,4,16,0.8125,0.46187500000000004
sues,control_25_290944,distance,1,5,36,0.7777777777777778,0.5491666666666668
sues,control_25_290944,distance,1,6,102,0.8529411764705882,0.665392156862745
sues,control_25_290944,distance,1,7,179,0.7877094972067039,0.7458100558659218
sues,control_25_290944,distance,1,8,480,0.8333333333333334,0.858125
sues,control_25_290944,distance,1,9,593,0.8583473861720068,0.9447217537942665
sues,control_25_290944,distance,20,8,19,1.0,0.8826315789473685
sues,control_25_290944,distance,20,9,1409,0.9943222143364088,0.9800212916962385
sues,control_25_290944,distance,50,9,1428,1.0,0.9890826330532213
sues,control_25_290944,distance,100,9,1428,1.0,0.9900000000000002
sues,control_25_290944,distance,200,9,1428,1.0,0.9900000000000002
sues,control_25_290944,aps_raw,1,8,1255,0.8183266932270916,0.8737609561752988
sues,control_25_290944,aps_raw,1,9,173,0.9942196531791907,0.9000000000000002
sues,control_25_290944,aps_raw,20,9,1428,0.9943977591036415,0.9846148459383754
sues,control_25_290944,aps_raw,50,9,1428,1.0,0.9900000000000002
sues,control_25_290944,aps_raw,100,9,1428,1.0,0.9900000000000002
sues,control_25_290944,aps_raw,200,9,1428,1.0,0.9900000000000002
sues,target_25_290945,distance,1,1,3,0.3333333333333333,0.16333333333333336
sues,target_25_290945,distance,1,2,5,1.0,0.258
sues,target_25_290945,distance,1,3,17,1.0,0.35294117647058826
sues,target_25_290945,distance,1,4,17,0.5882352941176471,0.45411764705882357
sues,target_25_290945,distance,1,5,40,0.6,0.5525
sues,target_25_290945,distance,1,6,100,0.78,0.6622999999999999
sues,target_25_290945,distance,1,7,172,0.7732558139534884,0.7467441860465116
sues,target_25_290945,distance,1,8,469,0.6396588486140725,0.8554584221748401
sues,target_25_290945,distance,1,9,605,0.5107438016528926,0.9463140495867768
sues,target_25_290945,distance,20,8,32,0.6875,0.8765624999999999
sues,target_25_290945,distance,20,9,1396,0.7435530085959885,0.9795773638968484
sues,target_25_290945,distance,50,9,1428,0.7478991596638656,0.9887675070028011
sues,target_25_290945,distance,100,9,1428,0.7478991596638656,0.9900000000000002
sues,target_25_290945,distance,200,9,1428,0.7478991596638656,0.9900000000000002
sues,target_25_290945,aps_raw,1,8,1281,0.5714285714285714,0.8713583138173302
sues,target_25_290945,aps_raw,1,9,147,0.9863945578231292,0.9000000000000002
sues,target_25_290945,aps_raw,20,9,1428,0.742296918767507,0.984635854341737
sues,target_25_290945,aps_raw,50,9,1428,0.7478991596638656,0.9900000000000002
sues,target_25_290945,aps_raw,100,9,1428,0.7478991596638656,0.9900000000000002
sues,target_25_290945,aps_raw,200,9,1428,0.7478991596638656,0.9900000000000002
sues,target_50_290945,distance,1,1,2,0.5,0.16000000000000003
sues,target_50_290945,distance,1,2,3,0.6666666666666666,0.24666666666666667
sues,target_50_290945,distance,1,3,11,0.9090909090909091,0.34909090909090906
sues,target_50_290945,distance,1,4,11,0.5454545454545454,0.46
sues,target_50_290945,distance,1,5,32,0.46875,0.555625
sues,target_50_290945,distance,1,6,79,0.5949367088607594,0.6603797468354431
sues,target_50_290945,distance,1,7,157,0.5668789808917197,0.7478343949044586
sues,target_50_290945,distance,1,8,419,0.47255369928400953,0.8580429594272075
sues,target_50_290945,distance,1,9,714,0.30532212885154064,0.9477731092436975
sues,target_50_290945,distance,20,8,15,0.3333333333333333,0.882
sues,target_50_290945,distance,20,9,1413,0.4968152866242038,0.9828450106157113
sues,target_50_290945,distance,50,9,1428,0.4957983193277311,0.989747899159664
sues,target_50_290945,distance,100,9,1428,0.4957983193277311,0.9900000000000002
sues,target_50_290945,distance,200,9,1428,0.4957983193277311,0.9900000000000002
sues,target_50_290945,aps_raw,1,8,1332,0.3708708708708709,0.8691591591591593
sues,target_50_290945,aps_raw,1,9,96,0.9583333333333334,0.9000000000000002
sues,target_50_290945,aps_raw,20,9,1428,0.4950980392156863,0.9835784313725492
sues,target_50_290945,aps_raw,50,9,1428,0.4957983193277311,0.9900000000000002
sues,target_50_290945,aps_raw,100,9,1428,0.4957983193277311,0.9900000000000002
sues,target_50_290945,aps_raw,200,9,1428,0.4957983193277311,0.9900000000000002
sues,control_25_290945,distance,1,1,4,0.75,0.17250000000000001
sues,control_25_290945,distance,1,2,5,1.0,0.254
sues,control_25_290945,distance,1,3,19,1.0,0.3526315789473684
sues,control_25_290945,distance,1,4,19,0.8421052631578947,0.4568421052631579
sues,control_25_290945,distance,1,5,35,0.7714285714285715,0.5468571428571429
sues,control_25_290945,distance,1,6,100,0.85,0.6639999999999999
sues,control_25_290945,distance,1,7,178,0.8202247191011236,0.7471348314606742
sues,control_25_290945,distance,1,8,473,0.8245243128964059,0.85661733615222
sues,control_25_290945,distance,1,9,595,0.865546218487395,0.9458487394957983
sues,control_25_290945,distance,20,8,15,1.0,0.8826666666666668
sues,control_25_290945,distance,20,9,1413,0.9936305732484076,0.9798655343241331
sues,control_25_290945,distance,50,9,1428,1.0,0.9891106442577032
sues,control_25_290945,distance,100,9,1428,1.0,0.9900000000000002
sues,control_25_290945,distance,200,9,1428,1.0,0.9900000000000002
sues,control_25_290945,aps_raw,1,8,1252,0.8234824281150159,0.8736661341853035
sues,control_25_290945,aps_raw,1,9,176,0.9943181818181818,0.9000000000000002
sues,control_25_290945,aps_raw,20,9,1428,0.9936974789915967,0.9846008403361346
sues,control_25_290945,aps_raw,50,9,1428,1.0,0.9900000000000002
sues,control_25_290945,aps_raw,100,9,1428,1.0,0.9900000000000002
sues,control_25_290945,aps_raw,200,9,1428,1.0,0.9900000000000002
sues,target_25_290946,distance,1,1,3,0.3333333333333333,0.16333333333333336
sues,target_25_290946,distance,1,2,5,1.0,0.258
sues,target_25_290946,distance,1,3,17,1.0,0.35294117647058826
sues,target_25_290946,distance,1,4,18,0.5555555555555556,0.4561111111111111
sues,target_25_290946,distance,1,5,44,0.5,0.5545454545454547
sues,target_25_290946,distance,1,6,97,0.7835051546391752,0.6610309278350515
sues,target_25_290946,distance,1,7,166,0.6686746987951807,0.7466265060240964
sues,target_25_290946,distance,1,8,448,0.6473214285714286,0.8563839285714286
sues,target_25_290946,distance,1,9,630,0.5857142857142857,0.9471746031746032
sues,target_25_290946,distance,20,8,40,0.65,0.8752500000000001
sues,target_25_290946,distance,20,9,1388,0.7478386167146974,0.9795389048991355
sues,target_25_290946,distance,50,9,1428,0.7478991596638656,0.9886204481792717
sues,target_25_290946,distance,100,9,1428,0.7478991596638656,0.9900000000000002
sues,target_25_290946,distance,200,9,1428,0.7478991596638656,0.9900000000000002
sues,target_25_290946,aps_raw,1,8,1296,0.5949074074074074,0.8719675925925927
sues,target_25_290946,aps_raw,1,9,132,0.9848484848484849,0.9000000000000001
sues,target_25_290946,aps_raw,20,9,1428,0.7450980392156863,0.9844747899159667
sues,target_25_290946,aps_raw,50,9,1428,0.7478991596638656,0.9900000000000002
sues,target_25_290946,aps_raw,100,9,1428,0.7478991596638656,0.9900000000000002
sues,target_25_290946,aps_raw,200,9,1428,0.7478991596638656,0.9900000000000002
sues,target_50_290946,distance,1,1,3,0.3333333333333333,0.17333333333333334
sues,target_50_290946,distance,1,2,2,1.0,0.255
sues,target_50_290946,distance,1,3,4,0.75,0.345
sues,target_50_290946,distance,1,4,6,0.6666666666666666,0.4666666666666666
sues,target_50_290946,distance,1,5,28,0.4642857142857143,0.5560714285714285
sues,target_50_290946,distance,1,6,70,0.5,0.6608571428571428
sues,target_50_290946,distance,1,7,139,0.5755395683453237,0.7453956834532374
sues,target_50_290946,distance,1,8,417,0.5011990407673861,0.8588729016786572
sues,target_50_290946,distance,1,9,759,0.37417654808959155,0.9486429512516469
sues,target_50_290946,distance,20,8,12,0.08333333333333333,0.8808333333333334
sues,target_50_290946,distance,20,9,1416,0.4985875706214689,0.9828601694915254
sues,target_50_290946,distance,50,9,1428,0.4957983193277311,0.9897408963585436
sues,target_50_290946,distance,100,9,1428,0.4957983193277311,0.9900000000000002
sues,target_50_290946,distance,200,9,1428,0.4957983193277311,0.9900000000000002
sues,target_50_290946,aps_raw,1,8,1338,0.40732436472346784,0.869357249626308
sues,target_50_290946,aps_raw,1,9,90,0.9555555555555556,0.9000000000000004
sues,target_50_290946,aps_raw,20,9,1428,0.4950980392156863,0.9833823529411766
sues,target_50_290946,aps_raw,50,9,1428,0.4957983193277311,0.9900000000000002
sues,target_50_290946,aps_raw,100,9,1428,0.4957983193277311,0.9900000000000002
sues,target_50_290946,aps_raw,200,9,1428,0.4957983193277311,0.9900000000000002
sues,control_25_290946,distance,1,1,4,0.75,0.17250000000000001
sues,control_25_290946,distance,1,2,3,1.0,0.25333333333333335
sues,control_25_290946,distance,1,3,14,1.0,0.35285714285714287
sues,control_25_290946,distance,1,4,17,0.8235294117647058,0.46058823529411763
sues,control_25_290946,distance,1,5,34,0.8823529411764706,0.5455882352941178
sues,control_25_290946,distance,1,6,102,0.8431372549019608,0.6635294117647059
sues,control_25_290946,distance,1,7,185,0.827027027027027,0.7456756756756757
sues,control_25_290946,distance,1,8,467,0.8308351177730193,0.8577301927194863
sues,control_25_290946,distance,1,9,602,0.8538205980066446,0.9447674418604651
sues,control_25_290946,distance,20,8,13,1.0,0.8846153846153846
sues,control_25_290946,distance,20,9,1415,0.995053003533569,0.9800282685512367
sues,control_25_290946,distance,50,9,1428,1.0,0.9891736694677871
sues,control_25_290946,distance,100,9,1428,1.0,0.9900000000000002
sues,control_25_290946,distance,200,9,1428,1.0,0.9900000000000002
sues,control_25_290946,aps_raw,1,8,1250,0.8224,0.873624
sues,control_25_290946,aps_raw,1,9,178,0.9943820224719101,0.9000000000000002
sues,control_25_290946,aps_raw,20,9,1428,0.9950980392156863,0.9845868347338937
sues,control_25_290946,aps_raw,50,9,1428,1.0,0.9900000000000002
sues,control_25_290946,aps_raw,100,9,1428,1.0,0.9900000000000002
sues,control_25_290946,aps_raw,200,9,1428,1.0,0.9900000000000002
sues,target_25_290947,distance,1,1,2,0.5,0.185
sues,target_25_290947,distance,1,2,6,1.0,0.25
sues,target_25_290947,distance,1,3,12,1.0,0.3491666666666666
sues,target_25_290947,distance,1,4,17,0.6470588235294118,0.46
sues,target_25_290947,distance,1,5,42,0.6666666666666666,0.5521428571428573
sues,target_25_290947,distance,1,6,103,0.7961165048543689,0.6651456310679612
sues,target_25_290947,distance,1,7,189,0.7513227513227513,0.7444444444444446
sues,target_25_290947,distance,1,8,419,0.60381861575179,0.8549880668257757
sues,target_25_290947,distance,1,9,638,0.5579937304075235,0.9472570532915361
sues,target_25_290947,distance,20,8,36,0.8888888888888888,0.8780555555555556
sues,target_25_290947,distance,20,9,1392,0.7399425287356322,0.9792385057471266
sues,target_25_290947,distance,50,9,1428,0.7478991596638656,0.9887324929971989
sues,target_25_290947,distance,100,9,1428,0.7478991596638656,0.9900000000000002
sues,target_25_290947,distance,200,9,1428,0.7478991596638656,0.9900000000000002
sues,target_25_290947,aps_raw,1,8,1280,0.58125,0.8717500000000001
sues,target_25_290947,aps_raw,1,9,148,0.9932432432432432,0.9000000000000004
sues,target_25_290947,aps_raw,20,9,1428,0.7436974789915967,0.9846008403361346
sues,target_25_290947,aps_raw,50,9,1428,0.7478991596638656,0.9900000000000002
sues,target_25_290947,aps_raw,100,9,1428,0.7478991596638656,0.9900000000000002
sues,target_25_290947,aps_raw,200,9,1428,0.7478991596638656,0.9900000000000002
sues,target_50_290947,distance,1,1,1,0.0,0.17000000000000004
sues,target_50_290947,distance,1,2,6,0.8333333333333334,0.25333333333333335
sues,target_50_290947,distance,1,3,11,0.8181818181818182,0.35545454545454547
sues,target_50_290947,distance,1,4,15,0.5333333333333333,0.45733333333333337
sues,target_50_290947,distance,1,5,34,0.6470588235294118,0.5558823529411765
sues,target_50_290947,distance,1,6,79,0.7215189873417721,0.6670886075949366
sues,target_50_290947,distance,1,7,124,0.6774193548387096,0.7434677419354839
sues,target_50_290947,distance,1,8,390,0.41025641025641024,0.8576666666666667
sues,target_50_290947,distance,1,9,768,0.3684895833333333,0.9493619791666666
sues,target_50_290947,distance,20,8,10,0.5,0.884
sues,target_50_290947,distance,20,9,1418,0.4936530324400564,0.9823624823695347
sues,target_50_290947,distance,50,9,1428,0.4957983193277311,0.9897759103641457
sues,target_50_290947,distance,100,9,1428,0.4957983193277311,0.9900000000000002
sues,target_50_290947,distance,200,9,1428,0.4957983193277311,0.9900000000000002
sues,target_50_290947,aps_raw,1,8,1309,0.3919022154316272,0.868831168831169
sues,target_50_290947,aps_raw,1,9,119,0.9663865546218487,0.9000000000000006
sues,target_50_290947,aps_raw,20,9,1428,0.49369747899159666,0.9834383753501403
sues,target_50_290947,aps_raw,50,9,1428,0.4957983193277311,0.9900000000000002
sues,target_50_290947,aps_raw,100,9,1428,0.4957983193277311,0.9900000000000002
sues,target_50_290947,aps_raw,200,9,1428,0.4957983193277311,0.9900000000000002
sues,control_25_290947,distance,1,1,4,0.75,0.17250000000000001
sues,control_25_290947,distance,1,2,3,1.0,0.25333333333333335
sues,control_25_290947,distance,1,3,14,1.0,0.35285714285714287
sues,control_25_290947,distance,1,4,16,0.875,0.45999999999999996
sues,control_25_290947,distance,1,5,30,0.9,0.5466666666666666
sues,control_25_290947,distance,1,6,101,0.8217821782178217,0.6653465346534653
sues,control_25_290947,distance,1,7,173,0.8092485549132948,0.7461271676300579
sues,control_25_290947,distance,1,8,467,0.828693790149893,0.8579443254817987
sues,control_25_290947,distance,1,9,620,0.8580645161290322,0.944983870967742
sues,control_25_290947,distance,20,8,16,1.0,0.885
sues,control_25_290947,distance,20,9,1412,0.9950424929178471,0.9800708215297451
sues,control_25_290947,distance,50,9,1428,1.0,0.9891666666666669
sues,control_25_290947,distance,100,9,1428,1.0,0.9900000000000002
sues,control_25_290947,distance,200,9,1428,1.0,0.9900000000000002
sues,control_25_290947,aps_raw,1,8,1257,0.8217979315831344,0.8735481304693716
sues,control_25_290947,aps_raw,1,9,171,0.9941520467836257,0.9000000000000002
sues,control_25_290947,aps_raw,20,9,1428,0.9950980392156863,0.9845448179271711
sues,control_25_290947,aps_raw,50,9,1428,1.0,0.9900000000000002
sues,control_25_290947,aps_raw,100,9,1428,1.0,0.9900000000000002
sues,control_25_290947,aps_raw,200,9,1428,1.0,0.9900000000000002
