dataset,case_id,method,k,bin,count,accuracy,confidence
university,full,distance,1,0,4,0.5,0.04000000000000001
university,full,distance,1,1,5,0.8,0.13999999999999999
university,full,distance,1,3,2,0.5,0.36
university,full,distance,1,4,8,0.75,0.4575
university,full,distance,1,5,10,0.8,0.557
university,full,distance,1,6,13,0.6153846153846154,0.6423076923076922
university,full,distance,1,7,45,0.8666666666666667,0.7502222222222221
university,full,distance,1,8,131,0.9312977099236641,0.8587786259541985
university,full,distance,1,9,634,0.919558359621451,0.9456624605678233
university,full,distance,20,9,852,0.9906103286384976,0.9794600938967138
university,full,distance,50,9,852,0.9917840375586855,0.9874647887323945
university,full,distance,100,9,852,0.9929577464788732,0.9898474178403758
university,full,distance,200,9,852,0.9964788732394366,0.99
university,full,aps_raw,1,9,852,0.9072769953051644,0.9405985915492955
university,full,aps_raw,20,9,852,0.9906103286384976,0.9800000000000003
university,full,aps_raw,50,9,852,0.9917840375586855,0.9800000000000003
university,full,aps_raw,100,9,852,0.9929577464788732,0.99
university,full,aps_raw,200,9,852,0.9964788732394366,0.99
university,target_71_3407,distance,1,0,1,1.0,0.030000000000000027
university,target_71_3407,distance,1,1,2,1.0,0.15999999999999998
university,target_71_3407,distance,1,3,1,1.0,0.36
university,target_71_3407,distance,1,4,3,1.0,0.45
university,target_71_3407,distance,1,5,6,0.6666666666666666,0.5633333333333335
university,target_71_3407,distance,1,6,10,0.6,0.644
university,target_71_3407,distance,1,7,35,0.8,0.7508571428571429
university,target_71_3407,distance,1,8,89,0.9101123595505618,0.8587640449438202
university,target_71_3407,distance,1,9,705,0.6595744680851063,0.9510780141843972
university,target_71_3407,distance,20,9,852,0.7453051643192489,0.9814201877934274
university,target_71_3407,distance,50,9,852,0.7453051643192489,0.9887910798122066
university,target_71_3407,distance,100,9,852,0.7464788732394366,0.9899647887323945
university,target_71_3407,distance,200,9,852,0.7488262910798122,0.99
university,target_71_3407,aps_raw,1,9,852,0.6936619718309859,0.9383920187793424
university,target_71_3407,aps_raw,20,9,852,0.7453051643192489,0.9800000000000003
university,target_71_3407,aps_raw,50,9,852,0.7453051643192489,0.9800000000000003
university,target_71_3407,aps_raw,100,9,852,0.7464788732394366,0.99
university,target_71_3407,aps_raw,200,9,852,0.7488262910798122,0.99
university,control_71_3407,distance,1,0,3,0.3333333333333333,0.043333333333333335
university,control_71_3407,distance,1,1,3,0.6666666666666666,0.12666666666666668
university,control_71_3407,distance,1,3,2,0.5,0.36
university,control_71_3407,distance,1,4,8,0.75,0.4575
university,control_71_3407,distance,1,5,10,0.8,0.557
university,control_71_3407,distance,1,6,13,0.6153846153846154,0.6423076923076922
university,control_71_3407,distance,1,7,41,0.8536585365853658,0.75
university,control_71_3407,distance,1,8,125,0.936,0.8583999999999998
university,control_71_3407,distance,1,9,647,0.9258114374034003,0.9471715610510045
university,control_71_3407,distance,20,9,852,0.9917840375586855,0.980985915492958
university,control_71_3407,distance,50,9,852,0.9917840375586855,0.9885093896713616
university,control_71_3407,distance,100,9,852,0.9953051643192489,0.9899530516431926
university,control_71_3407,distance,200,9,852,0.9964788732394366,0.99
university,control_71_3407,aps_raw,1,9,852,0.9119718309859155,0.9403755868544599
university,control_71_3407,aps_raw,20,9,852,0.9917840375586855,0.9800000000000003
university,control_71_3407,aps_raw,50,9,852,0.9917840375586855,0.9800000000000003
university,control_71_3407,aps_raw,100,9,852,0.9953051643192489,0.99
university,control_71_3407,aps_raw,200,9,852,0.9964788732394366,0.99
university,target_142_3407,distance,1,0,1,1.0,0.030000000000000027
university,target_142_3407,distance,1,1,2,1.0,0.15999999999999998
university,target_142_3407,distance,1,4,2,1.0,0.45
university,target_142_3407,distance,1,5,4,0.5,0.56
university,target_142_3407,distance,1,6,7,0.42857142857142855,0.6442857142857142
university,target_142_3407,distance,1,7,18,0.6111111111111112,0.7488888888888888
university,target_142_3407,distance,1,8,50,0.82,0.8596
university,target_142_3407,distance,1,9,768,0.43359375,0.9567317708333333
university,target_142_3407,distance,20,9,852,0.4964788732394366,0.9841314553990612
university,target_142_3407,distance,50,9,852,0.4964788732394366,0.9895774647887325
university,target_142_3407,distance,100,9,852,0.49765258215962443,0.99
university,target_142_3407,distance,200,9,852,0.4988262910798122,0.99
university,target_142_3407,aps_raw,1,9,852,0.4636150234741784,0.9360211267605631
university,target_142_3407,aps_raw,20,9,852,0.4964788732394366,0.9800000000000003
university,target_142_3407,aps_raw,50,9,852,0.4964788732394366,0.9800000000000003
university,target_142_3407,aps_raw,100,9,852,0.49765258215962443,0.99
university,target_142_3407,aps_raw,200,9,852,0.4988262910798122,0.99
university,target_71_3408,distance,1,0,1,1.0,0.030000000000000027
university,target_71_3408,distance,1,1,2,1.0,0.15999999999999998
university,target_71_3408,distance,1,3,1,1.0,0.36
university,target_71_3408,distance,1,4,3,1.0,0.45
university,target_71_3408,distance,1,5,9,0.7777777777777778,0.56
university,target_71_3408,distance,1,6,11,0.5454545454545454,0.6436363636363636
university,target_71_3408,distance,1,7,31,0.8064516129032258,0.7503225806451612
university,target_71_3408,distance,1,8,92,0.8695652173913043,0.8573913043478261
university,target_71_3408,distance,1,9,702,0.6495726495726496,0.9509116809116809
university,target_71_3408,distance,20,9,852,0.7417840375586855,0.9814906103286388
university,target_71_3408,distance,50,9,852,0.7417840375586855,0.9887676056338028
university,target_71_3408,distance,100,9,852,0.744131455399061,0.9899765258215962
university,target_71_3408,distance,200,9,852,0.7464788732394366,0.99
university,target_71_3408,aps_raw,1,9,852,0.681924882629108,0.9383215962441313
university,target_71_3408,aps_raw,20,9,852,0.7417840375586855,0.9800000000000003
university,target_71_3408,aps_raw,50,9,852,0.7417840375586855,0.9800000000000003
university,target_71_3408,aps_raw,100,9,852,0.744131455399061,0.99
university,target_71_3408,aps_raw,200,9,852,0.7464788732394366,0.99
university,control_71_3408,distance,1,0,3,0.3333333333333333,0.043333333333333335
university,control_71_3408,distance,1,1,3,0.6666666666666666,0.12666666666666668
university,control_71_3408,distance,1,3,2,0.5,0.36
university,control_71_3408,distance,1,4,7,0.8571428571428571,0.45285714285714285
university,control_71_3408,distance,1,5,10,0.7,0.5590000000000002
university,control_71_3408,distance,1,6,11,0.7272727272727273,0.649090909090909
university,control_71_3408,distance,1,7,40,0.925,0.7535000000000001
university,control_71_3408,distance,1,8,135,0.9259259259259259,0.8583703703703703
university,control_71_3408,distance,1,9,641,0.9282371294851794,0.9470046801872074
university,control_71_3408,distance,20,9,852,0.9917840375586855,0.9810446009389673
university,control_71_3408,distance,50,9,852,0.9917840375586855,0.9886032863849766
university,control_71_3408,distance,100,9,852,0.9953051643192489,0.9899295774647888
university,control_71_3408,distance,200,9,852,0.9964788732394366,0.99
university,control_71_3408,aps_raw,1,9,852,0.9178403755868545,0.9403873239436618
university,control_71_3408,aps_raw,20,9,852,0.9917840375586855,0.9800000000000003
university,control_71_3408,aps_raw,50,9,852,0.9917840375586855,0.9800000000000003
university,control_71_3408,aps_raw,100,9,852,0.9953051643192489,0.99
university,control_71_3408,aps_raw,200,9,852,0.9964788732394366,0.99
university,target_142_3408,distance,1,0,1,1.0,0.030000000000000027
university,target_142_3408,distance,1,1,2,1.0,0.15999999999999998
university,target_142_3408,distance,1,3,1,1.0,0.36
university,target_142_3408,distance,1,4,1,1.0,0.44999999999999996
university,target_142_3408,distance,1,5,5,0.6,0.5600000000000002
university,target_142_3408,distance,1,6,9,0.5555555555555556,0.64
university,target_142_3408,distance,1,7,22,0.6363636363636364,0.7586363636363637
university,target_142_3408,distance,1,8,57,0.7894736842105263,0.8592982456140351
university,target_142_3408,distance,1,9,754,0.42572944297082227,0.9560212201591513
university,target_142_3408,distance,20,9,852,0.4964788732394366,0.98424882629108
university,target_142_3408,distance,50,9,852,0.4964788732394366,0.9896361502347418
university,target_142_3408,distance,100,9,852,0.49765258215962443,0.99
university,target_142_3408,distance,200,9,852,0.49765258215962443,0.99
university,target_142_3408,aps_raw,1,9,852,0.4612676056338028,0.9361267605633801
university,target_142_3408,aps_raw,20,9,852,0.4964788732394366,0.9800000000000003
university,target_142_3408,aps_raw,50,9,852,0.4964788732394366,0.9800000000000003
university,target_142_3408,aps_raw,100,9,852,0.49765258215962443,0.99
university,target_142_3408,aps_raw,200,9,852,0.49765258215962443,0.99
university,target_71_3409,distance,1,0,4,0.5,0.04000000000000001
university,target_71_3409,distance,1,1,5,0.8,0.13999999999999999
university,target_71_3409,distance,1,3,2,0.5,0.36
university,target_71_3409,distance,1,4,7,0.8571428571428571,0.45285714285714285
university,target_71_3409,distance,1,5,10,0.7,0.558
university,target_71_3409,distance,1,6,7,0.2857142857142857,0.647142857142857
university,target_71_3409,distance,1,7,31,0.7741935483870968,0.7487096774193549
university,target_71_3409,distance,1,8,97,0.845360824742268,0.855979381443299
university,target_71_3409,distance,1,9,689,0.6531204644412192,0.9512191582002902
university,target_71_3409,distance,20,9,852,0.7417840375586855,0.9814906103286386
university,target_71_3409,distance,50,9,852,0.7417840375586855,0.9888380281690141
university,target_71_3409,distance,100,9,852,0.744131455399061,0.9899882629107981
university,target_71_3409,distance,200,9,852,0.7464788732394366,0.99
university,target_71_3409,aps_raw,1,9,852,0.6784037558685446,0.9385446009389669
university,target_71_3409,aps_raw,20,9,852,0.7417840375586855,0.9800000000000003
university,target_71_3409,aps_raw,50,9,852,0.7417840375586855,0.9800000000000003
university,target_71_3409,aps_raw,100,9,852,0.744131455399061,0.99
university,target_71_3409,aps_raw,200,9,852,0.7464788732394366,0.99
university,control_71_3409,distance,1,0,4,0.5,0.04000000000000001
university,control_71_3409,distance,1,1,5,0.8,0.13999999999999999
university,control_71_3409,distance,1,3,2,0.5,0.36
university,control_71_3409,distance,1,4,7,0.8571428571428571,0.45285714285714285
university,control_71_3409,distance,1,5,10,0.7,0.5590000000000002
university,control_71_3409,distance,1,6,11,0.7272727272727273,0.649090909090909
university,control_71_3409,distance,1,7,40,0.925,0.752
university,control_71_3409,distance,1,8,131,0.9312977099236641,0.8588549618320611
university,control_71_3409,distance,1,9,642,0.9283489096573209,0.9471183800623052
university,control_71_3409,distance,20,9,852,0.9917840375586855,0.9810446009389673
university,control_71_3409,distance,50,9,852,0.9917840375586855,0.988556338028169
university,control_71_3409,distance,100,9,852,0.9953051643192489,0.9899295774647888
university,control_71_3409,distance,200,9,852,0.9964788732394366,0.99
university,control_71_3409,aps_raw,1,9,852,0.9190140845070423,0.9404577464788729
university,control_71_3409,aps_raw,20,9,852,0.9917840375586855,0.9800000000000003
university,control_71_3409,aps_raw,50,9,852,0.9917840375586855,0.9800000000000003
university,control_71_3409,aps_raw,100,9,852,0.9953051643192489,0.99
university,control_71_3409,aps_raw,200,9,852,0.9964788732394366,0.99
university,target_142_3409,distance,1,0,4,0.5,0.04000000000000001
university,target_142_3409,distance,1,1,5,0.8,0.13999999999999999
university,target_142_3409,distance,1,3,2,0.5,0.36
university,target_142_3409,distance,1,4,5,0.8,0.4539999999999999
university,target_142_3409,distance,1,5,5,0.8,0.554
university,target_142_3409,distance,1,6,5,0.6,0.6459999999999999
university,target_142_3409,distance,1,7,19,0.5789473684210527,0.7473684210526316
university,target_142_3409,distance,1,8,57,0.6842105263157895,0.8589473684210526
university,target_142_3409,distance,1,9,750,0.41733333333333333,0.9557066666666666
university,target_142_3409,distance,20,9,852,0.49178403755868544,0.9840610328638499
university,target_142_3409,distance,50,9,852,0.49178403755868544,0.9896126760563382
university,target_142_3409,distance,100,9,852,0.4953051643192488,0.99
university,target_142_3409,distance,200,9,852,0.4964788732394366,0.99
university,target_142_3409,aps_raw,1,9,852,0.4471830985915493,0.9363849765258213
university,target_142_3409,aps_raw,20,9,852,0.49178403755868544,0.9800000000000003
university,target_142_3409,aps_raw,50,9,852,0.49178403755868544,0.9800000000000003
university,target_142_3409,aps_raw,100,9,852,0.4953051643192488,0.99
university,target_142_3409,aps_raw,200,9,852,0.4964788732394366,0.99
university,target_71_3410,distance,1,3,2,0.5,0.36
university,target_71_3410,distance,1,4,8,0.75,0.4575
university,target_71_3410,distance,1,5,6,0.6666666666666666,0.5583333333333335
university,target_71_3410,distance,1,6,10,0.6,0.6419999999999999
university,target_71_3410,distance,1,7,27,0.7777777777777778,0.7499999999999999
university,target_71_3410,distance,1,8,99,0.8484848484848485,0.8602020202020203
university,target_71_3410,distance,1,9,700,0.6585714285714286,0.9501714285714284
university,target_71_3410,distance,20,9,852,0.7417840375586855,0.981455399061033
university,target_71_3410,distance,50,9,852,0.7417840375586855,0.9887676056338028
university,target_71_3410,distance,100,9,852,0.744131455399061,0.9899882629107981
university,target_71_3410,distance,200,9,852,0.7464788732394366,0.99
university,target_71_3410,aps_raw,1,9,852,0.6842723004694836,0.9384859154929576
university,target_71_3410,aps_raw,20,9,852,0.7417840375586855,0.9800000000000003
university,target_71_3410,aps_raw,50,9,852,0.7417840375586855,0.9800000000000003
university,target_71_3410,aps_raw,100,9,852,0.744131455399061,0.99
university,target_71_3410,aps_raw,200,9,852,0.7464788732394366,0.99
university,control_71_3410,distance,1,0,3,0.3333333333333333,0.043333333333333335
university,control_71_3410,distance,1,1,3,0.6666666666666666,0.12666666666666668
university,control_71_3410,distance,1,3,2,0.5,0.36
university,control_71_3410,distance,1,4,8,0.75,0.4575
university,control_71_3410,distance,1,5,10,0.8,0.557
university,control_71_3410,distance,1,6,13,0.6153846153846154,0.6423076923076922
university,control_71_3410,distance,1,7,40,0.85,0.749
university,control_71_3410,distance,1,8,128,0.9375,0.858828125
university,control_71_3410,distance,1,9,645,0.9255813953488372,0.9472868217054263
university,control_71_3410,distance,20,9,852,0.9917840375586855,0.9811150234741784
university,control_71_3410,distance,50,9,852,0.9917840375586855,0.988556338028169
university,control_71_3410,distance,100,9,852,0.9953051643192489,0.9899413145539907
university,control_71_3410,distance,200,9,852,0.9964788732394366,0.99
university,control_71_3410,aps_raw,1,9,852,0.9119718309859155,0.940363849765258
university,control_71_3410,aps_raw,20,9,852,0.9917840375586855,0.9800000000000003
university,control_71_3410,aps_raw,50,9,852,0.9917840375586855,0.9800000000000003
university,control_71_3410,aps_raw,100,9,852,0.9953051643192489,0.99
university,control_71_3410,aps_raw,200,9,852,0.9964788732394366,0.99
university,target_142_3410,distance,1,3,2,0.5,0.36
university,target_142_3410,distance,1,4,8,0.75,0.4575
university,target_142_3410,distance,1,5,4,0.5,0.5575000000000001
university,target_142_3410,distance,1,6,3,0.6666666666666666,0.6299999999999999
university,target_142_3410,distance,1,7,20,0.6,0.7445
university,target_142_3410,distance,1,8,66,0.7121212121212122,0.8625757575757574
university,target_142_3410,distance,1,9,749,0.42456608811748997,0.9564085447263017
university,target_142_3410,distance,20,9,852,0.49178403755868544,0.9843192488262913
university,target_142_3410,distance,50,9,852,0.49178403755868544,0.9896009389671363
university,target_142_3410,distance,100,9,852,0.4953051643192488,0.99
university,target_142_3410,distance,200,9,852,0.4964788732394366,0.99
university,target_142_3410,aps_raw,1,9,852,0.45539906103286387,0.9359859154929575
university,target_142_3410,aps_raw,20,9,852,0.49178403755868544,0.9800000000000003
university,target_142_3410,aps_raw,50,9,852,0.49178403755868544,0.9800000000000003
university,target_142_3410,aps_raw,100,9,852,0.4953051643192488,0.99
university,target_142_3410,aps_raw,200,9,852,0.4964788732394366,0.99
university,target_71_3411,distance,1,0,1,1.0,0.030000000000000027
university,target_71_3411,distance,1,1,2,1.0,0.15999999999999998
university,target_71_3411,distance,1,3,1,1.0,0.36
university,target_71_3411,distance,1,4,2,1.0,0.435
university,target_71_3411,distance,1,5,9,0.8888888888888888,0.5622222222222223
university,target_71_3411,distance,1,6,12,0.5,0.64
university,target_71_3411,distance,1,7,30,0.8333333333333334,0.7446666666666666
university,target_71_3411,distance,1,8,87,0.7586206896551724,0.8571264367816093
university,target_71_3411,distance,1,9,708,0.6694915254237288,0.9507203389830509
university,target_71_3411,distance,20,9,852,0.7429577464788732,0.9814201877934274
university,target_71_3411,distance,50,9,852,0.7429577464788732,0.9887676056338028
university,target_71_3411,distance,100,9,852,0.7453051643192489,0.9899647887323945
university,target_71_3411,distance,200,9,852,0.7464788732394366,0.99
university,target_71_3411,aps_raw,1,9,852,0.6866197183098591,0.9384507042253518
university,target_71_3411,aps_raw,20,9,852,0.7429577464788732,0.9800000000000003
university,target_71_3411,aps_raw,50,9,852,0.7429577464788732,0.9800000000000003
university,target_71_3411,aps_raw,100,9,852,0.7453051643192489,0.99
university,target_71_3411,aps_raw,200,9,852,0.7464788732394366,0.99
university,control_71_3411,distance,1,0,3,0.3333333333333333,0.043333333333333335
university,control_71_3411,distance,1,1,3,0.6666666666666666,0.12666666666666668
university,control_71_3411,distance,1,3,2,0.5,0.36
university,control_71_3411,distance,1,4,7,0.8571428571428571,0.45285714285714285
university,control_71_3411,distance,1,5,10,0.7,0.5590000000000002
university,control_71_3411,distance,1,6,11,0.7272727272727273,0.649090909090909
university,control_71_3411,distance,1,7,41,0.926829268292683,0.7517073170731707
university,control_71_3411,distance,1,8,129,0.9224806201550387,0.8584496124031007
university,control_71_3411,distance,1,9,646,0.9272445820433437,0.9473065015479877
university,control_71_3411,distance,20,9,852,0.9917840375586855,0.9809272300469486
university,control_71_3411,distance,50,9,852,0.9917840375586855,0.9884859154929578
university,control_71_3411,distance,100,9,852,0.9953051643192489,0.9899413145539907
university,control_71_3411,distance,200,9,852,0.9964788732394366,0.99
university,control_71_3411,aps_raw,1,9,852,0.9166666666666666,0.940352112676056
university,control_71_3411,aps_raw,20,9,852,0.9917840375586855,0.9800000000000003
university,control_71_3411,aps_raw,50,9,852,0.9917840375586855,0.9800000000000003
university,control_71_3411,aps_raw,100,9,852,0.9953051643192489,0.99
university,control_71_3411,aps_raw,200,9,852,0.9964788732394366,0.99
university,target_142_3411,distance,1,0,1,1.0,0.030000000000000027
university,target_142_3411,distance,1,1,2,1.0,0.15999999999999998
university,target_142_3411,distance,1,3,1,1.0,0.36
university,target_142_3411,distance,1,4,1,1.0,0.44999999999999996
university,target_142_3411,distance,1,5,4,0.75,0.5675000000000001
university,target_142_3411,distance,1,6,8,0.5,0.64625
university,target_142_3411,distance,1,7,24,0.625,0.74625
university,target_142_3411,distance,1,8,52,0.5961538461538461,0.8586538461538462
university,target_142_3411,distance,1,9,759,0.4400527009222661,0.9561660079051384
university,target_142_3411,distance,20,9,852,0.4964788732394366,0.9842840375586855
university,target_142_3411,distance,50,9,852,0.4964788732394366,0.9895539906103288
university,target_142_3411,distance,100,9,852,0.49765258215962443,0.99
university,target_142_3411,distance,200,9,852,0.49765258215962443,0.99
university,target_142_3411,aps_raw,1,9,852,0.460093896713615,0.9359507042253519
university,target_142_3411,aps_raw,20,9,852,0.4964788732394366,0.9800000000000003
university,target_142_3411,aps_raw,50,9,852,0.4964788732394366,0.9800000000000003
university,target_142_3411,aps_raw,100,9,852,0.49765258215962443,0.99
university,target_142_3411,aps_raw,200,9,852,0.49765258215962443,0.99
university,target_71_3412,distance,1,0,1,1.0,0.030000000000000027
university,target_71_3412,distance,1,1,2,1.0,0.15999999999999998
university,target_71_3412,distance,1,3,2,0.5,0.36
university,target_71_3412,distance,1,4,7,0.8571428571428571,0.45285714285714285
university,target_71_3412,distance,1,5,5,0.6,0.5660000000000001
university,target_71_3412,distance,1,6,10,0.6,0.6449999999999999
university,target_71_3412,distance,1,7,26,0.7692307692307693,0.7457692307692306
university,target_71_3412,distance,1,8,97,0.8350515463917526,0.8585567010309278
university,target_71_3412,distance,1,9,702,0.6609686609686609,0.9500854700854702
university,target_71_3412,distance,20,9,852,0.7417840375586855,0.9814201877934274
university,target_71_3412,distance,50,9,852,0.7417840375586855,0.9888380281690142
university,target_71_3412,distance,100,9,852,0.744131455399061,0.9899882629107981
university,target_71_3412,distance,200,9,852,0.7464788732394366,0.99
university,target_71_3412,aps_raw,1,9,852,0.6854460093896714,0.9384859154929573
university,target_71_3412,aps_raw,20,9,852,0.7417840375586855,0.9800000000000003
university,target_71_3412,aps_raw,50,9,852,0.7417840375586855,0.9800000000000003
university,target_71_3412,aps_raw,100,9,852,0.744131455399061,0.99
university,target_71_3412,aps_raw,200,9,852,0.7464788732394366,0.99
university,control_71_3412,distance,1,0,3,0.3333333333333333,0.043333333333333335
university,control_71_3412,distance,1,1,3,0.6666666666666666,0.12666666666666668
university,control_71_3412,distance,1,3,2,0.5,0.36
university,control_71_3412,distance,1,4,7,0.8571428571428571,0.45285714285714285
university,control_71_3412,distance,1,5,10,0.7,0.5590000000000002
university,control_71_3412,distance,1,6,11,0.7272727272727273,0.649090909090909
university,control_71_3412,distance,1,7,40,0.925,0.7529999999999999
university,control_71_3412,distance,1,8,132,0.9318181818181818,0.8596212121212121
university,control_71_3412,distance,1,9,644,0.9270186335403726,0.9468633540372671
university,control_71_3412,distance,20,9,852,0.9917840375586855,0.9809272300469485
university,control_71_3412,distance,50,9,852,0.9917840375586855,0.9884859154929578
university,control_71_3412,distance,100,9,852,0.9953051643192489,0.9899178403755869
university,control_71_3412,distance,200,9,852,0.9964788732394366,0.99
university,control_71_3412,aps_raw,1,9,852,0.9178403755868545,0.9403521126760561
university,control_71_3412,aps_raw,20,9,852,0.9917840375586855,0.9800000000000003
university,control_71_3412,aps_raw,50,9,852,0.9917840375586855,0.9800000000000003
university,control_71_3412,aps_raw,100,9,852,0.9953051643192489,0.99
university,control_71_3412,aps_raw,200,9,852,0.9964788732394366,0.99
university,target_142_3412,distance,1,0,1,1.0,0.030000000000000027
university,target_142_3412,distance,1,1,2,1.0,0.15999999999999998
university,target_142_3412,distance,1,3,1,0.0,0.36
university,target_142_3412,distance,1,4,6,0.8333333333333334,0.4533333333333333
university,target_142_3412,distance,1,5,3,0.3333333333333333,0.5633333333333334
university,target_142_3412,distance,1,6,3,0.3333333333333333,0.63
university,target_142_3412,distance,1,7,21,0.6190476190476191,0.7495238095238095
university,target_142_3412,distance,1,8,62,0.7419354838709677,0.8561290322580645
university,target_142_3412,distance,1,9,753,0.42895086321381143,0.9554183266932271
university,target_142_3412,distance,20,9,852,0.49178403755868544,0.9842253521126763
university,target_142_3412,distance,50,9,852,0.49178403755868544,0.9896948356807512
university,target_142_3412,distance,100,9,852,0.4953051643192488,0.99
university,target_142_3412,distance,200,9,852,0.4964788732394366,0.99
university,target_142_3412,aps_raw,1,9,852,0.460093896713615,0.9359272300469482
university,target_142_3412,aps_raw,20,9,852,0.49178403755868544,0.9800000000000003
university,target_142_3412,aps_raw,50,9,852,0.49178403755868544,0.9800000000000003
university,target_142_3412,aps_raw,100,9,852,0.4953051643192488,0.99
university,target_142_3412,aps_raw,200,9,852,0.4964788732394366,0.99
university,target_71_3413,distance,1,0,4,0.5,0.04000000000000001
university,target_71_3413,distance,1,1,5,0.8,0.13999999999999999
university,target_71_3413,distance,1,3,1,0.0,0.36
university,target_71_3413,distance,1,4,5,0.6,0.462
university,target_71_3413,distance,1,5,4,0.5,0.5525
university,target_71_3413,distance,1,6,8,0.5,0.6312499999999999
university,target_71_3413,distance,1,7,34,0.7058823529411765,0.7535294117647059
university,target_71_3413,distance,1,8,92,0.8804347826086957,0.8572826086956522
university,target_71_3413,distance,1,9,699,0.6723891273247496,0.950214592274678
university,target_71_3413,distance,20,9,852,0.7429577464788732,0.9816079812206575
university,target_71_3413,distance,50,9,852,0.7429577464788732,0.9887558685446011
university,target_71_3413,distance,100,9,852,0.7453051643192489,0.9899647887323945
university,target_71_3413,distance,200,9,852,0.7464788732394366,0.99
university,target_71_3413,aps_raw,1,9,852,0.6924882629107981,0.9386032863849764
university,target_71_3413,aps_raw,20,9,852,0.7429577464788732,0.9800000000000003
university,target_71_3413,aps_raw,50,9,852,0.7429577464788732,0.9800000000000003
university,target_71_3413,aps_raw,100,9,852,0.7453051643192489,0.99
university,target_71_3413,aps_raw,200,9,852,0.7464788732394366,0.99
university,control_71_3413,distance,1,0,3,0.3333333333333333,0.043333333333333335
university,control_71_3413,distance,1,1,3,0.6666666666666666,0.12666666666666668
university,control_71_3413,distance,1,3,2,0.5,0.36
university,control_71_3413,distance,1,4,7,0.8571428571428571,0.45285714285714285
university,control_71_3413,distance,1,5,10,0.7,0.5590000000000002
university,control_71_3413,distance,1,6,12,0.6666666666666666,0.6516666666666666
university,control_71_3413,distance,1,7,39,0.8974358974358975,0.751025641025641
university,control_71_3413,distance,1,8,128,0.9375,0.8595312500000001
university,control_71_3413,distance,1,9,648,0.9274691358024691,0.94733024691358
university,control_71_3413,distance,20,9,852,0.9917840375586855,0.9809037558685448
university,control_71_3413,distance,50,9,852,0.9917840375586855,0.9885211267605634
university,control_71_3413,distance,100,9,852,0.9953051643192489,0.9899530516431926
university,control_71_3413,distance,200,9,852,0.9964788732394366,0.99
university,control_71_3413,aps_raw,1,9,852,0.9166666666666666,0.940352112676056
university,control_71_3413,aps_raw,20,9,852,0.9917840375586855,0.9800000000000003
university,control_71_3413,aps_raw,50,9,852,0.9917840375586855,0.9800000000000003
university,control_71_3413,aps_raw,100,9,852,0.9953051643192489,0.99
university,control_71_3413,aps_raw,200,9,852,0.9964788732394366,0.99
university,target_142_3413,distance,1,4,1,0.0,0.49
university,target_142_3413,distance,1,5,3,0.6666666666666666,0.5566666666666668
university,target_142_3413,distance,1,6,5,0.6,0.634
university,target_142_3413,distance,1,7,22,0.6818181818181818,0.7572727272727273
university,target_142_3413,distance,1,8,53,0.8113207547169812,0.8566037735849056
university,target_142_3413,distance,1,9,768,0.44921875,0.9555729166666665
university,target_142_3413,distance,20,9,852,0.4964788732394366,0.9844248826291083
university,target_142_3413,distance,50,9,852,0.4964788732394366,0.9895657276995307
university,target_142_3413,distance,100,9,852,0.49765258215962443,0.99
university,target_142_3413,distance,200,9,852,0.4988262910798122,0.99
university,target_142_3413,aps_raw,1,9,852,0.4788732394366197,0.9360093896713613
university,target_142_3413,aps_raw,20,9,852,0.4964788732394366,0.9800000000000003
university,target_142_3413,aps_raw,50,9,852,0.4964788732394366,0.9800000000000003
university,target_142_3413,aps_raw,100,9,852,0.49765258215962443,0.99
university,target_142_3413,aps_raw,200,9,852,0.4988262910798122,0.99
university,target_71_3414,distance,1,0,1,1.0,0.030000000000000027
university,target_71_3414,distance,1,1,2,1.0,0.15999999999999998
university,target_71_3414,distance,1,3,1,1.0,0.36
university,target_71_3414,distance,1,4,2,0.5,0.47
university,target_71_3414,distance,1,5,6,0.8333333333333334,0.5566666666666668
university,target_71_3414,distance,1,6,9,0.6666666666666666,0.64
university,target_71_3414,distance,1,7,38,0.7368421052631579,0.7513157894736842
university,target_71_3414,distance,1,8,101,0.8316831683168316,0.8569306930693068
university,target_71_3414,distance,1,9,692,0.6589595375722543,0.9504190751445086
university,target_71_3414,distance,20,9,852,0.7429577464788732,0.981549295774648
university,target_71_3414,distance,50,9,852,0.7429577464788732,0.9887793427230047
university,target_71_3414,distance,100,9,852,0.7453051643192489,0.9899647887323945
university,target_71_3414,distance,200,9,852,0.7464788732394366,0.99
university,target_71_3414,aps_raw,1,9,852,0.6854460093896714,0.9382511737089198
university,target_71_3414,aps_raw,20,9,852,0.7429577464788732,0.9800000000000003
university,target_71_3414,aps_raw,50,9,852,0.7429577464788732,0.9800000000000003
university,target_71_3414,aps_raw,100,9,852,0.7453051643192489,0.99
university,target_71_3414,aps_raw,200,9,852,0.7464788732394366,0.99
university,control_71_3414,distance,1,0,3,0.3333333333333333,0.043333333333333335
university,control_71_3414,distance,1,1,3,0.6666666666666666,0.12666666666666668
university,control_71_3414,distance,1,3,2,0.5,0.36
university,control_71_3414,distance,1,4,8,0.75,0.4575
university,control_71_3414,distance,1,5,10,0.8,0.557
university,control_71_3414,distance,1,6,12,0.6666666666666666,0.6391666666666667
university,control_71_3414,distance,1,7,40,0.85,0.751
university,control_71_3414,distance,1,8,127,0.937007874015748,0.8590551181102362
university,control_71_3414,distance,1,9,647,0.9273570324574961,0.9469860896445133
university,control_71_3414,distance,20,9,852,0.9917840375586855,0.9810211267605635
university,control_71_3414,distance,50,9,852,0.9917840375586855,0.9885328638497652
university,control_71_3414,distance,100,9,852,0.9953051643192489,0.9899413145539907
university,control_71_3414,distance,200,9,852,0.9964788732394366,0.99
university,control_71_3414,aps_raw,1,9,852,0.9143192488262911,0.9403990610328636
university,control_71_3414,aps_raw,20,9,852,0.9917840375586855,0.9800000000000003
university,control_71_3414,aps_raw,50,9,852,0.9917840375586855,0.9800000000000003
university,control_71_3414,aps_raw,100,9,852,0.9953051643192489,0.99
university,control_71_3414,aps_raw,200,9,852,0.9964788732394366,0.99
university,target_142_3414,distance,1,0,1,1.0,0.030000000000000027
university,target_142_3414,distance,1,1,2,1.0,0.15999999999999998
university,target_142_3414,distance,1,5,5,0.8,0.5600000000000002
university,target_142_3414,distance,1,6,4,0.5,0.645
university,target_142_3414,distance,1,7,27,0.5925925925925926,0.7529629629629631
university,target_142_3414,distance,1,8,68,0.7205882352941176,0.8600000000000001
university,target_142_3414,distance,1,9,745,0.4348993288590604,0.9545637583892617
university,target_142_3414,distance,20,9,852,0.4964788732394366,0.9840610328638498
university,target_142_3414,distance,50,9,852,0.4964788732394366,0.9895892018779344
university,target_142_3414,distance,100,9,852,0.49765258215962443,0.99
university,target_142_3414,distance,200,9,852,0.49765258215962443,0.99
university,target_142_3414,aps_raw,1,9,852,0.4671361502347418,0.9361032863849762
university,target_142_3414,aps_raw,20,9,852,0.4964788732394366,0.9800000000000003
university,target_142_3414,aps_raw,50,9,852,0.4964788732394366,0.9800000000000003
university,target_142_3414,aps_raw,100,9,852,0.49765258215962443,0.99
university,target_142_3414,aps_raw,200,9,852,0.49765258215962443,0.99
university,target_71_3415,distance,1,0,4,0.5,0.04000000000000001
university,target_71_3415,distance,1,1,5,0.8,0.13999999999999999
university,target_71_3415,distance,1,3,2,0.5,0.36
university,target_71_3415,distance,1,4,6,0.6666666666666666,0.45999999999999996
university,target_71_3415,distance,1,5,7,0.8571428571428571,0.5542857142857144
university,target_71_3415,distance,1,6,9,0.5555555555555556,0.6399999999999999
university,target_71_3415,distance,1,7,35,0.8,0.75
university,target_71_3415,distance,1,8,96,0.84375,0.8596875
university,target_71_3415,distance,1,9,688,0.6569767441860465,0.950828488372093
university,target_71_3415,distance,20,9,852,0.7464788732394366,0.9814201877934273
university,target_71_3415,distance,50,9,852,0.7464788732394366,0.9887206572769954
university,target_71_3415,distance,100,9,852,0.7476525821596244,0.9899647887323945
university,target_71_3415,distance,200,9,852,0.7488262910798122,0.99
university,target_71_3415,aps_raw,1,9,852,0.6842723004694836,0.9383920187793424
university,target_71_3415,aps_raw,20,9,852,0.7464788732394366,0.9800000000000003
university,target_71_3415,aps_raw,50,9,852,0.7464788732394366,0.9800000000000003
university,target_71_3415,aps_raw,100,9,852,0.7476525821596244,0.99
university,target_71_3415,aps_raw,200,9,852,0.7488262910798122,0.99
university,control_71_3415,distance,1,0,4,0.5,0.04000000000000001
university,control_71_3415,distance,1,1,5,0.8,0.13999999999999999
university,control_71_3415,distance,1,3,2,0.5,0.36
university,control_71_3415,distance,1,4,7,0.8571428571428571,0.45285714285714285
university,control_71_3415,distance,1,5,10,0.7,0.5590000000000002
university,control_71_3415,distance,1,6,11,0.7272727272727273,0.649090909090909
university,control_71_3415,distance,1,7,41,0.926829268292683,0.7548780487804878
university,control_71_3415,distance,1,8,129,0.9302325581395349,0.8588372093023255
university,control_71_3415,distance,1,9,643,0.9284603421461898,0.9471228615863142
university,control_71_3415,distance,20,9,852,0.9917840375586855,0.9809741784037561
university,control_71_3415,distance,50,9,852,0.9917840375586855,0.9884624413145541
university,control_71_3415,distance,100,9,852,0.9953051643192489,0.9899295774647888
university,control_71_3415,distance,200,9,852,0.9964788732394366,0.99
university,control_71_3415,aps_raw,1,9,852,0.9190140845070423,0.9404342723004692
university,control_71_3415,aps_raw,20,9,852,0.9917840375586855,0.9800000000000003
university,control_71_3415,aps_raw,50,9,852,0.9917840375586855,0.9800000000000003
university,control_71_3415,aps_raw,100,9,852,0.9953051643192489,0.99
university,control_71_3415,aps_raw,200,9,852,0.9964788732394366,0.99
university,target_142_3415,distance,1,0,4,0.5,0.04000000000000001
university,target_142_3415,distance,1,1,5,0.8,0.13999999999999999
university,target_142_3415,distance,1,3,1,1.0,0.36
university,target_142_3415,distance,1,4,2,0.5,0.47
university,target_142_3415,distance,1,5,4,1.0,0.5625
university,target_142_3415,distance,1,6,5,0.8,0.6439999999999999
university,target_142_3415,distance,1,7,28,0.75,0.7535714285714287
university,target_142_3415,distance,1,8,73,0.726027397260274,0.8573972602739726
university,target_142_3415,distance,1,9,730,0.4136986301369863,0.9554931506849315
university,target_142_3415,distance,20,9,852,0.4964788732394366,0.9840727699530517
university,target_142_3415,distance,50,9,852,0.4964788732394366,0.9895422535211269
university,target_142_3415,distance,100,9,852,0.49765258215962443,0.99
university,target_142_3415,distance,200,9,852,0.4988262910798122,0.99
university,target_142_3415,aps_raw,1,9,852,0.460093896713615,0.9361032863849762
university,target_142_3415,aps_raw,20,9,852,0.4964788732394366,0.9800000000000003
university,target_142_3415,aps_raw,50,9,852,0.4964788732394366,0.9800000000000003
university,target_142_3415,aps_raw,100,9,852,0.49765258215962443,0.99
university,target_142_3415,aps_raw,200,9,852,0.4988262910798122,0.99
university,target_71_3416,distance,1,0,4,0.5,0.04000000000000001
university,target_71_3416,distance,1,1,5,0.8,0.13999999999999999
university,target_71_3416,distance,1,3,1,0.0,0.36
university,target_71_3416,distance,1,4,5,0.8,0.44799999999999995
university,target_71_3416,distance,1,5,9,0.7777777777777778,0.5588888888888889
university,target_71_3416,distance,1,6,8,0.375,0.6387499999999999
university,target_71_3416,distance,1,7,41,0.8536585365853658,0.7524390243902439
university,target_71_3416,distance,1,8,74,0.8648648648648649,0.8574324324324325
university,target_71_3416,distance,1,9,705,0.6609929078014184,0.9500992907801418
university,target_71_3416,distance,20,9,852,0.7429577464788732,0.9815962441314556
university,target_71_3416,distance,50,9,852,0.7429577464788732,0.9887910798122066
university,target_71_3416,distance,100,9,852,0.7453051643192489,0.9899647887323945
university,target_71_3416,distance,200,9,852,0.7464788732394366,0.99
university,target_71_3416,aps_raw,1,9,852,0.6866197183098591,0.9385211267605631
university,target_71_3416,aps_raw,20,9,852,0.7429577464788732,0.9800000000000003
university,target_71_3416,aps_raw,50,9,852,0.7429577464788732,0.9800000000000003
university,target_71_3416,aps_raw,100,9,852,0.7453051643192489,0.99
university,target_71_3416,aps_raw,200,9,852,0.7464788732394366,0.99
university,control_71_3416,distance,1,0,3,0.3333333333333333,0.043333333333333335
university,control_71_3416,distance,1,1,3,0.6666666666666666,0.12666666666666668
university,control_71_3416,distance,1,3,2,0.5,0.36
university,control_71_3416,distance,1,4,7,0.8571428571428571,0.45285714285714285
university,control_71_3416,distance,1,5,10,0.7,0.5590000000000002
university,control_71_3416,distance,1,6,12,0.6666666666666666,0.6516666666666666
university,control_71_3416,distance,1,7,38,0.8947368421052632,0.7505263157894736
university,control_71_3416,distance,1,8,132,0.9393939393939394,0.8594696969696969
university,control_71_3416,distance,1,9,645,0.9271317829457364,0.9470697674418604
university,control_71_3416,distance,20,9,852,0.9917840375586855,0.9809154929577467
university,control_71_3416,distance,50,9,852,0.9917840375586855,0.9885563380281691
university,control_71_3416,distance,100,9,852,0.9953051643192489,0.9899295774647888
university,control_71_3416,distance,200,9,852,0.9964788732394366,0.99
university,control_71_3416,aps_raw,1,9,852,0.9166666666666666,0.9403286384976524
university,control_71_3416,aps_raw,20,9,852,0.9917840375586855,0.9800000000000003
university,control_71_3416,aps_raw,50,9,852,0.9917840375586855,0.9800000000000003
university,control_71_3416,aps_raw,100,9,852,0.9953051643192489,0.99
university,control_71_3416,aps_raw,200,9,852,0.9964788732394366,0.99
university,target_142_3416,distance,1,0,1,1.0,0.030000000000000027
university,target_142_3416,distance,1,1,2,1.0,0.15999999999999998
university,target_142_3416,distance,1,5,3,1.0,0.5466666666666667
university,target_142_3416,distance,1,6,2,0.5,0.6499999999999999
university,target_142_3416,distance,1,7,16,0.5625,0.7437499999999999
university,target_142_3416,distance,1,8,55,0.6363636363636364,0.8583636363636363
university,target_142_3416,distance,1,9,773,0.44372574385511,0.9561319534282017
university,target_142_3416,distance,20,9,852,0.49295774647887325,0.9843427230046949
university,target_142_3416,distance,50,9,852,0.49295774647887325,0.9895422535211269
university,target_142_3416,distance,100,9,852,0.4953051643192488,0.99
university,target_142_3416,distance,200,9,852,0.4964788732394366,0.99
university,target_142_3416,aps_raw,1,9,852,0.4624413145539906,0.9358333333333331
university,target_142_3416,aps_raw,20,9,852,0.49295774647887325,0.9800000000000003
university,target_142_3416,aps_raw,50,9,852,0.49295774647887325,0.9800000000000003
university,target_142_3416,aps_raw,100,9,852,0.4953051643192488,0.99
university,target_142_3416,aps_raw,200,9,852,0.4964788732394366,0.99
university,target_71_3417,distance,1,0,3,0.3333333333333333,0.043333333333333335
university,target_71_3417,distance,1,1,3,0.6666666666666666,0.12666666666666668
university,target_71_3417,distance,1,4,3,0.6666666666666666,0.4633333333333334
university,target_71_3417,distance,1,5,5,0.8,0.56
university,target_71_3417,distance,1,6,11,0.5454545454545454,0.6454545454545454
university,target_71_3417,distance,1,7,39,0.8205128205128205,0.7538461538461538
university,target_71_3417,distance,1,8,97,0.9072164948453608,0.8582474226804123
university,target_71_3417,distance,1,9,691,0.6468885672937771,0.9507091172214182
university,target_71_3417,distance,20,9,852,0.7417840375586855,0.9812323943661975
university,target_71_3417,distance,50,9,852,0.7417840375586855,0.9887558685446011
university,target_71_3417,distance,100,9,852,0.7429577464788732,0.9899647887323945
university,target_71_3417,distance,200,9,852,0.7464788732394366,0.99
university,target_71_3417,aps_raw,1,9,852,0.6830985915492958,0.9383215962441313
university,target_71_3417,aps_raw,20,9,852,0.7417840375586855,0.9800000000000003
university,target_71_3417,aps_raw,50,9,852,0.7417840375586855,0.9800000000000003
university,target_71_3417,aps_raw,100,9,852,0.7429577464788732,0.99
university,target_71_3417,aps_raw,200,9,852,0.7464788732394366,0.99
university,control_71_3417,distance,1,0,4,0.5,0.04000000000000001
university,control_71_3417,distance,1,1,5,0.8,0.13999999999999999
university,control_71_3417,distance,1,3,2,0.5,0.36
university,control_71_3417,distance,1,4,7,0.8571428571428571,0.45285714285714285
university,control_71_3417,distance,1,5,10,0.7,0.5590000000000002
university,control_71_3417,distance,1,6,11,0.7272727272727273,0.649090909090909
university,control_71_3417,distance,1,7,40,0.925,0.75225
university,control_71_3417,distance,1,8,131,0.9236641221374046,0.858854961832061
university,control_71_3417,distance,1,9,642,0.9236760124610592,0.9469781931464175
university,control_71_3417,distance,20,9,852,0.9917840375586855,0.9807394366197185
university,control_71_3417,distance,50,9,852,0.9917840375586855,0.9884624413145541
university,control_71_3417,distance,100,9,852,0.9953051643192489,0.9899530516431926
university,control_71_3417,distance,200,9,852,0.9964788732394366,0.99
university,control_71_3417,aps_raw,1,9,852,0.9143192488262911,0.9404225352112672
university,control_71_3417,aps_raw,20,9,852,0.9917840375586855,0.9800000000000003
university,control_71_3417,aps_raw,50,9,852,0.9917840375586855,0.9800000000000003
university,control_71_3417,aps_raw,100,9,852,0.9953051643192489,0.99
university,control_71_3417,aps_raw,200,9,852,0.9964788732394366,0.99
university,target_142_3417,distance,1,0,3,0.3333333333333333,0.043333333333333335
university,target_142_3417,distance,1,1,3,0.6666666666666666,0.12666666666666668
university,target_142_3417,distance,1,4,3,0.6666666666666666,0.4633333333333334
university,target_142_3417,distance,1,5,4,0.75,0.5575000000000001
university,target_142_3417,distance,1,6,7,0.42857142857142855,0.6457142857142857
university,target_142_3417,distance,1,7,29,0.7931034482758621,0.7544827586206895
university,target_142_3417,distance,1,8,45,0.8,0.8571111111111113
university,target_142_3417,distance,1,9,758,0.4313984168865435,0.955778364116095
university,target_142_3417,distance,20,9,852,0.4964788732394366,0.9838380281690142
university,target_142_3417,distance,50,9,852,0.4964788732394366,0.989530516431925
university,target_142_3417,distance,100,9,852,0.49765258215962443,0.99
university,target_142_3417,distance,200,9,852,0.49765258215962443,0.99
university,target_142_3417,aps_raw,1,9,852,0.465962441314554,0.9363028169014082
university,target_142_3417,aps_raw,20,9,852,0.4964788732394366,0.9800000000000003
university,target_142_3417,aps_raw,50,9,852,0.4964788732394366,0.9800000000000003
university,target_142_3417,aps_raw,100,9,852,0.49765258215962443,0.99
university,target_142_3417,aps_raw,200,9,852,0.49765258215962443,0.99
university,target_71_3418,distance,1,3,2,0.5,0.36
university,target_71_3418,distance,1,4,6,0.8333333333333334,0.4583333333333333
university,target_71_3418,distance,1,5,7,0.5714285714285714,0.5600000000000002
university,target_71_3418,distance,1,6,9,0.4444444444444444,0.6533333333333333
university,target_71_3418,distance,1,7,35,0.7714285714285715,0.7539999999999999
university,target_71_3418,distance,1,8,92,0.782608695652174,0.8569565217391306
university,target_71_3418,distance,1,9,701,0.6633380884450785,0.9507275320970043
university,target_71_3418,distance,20,9,852,0.7429577464788732,0.9815845070422538
university,target_71_3418,distance,50,9,852,0.7429577464788732,0.988849765258216
university,target_71_3418,distance,100,9,852,0.7453051643192489,0.9899765258215962
university,target_71_3418,distance,200,9,852,0.7464788732394366,0.99
university,target_71_3418,aps_raw,1,9,852,0.6784037558685446,0.9384154929577462
university,target_71_3418,aps_raw,20,9,852,0.7429577464788732,0.9800000000000003
university,target_71_3418,aps_raw,50,9,852,0.7429577464788732,0.9800000000000003
university,target_71_3418,aps_raw,100,9,852,0.7453051643192489,0.99
university,target_71_3418,aps_raw,200,9,852,0.7464788732394366,0.99
university,control_71_3418,distance,1,0,4,0.5,0.04000000000000001
university,control_71_3418,distance,1,1,5,0.8,0.13999999999999999
university,control_71_3418,distance,1,3,2,0.5,0.36
university,control_71_3418,distance,1,4,7,0.8571428571428571,0.45285714285714285
university,control_71_3418,distance,1,5,10,0.7,0.5590000000000002
university,control_71_3418,distance,1,6,11,0.7272727272727273,0.649090909090909
university,control_71_3418,distance,1,7,42,0.9285714285714286,0.7547619047619049
university,control_71_3418,distance,1,8,130,0.9307692307692308,0.8583846153846154
university,control_71_3418,distance,1,9,641,0.9266770670826833,0.9471606864274571
university,control_71_3418,distance,20,9,852,0.9917840375586855,0.980985915492958
university,control_71_3418,distance,50,9,852,0.9917840375586855,0.9885446009389671
university,control_71_3418,distance,100,9,852,0.9953051643192489,0.9899295774647888
university,control_71_3418,distance,200,9,852,0.9964788732394366,0.99
university,control_71_3418,aps_raw,1,9,852,0.9178403755868545,0.9404577464788729
university,control_71_3418,aps_raw,20,9,852,0.9917840375586855,0.9800000000000003
university,control_71_3418,aps_raw,50,9,852,0.9917840375586855,0.9800000000000003
university,control_71_3418,aps_raw,100,9,852,0.9953051643192489,0.99
university,control_71_3418,aps_raw,200,9,852,0.9964788732394366,0.99
university,target_142_3418,distance,1,5,2,0.5,0.5650000000000001
university,target_142_3418,distance,1,6,7,0.5714285714285714,0.6528571428571429
university,target_142_3418,distance,1,7,23,0.5652173913043478,0.751304347826087
university,target_142_3418,distance,1,8,60,0.6833333333333333,0.8561666666666666
university,target_142_3418,distance,1,9,760,0.44342105263157894,0.9565526315789474
university,target_142_3418,distance,20,9,852,0.4964788732394366,0.9841901408450706
university,target_142_3418,distance,50,9,852,0.4964788732394366,0.9895657276995307
university,target_142_3418,distance,100,9,852,0.49765258215962443,0.99
university,target_142_3418,distance,200,9,852,0.49765258215962443,0.99
university,target_142_3418,aps_raw,1,9,852,0.4647887323943662,0.9357746478873238
university,target_142_3418,aps_raw,20,9,852,0.4964788732394366,0.9800000000000003
university,target_142_3418,aps_raw,50,9,852,0.4964788732394366,0.9800000000000003
university,target_142_3418,aps_raw,100,9,852,0.49765258215962443,0.99
university,target_142_3418,aps_raw,200,9,852,0.49765258215962443,0.99
university,target_71_3419,distance,1,0,1,1.0,0.030000000000000027
university,target_71_3419,distance,1,1,2,1.0,0.15999999999999998
university,target_71_3419,distance,1,3,2,0.5,0.36
university,target_71_3419,distance,1,4,6,0.6666666666666666,0.45999999999999996
university,target_71_3419,distance,1,5,6,0.6666666666666666,0.5583333333333335
university,target_71_3419,distance,1,6,11,0.6363636363636364,0.6409090909090909
university,target_71_3419,distance,1,7,36,0.6666666666666666,0.7513888888888888
university,target_71_3419,distance,1,8,107,0.8130841121495327,0.8600934579439251
university,target_71_3419,distance,1,9,681,0.657856093979442,0.9497797356828194
university,target_71_3419,distance,20,9,852,0.7417840375586855,0.9815140845070425
university,target_71_3419,distance,50,9,852,0.7417840375586855,0.9888849765258217
university,target_71_3419,distance,100,9,852,0.744131455399061,0.9899882629107981
university,target_71_3419,distance,200,9,852,0.7464788732394366,0.99
university,target_71_3419,aps_raw,1,9,852,0.6784037558685446,0.93862676056338
university,target_71_3419,aps_raw,20,9,852,0.7417840375586855,0.9800000000000003
university,target_71_3419,aps_raw,50,9,852,0.7417840375586855,0.9800000000000003
university,target_71_3419,aps_raw,100,9,852,0.744131455399061,0.99
university,target_71_3419,aps_raw,200,9,852,0.7464788732394366,0.99
university,control_71_3419,distance,1,0,3,0.3333333333333333,0.043333333333333335
university,control_71_3419,distance,1,1,3,0.6666666666666666,0.12666666666666668
university,control_71_3419,distance,1,3,2,0.5,0.36
university,control_71_3419,distance,1,4,7,0.8571428571428571,0.45285714285714285
university,control_71_3419,distance,1,5,10,0.7,0.5590000000000002
university,control_71_3419,distance,1,6,11,0.7272727272727273,0.649090909090909
university,control_71_3419,distance,1,7,40,0.925,0.752
university,control_71_3419,distance,1,8,130,0.9307692307692308,0.8585384615384615
university,control_71_3419,distance,1,9,646,0.9272445820433437,0.9470588235294117
university,control_71_3419,distance,20,9,852,0.9917840375586855,0.9809389671361505
university,control_71_3419,distance,50,9,852,0.9917840375586855,0.9885446009389671
university,control_71_3419,distance,100,9,852,0.9953051643192489,0.9899530516431926
university,control_71_3419,distance,200,9,852,0.9964788732394366,0.99
university,control_71_3419,aps_raw,1,9,852,0.9178403755868545,0.9403873239436618
university,control_71_3419,aps_raw,20,9,852,0.9917840375586855,0.9800000000000003
university,control_71_3419,aps_raw,50,9,852,0.9917840375586855,0.9800000000000003
university,control_71_3419,aps_raw,100,9,852,0.9953051643192489,0.99
university,control_71_3419,aps_raw,200,9,852,0.9964788732394366,0.99
university,target_142_3419,distance,1,0,1,1.0,0.030000000000000027
university,target_142_3419,distance,1,1,2,1.0,0.15999999999999998
university,target_142_3419,distance,1,5,1,0.0,0.5700000000000001
university,target_142_3419,distance,1,6,6,0.3333333333333333,0.6566666666666666
university,target_142_3419,distance,1,7,22,0.45454545454545453,0.7481818181818182
university,target_142_3419,distance,1,8,60,0.6833333333333333,0.8625
university,target_142_3419,distance,1,9,760,0.4368421052631579,0.9560657894736843
university,target_142_3419,distance,20,9,852,0.4953051643192488,0.984448356807512
university,target_142_3419,distance,50,9,852,0.4953051643192488,0.9896009389671363
university,target_142_3419,distance,100,9,852,0.49765258215962443,0.99
university,target_142_3419,distance,200,9,852,0.49765258215962443,0.99
university,target_142_3419,aps_raw,1,9,852,0.45539906103286387,0.9361502347417838
university,target_142_3419,aps_raw,20,9,852,0.4953051643192488,0.9800000000000003
university,target_142_3419,aps_raw,50,9,852,0.4953051643192488,0.9800000000000003
university,target_142_3419,aps_raw,100,9,852,0.49765258215962443,0.99
university,target_142_3419,aps_raw,200,9,852,0.49765258215962443,0.99
university,target_71_3420,distance,1,0,1,1.0,0.030000000000000027
university,target_71_3420,distance,1,1,2,1.0,0.15999999999999998
university,target_71_3420,distance,1,3,1,0.0,0.36
university,target_71_3420,distance,1,4,7,0.7142857142857143,0.4585714285714286
university,target_71_3420,distance,1,5,4,0.75,0.56
university,target_71_3420,distance,1,6,7,0.7142857142857143,0.6485714285714286
university,target_71_3420,distance,1,7,25,0.76,0.742
university,target_71_3420,distance,1,8,96,0.8229166666666666,0.8583333333333334
university,target_71_3420,distance,1,9,709,0.6741889985895627,0.951706629055007
university,target_71_3420,distance,20,9,852,0.7453051643192489,0.9815375586854462
university,target_71_3420,distance,50,9,852,0.7453051643192489,0.9888145539906104
university,target_71_3420,distance,100,9,852,0.7476525821596244,0.9899765258215962
university,target_71_3420,distance,200,9,852,0.7488262910798122,0.99
university,target_71_3420,aps_raw,1,9,852,0.6948356807511737,0.9383802816901405
university,target_71_3420,aps_raw,20,9,852,0.7453051643192489,0.9800000000000003
university,target_71_3420,aps_raw,50,9,852,0.7453051643192489,0.9800000000000003
university,target_71_3420,aps_raw,100,9,852,0.7476525821596244,0.99
university,target_71_3420,aps_raw,200,9,852,0.7488262910798122,0.99
university,control_71_3420,distance,1,0,4,0.5,0.04000000000000001
university,control_71_3420,distance,1,1,5,0.8,0.13999999999999999
university,control_71_3420,distance,1,3,2,0.5,0.36
university,control_71_3420,distance,1,4,7,0.8571428571428571,0.45285714285714285
university,control_71_3420,distance,1,5,10,0.7,0.5590000000000002
university,control_71_3420,distance,1,6,11,0.7272727272727273,0.649090909090909
university,control_71_3420,distance,1,7,39,0.9230769230769231,0.7515384615384615
university,control_71_3420,distance,1,8,132,0.9318181818181818,0.8587878787878788
university,control_71_3420,distance,1,9,642,0.926791277258567,0.9473520249221182
university,control_71_3420,distance,20,9,852,0.9917840375586855,0.9809624413145542
university,control_71_3420,distance,50,9,852,0.9917840375586855,0.9885680751173709
university,control_71_3420,distance,100,9,852,0.9953051643192489,0.9899530516431926
university,control_71_3420,distance,200,9,852,0.9964788732394366,0.99
university,control_71_3420,aps_raw,1,9,852,0.9178403755868545,0.9403990610328636
university,control_71_3420,aps_raw,20,9,852,0.9917840375586855,0.9800000000000003
university,control_71_3420,aps_raw,50,9,852,0.9917840375586855,0.9800000000000003
university,control_71_3420,aps_raw,100,9,852,0.9953051643192489,0.99
university,control_71_3420,aps_raw,200,9,852,0.9964788732394366,0.99
university,target_142_3420,distance,1,0,1,1.0,0.030000000000000027
university,target_142_3420,distance,1,1,2,1.0,0.15999999999999998
university,target_142_3420,distance,1,4,1,0.0,0.49
university,target_142_3420,distance,1,5,1,1.0,0.55
university,target_142_3420,distance,1,6,7,0.7142857142857143,0.6485714285714286
university,target_142_3420,distance,1,7,20,0.6,0.7484999999999999
university,target_142_3420,distance,1,8,70,0.7142857142857143,0.856
university,target_142_3420,distance,1,9,750,0.43066666666666664,0.95748
university,target_142_3420,distance,20,9,852,0.4988262910798122,0.9841314553990613
university,target_142_3420,distance,50,9,852,0.4988262910798122,0.9895422535211269
university,target_142_3420,distance,100,9,852,0.5,0.99
university,target_142_3420,distance,200,9,852,0.5,0.99
university,target_142_3420,aps_raw,1,9,852,0.4624413145539906,0.9358802816901407
university,target_142_3420,aps_raw,20,9,852,0.4988262910798122,0.9800000000000003
university,target_142_3420,aps_raw,50,9,852,0.4988262910798122,0.9800000000000003
university,target_142_3420,aps_raw,100,9,852,0.5,0.99
university,target_142_3420,aps_raw,200,9,852,0.5,0.99
university,target_71_3421,distance,1,0,1,1.0,0.030000000000000027
university,target_71_3421,distance,1,1,2,1.0,0.15999999999999998
university,target_71_3421,distance,1,3,2,0.5,0.36
university,target_71_3421,distance,1,4,6,0.6666666666666666,0.45999999999999996
university,target_71_3421,distance,1,5,7,0.7142857142857143,0.5542857142857144
university,target_71_3421,distance,1,6,8,0.375,0.6399999999999999
university,target_71_3421,distance,1,7,33,0.7575757575757576,0.749090909090909
university,target_71_3421,distance,1,8,94,0.776595744680851,0.8572340425531915
university,target_71_3421,distance,1,9,699,0.6766809728183119,0.9510300429184549
university,target_71_3421,distance,20,9,852,0.7488262910798122,0.9815140845070425
university,target_71_3421,distance,50,9,852,0.7488262910798122,0.9888028169014085
university,target_71_3421,distance,100,9,852,0.7488262910798122,0.9899647887323945
university,target_71_3421,distance,200,9,852,0.75,0.99
university,target_71_3421,aps_raw,1,9,852,0.6889671361502347,0.9383215962441313
university,target_71_3421,aps_raw,20,9,852,0.7488262910798122,0.9800000000000003
university,target_71_3421,aps_raw,50,9,852,0.7488262910798122,0.9800000000000003
university,target_71_3421,aps_raw,100,9,852,0.7488262910798122,0.99
university,target_71_3421,aps_raw,200,9,852,0.75,0.99
university,control_71_3421,distance,1,0,3,0.3333333333333333,0.043333333333333335
university,control_71_3421,distance,1,1,3,0.6666666666666666,0.12666666666666668
university,control_71_3421,distance,1,3,2,0.5,0.36
university,control_71_3421,distance,1,4,8,0.75,0.4575
university,control_71_3421,distance,1,5,10,0.8,0.557
university,control_71_3421,distance,1,6,12,0.6666666666666666,0.6391666666666667
university,control_71_3421,distance,1,7,42,0.8571428571428571,0.7533333333333333
university,control_71_3421,distance,1,8,128,0.9296875,0.8582031250000001
university,control_71_3421,distance,1,9,644,0.9239130434782609,0.946692546583851
university,control_71_3421,distance,20,9,852,0.9917840375586855,0.9809272300469486
university,control_71_3421,distance,50,9,852,0.9917840375586855,0.9885446009389672
university,control_71_3421,distance,100,9,852,0.9953051643192489,0.9899178403755869
university,control_71_3421,distance,200,9,852,0.9964788732394366,0.99
university,control_71_3421,aps_raw,1,9,852,0.9107981220657277,0.9404107981220655
university,control_71_3421,aps_raw,20,9,852,0.9917840375586855,0.9800000000000003
university,control_71_3421,aps_raw,50,9,852,0.9917840375586855,0.9800000000000003
university,control_71_3421,aps_raw,100,9,852,0.9953051643192489,0.99
university,control_71_3421,aps_raw,200,9,852,0.9964788732394366,0.99
university,target_142_3421,distance,1,0,1,1.0,0.030000000000000027
university,target_142_3421,distance,1,1,2,1.0,0.15999999999999998
university,target_142_3421,distance,1,3,2,0.5,0.36
university,target_142_3421,distance,1,4,5,0.8,0.4539999999999999
university,target_142_3421,distance,1,5,4,0.25,0.555
university,target_142_3421,distance,1,6,5,0.4,0.6379999999999999
university,target_142_3421,distance,1,7,28,0.6071428571428571,0.7567857142857143
university,target_142_3421,distance,1,8,64,0.625,0.8571875
university,target_142_3421,distance,1,9,741,0.43724696356275305,0.9561133603238867
university,target_142_3421,distance,20,9,852,0.4988262910798122,0.9841431924882632
university,target_142_3421,distance,50,9,852,0.4988262910798122,0.9895892018779344
university,target_142_3421,distance,100,9,852,0.5,0.99
university,target_142_3421,distance,200,9,852,0.5,0.99
university,target_142_3421,aps_raw,1,9,852,0.460093896713615,0.9362558685446007
university,target_142_3421,aps_raw,20,9,852,0.4988262910798122,0.9800000000000003
university,target_142_3421,aps_raw,50,9,852,0.4988262910798122,0.9800000000000003
university,target_142_3421,aps_raw,100,9,852,0.5,0.99
university,target_142_3421,aps_raw,200,9,852,0.5,0.99
university,target_71_3422,distance,1,0,4,0.5,0.04000000000000001
university,target_71_3422,distance,1,1,5,0.8,0.13999999999999999
university,target_71_3422,distance,1,3,1,0.0,0.36
university,target_71_3422,distance,1,4,7,0.7142857142857143,0.4585714285714286
university,target_71_3422,distance,1,5,6,0.8333333333333334,0.555
university,target_71_3422,distance,1,6,11,0.6363636363636364,0.639090909090909
university,target_71_3422,distance,1,7,27,0.8148148148148148,0.7455555555555555
university,target_71_3422,distance,1,8,89,0.8314606741573034,0.860112359550562
university,target_71_3422,distance,1,9,702,0.6623931623931624,0.9507122507122506
university,target_71_3422,distance,20,9,852,0.7453051643192489,0.9813849765258218
university,target_71_3422,distance,50,9,852,0.7453051643192489,0.9887441314553992
university,target_71_3422,distance,100,9,852,0.7476525821596244,0.9899647887323945
university,target_71_3422,distance,200,9,852,0.7476525821596244,0.99
university,target_71_3422,aps_raw,1,9,852,0.6854460093896714,0.9381807511737087
university,target_71_3422,aps_raw,20,9,852,0.7453051643192489,0.9800000000000003
university,target_71_3422,aps_raw,50,9,852,0.7453051643192489,0.9800000000000003
university,target_71_3422,aps_raw,100,9,852,0.7476525821596244,0.99
university,target_71_3422,aps_raw,200,9,852,0.7476525821596244,0.99
university,control_71_3422,distance,1,0,4,0.5,0.04000000000000001
university,control_71_3422,distance,1,1,5,0.8,0.13999999999999999
university,control_71_3422,distance,1,3,2,0.5,0.36
university,control_71_3422,distance,1,4,8,0.75,0.4575
university,control_71_3422,distance,1,5,10,0.8,0.557
university,control_71_3422,distance,1,6,12,0.6666666666666666,0.6391666666666667
university,control_71_3422,distance,1,7,43,0.8604651162790697,0.7511627906976743
university,control_71_3422,distance,1,8,124,0.9354838709677419,0.8592741935483871
university,control_71_3422,distance,1,9,644,0.9270186335403726,0.947251552795031
university,control_71_3422,distance,20,9,852,0.9917840375586855,0.9808802816901411
university,control_71_3422,distance,50,9,852,0.9917840375586855,0.9885093896713616
university,control_71_3422,distance,100,9,852,0.9953051643192489,0.9899413145539907
university,control_71_3422,distance,200,9,852,0.9964788732394366,0.99
university,control_71_3422,aps_raw,1,9,852,0.9143192488262911,0.940446009389671
university,control_71_3422,aps_raw,20,9,852,0.9917840375586855,0.9800000000000003
university,control_71_3422,aps_raw,50,9,852,0.9917840375586855,0.9800000000000003
university,control_71_3422,aps_raw,100,9,852,0.9953051643192489,0.99
university,control_71_3422,aps_raw,200,9,852,0.9964788732394366,0.99
university,target_142_3422,distance,1,0,3,0.3333333333333333,0.043333333333333335
university,target_142_3422,distance,1,1,3,0.6666666666666666,0.12666666666666668
university,target_142_3422,distance,1,3,1,0.0,0.36
university,target_142_3422,distance,1,4,5,0.8,0.44799999999999995
university,target_142_3422,distance,1,5,4,0.75,0.56
university,target_142_3422,distance,1,6,3,0.0,0.6499999999999999
university,target_142_3422,distance,1,7,23,0.6956521739130435,0.7534782608695653
university,target_142_3422,distance,1,8,56,0.7142857142857143,0.85875
university,target_142_3422,distance,1,9,754,0.4336870026525199,0.9552917771883289
university,target_142_3422,distance,20,9,852,0.4964788732394366,0.9842253521126763
university,target_142_3422,distance,50,9,852,0.4964788732394366,0.9896009389671363
university,target_142_3422,distance,100,9,852,0.49765258215962443,0.99
university,target_142_3422,distance,200,9,852,0.49765258215962443,0.99
university,target_142_3422,aps_raw,1,9,852,0.4612676056338028,0.9358802816901407
university,target_142_3422,aps_raw,20,9,852,0.4964788732394366,0.9800000000000003
university,target_142_3422,aps_raw,50,9,852,0.4964788732394366,0.9800000000000003
university,target_142_3422,aps_raw,100,9,852,0.49765258215962443,0.99
university,target_142_3422,aps_raw,200,9,852,0.49765258215962443,0.99
university,target_71_3423,distance,1,0,4,0.5,0.04000000000000001
university,target_71_3423,distance,1,1,5,0.8,0.13999999999999999
university,target_71_3423,distance,1,3,2,0.5,0.36
university,target_71_3423,distance,1,4,6,0.6666666666666666,0.45999999999999996
university,target_71_3423,distance,1,5,4,0.75,0.55
university,target_71_3423,distance,1,6,9,0.6666666666666666,0.6444444444444444
university,target_71_3423,distance,1,7,25,0.72,0.7460000000000001
university,target_71_3423,distance,1,8,102,0.8137254901960784,0.8599019607843137
university,target_71_3423,distance,1,9,695,0.679136690647482,0.9503021582733814
university,target_71_3423,distance,20,9,852,0.7464788732394366,0.9815727699530519
university,target_71_3423,distance,50,9,852,0.7464788732394366,0.9888262910798122
university,target_71_3423,distance,100,9,852,0.7476525821596244,0.9899765258215962
university,target_71_3423,distance,200,9,852,0.7488262910798122,0.99
university,target_71_3423,aps_raw,1,9,852,0.6960093896713615,0.9386150234741782
university,target_71_3423,aps_raw,20,9,852,0.7464788732394366,0.9800000000000003
university,target_71_3423,aps_raw,50,9,852,0.7464788732394366,0.9800000000000003
university,target_71_3423,aps_raw,100,9,852,0.7476525821596244,0.99
university,target_71_3423,aps_raw,200,9,852,0.7488262910798122,0.99
university,control_71_3423,distance,1,0,3,0.3333333333333333,0.043333333333333335
university,control_71_3423,distance,1,1,3,0.6666666666666666,0.12666666666666668
university,control_71_3423,distance,1,3,2,0.5,0.36
university,control_71_3423,distance,1,4,7,0.8571428571428571,0.45285714285714285
university,control_71_3423,distance,1,5,10,0.7,0.5590000000000002
university,control_71_3423,distance,1,6,12,0.6666666666666666,0.6516666666666666
university,control_71_3423,distance,1,7,39,0.8974358974358975,0.7515384615384614
university,control_71_3423,distance,1,8,131,0.9312977099236641,0.8586259541984732
university,control_71_3423,distance,1,9,645,0.9271317829457364,0.9471162790697673
university,control_71_3423,distance,20,9,852,0.9917840375586855,0.9809624413145542
university,control_71_3423,distance,50,9,852,0.9917840375586855,0.9885446009389671
university,control_71_3423,distance,100,9,852,0.9953051643192489,0.9899178403755869
university,control_71_3423,distance,200,9,852,0.9964788732394366,0.99
university,control_71_3423,aps_raw,1,9,852,0.9154929577464789,0.9403638497652579
university,control_71_3423,aps_raw,20,9,852,0.9917840375586855,0.9800000000000003
university,control_71_3423,aps_raw,50,9,852,0.9917840375586855,0.9800000000000003
university,control_71_3423,aps_raw,100,9,852,0.9953051643192489,0.99
university,control_71_3423,aps_raw,200,9,852,0.9964788732394366,0.99
university,target_142_3423,distance,1,0,4,0.5,0.04000000000000001
university,target_142_3423,distance,1,1,5,0.8,0.13999999999999999
university,target_142_3423,distance,1,3,1,1.0,0.36
university,target_142_3423,distance,1,4,2,0.5,0.47
university,target_142_3423,distance,1,5,3,1.0,0.5533333333333333
university,target_142_3423,distance,1,6,6,0.6666666666666666,0.6416666666666666
university,target_142_3423,distance,1,7,15,0.4,0.7506666666666665
university,target_142_3423,distance,1,8,46,0.5869565217391305,0.8578260869565217
university,target_142_3423,distance,1,9,770,0.45584415584415583,0.9549480519480519
university,target_142_3423,distance,20,9,852,0.4964788732394366,0.9841314553990613
university,target_142_3423,distance,50,9,852,0.4964788732394366,0.9896009389671363
university,target_142_3423,distance,100,9,852,0.49765258215962443,0.99
university,target_142_3423,distance,200,9,852,0.4988262910798122,0.99
university,target_142_3423,aps_raw,1,9,852,0.46830985915492956,0.9362676056338026
university,target_142_3423,aps_raw,20,9,852,0.4964788732394366,0.9800000000000003
university,target_142_3423,aps_raw,50,9,852,0.4964788732394366,0.9800000000000003
university,target_142_3423,aps_raw,100,9,852,0.49765258215962443,0.99
university,target_142_3423,aps_raw,200,9,852,0.4988262910798122,0.99
university,target_71_3424,distance,1,0,3,0.3333333333333333,0.043333333333333335
university,target_71_3424,distance,1,1,3,0.6666666666666666,0.12666666666666668
university,target_71_3424,distance,1,3,1,1.0,0.36
university,target_71_3424,distance,1,4,2,0.5,0.47
university,target_71_3424,distance,1,5,5,1.0,0.556
university,target_71_3424,distance,1,6,8,0.875,0.6475
university,target_71_3424,distance,1,7,31,0.7419354838709677,0.7535483870967742
university,target_71_3424,distance,1,8,91,0.7582417582417582,0.8617582417582418
university,target_71_3424,distance,1,9,708,0.6765536723163842,0.9502401129943503
university,target_71_3424,distance,20,9,852,0.7417840375586855,0.9815962441314556
university,target_71_3424,distance,50,9,852,0.7417840375586855,0.9887910798122066
university,target_71_3424,distance,100,9,852,0.7453051643192489,0.9899765258215962
university,target_71_3424,distance,200,9,852,0.7464788732394366,0.99
university,target_71_3424,aps_raw,1,9,852,0.6901408450704225,0.9384507042253518
university,target_71_3424,aps_raw,20,9,852,0.7417840375586855,0.9800000000000003
university,target_71_3424,aps_raw,50,9,852,0.7417840375586855,0.9800000000000003
university,target_71_3424,aps_raw,100,9,852,0.7453051643192489,0.99
university,target_71_3424,aps_raw,200,9,852,0.7464788732394366,0.99
university,control_71_3424,distance,1,0,4,0.5,0.04000000000000001
university,control_71_3424,distance,1,1,5,0.8,0.13999999999999999
university,control_71_3424,distance,1,3,2,0.5,0.36
university,control_71_3424,distance,1,4,7,0.8571428571428571,0.45285714285714285
university,control_71_3424,distance,1,5,10,0.7,0.5590000000000002
university,control_71_3424,distance,1,6,11,0.7272727272727273,0.649090909090909
university,control_71_3424,distance,1,7,40,0.925,0.75175
university,control_71_3424,distance,1,8,130,0.9307692307692308,0.8590769230769232
university,control_71_3424,distance,1,9,643,0.926905132192846,0.9468118195956453
university,control_71_3424,distance,20,9,852,0.9917840375586855,0.9807981220657279
university,control_71_3424,distance,50,9,852,0.9917840375586855,0.9884389671361503
university,control_71_3424,distance,100,9,852,0.9953051643192489,0.9899413145539907
university,control_71_3424,distance,200,9,852,0.9964788732394366,0.99
university,control_71_3424,aps_raw,1,9,852,0.9178403755868545,0.940446009389671
university,control_71_3424,aps_raw,20,9,852,0.9917840375586855,0.9800000000000003
university,control_71_3424,aps_raw,50,9,852,0.9917840375586855,0.9800000000000003
university,control_71_3424,aps_raw,100,9,852,0.9953051643192489,0.99
university,control_71_3424,aps_raw,200,9,852,0.9964788732394366,0.99
university,target_142_3424,distance,1,4,1,0.0,0.49
university,target_142_3424,distance,1,5,3,1.0,0.5533333333333333
university,target_142_3424,distance,1,6,3,1.0,0.62
university,target_142_3424,distance,1,7,23,0.6086956521739131,0.757391304347826
university,target_142_3424,distance,1,8,54,0.6111111111111112,0.8577777777777778
university,target_142_3424,distance,1,9,768,0.4453125,0.95640625
university,target_142_3424,distance,20,9,852,0.49178403755868544,0.9842136150234744
university,target_142_3424,distance,50,9,852,0.49178403755868544,0.9895892018779344
university,target_142_3424,distance,100,9,852,0.4953051643192488,0.99
university,target_142_3424,distance,200,9,852,0.4964788732394366,0.99
university,target_142_3424,aps_raw,1,9,852,0.4636150234741784,0.9359507042253518
university,target_142_3424,aps_raw,20,9,852,0.49178403755868544,0.9800000000000003
university,target_142_3424,aps_raw,50,9,852,0.49178403755868544,0.9800000000000003
university,target_142_3424,aps_raw,100,9,852,0.4953051643192488,0.99
university,target_142_3424,aps_raw,200,9,852,0.4964788732394366,0.99
university,target_71_3425,distance,1,0,4,0.5,0.04000000000000001
university,target_71_3425,distance,1,1,5,0.8,0.13999999999999999
university,target_71_3425,distance,1,4,2,0.5,0.455
university,target_71_3425,distance,1,5,4,1.0,0.5650000000000001
university,target_71_3425,distance,1,6,9,0.5555555555555556,0.6388888888888888
university,target_71_3425,distance,1,7,34,0.7941176470588235,0.7520588235294118
university,target_71_3425,distance,1,8,98,0.8673469387755102,0.8583673469387756
university,target_71_3425,distance,1,9,696,0.6551724137931034,0.9503160919540231
university,target_71_3425,distance,20,9,852,0.7417840375586855,0.9813849765258217
university,target_71_3425,distance,50,9,852,0.7417840375586855,0.9887910798122066
university,target_71_3425,distance,100,9,852,0.744131455399061,0.9899413145539907
university,target_71_3425,distance,200,9,852,0.7464788732394366,0.99
university,target_71_3425,aps_raw,1,9,852,0.6854460093896714,0.938345070422535
university,target_71_3425,aps_raw,20,9,852,0.7417840375586855,0.9800000000000003
university,target_71_3425,aps_raw,50,9,852,0.7417840375586855,0.9800000000000003
university,target_71_3425,aps_raw,100,9,852,0.744131455399061,0.99
university,target_71_3425,aps_raw,200,9,852,0.7464788732394366,0.99
university,control_71_3425,distance,1,0,3,0.3333333333333333,0.043333333333333335
university,control_71_3425,distance,1,1,3,0.6666666666666666,0.12666666666666668
university,control_71_3425,distance,1,3,2,0.5,0.36
university,control_71_3425,distance,1,4,7,0.8571428571428571,0.45285714285714285
university,control_71_3425,distance,1,5,10,0.7,0.5590000000000002
university,control_71_3425,distance,1,6,11,0.7272727272727273,0.649090909090909
university,control_71_3425,distance,1,7,40,0.925,0.7515
university,control_71_3425,distance,1,8,130,0.9307692307692308,0.8589999999999999
university,control_71_3425,distance,1,9,646,0.9272445820433437,0.9468266253869969
university,control_71_3425,distance,20,9,852,0.9917840375586855,0.9809389671361505
university,control_71_3425,distance,50,9,852,0.9917840375586855,0.9885798122065729
university,control_71_3425,distance,100,9,852,0.9953051643192489,0.9899413145539907
university,control_71_3425,distance,200,9,852,0.9964788732394366,0.99
university,control_71_3425,aps_raw,1,9,852,0.9178403755868545,0.9403403755868542
university,control_71_3425,aps_raw,20,9,852,0.9917840375586855,0.9800000000000003
university,control_71_3425,aps_raw,50,9,852,0.9917840375586855,0.9800000000000003
university,control_71_3425,aps_raw,100,9,852,0.9953051643192489,0.99
university,control_71_3425,aps_raw,200,9,852,0.9964788732394366,0.99
university,target_142_3425,distance,1,0,1,1.0,0.030000000000000027
university,target_142_3425,distance,1,1,2,1.0,0.15999999999999998
university,target_142_3425,distance,1,4,1,1.0,0.42000000000000004
university,target_142_3425,distance,1,5,2,1.0,0.5750000000000001
university,target_142_3425,distance,1,6,3,0.0,0.6466666666666666
university,target_142_3425,distance,1,7,20,0.8,0.751
university,target_142_3425,distance,1,8,62,0.6290322580645161,0.8604838709677419
university,target_142_3425,distance,1,9,761,0.442838370565046,0.9557161629434954
university,target_142_3425,distance,20,9,852,0.5,0.98424882629108
university,target_142_3425,distance,50,9,852,0.5,0.9895774647887325
university,target_142_3425,distance,100,9,852,0.5,0.99
university,target_142_3425,distance,200,9,852,0.5,0.99
university,target_142_3425,aps_raw,1,9,852,0.4671361502347418,0.9359272300469482
university,target_142_3425,aps_raw,20,9,852,0.5,0.9800000000000003
university,target_142_3425,aps_raw,50,9,852,0.5,0.9800000000000003
university,target_142_3425,aps_raw,100,9,852,0.5,0.99
university,target_142_3425,aps_raw,200,9,852,0.5,0.99
university,target_71_3426,distance,1,0,3,0.3333333333333333,0.043333333333333335
university,target_71_3426,distance,1,1,3,0.6666666666666666,0.12666666666666668
university,target_71_3426,distance,1,3,1,1.0,0.36
university,target_71_3426,distance,1,4,3,1.0,0.45
university,target_71_3426,distance,1,5,6,1.0,0.5666666666666668
university,target_71_3426,distance,1,6,5,0.6,0.6499999999999999
university,target_71_3426,distance,1,7,40,0.9,0.7542500000000001
university,target_71_3426,distance,1,8,92,0.8478260869565217,0.8596739130434782
university,target_71_3426,distance,1,9,699,0.6666666666666666,0.9497138769670957
university,target_71_3426,distance,20,9,852,0.7417840375586855,0.9814436619718311
university,target_71_3426,distance,50,9,852,0.7417840375586855,0.9886737089201879
university,target_71_3426,distance,100,9,852,0.744131455399061,0.9899765258215962
university,target_71_3426,distance,200,9,852,0.7464788732394366,0.99
university,target_71_3426,aps_raw,1,9,852,0.6995305164319249,0.9385446009389669
university,target_71_3426,aps_raw,20,9,852,0.7417840375586855,0.9800000000000003
university,target_71_3426,aps_raw,50,9,852,0.7417840375586855,0.9800000000000003
university,target_71_3426,aps_raw,100,9,852,0.744131455399061,0.99
university,target_71_3426,aps_raw,200,9,852,0.7464788732394366,0.99
university,control_71_3426,distance,1,0,4,0.5,0.04000000000000001
university,control_71_3426,distance,1,1,5,0.8,0.13999999999999999
university,control_71_3426,distance,1,3,2,0.5,0.36
university,control_71_3426,distance,1,4,8,0.75,0.4575
university,control_71_3426,distance,1,5,10,0.8,0.557
university,control_71_3426,distance,1,6,12,0.6666666666666666,0.6391666666666667
university,control_71_3426,distance,1,7,44,0.8636363636363636,0.7511363636363636
university,control_71_3426,distance,1,8,123,0.9349593495934959,0.8591869918699186
university,control_71_3426,distance,1,9,644,0.922360248447205,0.9467857142857143
university,control_71_3426,distance,20,9,852,0.9917840375586855,0.9808333333333336
university,control_71_3426,distance,50,9,852,0.9917840375586855,0.988474178403756
university,control_71_3426,distance,100,9,852,0.9953051643192489,0.9899295774647888
university,control_71_3426,distance,200,9,852,0.9964788732394366,0.99
university,control_71_3426,aps_raw,1,9,852,0.9107981220657277,0.9404812206572767
university,control_71_3426,aps_raw,20,9,852,0.9917840375586855,0.9800000000000003
university,control_71_3426,aps_raw,50,9,852,0.9917840375586855,0.9800000000000003
university,control_71_3426,aps_raw,100,9,852,0.9953051643192489,0.99
university,control_71_3426,aps_raw,200,9,852,0.9964788732394366,0.99
university,target_142_3426,distance,1,0,3,0.3333333333333333,0.043333333333333335
university,target_142_3426,distance,1,1,3,0.6666666666666666,0.12666666666666668
university,target_142_3426,distance,1,5,2,1.0,0.5650000000000001
university,target_142_3426,distance,1,6,4,0.5,0.6575
university,target_142_3426,distance,1,7,25,0.68,0.7628
university,target_142_3426,distance,1,8,58,0.6551724137931034,0.8587931034482758
university,target_142_3426,distance,1,9,757,0.4464993394980185,0.9560237780713342
university,target_142_3426,distance,20,9,852,0.4964788732394366,0.984154929577465
university,target_142_3426,distance,50,9,852,0.4964788732394366,0.9895422535211269
university,target_142_3426,distance,100,9,852,0.49765258215962443,0.99
university,target_142_3426,distance,200,9,852,0.4988262910798122,0.99
university,target_142_3426,aps_raw,1,9,852,0.4694835680751174,0.9359037558685444
university,target_142_3426,aps_raw,20,9,852,0.4964788732394366,0.9800000000000003
university,target_142_3426,aps_raw,50,9,852,0.4964788732394366,0.9800000000000003
university,target_142_3426,aps_raw,100,9,852,0.49765258215962443,0.99
university,target_142_3426,aps_raw,200,9,852,0.4988262910798122,0.99
sues,full,distance,1,1,1,0.0,0.16000000000000003
sues,full,distance,1,2,12,0.5833333333333334,0.25666666666666665
sues,full,distance,1,3,46,0.782608695652174,0.36326086956521736
sues,full,distance,1,4,81,0.8024691358024691,0.4596296296296296
sues,full,distance,1,5,112,0.7946428571428571,0.5391071428571428
sues,full,distance,1,6,246,0.8252032520325203,0.6555284552845528
sues,full,distance,1,7,336,0.8184523809523809,0.7485119047619048
sues,full,distance,1,8,354,0.8615819209039548,0.8469209039548021
sues,full,distance,1,9,240,0.9,0.9308750000000001
sues,full,distance,20,7,4,1.0,0.7825
sues,full,distance,20,8,68,0.9117647058823529,0.8588235294117647
sues,full,distance,20,9,1356,0.9867256637168141,0.9550294985250736
sues,full,distance,50,9,1428,0.9964985994397759,0.9778851540616247
sues,full,distance,100,9,1428,1.0,0.9883893557422969
sues,full,distance,200,9,1428,1.0,0.9900000000000002
sues,full,aps_raw,1,7,75,0.7066666666666667,0.7808000000000002
sues,full,aps_raw,1,8,1353,0.844789356984479,0.8478861788617886
sues,full,aps_raw,20,9,1428,0.9831932773109243,0.9897058823529413
sues,full,aps_raw,50,9,1428,0.9964985994397759,0.9900000000000002
sues,full,aps_raw,100,9,1428,1.0,0.9900000000000002
sues,full,aps_raw,200,9,1428,1.0,0.9900000000000002
sues,target_25_290928,distance,1,1,1,0.0,0.16000000000000003
sues,target_25_290928,distance,1,2,7,0.5714285714285714,0.2542857142857143
sues,target_25_290928,distance,1,3,26,0.6923076923076923,0.36
sues,target_25_290928,distance,1,4,60,0.6166666666666667,0.4615
sues,target_25_290928,distance,1,5,105,0.6285714285714286,0.5364761904761906
sues,target_25_290928,distance,1,6,213,0.7136150234741784,0.6551173708920186
sues,target_25_290928,distance,1,7,337,0.6261127596439169,0.7508605341246292
sues,target_25_290928,distance,1,8,363,0.5922865013774105,0.8482920110192838
sues,target_25_290928,distance,1,9,316,0.5759493670886076,0.9326265822784812
sues,target_25_290928,distance,20,8,43,0.5348837209302325,0.8613953488372093
sues,target_25_290928,distance,20,9,1385,0.7415162454873646,0.960274368231047
sues,target_25_290928,distance,50,9,1428,0.7464985994397759,0.9817577030812327
sues,target_25_290928,distance,100,9,1428,0.7478991596638656,0.9898109243697479
sues,target_25_290928,distance,200,9,1428,0.7478991596638656,0.9900000000000002
sues,target_25_290928,aps_raw,1,7,178,0.2808988764044944,0.7802808988764047
sues,target_25_290928,aps_raw,1,8,1250,0.668,0.8431279999999999
sues,target_25_290928,aps_raw,20,9,1428,0.7352941176470589,0.9896288515406163
sues,target_25_290928,aps_raw,50,9,1428,0.7464985994397759,0.9900000000000002
sues,target_25_290928,aps_raw,100,9,1428,0.7478991596638656,0.9900000000000002
sues,target_25_290928,aps_raw,200,9,1428,0.7478991596638656,0.9900000000000002
sues,target_50_290928,distance,1,2,3,1.0,0.25333333333333335
sues,target_50_290928,distance,1,3,17,0.8823529411764706,0.36058823529411765
sues,target_50_290928,distance,1,4,45,0.6666666666666666,0.4633333333333334
sues,target_50_290928,distance,1,5,91,0.5164835164835165,0.5352747252747254
sues,target_50_290928,distance,1,6,154,0.551948051948052,0.6569480519480518
sues,target_50_290928,distance,1,7,324,0.4722222222222222,0.7487654320987654
sues,target_50_290928,distance,1,8,386,0.38341968911917096,0.8479533678756477
sues,target_50_290928,distance,1,9,408,0.34068627450980393,0.933406862745098
sues,target_50_290928,distance,20,8,22,0.2727272727272727,0.8772727272727274
sues,target_50_290928,distance,20,9,1406,0.49431009957325744,0.9663229018492177
sues,target_50_290928,distance,50,9,1428,0.4957983193277311,0.9858893557422972
sues,target_50_290928,distance,100,9,1428,0.4957983193277311,0.9900000000000002
sues,target_50_290928,distance,200,9,1428,0.4957983193277311,0.9900000000000002
sues,target_50_290928,aps_raw,1,7,284,0.13380281690140844,0.780211267605634
sues,target_50_290928,aps_raw,1,8,1144,0.5087412587412588,0.8379020979020979
sues,target_50_290928,aps_raw,20,9,1428,0.49089635854341734,0.9895098039215686
sues,target_50_290928,aps_raw,50,9,1428,0.4957983193277311,0.9900000000000002
sues,target_50_290928,aps_raw,100,9,1428,0.4957983193277311,0.9900000000000002
sues,target_50_290928,aps_raw,200,9,1428,0.4957983193277311,0.9900000000000002
sues,control_25_290928,distance,1,1,1,0.0,0.16000000000000003
sues,control_25_290928,distance,1,2,12,0.5833333333333334,0.25666666666666665
sues,control_25_290928,distance,1,3,44,0.7954545454545454,0.3634090909090909
sues,control_25_290928,distance,1,4,71,0.8591549295774648,0.46253521126760566
sues,control_25_290928,distance,1,5,99,0.8080808080808081,0.5378787878787878
sues,control_25_290928,distance,1,6,207,0.8164251207729468,0.6542995169082125
sues,control_25_290928,distance,1,7,321,0.8193146417445483,0.7480996884735203
sues,control_25_290928,distance,1,8,363,0.8870523415977961,0.8452892561983472
sues,control_25_290928,distance,1,9,310,0.9225806451612903,0.934774193548387
sues,control_25_290928,distance,20,8,31,1.0,0.8725806451612903
sues,control_25_290928,distance,20,9,1397,0.9885468861846815,0.9617967072297782
sues,control_25_290928,distance,50,9,1428,0.9992997198879552,0.9824579831932775
sues,control_25_290928,distance,100,9,1428,1.0,0.9898039215686275
sues,control_25_290928,distance,200,9,1428,1.0,0.9900000000000002
sues,control_25_290928,aps_raw,1,7,94,0.8085106382978723,0.7805319148936172
sues,control_25_290928,aps_raw,1,8,1334,0.8598200899550225,0.8469940029985007
sues,control_25_290928,aps_raw,20,9,1428,0.988795518207283,0.9896708683473391
sues,control_25_290928,aps_raw,50,9,1428,0.9992997198879552,0.9900000000000002
sues,control_25_290928,aps_raw,100,9,1428,1.0,0.9900000000000002
sues,control_25_290928,aps_raw,200,9,1428,1.0,0.9900000000000002
sues,target_25_290929,distance,1,1,1,0.0,0.16000000000000003
sues,target_25_290929,distance,1,2,7,0.42857142857142855,0.25857142857142856
sues,target_25_290929,distance,1,3,30,0.7333333333333333,0.36766666666666664
sues,target_25_290929,distance,1,4,57,0.7192982456140351,0.4628070175438596
sues,target_25_290929,distance,1,5,88,0.6931818181818182,0.5411363636363636
sues,target_25_290929,distance,1,6,214,0.6355140186915887,0.6542523364485979
sues,target_25_290929,distance,1,7,322,0.577639751552795,0.7495031055900622
sues,target_25_290929,distance,1,8,392,0.6964285714285714,0.8457142857142856
sues,target_25_290929,distance,1,9,317,0.5678233438485805,0.9305993690851735
sues,target_25_290929,distance,20,8,35,0.8285714285714286,0.8648571428571428
sues,target_25_290929,distance,20,9,1393,0.7343862167982771,0.961356783919598
sues,target_25_290929,distance,50,9,1428,0.7478991596638656,0.9825070028011205
sues,target_25_290929,distance,100,9,1428,0.7478991596638656,0.9898529411764707
sues,target_25_290929,distance,200,9,1428,0.7478991596638656,0.9900000000000002
sues,target_25_290929,aps_raw,1,7,165,0.2606060606060606,0.7802424242424243
sues,target_25_290929,aps_raw,1,8,1263,0.6801266825019794,0.843151227236738
sues,target_25_290929,aps_raw,20,9,1428,0.7366946778711485,0.9896778711484595
sues,target_25_290929,aps_raw,50,9,1428,0.7478991596638656,0.9900000000000002
sues,target_25_290929,aps_raw,100,9,1428,0.7478991596638656,0.9900000000000002
sues,target_25_290929,aps_raw,200,9,1428,0.7478991596638656,0.9900000000000002
sues,target_50_290929,distance,1,1,1,0.0,0.16000000000000003
sues,target_50_290929,distance,1,2,5,0.4,0.258
sues,target_50_290929,distance,1,3,13,0.5384615384615384,0.3684615384615384
sues,target_50_290929,distance,1,4,37,0.8378378378378378,0.46351351351351355
sues,target_50_290929,distance,1,5,76,0.5789473684210527,0.5411842105263157
sues,target_50_290929,distance,1,6,162,0.5493827160493827,0.6575925925925925
sues,target_50_290929,distance,1,7,283,0.392226148409894,0.7520141342756184
sues,target_50_290929,distance,1,8,431,0.42691415313225056,0.8477494199535963
sues,target_50_290929,distance,1,9,420,0.31666666666666665,0.9347142857142857
sues,target_50_290929,distance,20,8,21,0.9523809523809523,0.8780952380952382
sues,target_50_290929,distance,20,9,1407,0.4861407249466951,0.9677611940298506
sues,target_50_290929,distance,50,9,1428,0.4957983193277311,0.9860994397759104
sues,target_50_290929,distance,100,9,1428,0.4957983193277311,0.9900000000000002
sues,target_50_290929,distance,200,9,1428,0.4957983193277311,0.9900000000000002
sues,target_50_290929,aps_raw,1,7,286,0.07692307692307693,0.7798251748251749
sues,target_50_290929,aps_raw,1,8,1142,0.5070052539404554,0.8374868651488617
sues,target_50_290929,aps_raw,20,9,1428,0.49299719887955185,0.9894537815126051
sues,target_50_290929,aps_raw,50,9,1428,0.4957983193277311,0.9900000000000002
sues,target_50_290929,aps_raw,100,9,1428,0.4957983193277311,0.9900000000000002
sues,target_50_290929,aps_raw,200,9,1428,0.4957983193277311,0.9900000000000002
sues,control_25_290929,distance,1,1,1,0.0,0.16000000000000003
sues,control_25_290929,distance,1,2,12,0.5833333333333334,0.25666666666666665
sues,control_25_290929,distance,1,3,37,0.7567567567567568,0.3608108108108108
sues,control_25_290929,distance,1,4,64,0.859375,0.4625
sues,control_25_290929,distance,1,5,100,0.81,0.5427000000000001
sues,control_25_290929,distance,1,6,226,0.8451327433628318,0.6543805309734513
sues,control_25_290929,distance,1,7,344,0.8255813953488372,0.7486627906976745
sues,control_25_290929,distance,1,8,351,0.8689458689458689,0.8464387464387465
sues,control_25_290929,distance,1,9,293,0.9044368600682594,0.9343686006825938
sues,control_25_290929,distance,20,8,22,0.9545454545454546,0.8718181818181818
sues,control_25_290929,distance,20,9,1406,0.9871977240398293,0.9614651493598861
sues,control_25_290929,distance,50,9,1428,0.9985994397759104,0.9824299719887958
sues,control_25_290929,distance,100,9,1428,1.0,0.9898109243697479
sues,control_25_290929,distance,200,9,1428,1.0,0.9900000000000002
sues,control_25_290929,aps_raw,1,7,94,0.7446808510638298,0.7806382978723406
sues,control_25_290929,aps_raw,1,8,1334,0.8590704647676162,0.8471814092953522
sues,control_25_290929,aps_raw,20,9,1428,0.9866946778711485,0.9896778711484595
sues,control_25_290929,aps_raw,50,9,1428,0.9985994397759104,0.9900000000000002
sues,control_25_290929,aps_raw,100,9,1428,1.0,0.9900000000000002
sues,control_25_290929,aps_raw,200,9,1428,1.0,0.9900000000000002
sues,target_25_290930,distance,1,2,9,0.6666666666666666,0.2611111111111111
sues,target_25_290930,distance,1,3,30,0.8,0.3623333333333333
sues,target_25_290930,distance,1,4,59,0.7457627118644068,0.4576271186440678
sues,target_25_290930,distance,1,5,80,0.7125,0.541375
sues,target_25_290930,distance,1,6,200,0.675,0.6571499999999999
sues,target_25_290930,distance,1,7,313,0.6645367412140575,0.7514057507987221
sues,target_25_290930,distance,1,8,391,0.5319693094629157,0.84769820971867
sues,target_25_290930,distance,1,9,346,0.5867052023121387,0.9306069364161849
sues,target_25_290930,distance,20,8,42,0.7142857142857143,0.8630952380952382
sues,target_25_290930,distance,20,9,1386,0.7359307359307359,0.9608585858585859
sues,target_25_290930,distance,50,9,1428,0.7471988795518207,0.982198879551821
sues,target_25_290930,distance,100,9,1428,0.7478991596638656,0.9898529411764707
sues,target_25_290930,distance,200,9,1428,0.7478991596638656,0.9900000000000002
sues,target_25_290930,aps_raw,1,7,161,0.2795031055900621,0.7806832298136648
sues,target_25_290930,aps_raw,1,8,1267,0.6629834254143646,0.8405761641673242
sues,target_25_290930,aps_raw,20,9,1428,0.7352941176470589,0.9896638655462187
sues,target_25_290930,aps_raw,50,9,1428,0.7471988795518207,0.9900000000000002
sues,target_25_290930,aps_raw,100,9,1428,0.7478991596638656,0.9900000000000002
sues,target_25_290930,aps_raw,200,9,1428,0.7478991596638656,0.9900000000000002
sues,target_50_290930,distance,1,2,4,0.75,0.2625
sues,target_50_290930,distance,1,3,17,0.8235294117647058,0.3582352941176471
sues,target_50_290930,distance,1,4,43,0.6511627906976745,0.4546511627906975
sues,target_50_290930,distance,1,5,63,0.5873015873015873,0.5401587301587301
sues,target_50_290930,distance,1,6,166,0.4879518072289157,0.6553614457831325
sues,target_50_290930,distance,1,7,309,0.4919093851132686,0.7520388349514563
sues,target_50_290930,distance,1,8,393,0.3944020356234097,0.8479389312977099
sues,target_50_290930,distance,1,9,433,0.3094688221709007,0.9349422632794457
sues,target_50_290930,distance,20,8,14,0.07142857142857142,0.8778571428571429
sues,target_50_290930,distance,20,9,1414,0.4886845827439887,0.9662093352192362
sues,target_50_290930,distance,50,9,1428,0.4957983193277311,0.9859103641456584
sues,target_50_290930,distance,100,9,1428,0.4957983193277311,0.9900000000000002
sues,target_50_290930,distance,200,9,1428,0.4957983193277311,0.9900000000000002
sues,target_50_290930,aps_raw,1,7,296,0.10810810810810811,0.7802027027027029
sues,target_50_290930,aps_raw,1,8,1132,0.5053003533568905,0.8380388692579505
sues,target_50_290930,aps_raw,20,9,1428,0.484593837535014,0.9894887955182075
sues,target_50_290930,aps_raw,50,9,1428,0.4957983193277311,0.9900000000000002
sues,target_50_290930,aps_raw,100,9,1428,0.4957983193277311,0.9900000000000002
sues,target_50_290930,aps_raw,200,9,1428,0.4957983193277311,0.9900000000000002
sues,control_25_290930,distance,1,1,1,0.0,0.16000000000000003
sues,control_25_290930,distance,1,2,12,0.5833333333333334,0.25666666666666665
sues,control_25_290930,distance,1,3,45,0.7777777777777778,0.36288888888888887
sues,control_25_290930,distance,1,4,76,0.8026315789473685,0.4623684210526316
sues,control_25_290930,distance,1,5,103,0.7961165048543689,0.5372815533980582
sues,control_25_290930,distance,1,6,215,0.827906976744186,0.6550232558139534
sues,control_25_290930,distance,1,7,319,0.8275862068965517,0.748025078369906
sues,control_25_290930,distance,1,8,373,0.900804289544236,0.8469168900804289
sues,control_25_290930,distance,1,9,284,0.8943661971830986,0.9310563380281691
sues,control_25_290930,distance,20,8,35,0.9714285714285714,0.8654285714285715
sues,control_25_290930,distance,20,9,1393,0.9870782483847811,0.9610839913854989
sues,control_25_290930,distance,50,9,1428,0.9978991596638656,0.9821498599439777
sues,control_25_290930,distance,100,9,1428,1.0,0.9897829131652661
sues,control_25_290930,distance,200,9,1428,1.0,0.9900000000000002
sues,control_25_290930,aps_raw,1,7,84,0.7023809523809523,0.7804761904761907
sues,control_25_290930,aps_raw,1,8,1344,0.8616071428571429,0.8472395833333334
sues,control_25_290930,aps_raw,20,9,1428,0.9866946778711485,0.9896848739495799
sues,control_25_290930,aps_raw,50,9,1428,0.9978991596638656,0.9900000000000002
sues,control_25_290930,aps_raw,100,9,1428,1.0,0.9900000000000002
sues,control_25_290930,aps_raw,200,9,1428,1.0,0.9900000000000002
sues,target_25_290931,distance,1,1,1,0.0,0.16000000000000003
sues,target_25_290931,distance,1,2,9,0.6666666666666666,0.25333333333333335
sues,target_25_290931,distance,1,3,26,0.6923076923076923,0.3592307692307693
sues,target_25_290931,distance,1,4,61,0.6557377049180327,0.4560655737704918
sues,target_25_290931,distance,1,5,72,0.625,0.540138888888889
sues,target_25_290931,distance,1,6,191,0.6596858638743456,0.6608900523560209
sues,target_25_290931,distance,1,7,352,0.6136363636363636,0.7515056818181819
sues,target_25_290931,distance,1,8,390,0.6435897435897436,0.8483846153846154
sues,target_25_290931,distance,1,9,326,0.6042944785276073,0.9319938650306748
sues,target_25_290931,distance,20,8,37,0.918918918918919,0.8599999999999999
sues,target_25_290931,distance,20,9,1391,0.7347232207045291,0.9605535585909418
sues,target_25_290931,distance,50,9,1428,0.7478991596638656,0.9821918767507004
sues,target_25_290931,distance,100,9,1428,0.7478991596638656,0.9898319327731092
sues,target_25_290931,distance,200,9,1428,0.7478991596638656,0.9900000000000002
sues,target_25_290931,aps_raw,1,7,160,0.275,0.7801875
sues,target_25_290931,aps_raw,1,8,1268,0.6742902208201893,0.8420110410094638
sues,target_25_290931,aps_raw,20,9,1428,0.7394957983193278,0.989656862745098
sues,target_25_290931,aps_raw,50,9,1428,0.7478991596638656,0.9900000000000002
sues,target_25_290931,aps_raw,100,9,1428,0.7478991596638656,0.9900000000000002
sues,target_25_290931,aps_raw,200,9,1428,0.7478991596638656,0.9900000000000002
sues,target_50_290931,distance,1,2,4,1.0,0.2475
sues,target_50_290931,distance,1,3,11,0.6363636363636364,0.3463636363636363
sues,target_50_290931,distance,1,4,35,0.4,0.4568571428571429
sues,target_50_290931,distance,1,5,55,0.45454545454545453,0.5407272727272728
sues,target_50_290931,distance,1,6,142,0.4507042253521127,0.6611971830985914
sues,target_50_290931,distance,1,7,325,0.3569230769230769,0.7528923076923076
sues,target_50_290931,distance,1,8,429,0.4289044289044289,0.846969696969697
sues,target_50_290931,distance,1,9,427,0.40749414519906324,0.9334192037470725
sues,target_50_290931,distance,20,8,11,0.09090909090909091,0.8600000000000001
sues,target_50_290931,distance,20,9,1417,0.4940014114326041,0.9684121383203952
sues,target_50_290931,distance,50,9,1428,0.4957983193277311,0.9866526610644258
sues,target_50_290931,distance,100,9,1428,0.4957983193277311,0.9900000000000002
sues,target_50_290931,distance,200,9,1428,0.4957983193277311,0.9900000000000002
sues,target_50_290931,aps_raw,1,7,265,0.15471698113207547,0.7807169811320755
sues,target_50_290931,aps_raw,1,8,1163,0.470335339638865,0.8342218400687876
sues,target_50_290931,aps_raw,20,9,1428,0.49089635854341734,0.9894537815126051
sues,target_50_290931,aps_raw,50,9,1428,0.4957983193277311,0.9900000000000002
sues,target_50_290931,aps_raw,100,9,1428,0.4957983193277311,0.9900000000000002
sues,target_50_290931,aps_raw,200,9,1428,0.4957983193277311,0.9900000000000002
sues,control_25_290931,distance,1,1,1,0.0,0.16000000000000003
sues,control_25_290931,distance,1,2,12,0.5833333333333334,0.25666666666666665
sues,control_25_290931,distance,1,3,37,0.7567567567567568,0.3608108108108108
sues,control_25_290931,distance,1,4,68,0.8529411764705882,0.46044117647058824
sues,control_25_290931,distance,1,5,89,0.8089887640449438,0.540561797752809
sues,control_25_290931,distance,1,6,196,0.8367346938775511,0.6545918367346939
sues,control_25_290931,distance,1,7,346,0.8179190751445087,0.7477745664739885
sues,control_25_290931,distance,1,8,381,0.89501312335958,0.8450131233595799
sues,control_25_290931,distance,1,9,298,0.8993288590604027,0.9303020134228188
sues,control_25_290931,distance,20,8,32,0.9375,0.866875
sues,control_25_290931,distance,20,9,1396,0.9878223495702005,0.9616045845272206
sues,control_25_290931,distance,50,9,1428,0.9985994397759104,0.9824439775910366
sues,control_25_290931,distance,100,9,1428,1.0,0.9898179271708684
sues,control_25_290931,distance,200,9,1428,1.0,0.9900000000000002
sues,control_25_290931,aps_raw,1,7,83,0.7108433734939759,0.7804819277108436
sues,control_25_290931,aps_raw,1,8,1345,0.8639405204460967,0.8465799256505577
sues,control_25_290931,aps_raw,20,9,1428,0.9866946778711485,0.9896918767507005
sues,control_25_290931,aps_raw,50,9,1428,0.9985994397759104,0.9900000000000002
sues,control_25_290931,aps_raw,100,9,1428,1.0,0.9900000000000002
sues,control_25_290931,aps_raw,200,9,1428,1.0,0.9900000000000002
sues,target_25_290932,distance,1,2,6,0.8333333333333334,0.25
sues,target_25_290932,distance,1,3,28,0.8571428571428571,0.36464285714285716
sues,target_25_290932,distance,1,4,66,0.7727272727272727,0.4572727272727273
sues,target_25_290932,distance,1,5,89,0.7415730337078652,0.5438202247191011
sues,target_25_290932,distance,1,6,223,0.7354260089686099,0.6551569506726456
sues,target_25_290932,distance,1,7,315,0.5682539682539682,0.7506031746031746
sues,target_25_290932,distance,1,8,370,0.6405405405405405,0.8458648648648649
sues,target_25_290932,distance,1,9,331,0.525679758308157,0.932477341389728
sues,target_25_290932,distance,20,8,47,0.723404255319149,0.8578723404255321
sues,target_25_290932,distance,20,9,1381,0.7356987690079653,0.9595365677045619
sues,target_25_290932,distance,50,9,1428,0.7464985994397759,0.9816246498599441
sues,target_25_290932,distance,100,9,1428,0.7478991596638656,0.989747899159664
sues,target_25_290932,distance,200,9,1428,0.7478991596638656,0.9900000000000002
sues,target_25_290932,aps_raw,1,7,171,0.1871345029239766,0.78093567251462
sues,target_25_290932,aps_raw,1,8,1257,0.690533015115354,0.8434685759745426
sues,target_25_290932,aps_raw,20,9,1428,0.7352941176470589,0.989670868347339
sues,target_25_290932,aps_raw,50,9,1428,0.7464985994397759,0.9900000000000002
sues,target_25_290932,aps_raw,100,9,1428,0.7478991596638656,0.9900000000000002
sues,target_25_290932,aps_raw,200,9,1428,0.7478991596638656,0.9900000000000002
sues,target_50_290932,distance,1,2,5,0.8,0.254
sues,target_50_290932,distance,1,3,22,0.9090909090909091,0.36227272727272725
sues,target_50_290932,distance,1,4,53,0.6981132075471698,0.46226415094339623
sues,target_50_290932,distance,1,5,75,0.5733333333333334,0.5396
sues,target_50_290932,distance,1,6,164,0.5853658536585366,0.6577439024390244
sues,target_50_290932,distance,1,7,279,0.4731182795698925,0.7490322580645162
sues,target_50_290932,distance,1,8,385,0.38961038961038963,0.8478441558441557
sues,target_50_290932,distance,1,9,445,0.2157303370786517,0.9353483146067416
sues,target_50_290932,distance,20,8,19,0.47368421052631576,0.8731578947368421
sues,target_50_290932,distance,20,9,1409,0.48828956706884313,0.9668630234208658
sues,target_50_290932,distance,50,9,1428,0.4957983193277311,0.9860924369747901
sues,target_50_290932,distance,100,9,1428,0.4957983193277311,0.9900000000000002
sues,target_50_290932,distance,200,9,1428,0.4957983193277311,0.9900000000000002
sues,target_50_290932,aps_raw,1,7,344,0.06686046511627906,0.7805813953488373
sues,target_50_290932,aps_raw,1,8,1084,0.5119926199261993,0.8385424354243542
sues,target_50_290932,aps_raw,20,9,1428,0.4880952380952381,0.9893417366946781
sues,target_50_290932,aps_raw,50,9,1428,0.4957983193277311,0.9900000000000002
sues,target_50_290932,aps_raw,100,9,1428,0.4957983193277311,0.9900000000000002
sues,target_50_290932,aps_raw,200,9,1428,0.4957983193277311,0.9900000000000002
sues,control_25_290932,distance,1,1,1,0.0,0.16000000000000003
sues,control_25_290932,distance,1,2,12,0.5833333333333334,0.25666666666666665
sues,control_25_290932,distance,1,3,37,0.7567567567567568,0.3608108108108108
sues,control_25_290932,distance,1,4,66,0.8484848484848485,0.46318181818181825
sues,control_25_290932,distance,1,5,90,0.8111111111111111,0.5411111111111111
sues,control_25_290932,distance,1,6,200,0.845,0.6544999999999999
sues,control_25_290932,distance,1,7,345,0.8318840579710145,0.7483478260869565
sues,control_25_290932,distance,1,8,360,0.8888888888888888,0.8452777777777778
sues,control_25_290932,distance,1,9,317,0.9022082018927445,0.9338485804416403
sues,control_25_290932,distance,20,8,29,1.0,0.8724137931034481
sues,control_25_290932,distance,20,9,1399,0.9871336669049321,0.9622730521801287
sues,control_25_290932,distance,50,9,1428,0.9985994397759104,0.982591036414566
sues,control_25_290932,distance,100,9,1428,1.0,0.9898179271708684
sues,control_25_290932,distance,200,9,1428,1.0,0.9900000000000002
sues,control_25_290932,aps_raw,1,7,96,0.7395833333333334,0.7805208333333334
sues,control_25_290932,aps_raw,1,8,1332,0.8671171171171171,0.8466741741741741
sues,control_25_290932,aps_raw,20,9,1428,0.9873949579831933,0.9896708683473391
sues,control_25_290932,aps_raw,50,9,1428,0.9985994397759104,0.9900000000000002
sues,control_25_290932,aps_raw,100,9,1428,1.0,0.9900000000000002
sues,control_25_290932,aps_raw,200,9,1428,1.0,0.9900000000000002
sues,target_25_290933,distance,1,1,1,0.0,0.16000000000000003
sues,target_25_290933,distance,1,2,9,0.6666666666666666,0.25333333333333335
sues,target_25_290933,distance,1,3,34,0.7352941176470589,0.36205882352941177
sues,target_25_290933,distance,1,4,62,0.8064516129032258,0.46290322580645166
sues,target_25_290933,distance,1,5,89,0.6966292134831461,0.5398876404494382
sues,target_25_290933,distance,1,6,202,0.6831683168316832,0.6587128712871287
sues,target_25_290933,distance,1,7,327,0.5963302752293578,0.7522018348623853
sues,target_25_290933,distance,1,8,399,0.6290726817042607,0.846641604010025
sues,target_25_290933,distance,1,9,305,0.5868852459016394,0.9322295081967212
sues,target_25_290933,distance,20,8,31,0.6129032258064516,0.8654838709677419
sues,target_25_290933,distance,20,9,1397,0.7423049391553329,0.9601574803149607
sues,target_25_290933,distance,50,9,1428,0.7478991596638656,0.9821148459383755
sues,target_25_290933,distance,100,9,1428,0.7478991596638656,0.9898669467787117
sues,target_25_290933,distance,200,9,1428,0.7478991596638656,0.9900000000000002
sues,target_25_290933,aps_raw,1,7,154,0.22727272727272727,0.7808441558441559
sues,target_25_290933,aps_raw,1,8,1274,0.6836734693877551,0.84287284144427
sues,target_25_290933,aps_raw,20,9,1428,0.7394957983193278,0.989656862745098
sues,target_25_290933,aps_raw,50,9,1428,0.7478991596638656,0.9900000000000002
sues,target_25_290933,aps_raw,100,9,1428,0.7478991596638656,0.9900000000000002
sues,target_25_290933,aps_raw,200,9,1428,0.7478991596638656,0.9900000000000002
sues,target_50_290933,distance,1,3,10,1.0,0.38
sues,target_50_290933,distance,1,4,38,0.8947368421052632,0.45789473684210524
sues,target_50_290933,distance,1,5,50,0.62,0.5446000000000001
sues,target_50_290933,distance,1,6,173,0.5838150289017341,0.6549132947976878
sues,target_50_290933,distance,1,7,314,0.4394904458598726,0.7537579617834396
sues,target_50_290933,distance,1,8,438,0.363013698630137,0.8490182648401826
sues,target_50_290933,distance,1,9,405,0.3135802469135803,0.9331358024691357
sues,target_50_290933,distance,20,8,7,0.14285714285714285,0.8799999999999999
sues,target_50_290933,distance,20,9,1421,0.4933145672061928,0.9670372976776916
sues,target_50_290933,distance,50,9,1428,0.4957983193277311,0.9860504201680675
sues,target_50_290933,distance,100,9,1428,0.4957983193277311,0.9900000000000002
sues,target_50_290933,distance,200,9,1428,0.4957983193277311,0.9900000000000002
sues,target_50_290933,aps_raw,1,7,286,0.06293706293706294,0.7802797202797204
sues,target_50_290933,aps_raw,1,8,1142,0.5096322241681261,0.8364798598949211
sues,target_50_290933,aps_raw,20,9,1428,0.49159663865546216,0.9895028011204483
sues,target_50_290933,aps_raw,50,9,1428,0.4957983193277311,0.9900000000000002
sues,target_50_290933,aps_raw,100,9,1428,0.4957983193277311,0.9900000000000002
sues,target_50_290933,aps_raw,200,9,1428,0.4957983193277311,0.9900000000000002
sues,control_25_290933,distance,1,1,1,0.0,0.16000000000000003
sues,control_25_290933,distance,1,2,12,0.5833333333333334,0.25666666666666665
sues,control_25_290933,distance,1,3,37,0.7567567567567568,0.3608108108108108
sues,control_25_290933,distance,1,4,65,0.8461538461538461,0.46292307692307694
sues,control_25_290933,distance,1,5,89,0.7865168539325843,0.5407865168539326
sues,control_25_290933,distance,1,6,202,0.8415841584158416,0.6545049504950494
sues,control_25_290933,distance,1,7,333,0.8228228228228228,0.7481681681681682
sues,control_25_290933,distance,1,8,362,0.8812154696132597,0.8454419889502761
sues,control_25_290933,distance,1,9,327,0.9235474006116208,0.9334556574923548
sues,control_25_290933,distance,20,8,32,1.0,0.87375
sues,control_25_290933,distance,20,9,1396,0.9871060171919771,0.9618553008595988
sues,control_25_290933,distance,50,9,1428,0.9992997198879552,0.9823529411764708
sues,control_25_290933,distance,100,9,1428,1.0,0.9897829131652661
sues,control_25_290933,distance,200,9,1428,1.0,0.9900000000000002
sues,control_25_290933,aps_raw,1,7,94,0.7978723404255319,0.7805319148936172
sues,control_25_290933,aps_raw,1,8,1334,0.8620689655172413,0.8465667166416792
sues,control_25_290933,aps_raw,20,9,1428,0.9873949579831933,0.989656862745098
sues,control_25_290933,aps_raw,50,9,1428,0.9992997198879552,0.9900000000000002
sues,control_25_290933,aps_raw,100,9,1428,1.0,0.9900000000000002
sues,control_25_290933,aps_raw,200,9,1428,1.0,0.9900000000000002
sues,target_25_290934,distance,1,3,26,0.9615384615384616,0.37192307692307697
sues,target_25_290934,distance,1,4,57,0.8771929824561403,0.4591228070175439
sues,target_25_290934,distance,1,5,96,0.71875,0.5427083333333335
sues,target_25_290934,distance,1,6,231,0.7359307359307359,0.6561904761904761
sues,target_25_290934,distance,1,7,346,0.653179190751445,0.7515028901734103
sues,target_25_290934,distance,1,8,366,0.6557377049180327,0.8496448087431695
sues,target_25_290934,distance,1,9,306,0.5261437908496732,0.9309477124183007
sues,target_25_290934,distance,20,8,27,0.7037037037037037,0.8674074074074073
sues,target_25_290934,distance,20,9,1401,0.742326909350464,0.9611277658815132
sues,target_25_290934,distance,50,9,1428,0.7478991596638656,0.9822689075630254
sues,target_25_290934,distance,100,9,1428,0.7478991596638656,0.9897829131652661
sues,target_25_290934,distance,200,9,1428,0.7478991596638656,0.9900000000000002
sues,target_25_290934,aps_raw,1,7,171,0.19883040935672514,0.7807602339181288
sues,target_25_290934,aps_raw,1,8,1257,0.7215592680986476,0.8442561654733493
sues,target_25_290934,aps_raw,20,9,1428,0.7415966386554622,0.9896638655462187
sues,target_25_290934,aps_raw,50,9,1428,0.7478991596638656,0.9900000000000002
sues,target_25_290934,aps_raw,100,9,1428,0.7478991596638656,0.9900000000000002
sues,target_25_290934,aps_raw,200,9,1428,0.7478991596638656,0.9900000000000002
sues,target_50_290934,distance,1,3,17,0.9411764705882353,0.36941176470588233
sues,target_50_290934,distance,1,4,31,0.7741935483870968,0.45548387096774196
sues,target_50_290934,distance,1,5,52,0.4230769230769231,0.5400000000000001
sues,target_50_290934,distance,1,6,152,0.5986842105263158,0.6532894736842105
sues,target_50_290934,distance,1,7,369,0.4959349593495935,0.7513279132791328
sues,target_50_290934,distance,1,8,386,0.3704663212435233,0.8511398963730569
sues,target_50_290934,distance,1,9,421,0.3752969121140142,0.9333016627078385
sues,target_50_290934,distance,20,8,2,0.5,0.885
sues,target_50_290934,distance,20,9,1426,0.4957924263674614,0.9683870967741935
sues,target_50_290934,distance,50,9,1428,0.4957983193277311,0.9863585434173671
sues,target_50_290934,distance,100,9,1428,0.4957983193277311,0.9900000000000002
sues,target_50_290934,distance,200,9,1428,0.4957983193277311,0.9900000000000002
sues,target_50_290934,aps_raw,1,7,277,0.1407942238267148,0.7807942238267149
sues,target_50_290934,aps_raw,1,8,1151,0.5195482189400521,0.8357080799304953
sues,target_50_290934,aps_raw,20,9,1428,0.4957983193277311,0.989544817927171
sues,target_50_290934,aps_raw,50,9,1428,0.4957983193277311,0.9900000000000002
sues,target_50_290934,aps_raw,100,9,1428,0.4957983193277311,0.9900000000000002
sues,target_50_290934,aps_raw,200,9,1428,0.4957983193277311,0.9900000000000002
sues,control_25_290934,distance,1,1,1,0.0,0.16000000000000003
sues,control_25_290934,distance,1,2,12,0.5833333333333334,0.25666666666666665
sues,control_25_290934,distance,1,3,37,0.7567567567567568,0.3608108108108108
sues,control_25_290934,distance,1,4,64,0.859375,0.4625
sues,control_25_290934,distance,1,5,91,0.8021978021978022,0.5409890109890111
sues,control_25_290934,distance,1,6,199,0.8391959798994975,0.654221105527638
sues,control_25_290934,distance,1,7,336,0.8184523809523809,0.7478273809523811
sues,control_25_290934,distance,1,8,377,0.8938992042440318,0.8459416445623342
sues,control_25_290934,distance,1,9,311,0.9003215434083601,0.9299678456591641
sues,control_25_290934,distance,20,8,27,0.9629629629629629,0.8733333333333333
sues,control_25_290934,distance,20,9,1401,0.987152034261242,0.9621127765881514
sues,control_25_290934,distance,50,9,1428,0.9985994397759104,0.9827100840336136
sues,control_25_290934,distance,100,9,1428,1.0,0.9898389355742298
sues,control_25_290934,distance,200,9,1428,1.0,0.9900000000000002
sues,control_25_290934,aps_raw,1,7,84,0.7023809523809523,0.7804761904761907
sues,control_25_290934,aps_raw,1,8,1344,0.8653273809523809,0.8463764880952379
sues,control_25_290934,aps_raw,20,9,1428,0.9866946778711485,0.9896918767507005
sues,control_25_290934,aps_raw,50,9,1428,0.9985994397759104,0.9900000000000002
sues,control_25_290934,aps_raw,100,9,1428,1.0,0.9900000000000002
sues,control_25_290934,aps_raw,200,9,1428,1.0,0.9900000000000002
sues,target_25_290935,distance,1,2,5,0.8,0.256
sues,target_25_290935,distance,1,3,33,0.8484848484848485,0.3624242424242424
sues,target_25_290935,distance,1,4,53,0.7169811320754716,0.4586792452830189
sues,target_25_290935,distance,1,5,73,0.7123287671232876,0.543972602739726
sues,target_25_290935,distance,1,6,202,0.7227722772277227,0.656188118811881
sues,target_25_290935,distance,1,7,351,0.5612535612535613,0.7512535612535615
sues,target_25_290935,distance,1,8,403,0.6377171215880894,0.8455831265508684
sues,target_25_290935,distance,1,9,308,0.6136363636363636,0.9304220779220779
sues,target_25_290935,distance,20,8,38,0.631578947368421,0.8642105263157894
sues,target_25_290935,distance,20,9,1390,0.741726618705036,0.960935251798561
sues,target_25_290935,distance,50,9,1428,0.7471988795518207,0.9821498599439777
sues,target_25_290935,distance,100,9,1428,0.7478991596638656,0.9898109243697479
sues,target_25_290935,distance,200,9,1428,0.7478991596638656,0.9900000000000002
sues,target_25_290935,aps_raw,1,7,156,0.3333333333333333,0.7810897435897437
sues,target_25_290935,aps_raw,1,8,1272,0.675314465408805,0.8415330188679244
sues,target_25_290935,aps_raw,20,9,1428,0.738795518207283,0.989670868347339
sues,target_25_290935,aps_raw,50,9,1428,0.7471988795518207,0.9900000000000002
sues,target_25_290935,aps_raw,100,9,1428,0.7478991596638656,0.9900000000000002
sues,target_25_290935,aps_raw,200,9,1428,0.7478991596638656,0.9900000000000002
sues,target_50_290935,distance,1,2,3,1.0,0.25333333333333335
sues,target_50_290935,distance,1,3,13,0.7692307692307693,0.35461538461538455
sues,target_50_290935,distance,1,4,42,0.42857142857142855,0.46499999999999997
sues,target_50_290935,distance,1,5,63,0.6031746031746031,0.5415873015873015
sues,target_50_290935,distance,1,6,156,0.5641025641025641,0.6566666666666666
sues,target_50_290935,distance,1,7,296,0.42905405405405406,0.7528040540540542
sues,target_50_290935,distance,1,8,441,0.4217687074829932,0.8470521541950113
sues,target_50_290935,distance,1,9,414,0.357487922705314,0.9328502415458938
sues,target_50_290935,distance,20,8,7,0.14285714285714285,0.8857142857142858
sues,target_50_290935,distance,20,9,1421,0.4919071076706545,0.9681703026038001
sues,target_50_290935,distance,50,9,1428,0.4957983193277311,0.9864215686274511
sues,target_50_290935,distance,100,9,1428,0.4957983193277311,0.9900000000000002
sues,target_50_290935,distance,200,9,1428,0.4957983193277311,0.9900000000000002
sues,target_50_290935,aps_raw,1,7,281,0.12455516014234876,0.7798932384341638
sues,target_50_290935,aps_raw,1,8,1147,0.5082824760244115,0.8360941586748039
sues,target_50_290935,aps_raw,20,9,1428,0.49019607843137253,0.9895868347338936
sues,target_50_290935,aps_raw,50,9,1428,0.4957983193277311,0.9900000000000002
sues,target_50_290935,aps_raw,100,9,1428,0.4957983193277311,0.9900000000000002
sues,target_50_290935,aps_raw,200,9,1428,0.4957983193277311,0.9900000000000002
sues,control_25_290935,distance,1,1,1,0.0,0.16000000000000003
sues,control_25_290935,distance,1,2,12,0.5833333333333334,0.25666666666666665
sues,control_25_290935,distance,1,3,38,0.7631578947368421,0.3613157894736842
sues,control_25_290935,distance,1,4,67,0.8507462686567164,0.46208955223880593
sues,control_25_290935,distance,1,5,87,0.7816091954022989,0.5405747126436781
sues,control_25_290935,distance,1,6,203,0.8423645320197044,0.654039408866995
sues,control_25_290935,distance,1,7,335,0.826865671641791,0.7476417910447761
sues,control_25_290935,distance,1,8,371,0.889487870619946,0.8459838274932615
sues,control_25_290935,distance,1,9,314,0.9171974522292994,0.9338216560509555
sues,control_25_290935,distance,20,8,31,0.967741935483871,0.866774193548387
sues,control_25_290935,distance,20,9,1397,0.9863994273443092,0.9616750178954904
sues,control_25_290935,distance,50,9,1428,0.9985994397759104,0.9823879551820729
sues,control_25_290935,distance,100,9,1428,1.0,0.9898249299719888
sues,control_25_290935,distance,200,9,1428,1.0,0.9900000000000002
sues,control_25_290935,aps_raw,1,7,96,0.7916666666666666,0.7805208333333334
sues,control_25_290935,aps_raw,1,8,1332,0.8641141141141141,0.8467567567567567
sues,control_25_290935,aps_raw,20,9,1428,0.9859943977591037,0.9896638655462187
sues,control_25_290935,aps_raw,50,9,1428,0.9985994397759104,0.9900000000000002
sues,control_25_290935,aps_raw,100,9,1428,1.0,0.9900000000000002
sues,control_25_290935,aps_raw,200,9,1428,1.0,0.9900000000000002
sues,target_25_290936,distance,1,1,1,0.0,0.16000000000000003
sues,target_25_290936,distance,1,2,3,0.3333333333333333,0.24333333333333332
sues,target_25_290936,distance,1,3,16,0.6875,0.369375
sues,target_25_290936,distance,1,4,64,0.609375,0.46453124999999995
sues,target_25_290936,distance,1,5,96,0.6666666666666666,0.5389583333333334
sues,target_25_290936,distance,1,6,210,0.6952380952380952,0.6553809523809524
sues,target_25_290936,distance,1,7,341,0.6334310850439883,0.7491202346041055
sues,target_25_290936,distance,1,8,376,0.6781914893617021,0.8459574468085106
sues,target_25_290936,distance,1,9,321,0.5451713395638629,0.930373831775701
sues,target_25_290936,distance,20,8,34,0.5294117647058824,0.8685294117647058
sues,target_25_290936,distance,20,9,1394,0.7474892395982783,0.9603084648493544
sues,target_25_290936,distance,50,9,1428,0.7478991596638656,0.9822549019607846
sues,target_25_290936,distance,100,9,1428,0.7478991596638656,0.9898389355742299
sues,target_25_290936,distance,200,9,1428,0.7478991596638656,0.9900000000000002
sues,target_25_290936,aps_raw,1,7,167,0.19161676646706588,0.7804790419161679
sues,target_25_290936,aps_raw,1,8,1261,0.6938937351308485,0.8437589214908803
sues,target_25_290936,aps_raw,20,9,1428,0.742296918767507,0.989656862745098
sues,target_25_290936,aps_raw,50,9,1428,0.7478991596638656,0.9900000000000002
sues,target_25_290936,aps_raw,100,9,1428,0.7478991596638656,0.9900000000000002
sues,target_25_290936,aps_raw,200,9,1428,0.7478991596638656,0.9900000000000002
sues,target_50_290936,distance,1,3,5,0.8,0.372
sues,target_50_290936,distance,1,4,46,0.4782608695652174,0.4665217391304347
sues,target_50_290936,distance,1,5,58,0.5862068965517241,0.5446551724137931
sues,target_50_290936,distance,1,6,198,0.5202020202020202,0.6575252525252525
sues,target_50_290936,distance,1,7,347,0.4812680115273775,0.7503458213256484
sues,target_50_290936,distance,1,8,346,0.476878612716763,0.8473988439306358
sues,target_50_290936,distance,1,9,428,0.29439252336448596,0.9339485981308411
sues,target_50_290936,distance,20,8,5,0.0,0.8800000000000001
sues,target_50_290936,distance,20,9,1423,0.4947294448348559,0.9665495432185525
sues,target_50_290936,distance,50,9,1428,0.4957983193277311,0.9861834733893559
sues,target_50_290936,distance,100,9,1428,0.4957983193277311,0.9900000000000002
sues,target_50_290936,distance,200,9,1428,0.4957983193277311,0.9900000000000002
sues,target_50_290936,aps_raw,1,7,306,0.07516339869281045,0.7801307189542485
sues,target_50_290936,aps_raw,1,8,1122,0.5329768270944741,0.8393048128342246
sues,target_50_290936,aps_raw,20,9,1428,0.49299719887955185,0.9894327731092439
sues,target_50_290936,aps_raw,50,9,1428,0.4957983193277311,0.9900000000000002
sues,target_50_290936,aps_raw,100,9,1428,0.4957983193277311,0.9900000000000002
sues,target_50_290936,aps_raw,200,9,1428,0.4957983193277311,0.9900000000000002
sues,control_25_290936,distance,1,1,1,0.0,0.16000000000000003
sues,control_25_290936,distance,1,2,12,0.5833333333333334,0.25666666666666665
sues,control_25_290936,distance,1,3,45,0.7777777777777778,0.36288888888888887
sues,control_25_290936,distance,1,4,77,0.8051948051948052,0.46259740259740256
sues,control_25_290936,distance,1,5,101,0.7920792079207921,0.538118811881188
sues,control_25_290936,distance,1,6,202,0.8217821782178217,0.6545544554455444
sues,control_25_290936,distance,1,7,315,0.8380952380952381,0.747904761904762
sues,control_25_290936,distance,1,8,364,0.8928571428571429,0.8459340659340658
sues,control_25_290936,distance,1,9,311,0.9163987138263665,0.9345659163987139
sues,control_25_290936,distance,20,8,37,0.9459459459459459,0.8589189189189189
sues,control_25_290936,distance,20,9,1391,0.9863407620416966,0.9601941049604602
sues,control_25_290936,distance,50,9,1428,0.9985994397759104,0.9820028011204484
sues,control_25_290936,distance,100,9,1428,1.0,0.9898039215686275
sues,control_25_290936,distance,200,9,1428,1.0,0.9900000000000002
sues,control_25_290936,aps_raw,1,7,96,0.7708333333333334,0.7805208333333334
sues,control_25_290936,aps_raw,1,8,1332,0.8633633633633634,0.8471996996996999
sues,control_25_290936,aps_raw,20,9,1428,0.9852941176470589,0.989656862745098
sues,control_25_290936,aps_raw,50,9,1428,0.9985994397759104,0.9900000000000002
sues,control_25_290936,aps_raw,100,9,1428,1.0,0.9900000000000002
sues,control_25_290936,aps_raw,200,9,1428,1.0,0.9900000000000002
sues,target_25_290937,distance,1,2,6,0.6666666666666666,0.26833333333333337
sues,target_25_290937,distance,1,3,25,0.76,0.36400000000000005
sues,target_25_290937,distance,1,4,71,0.6901408450704225,0.4569014084507043
sues,target_25_290937,distance,1,5,91,0.6263736263736264,0.5412087912087913
sues,target_25_290937,distance,1,6,216,0.6990740740740741,0.6565277777777778
sues,target_25_290937,distance,1,7,335,0.5791044776119403,0.7498208955223881
sues,target_25_290937,distance,1,8,379,0.6358839050131926,0.8467810026385223
sues,target_25_290937,distance,1,9,305,0.5770491803278689,0.9327213114754099
sues,target_25_290937,distance,20,8,46,0.34782608695652173,0.8600000000000002
sues,target_25_290937,distance,20,9,1382,0.7539797395079595,0.9595875542691752
sues,target_25_290937,distance,50,9,1428,0.7471988795518207,0.9817436974789918
sues,target_25_290937,distance,100,9,1428,0.7478991596638656,0.9898039215686275
sues,target_25_290937,distance,200,9,1428,0.7478991596638656,0.9900000000000002
sues,target_25_290937,aps_raw,1,7,142,0.16901408450704225,0.7800000000000001
sues,target_25_290937,aps_raw,1,8,1286,0.6741835147744946,0.8430482115085537
sues,target_25_290937,aps_raw,20,9,1428,0.7408963585434174,0.989656862745098
sues,target_25_290937,aps_raw,50,9,1428,0.7471988795518207,0.9900000000000002
sues,target_25_290937,aps_raw,100,9,1428,0.7478991596638656,0.9900000000000002
sues,target_25_290937,aps_raw,200,9,1428,0.7478991596638656,0.9900000000000002
sues,target_50_290937,distance,1,2,5,0.8,0.264
sues,target_50_290937,distance,1,3,16,0.8125,0.360625
sues,target_50_290937,distance,1,4,47,0.6595744680851063,0.4570212765957447
sues,target_50_290937,distance,1,5,62,0.5645161290322581,0.5425806451612905
sues,target_50_290937,distance,1,6,178,0.6348314606741573,0.6583707865168539
sues,target_50_290937,distance,1,7,318,0.37735849056603776,0.7516037735849058
sues,target_50_290937,distance,1,8,371,0.3557951482479784,0.8486792452830189
sues,target_50_290937,distance,1,9,431,0.32018561484918795,0.9349883990719257
sues,target_50_290937,distance,20,8,21,0.047619047619047616,0.8719047619047618
sues,target_50_290937,distance,20,9,1407,0.4989339019189765,0.9657711442786071
sues,target_50_290937,distance,50,9,1428,0.4957983193277311,0.9858473389355744
sues,target_50_290937,distance,100,9,1428,0.4957983193277311,0.9900000000000002
sues,target_50_290937,distance,200,9,1428,0.4957983193277311,0.9900000000000002
sues,target_50_290937,aps_raw,1,7,275,0.05090909090909091,0.780218181818182
sues,target_50_290937,aps_raw,1,8,1153,0.49609713790112747,0.8367823070251518
sues,target_50_290937,aps_raw,20,9,1428,0.49229691876750703,0.9894327731092437
sues,target_50_290937,aps_raw,50,9,1428,0.4957983193277311,0.9900000000000002
sues,target_50_290937,aps_raw,100,9,1428,0.4957983193277311,0.9900000000000002
sues,target_50_290937,aps_raw,200,9,1428,0.4957983193277311,0.9900000000000002
sues,control_25_290937,distance,1,1,1,0.0,0.16000000000000003
sues,control_25_290937,distance,1,2,12,0.5833333333333334,0.25666666666666665
sues,control_25_290937,distance,1,3,37,0.7567567567567568,0.3608108108108108
sues,control_25_290937,distance,1,4,67,0.835820895522388,0.4635820895522388
sues,control_25_290937,distance,1,5,90,0.8,0.5412222222222222
sues,control_25_290937,distance,1,6,206,0.8398058252427184,0.6546116504854369
sues,control_25_290937,distance,1,7,346,0.8236994219653179,0.7483236994219652
sues,control_25_290937,distance,1,8,375,0.888,0.84584
sues,control_25_290937,distance,1,9,294,0.891156462585034,0.9305442176870747
sues,control_25_290937,distance,20,8,31,1.0,0.8690322580645159
sues,control_25_290937,distance,20,9,1397,0.9871152469577666,0.9619971367215462
sues,control_25_290937,distance,50,9,1428,0.9985994397759104,0.982514005602241
sues,control_25_290937,distance,100,9,1428,1.0,0.9898039215686275
sues,control_25_290937,distance,200,9,1428,1.0,0.9900000000000002
sues,control_25_290937,aps_raw,1,7,81,0.6790123456790124,0.7806172839506175
sues,control_25_290937,aps_raw,1,8,1347,0.8619153674832962,0.8465107646622123
sues,control_25_290937,aps_raw,20,9,1428,0.9873949579831933,0.9896988795518209
sues,control_25_290937,aps_raw,50,9,1428,0.9985994397759104,0.9900000000000002
sues,control_25_290937,aps_raw,100,9,1428,1.0,0.9900000000000002
sues,control_25_290937,aps_raw,200,9,1428,1.0,0.9900000000000002
sues,target_25_290938,distance,1,1,1,0.0,0.16000000000000003
sues,target_25_290938,distance,1,2,12,0.5833333333333334,0.25666666666666665
sues,target_25_290938,distance,1,3,32,0.71875,0.3621875
sues,target_25_290938,distance,1,4,71,0.8169014084507042,0.46253521126760566
sues,target_25_290938,distance,1,5,100,0.78,0.5383
sues,target_25_290938,distance,1,6,197,0.7055837563451777,0.6571573604060913
sues,target_25_290938,distance,1,7,326,0.6349693251533742,0.7507975460122699
sues,target_25_290938,distance,1,8,370,0.6189189189189189,0.8456216216216216
sues,target_25_290938,distance,1,9,319,0.54858934169279,0.933103448275862
sues,target_25_290938,distance,20,8,45,0.8888888888888888,0.8615555555555555
sues,target_25_290938,distance,20,9,1383,0.7339117859725235,0.9592263195950832
sues,target_25_290938,distance,50,9,1428,0.7464985994397759,0.9810574229691879
sues,target_25_290938,distance,100,9,1428,0.7478991596638656,0.989670868347339
sues,target_25_290938,distance,200,9,1428,0.7478991596638656,0.9900000000000002
sues,target_25_290938,aps_raw,1,7,175,0.24,0.779657142857143
sues,target_25_290938,aps_raw,1,8,1253,0.6975259377494014,0.8444293695131685
sues,target_25_290938,aps_raw,20,9,1428,0.738795518207283,0.9896218487394959
sues,target_25_290938,aps_raw,50,9,1428,0.7464985994397759,0.9900000000000002
sues,target_25_290938,aps_raw,100,9,1428,0.7478991596638656,0.9900000000000002
sues,target_25_290938,aps_raw,200,9,1428,0.7478991596638656,0.9900000000000002
sues,target_50_290938,distance,1,1,1,0.0,0.16000000000000003
sues,target_50_290938,distance,1,2,9,0.6666666666666666,0.25333333333333335
sues,target_50_290938,distance,1,3,22,0.5454545454545454,0.35772727272727267
sues,target_50_290938,distance,1,4,34,0.6470588235294118,0.4658823529411765
sues,target_50_290938,distance,1,5,81,0.48148148148148145,0.5393827160493828
sues,target_50_290938,distance,1,6,148,0.6013513513513513,0.6577702702702702
sues,target_50_290938,distance,1,7,310,0.4129032258064516,0.7504516129032258
sues,target_50_290938,distance,1,8,414,0.391304347826087,0.848695652173913
sues,target_50_290938,distance,1,9,409,0.34474327628361856,0.9325672371638141
sues,target_50_290938,distance,20,8,12,0.9166666666666666,0.8700000000000001
sues,target_50_290938,distance,20,9,1416,0.4851694915254237,0.9670550847457626
sues,target_50_290938,distance,50,9,1428,0.4957983193277311,0.9860014005602242
sues,target_50_290938,distance,100,9,1428,0.4957983193277311,0.9900000000000002
sues,target_50_290938,distance,200,9,1428,0.4957983193277311,0.9900000000000002
sues,target_50_290938,aps_raw,1,7,262,0.11068702290076336,0.78
sues,target_50_290938,aps_raw,1,8,1166,0.4888507718696398,0.837032590051458
sues,target_50_290938,aps_raw,20,9,1428,0.4887955182072829,0.9895238095238095
sues,target_50_290938,aps_raw,50,9,1428,0.4957983193277311,0.9900000000000002
sues,target_50_290938,aps_raw,100,9,1428,0.4957983193277311,0.9900000000000002
sues,target_50_290938,aps_raw,200,9,1428,0.4957983193277311,0.9900000000000002
sues,control_25_290938,distance,1,1,1,0.0,0.16000000000000003
sues,control_25_290938,distance,1,2,12,0.5833333333333334,0.25666666666666665
sues,control_25_290938,distance,1,3,37,0.7567567567567568,0.3608108108108108
sues,control_25_290938,distance,1,4,66,0.8636363636363636,0.4596969696969697
sues,control_25_290938,distance,1,5,93,0.8064516129032258,0.5406451612903225
sues,control_25_290938,distance,1,6,196,0.8418367346938775,0.654030612244898
sues,control_25_290938,distance,1,7,334,0.8233532934131736,0.747874251497006
sues,control_25_290938,distance,1,8,363,0.8870523415977961,0.8454820936639119
sues,control_25_290938,distance,1,9,326,0.9202453987730062,0.9338036809815952
sues,control_25_290938,distance,20,8,26,0.9615384615384616,0.8673076923076923
sues,control_25_290938,distance,20,9,1402,0.9871611982881597,0.9618616262482168
sues,control_25_290938,distance,50,9,1428,0.9985994397759104,0.9825980392156864
sues,control_25_290938,distance,100,9,1428,1.0,0.9898249299719888
sues,control_25_290938,distance,200,9,1428,1.0,0.9900000000000002
sues,control_25_290938,aps_raw,1,7,96,0.78125,0.7806250000000001
sues,control_25_290938,aps_raw,1,8,1332,0.8663663663663663,0.8465765765765765
sues,control_25_290938,aps_raw,20,9,1428,0.9866946778711485,0.9896708683473391
sues,control_25_290938,aps_raw,50,9,1428,0.9985994397759104,0.9900000000000002
sues,control_25_290938,aps_raw,100,9,1428,1.0,0.9900000000000002
sues,control_25_290938,aps_raw,200,9,1428,1.0,0.9900000000000002
sues,target_25_290939,distance,1,1,1,0.0,0.16000000000000003
sues,target_25_290939,distance,1,2,4,0.25,0.255
sues,target_25_290939,distance,1,3,23,0.782608695652174,0.3678260869565217
sues,target_25_290939,distance,1,4,39,0.7692307692307693,0.46230769230769225
sues,target_25_290939,distance,1,5,90,0.6666666666666666,0.5406666666666666
sues,target_25_290939,distance,1,6,203,0.6995073891625616,0.6562561576354679
sues,target_25_290939,distance,1,7,358,0.6480446927374302,0.7503631284916201
sues,target_25_290939,distance,1,8,407,0.6609336609336609,0.8476658476658476
sues,target_25_290939,distance,1,9,303,0.5676567656765676,0.9320462046204622
sues,target_25_290939,distance,20,8,33,0.9393939393939394,0.8648484848484849
sues,target_25_290939,distance,20,9,1395,0.7347670250896058,0.9608387096774192
sues,target_25_290939,distance,50,9,1428,0.7478991596638656,0.9822969187675071
sues,target_25_290939,distance,100,9,1428,0.7478991596638656,0.9898109243697479
sues,target_25_290939,distance,200,9,1428,0.7478991596638656,0.9900000000000002
sues,target_25_290939,aps_raw,1,7,137,0.17518248175182483,0.7807299270072994
sues,target_25_290939,aps_raw,1,8,1291,0.69713400464756,0.8430596436870643
sues,target_25_290939,aps_raw,20,9,1428,0.7394957983193278,0.9896778711484595
sues,target_25_290939,aps_raw,50,9,1428,0.7478991596638656,0.9900000000000002
sues,target_25_290939,aps_raw,100,9,1428,0.7478991596638656,0.9900000000000002
sues,target_25_290939,aps_raw,200,9,1428,0.7478991596638656,0.9900000000000002
sues,target_50_290939,distance,1,3,11,1.0,0.37363636363636366
sues,target_50_290939,distance,1,4,23,0.8260869565217391,0.46043478260869575
sues,target_50_290939,distance,1,5,61,0.6229508196721312,0.5439344262295083
sues,target_50_290939,distance,1,6,181,0.6519337016574586,0.6551933701657457
sues,target_50_290939,distance,1,7,331,0.4773413897280967,0.7489123867069487
sues,target_50_290939,distance,1,8,394,0.4263959390862944,0.8508629441624366
sues,target_50_290939,distance,1,9,427,0.2505854800936768,0.9356440281030445
sues,target_50_290939,distance,20,8,9,0.2222222222222222,0.8855555555555555
sues,target_50_290939,distance,20,9,1419,0.4918957011980268,0.967632135306554
sues,target_50_290939,distance,50,9,1428,0.4957983193277311,0.9859663865546219
sues,target_50_290939,distance,100,9,1428,0.4957983193277311,0.9900000000000002
sues,target_50_290939,distance,200,9,1428,0.4957983193277311,0.9900000000000002
sues,target_50_290939,aps_raw,1,7,316,0.07278481012658228,0.7802531645569623
sues,target_50_290939,aps_raw,1,8,1112,0.5359712230215827,0.8380035971223022
sues,target_50_290939,aps_raw,20,9,1428,0.49019607843137253,0.9894397759103642
sues,target_50_290939,aps_raw,50,9,1428,0.4957983193277311,0.9900000000000002
sues,target_50_290939,aps_raw,100,9,1428,0.4957983193277311,0.9900000000000002
sues,target_50_290939,aps_raw,200,9,1428,0.4957983193277311,0.9900000000000002
sues,control_25_290939,distance,1,1,1,0.0,0.16000000000000003
sues,control_25_290939,distance,1,2,12,0.5833333333333334,0.25666666666666665
sues,control_25_290939,distance,1,3,37,0.7567567567567568,0.3608108108108108
sues,control_25_290939,distance,1,4,66,0.8484848484848485,0.46318181818181825
sues,control_25_290939,distance,1,5,89,0.8089887640449438,0.5417977528089888
sues,control_25_290939,distance,1,6,200,0.845,0.6545499999999999
sues,control_25_290939,distance,1,7,339,0.8200589970501475,0.7479056047197641
sues,control_25_290939,distance,1,8,373,0.8900804289544236,0.8455227882037534
sues,control_25_290939,distance,1,9,311,0.9131832797427653,0.9337299035369775
sues,control_25_290939,distance,20,8,26,1.0,0.8730769230769231
sues,control_25_290939,distance,20,9,1402,0.9871611982881597,0.9622967189728959
sues,control_25_290939,distance,50,9,1428,0.9985994397759104,0.9827661064425772
sues,control_25_290939,distance,100,9,1428,1.0,0.9898529411764707
sues,control_25_290939,distance,200,9,1428,1.0,0.9900000000000002
sues,control_25_290939,aps_raw,1,7,97,0.7731958762886598,0.7806185567010311
sues,control_25_290939,aps_raw,1,8,1331,0.864763335837716,0.8468144252441773
sues,control_25_290939,aps_raw,20,9,1428,0.9873949579831933,0.9896638655462187
sues,control_25_290939,aps_raw,50,9,1428,0.9985994397759104,0.9900000000000002
sues,control_25_290939,aps_raw,100,9,1428,1.0,0.9900000000000002
sues,control_25_290939,aps_raw,200,9,1428,1.0,0.9900000000000002
sues,target_25_290940,distance,1,1,1,0.0,0.16000000000000003
sues,target_25_290940,distance,1,2,6,0.3333333333333333,0.26333333333333336
sues,target_25_290940,distance,1,3,22,0.6818181818181818,0.3695454545454545
sues,target_25_290940,distance,1,4,62,0.7903225806451613,0.45790322580645165
sues,target_25_290940,distance,1,5,97,0.6597938144329897,0.5372164948453609
sues,target_25_290940,distance,1,6,222,0.7207207207207207,0.6536486486486486
sues,target_25_290940,distance,1,7,332,0.6295180722891566,0.7506325301204819
sues,target_25_290940,distance,1,8,368,0.6168478260869565,0.8483967391304349
sues,target_25_290940,distance,1,9,318,0.6415094339622641,0.9321383647798741
sues,target_25_290940,distance,20,8,50,0.68,0.8593999999999999
sues,target_25_290940,distance,20,9,1378,0.7402031930333817,0.9589187227866472
sues,target_25_290940,distance,50,9,1428,0.7464985994397759,0.9809243697478993
sues,target_25_290940,distance,100,9,1428,0.7478991596638656,0.989733893557423
sues,target_25_290940,distance,200,9,1428,0.7478991596638656,0.9900000000000002
sues,target_25_290940,aps_raw,1,7,147,0.3197278911564626,0.781496598639456
sues,target_25_290940,aps_raw,1,8,1281,0.6893052302888368,0.8436612021857923
sues,target_25_290940,aps_raw,20,9,1428,0.7380952380952381,0.9896358543417367
sues,target_25_290940,aps_raw,50,9,1428,0.7464985994397759,0.9900000000000002
sues,target_25_290940,aps_raw,100,9,1428,0.7478991596638656,0.9900000000000002
sues,target_25_290940,aps_raw,200,9,1428,0.7478991596638656,0.9900000000000002
sues,target_50_290940,distance,1,1,1,0.0,0.16000000000000003
sues,target_50_290940,distance,1,2,3,0.3333333333333333,0.24333333333333332
sues,target_50_290940,distance,1,3,13,0.6153846153846154,0.3692307692307692
sues,target_50_290940,distance,1,4,29,0.896551724137931,0.45965517241379317
sues,target_50_290940,distance,1,5,56,0.5892857142857143,0.5396428571428571
sues,target_50_290940,distance,1,6,151,0.6026490066225165,0.6535099337748342
sues,target_50_290940,distance,1,7,330,0.4575757575757576,0.7506363636363638
sues,target_50_290940,distance,1,8,412,0.3762135922330097,0.8484951456310679
sues,target_50_290940,distance,1,9,433,0.371824480369515,0.9342263279445727
sues,target_50_290940,distance,20,8,20,0.7,0.8714999999999999
sues,target_50_290940,distance,20,9,1408,0.48863636363636365,0.9669176136363636
sues,target_50_290940,distance,50,9,1428,0.4957983193277311,0.9857212885154063
sues,target_50_290940,distance,100,9,1428,0.4957983193277311,0.9900000000000002
sues,target_50_290940,distance,200,9,1428,0.4957983193277311,0.9900000000000002
sues,target_50_290940,aps_raw,1,7,283,0.127208480565371,0.780600706713781
sues,target_50_290940,aps_raw,1,8,1145,0.5152838427947598,0.8370131004366812
sues,target_50_290940,aps_raw,20,9,1428,0.49159663865546216,0.9895518207282914
sues,target_50_290940,aps_raw,50,9,1428,0.4957983193277311,0.9900000000000002
sues,target_50_290940,aps_raw,100,9,1428,0.4957983193277311,0.9900000000000002
sues,target_50_290940,aps_raw,200,9,1428,0.4957983193277311,0.9900000000000002
sues,control_25_290940,distance,1,1,1,0.0,0.16000000000000003
sues,control_25_290940,distance,1,2,12,0.5833333333333334,0.25666666666666665
sues,control_25_290940,distance,1,3,38,0.7368421052631579,0.3602631578947369
sues,control_25_290940,distance,1,4,70,0.7857142857142857,0.4627142857142858
sues,control_25_290940,distance,1,5,94,0.776595744680851,0.541063829787234
sues,control_25_290940,distance,1,6,205,0.848780487804878,0.6543902439024389
sues,control_25_290940,distance,1,7,337,0.8367952522255193,0.7487537091988131
sues,control_25_290940,distance,1,8,350,0.8857142857142857,0.8465142857142857
sues,control_25_290940,distance,1,9,321,0.9221183800623053,0.9334267912772586
sues,control_25_290940,distance,20,8,37,0.9459459459459459,0.8613513513513513
sues,control_25_290940,distance,20,9,1391,0.9863407620416966,0.9604025880661395
sues,control_25_290940,distance,50,9,1428,0.9985994397759104,0.9819607843137257
sues,control_25_290940,distance,100,9,1428,1.0,0.9897829131652661
sues,control_25_290940,distance,200,9,1428,1.0,0.9900000000000002
sues,control_25_290940,aps_raw,1,7,96,0.7916666666666666,0.7805208333333334
sues,control_25_290940,aps_raw,1,8,1332,0.8626126126126126,0.8469369369369368
sues,control_25_290940,aps_raw,20,9,1428,0.9852941176470589,0.989656862745098
sues,control_25_290940,aps_raw,50,9,1428,0.9985994397759104,0.9900000000000002
sues,control_25_290940,aps_raw,100,9,1428,1.0,0.9900000000000002
sues,control_25_290940,aps_raw,200,9,1428,1.0,0.9900000000000002
sues,target_25_290941,distance,1,1,1,0.0,0.16000000000000003
sues,target_25_290941,distance,1,2,4,0.5,0.24
sues,target_25_290941,distance,1,3,13,0.38461538461538464,0.36230769230769233
sues,target_25_290941,distance,1,4,49,0.6326530612244898,0.46265306122448985
sues,target_25_290941,distance,1,5,82,0.7439024390243902,0.5382926829268293
sues,target_25_290941,distance,1,6,232,0.6206896551724138,0.6576724137931034
sues,target_25_290941,distance,1,7,363,0.628099173553719,0.7500826446280993
sues,target_25_290941,distance,1,8,371,0.6415094339622641,0.8486792452830189
sues,target_25_290941,distance,1,9,313,0.5878594249201278,0.931405750798722
sues,target_25_290941,distance,20,8,31,0.6129032258064516,0.8648387096774192
sues,target_25_290941,distance,20,9,1397,0.7387258410880458,0.9603364352183251
sues,target_25_290941,distance,50,9,1428,0.7464985994397759,0.9820868347338936
sues,target_25_290941,distance,100,9,1428,0.7478991596638656,0.9897969187675071
sues,target_25_290941,distance,200,9,1428,0.7478991596638656,0.9900000000000002
sues,target_25_290941,aps_raw,1,7,149,0.2550335570469799,0.7802684563758391
sues,target_25_290941,aps_raw,1,8,1279,0.6684910086004691,0.8419233776387804
sues,target_25_290941,aps_raw,20,9,1428,0.7359943977591037,0.989670868347339
sues,target_25_290941,aps_raw,50,9,1428,0.7464985994397759,0.9900000000000002
sues,target_25_290941,aps_raw,100,9,1428,0.7478991596638656,0.9900000000000002
sues,target_25_290941,aps_raw,200,9,1428,0.7478991596638656,0.9900000000000002
sues,target_50_290941,distance,1,3,6,0.6666666666666666,0.37166666666666665
sues,target_50_290941,distance,1,4,28,0.6071428571428571,0.47535714285714287
sues,target_50_290941,distance,1,5,63,0.6507936507936508,0.5411111111111112
sues,target_50_290941,distance,1,6,207,0.45893719806763283,0.6593719806763284
sues,target_50_290941,distance,1,7,323,0.4458204334365325,0.7503095975232198
sues,target_50_290941,distance,1,8,396,0.37626262626262624,0.8507828282828284
sues,target_50_290941,distance,1,9,405,0.39753086419753086,0.9331851851851852
sues,target_50_290941,distance,20,8,10,0.1,0.8779999999999999
sues,target_50_290941,distance,20,9,1418,0.4929478138222849,0.9666784203102962
sues,target_50_290941,distance,50,9,1428,0.4957983193277311,0.9860084033613445
sues,target_50_290941,distance,100,9,1428,0.4957983193277311,0.9900000000000002
sues,target_50_290941,distance,200,9,1428,0.4957983193277311,0.9900000000000002
sues,target_50_290941,aps_raw,1,7,239,0.1506276150627615,0.7805439330543934
sues,target_50_290941,aps_raw,1,8,1189,0.48359966358284273,0.8361816652649285
sues,target_50_290941,aps_raw,20,9,1428,0.49019607843137253,0.9895938375350143
sues,target_50_290941,aps_raw,50,9,1428,0.4957983193277311,0.9900000000000002
sues,target_50_290941,aps_raw,100,9,1428,0.4957983193277311,0.9900000000000002
sues,target_50_290941,aps_raw,200,9,1428,0.4957983193277311,0.9900000000000002
sues,control_25_290941,distance,1,1,1,0.0,0.16000000000000003
sues,control_25_290941,distance,1,2,12,0.5833333333333334,0.25666666666666665
sues,control_25_290941,distance,1,3,39,0.7435897435897436,0.3607692307692308
sues,control_25_290941,distance,1,4,72,0.8055555555555556,0.4586111111111111
sues,control_25_290941,distance,1,5,91,0.7802197802197802,0.5398901098901099
sues,control_25_290941,distance,1,6,199,0.8442211055276382,0.6548241206030151
sues,control_25_290941,distance,1,7,341,0.8269794721407625,0.7478299120234604
sues,control_25_290941,distance,1,8,372,0.8951612903225806,0.8461290322580645
sues,control_25_290941,distance,1,9,301,0.9003322259136213,0.9305315614617942
sues,control_25_290941,distance,20,8,33,0.9393939393939394,0.8672727272727272
sues,control_25_290941,distance,20,9,1395,0.9863799283154122,0.9611254480286738
sues,control_25_290941,distance,50,9,1428,0.9985994397759104,0.9822969187675071
sues,control_25_290941,distance,100,9,1428,1.0,0.9898039215686275
sues,control_25_290941,distance,200,9,1428,1.0,0.9900000000000002
sues,control_25_290941,aps_raw,1,7,82,0.7073170731707317,0.7807317073170733
sues,control_25_290941,aps_raw,1,8,1346,0.862555720653789,0.8466939078751858
sues,control_25_290941,aps_raw,20,9,1428,0.9852941176470589,0.9896848739495799
sues,control_25_290941,aps_raw,50,9,1428,0.9985994397759104,0.9900000000000002
sues,control_25_290941,aps_raw,100,9,1428,1.0,0.9900000000000002
sues,control_25_290941,aps_raw,200,9,1428,1.0,0.9900000000000002
sues,target_25_290942,distance,1,2,4,1.0,0.2475
sues,target_25_290942,distance,1,3,28,0.7142857142857143,0.36107142857142854
sues,target_25_290942,distance,1,4,58,0.6724137931034483,0.4575862068965517
sues,target_25_290942,distance,1,5,88,0.6931818181818182,0.5428409090909092
sues,target_25_290942,distance,1,6,227,0.6387665198237885,0.6565638766519823
sues,target_25_290942,distance,1,7,341,0.6363636363636364,0.7496480938416422
sues,target_25_290942,distance,1,8,390,0.6615384615384615,0.8459743589743588
sues,target_25_290942,distance,1,9,292,0.5616438356164384,0.9318835616438357
sues,target_25_290942,distance,20,8,33,0.3333333333333333,0.8718181818181819
sues,target_25_290942,distance,20,9,1395,0.7440860215053764,0.9609605734767025
sues,target_25_290942,distance,50,9,1428,0.7471988795518207,0.9825490196078434
sues,target_25_290942,distance,100,9,1428,0.7478991596638656,0.9898319327731092
sues,target_25_290942,distance,200,9,1428,0.7478991596638656,0.9900000000000002
sues,target_25_290942,aps_raw,1,7,160,0.25,0.7798125000000001
sues,target_25_290942,aps_raw,1,8,1268,0.6845425867507886,0.8424684542586751
sues,target_25_290942,aps_raw,20,9,1428,0.7345938375350141,0.989656862745098
sues,target_25_290942,aps_raw,50,9,1428,0.7471988795518207,0.9900000000000002
sues,target_25_290942,aps_raw,100,9,1428,0.7478991596638656,0.9900000000000002
sues,target_25_290942,aps_raw,200,9,1428,0.7478991596638656,0.9900000000000002
sues,target_50_290942,distance,1,3,16,0.875,0.37
sues,target_50_290942,distance,1,4,42,0.4523809523809524,0.4635714285714285
sues,target_50_290942,distance,1,5,67,0.4626865671641791,0.541641791044776
sues,target_50_290942,distance,1,6,160,0.45,0.65825
sues,target_50_290942,distance,1,7,310,0.4161290322580645,0.7521290322580645
sues,target_50_290942,distance,1,8,427,0.48243559718969553,0.8474941451990632
sues,target_50_290942,distance,1,9,406,0.3916256157635468,0.9365763546798029
sues,target_50_290942,distance,20,8,6,0.0,0.8716666666666666
sues,target_50_290942,distance,20,9,1422,0.4957805907172996,0.9668002812939521
sues,target_50_290942,distance,50,9,1428,0.4957983193277311,0.9860504201680673
sues,target_50_290942,distance,100,9,1428,0.4957983193277311,0.9900000000000002
sues,target_50_290942,distance,200,9,1428,0.4957983193277311,0.9900000000000002
sues,target_50_290942,aps_raw,1,7,263,0.11787072243346007,0.7803422053231939
sues,target_50_290942,aps_raw,1,8,1165,0.5141630901287554,0.836618025751073
sues,target_50_290942,aps_raw,20,9,1428,0.49369747899159666,0.9893487394957985
sues,target_50_290942,aps_raw,50,9,1428,0.4957983193277311,0.9900000000000002
sues,target_50_290942,aps_raw,100,9,1428,0.4957983193277311,0.9900000000000002
sues,target_50_290942,aps_raw,200,9,1428,0.4957983193277311,0.9900000000000002
sues,control_25_290942,distance,1,1,1,0.0,0.16000000000000003
sues,control_25_290942,distance,1,2,12,0.5833333333333334,0.25666666666666665
sues,control_25_290942,distance,1,3,38,0.7368421052631579,0.3602631578947369
sues,control_25_290942,distance,1,4,71,0.8028169014084507,0.45971830985915496
sues,control_25_290942,distance,1,5,94,0.7872340425531915,0.5396808510638298
sues,control_25_290942,distance,1,6,201,0.8507462686567164,0.6545273631840796
sues,control_25_290942,distance,1,7,344,0.8343023255813954,0.7482558139534885
sues,control_25_290942,distance,1,8,362,0.8950276243093923,0.8464640883977901
sues,control_25_290942,distance,1,9,305,0.9081967213114754,0.9338688524590165
sues,control_25_290942,distance,20,8,31,0.9354838709677419,0.8693548387096774
sues,control_25_290942,distance,20,9,1397,0.9871152469577666,0.961496062992126
sues,control_25_290942,distance,50,9,1428,0.9985994397759104,0.982373949579832
sues,control_25_290942,distance,100,9,1428,1.0,0.9898249299719888
sues,control_25_290942,distance,200,9,1428,1.0,0.9900000000000002
sues,control_25_290942,aps_raw,1,7,96,0.7708333333333334,0.7807291666666668
sues,control_25_290942,aps_raw,1,8,1332,0.8641141141141141,0.8471096096096096
sues,control_25_290942,aps_raw,20,9,1428,0.9859943977591037,0.9896848739495799
sues,control_25_290942,aps_raw,50,9,1428,0.9985994397759104,0.9900000000000002
sues,control_25_290942,aps_raw,100,9,1428,1.0,0.9900000000000002
sues,control_25_290942,aps_raw,200,9,1428,1.0,0.9900000000000002
sues,target_25_290943,distance,1,1,1,0.0,0.16000000000000003
sues,target_25_290943,distance,1,2,9,0.5555555555555556,0.2544444444444445
sues,target_25_290943,distance,1,3,35,0.8571428571428571,0.362
sues,target_25_290943,distance,1,4,50,0.8,0.4620000000000001
sues,target_25_290943,distance,1,5,85,0.7058823529411765,0.5371764705882353
sues,target_25_290943,distance,1,6,205,0.6341463414634146,0.6560975609756097
sues,target_25_290943,distance,1,7,370,0.6054054054054054,0.7501081081081081
sues,target_25_290943,distance,1,8,384,0.6848958333333334,0.8474218749999999
sues,target_25_290943,distance,1,9,289,0.5432525951557093,0.9321107266435986
sues,target_25_290943,distance,20,8,39,0.7435897435897436,0.8617948717948718
sues,target_25_290943,distance,20,9,1389,0.7329013678905687,0.9607055435565154
sues,target_25_290943,distance,50,9,1428,0.7457983193277311,0.981981792717087
sues,target_25_290943,distance,100,9,1428,0.7478991596638656,0.9898249299719888
sues,target_25_290943,distance,200,9,1428,0.7478991596638656,0.9900000000000002
sues,target_25_290943,aps_raw,1,7,162,0.22839506172839505,0.7803086419753088
sues,target_25_290943,aps_raw,1,8,1266,0.688783570300158,0.8432938388625594
sues,target_25_290943,aps_raw,20,9,1428,0.7331932773109243,0.989656862745098
sues,target_25_290943,aps_raw,50,9,1428,0.7457983193277311,0.9900000000000002
sues,target_25_290943,aps_raw,100,9,1428,0.7478991596638656,0.9900000000000002
sues,target_25_290943,aps_raw,200,9,1428,0.7478991596638656,0.9900000000000002
sues,target_50_290943,distance,1,1,1,0.0,0.16000000000000003
sues,target_50_290943,distance,1,2,5,0.4,0.248
sues,target_50_290943,distance,1,3,22,0.8181818181818182,0.3668181818181818
sues,target_50_290943,distance,1,4,32,0.6875,0.4696875
sues,target_50_290943,distance,1,5,66,0.6363636363636364,0.5371212121212121
sues,target_50_290943,distance,1,6,152,0.47368421052631576,0.6604605263157893
sues,target_50_290943,distance,1,7,343,0.3673469387755102,0.7528279883381925
sues,target_50_290943,distance,1,8,380,0.43157894736842106,0.8468947368421053
sues,target_50_290943,distance,1,9,427,0.40046838407494145,0.9351990632318502
sues,target_50_290943,distance,20,8,12,0.9166666666666666,0.8758333333333334
sues,target_50_290943,distance,20,9,1416,0.4887005649717514,0.9680579096045198
sues,target_50_290943,distance,50,9,1428,0.4957983193277311,0.9862114845938377
sues,target_50_290943,distance,100,9,1428,0.4957983193277311,0.9900000000000002
sues,target_50_290943,distance,200,9,1428,0.4957983193277311,0.9900000000000002
sues,target_50_290943,aps_raw,1,7,267,0.13857677902621723,0.7807116104868914
sues,target_50_290943,aps_raw,1,8,1161,0.49956933677863913,0.836365202411714
sues,target_50_290943,aps_raw,20,9,1428,0.49229691876750703,0.9894747899159664
sues,target_50_290943,aps_raw,50,9,1428,0.4957983193277311,0.9900000000000002
sues,target_50_290943,aps_raw,100,9,1428,0.4957983193277311,0.9900000000000002
sues,target_50_290943,aps_raw,200,9,1428,0.4957983193277311,0.9900000000000002
sues,control_25_290943,distance,1,1,1,0.0,0.16000000000000003
sues,control_25_290943,distance,1,2,12,0.5833333333333334,0.25666666666666665
sues,control_25_290943,distance,1,3,37,0.7567567567567568,0.3608108108108108
sues,control_25_290943,distance,1,4,66,0.8636363636363636,0.4596969696969697
sues,control_25_290943,distance,1,5,94,0.8085106382978723,0.5409574468085107
sues,control_25_290943,distance,1,6,205,0.8390243902439024,0.654829268292683
sues,control_25_290943,distance,1,7,343,0.8221574344023324,0.7484839650145773
sues,control_25_290943,distance,1,8,362,0.8812154696132597,0.846353591160221
sues,control_25_290943,distance,1,9,308,0.9188311688311688,0.9335389610389612
sues,control_25_290943,distance,20,8,28,1.0,0.8739285714285715
sues,control_25_290943,distance,20,9,1400,0.9871428571428571,0.9612928571428571
sues,control_25_290943,distance,50,9,1428,0.9985994397759104,0.9823809523809525
sues,control_25_290943,distance,100,9,1428,1.0,0.9898109243697479
sues,control_25_290943,distance,200,9,1428,1.0,0.9900000000000002
sues,control_25_290943,aps_raw,1,7,95,0.7789473684210526,0.7806315789473687
sues,control_25_290943,aps_raw,1,8,1333,0.8627156789197299,0.8468942235558891
sues,control_25_290943,aps_raw,20,9,1428,0.9873949579831933,0.9896778711484595
sues,control_25_290943,aps_raw,50,9,1428,0.9985994397759104,0.9900000000000002
sues,control_25_290943,aps_raw,100,9,1428,1.0,0.9900000000000002
sues,control_25_290943,aps_raw,200,9,1428,1.0,0.9900000000000002
sues,target_25_290944,distance,1,2,4,0.5,0.2675
sues,target_25_290944,distance,1,3,12,0.75,0.3675
sues,target_25_290944,distance,1,4,43,0.627906976744186,0.46372093023255817
sues,target_25_290944,distance,1,5,76,0.631578947368421,0.5432894736842105
sues,target_25_290944,distance,1,6,202,0.698019801980198,0.6589108910891088
sues,target_25_290944,distance,1,7,373,0.613941018766756,0.7494906166219839
sues,target_25_290944,distance,1,8,421,0.6175771971496437,0.847957244655582
sues,target_25_290944,distance,1,9,297,0.6430976430976431,0.9316161616161616
sues,target_25_290944,distance,20,8,32,0.53125,0.8653125
sues,target_25_290944,distance,20,9,1396,0.7371060171919771,0.9604942693409741
sues,target_25_290944,distance,50,9,1428,0.7464985994397759,0.9823599439775912
sues,target_25_290944,distance,100,9,1428,0.7478991596638656,0.9898249299719888
sues,target_25_290944,distance,200,9,1428,0.7478991596638656,0.9900000000000002
sues,target_25_290944,aps_raw,1,7,136,0.3088235294117647,0.7808823529411766
sues,target_25_290944,aps_raw,1,8,1292,0.6695046439628483,0.8415479876160993
sues,target_25_290944,aps_raw,20,9,1428,0.7324929971988795,0.9896638655462187
sues,target_25_290944,aps_raw,50,9,1428,0.7464985994397759,0.9900000000000002
sues,target_25_290944,aps_raw,100,9,1428,0.7478991596638656,0.9900000000000002
sues,target_25_290944,aps_raw,200,9,1428,0.7478991596638656,0.9900000000000002
sues,target_50_290944,distance,1,2,2,0.5,0.255
sues,target_50_290944,distance,1,3,7,0.5714285714285714,0.36285714285714293
sues,target_50_290944,distance,1,4,27,0.6666666666666666,0.46851851851851856
sues,target_50_290944,distance,1,5,62,0.5161290322580645,0.5403225806451613
sues,target_50_290944,distance,1,6,154,0.5974025974025974,0.6586363636363637
sues,target_50_290944,distance,1,7,309,0.4401294498381877,0.750032362459547
sues,target_50_290944,distance,1,8,438,0.3858447488584475,0.8476255707762557
sues,target_50_290944,distance,1,9,429,0.34032634032634035,0.9348484848484847
sues,target_50_290944,distance,20,8,18,0.6666666666666666,0.8761111111111111
sues,target_50_290944,distance,20,9,1410,0.4808510638297872,0.96622695035461
sues,target_50_290944,distance,50,9,1428,0.4957983193277311,0.985560224089636
sues,target_50_290944,distance,100,9,1428,0.4957983193277311,0.9900000000000002
sues,target_50_290944,distance,200,9,1428,0.4957983193277311,0.9900000000000002
sues,target_50_290944,aps_raw,1,7,294,0.11564625850340136,0.7804761904761905
sues,target_50_290944,aps_raw,1,8,1134,0.4973544973544973,0.8363139329805996
sues,target_50_290944,aps_raw,20,9,1428,0.4831932773109244,0.9894537815126051
sues,target_50_290944,aps_raw,50,9,1428,0.4957983193277311,0.9900000000000002
sues,target_50_290944,aps_raw,100,9,1428,0.4957983193277311,0.9900000000000002
sues,target_50_290944,aps_raw,200,9,1428,0.4957983193277311,0.9900000000000002
sues,control_25_290944,distance,1,1,1,0.0,0.16000000000000003
sues,control_25_290944,distance,1,2,12,0.5833333333333334,0.25666666666666665
sues,control_25_290944,distance,1,3,38,0.7368421052631579,0.3602631578947369
sues,control_25_290944,distance,1,4,69,0.7971014492753623,0.4623188405797102
sues,control_25_290944,distance,1,5,92,0.782608695652174,0.5405434782608696
sues,control_25_290944,distance,1,6,203,0.8472906403940886,0.6549261083743841
sues,control_25_290944,distance,1,7,340,0.8294117647058824,0.7482941176470589
sues,control_25_290944,distance,1,8,369,0.8888888888888888,0.8462059620596206
sues,control_25_290944,distance,1,9,304,0.8980263157894737,0.9303618421052631
sues,control_25_290944,distance,20,8,29,1.0,0.8724137931034481
sues,control_25_290944,distance,20,9,1399,0.9871336669049321,0.9616583273766978
sues,control_25_290944,distance,50,9,1428,0.9985994397759104,0.9825770308123252
sues,control_25_290944,distance,100,9,1428,1.0,0.9898319327731092
sues,control_25_290944,distance,200,9,1428,1.0,0.9900000000000002
sues,control_25_290944,aps_raw,1,7,83,0.6987951807228916,0.7807228915662652
sues,control_25_290944,aps_raw,1,8,1345,0.8617100371747212,0.8466914498141266
sues,control_25_290944,aps_raw,20,9,1428,0.9873949579831933,0.9896848739495799
sues,control_25_290944,aps_raw,50,9,1428,0.9985994397759104,0.9900000000000002
sues,control_25_290944,aps_raw,100,9,1428,1.0,0.9900000000000002
sues,control_25_290944,aps_raw,200,9,1428,1.0,0.9900000000000002
sues,target_25_290945,distance,1,1,1,0.0,0.16000000000000003
sues,target_25_290945,distance,1,2,6,0.5,0.25333333333333335
sues,target_25_290945,distance,1,3,27,0.7037037037037037,0.36740740740740735
sues,target_25_290945,distance,1,4,68,0.7058823529411765,0.4622058823529412
sues,target_25_290945,distance,1,5,93,0.6021505376344086,0.5421505376344086
sues,target_25_290945,distance,1,6,223,0.6771300448430493,0.656322869955157
sues,target_25_290945,distance,1,7,314,0.6719745222929936,0.7481210191082803
sues,target_25_290945,distance,1,8,362,0.5607734806629834,0.8472375690607734
sues,target_25_290945,distance,1,9,334,0.5598802395209581,0.9321556886227546
sues,target_25_290945,distance,20,8,35,0.6,0.866
sues,target_25_290945,distance,20,9,1393,0.7372577171572147,0.9601794687724335
sues,target_25_290945,distance,50,9,1428,0.7464985994397759,0.9820518207282914
sues,target_25_290945,distance,100,9,1428,0.7478991596638656,0.9898179271708684
sues,target_25_290945,distance,200,9,1428,0.7478991596638656,0.9900000000000002
sues,target_25_290945,aps_raw,1,7,171,0.25146198830409355,0.7808187134502926
sues,target_25_290945,aps_raw,1,8,1257,0.664280031821798,0.8433890214797135
sues,target_25_290945,aps_raw,20,9,1428,0.7338935574229691,0.9896498599439778
sues,target_25_290945,aps_raw,50,9,1428,0.7464985994397759,0.9900000000000002
sues,target_25_290945,aps_raw,100,9,1428,0.7478991596638656,0.9900000000000002
sues,target_25_290945,aps_raw,200,9,1428,0.7478991596638656,0.9900000000000002
sues,target_50_290945,distance,1,1,1,0.0,0.16000000000000003
sues,target_50_290945,distance,1,2,6,0.5,0.25333333333333335
sues,target_50_290945,distance,1,3,18,0.5555555555555556,0.36777777777777776
sues,target_50_290945,distance,1,4,46,0.7391304347826086,0.4621739130434782
sues,target_50_290945,distance,1,5,71,0.5352112676056338,0.5432394366197182
sues,target_50_290945,distance,1,6,171,0.5263157894736842,0.6574853801169591
sues,target_50_290945,distance,1,7,278,0.4136690647482014,0.7525899280575541
sues,target_50_290945,distance,1,8,408,0.34558823529411764,0.847107843137255
sues,target_50_290945,distance,1,9,429,0.3543123543123543,0.9332634032634033
sues,target_50_290945,distance,20,8,9,0.4444444444444444,0.8855555555555555
sues,target_50_290945,distance,20,9,1419,0.48907681465821,0.9670260747004933
sues,target_50_290945,distance,50,9,1428,0.4957983193277311,0.9862394957983194
sues,target_50_290945,distance,100,9,1428,0.4957983193277311,0.9900000000000002
sues,target_50_290945,distance,200,9,1428,0.4957983193277311,0.9900000000000002
sues,target_50_290945,aps_raw,1,7,275,0.11636363636363636,0.7803272727272729
sues,target_50_290945,aps_raw,1,8,1153,0.4778837814397225,0.8368950563746748
sues,target_50_290945,aps_raw,20,9,1428,0.4887955182072829,0.9895308123249301
sues,target_50_290945,aps_raw,50,9,1428,0.4957983193277311,0.9900000000000002
sues,target_50_290945,aps_raw,100,9,1428,0.4957983193277311,0.9900000000000002
sues,target_50_290945,aps_raw,200,9,1428,0.4957983193277311,0.9900000000000002
sues,control_25_290945,distance,1,1,1,0.0,0.16000000000000003
sues,control_25_290945,distance,1,2,12,0.5833333333333334,0.25666666666666665
sues,control_25_290945,distance,1,3,44,0.7954545454545454,0.3634090909090909
sues,control_25_290945,distance,1,4,71,0.8591549295774648,0.46253521126760566
sues,control_25_290945,distance,1,5,104,0.8076923076923077,0.5392307692307692
sues,control_25_290945,distance,1,6,222,0.8153153153153153,0.654099099099099
sues,control_25_290945,distance,1,7,321,0.8130841121495327,0.7480685358255451
sues,control_25_290945,distance,1,8,372,0.8978494623655914,0.8460215053763441
sues,control_25_290945,distance,1,9,281,0.8932384341637011,0.9312811387900356
sues,control_25_290945,distance,20,8,34,0.9411764705882353,0.866470588235294
sues,control_25_290945,distance,20,9,1394,0.9878048780487805,0.9610688665710186
sues,control_25_290945,distance,50,9,1428,0.9985994397759104,0.9823109243697481
sues,control_25_290945,distance,100,9,1428,1.0,0.9898179271708684
sues,control_25_290945,distance,200,9,1428,1.0,0.9900000000000002
sues,control_25_290945,aps_raw,1,7,84,0.7023809523809523,0.7804761904761907
sues,control_25_290945,aps_raw,1,8,1344,0.859375,0.8472023809523809
sues,control_25_290945,aps_raw,20,9,1428,0.9866946778711485,0.9896848739495799
sues,control_25_290945,aps_raw,50,9,1428,0.9985994397759104,0.9900000000000002
sues,control_25_290945,aps_raw,100,9,1428,1.0,0.9900000000000002
sues,control_25_290945,aps_raw,200,9,1428,1.0,0.9900000000000002
sues,target_25_290946,distance,1,1,1,0.0,0.16000000000000003
sues,target_25_290946,distance,1,2,5,0.4,0.25
sues,target_25_290946,distance,1,3,27,0.6666666666666666,0.3644444444444445
sues,target_25_290946,distance,1,4,62,0.5,0.46209677419354833
sues,target_25_290946,distance,1,5,95,0.6947368421052632,0.5365263157894736
sues,target_25_290946,distance,1,6,233,0.7124463519313304,0.6559656652360514
sues,target_25_290946,distance,1,7,319,0.6394984326018809,0.7492789968652037
sues,target_25_290946,distance,1,8,358,0.6368715083798883,0.8456983240223463
sues,target_25_290946,distance,1,9,328,0.5853658536585366,0.9328353658536587
sues,target_25_290946,distance,20,8,47,0.6595744680851063,0.8565957446808512
sues,target_25_290946,distance,20,9,1381,0.7407675597393193,0.9597972483707459
sues,target_25_290946,distance,50,9,1428,0.7478991596638656,0.9817507002801121
sues,target_25_290946,distance,100,9,1428,0.7478991596638656,0.9897969187675071
sues,target_25_290946,distance,200,9,1428,0.7478991596638656,0.9900000000000002
sues,target_25_290946,aps_raw,1,7,163,0.2392638036809816,0.7808588957055217
sues,target_25_290946,aps_raw,1,8,1265,0.6861660079051384,0.8443399209486165
sues,target_25_290946,aps_raw,20,9,1428,0.7380952380952381,0.9896148459383755
sues,target_25_290946,aps_raw,50,9,1428,0.7478991596638656,0.9900000000000002
sues,target_25_290946,aps_raw,100,9,1428,0.7478991596638656,0.9900000000000002
sues,target_25_290946,aps_raw,200,9,1428,0.7478991596638656,0.9900000000000002
sues,target_50_290946,distance,1,2,2,0.5,0.26
sues,target_50_290946,distance,1,3,10,0.7,0.365
sues,target_50_290946,distance,1,4,28,0.35714285714285715,0.4675000000000001
sues,target_50_290946,distance,1,5,69,0.42028985507246375,0.5389855072463767
sues,target_50_290946,distance,1,6,175,0.52,0.6586857142857142
sues,target_50_290946,distance,1,7,309,0.44336569579288027,0.7514886731391586
sues,target_50_290946,distance,1,8,434,0.4769585253456221,0.8474654377880184
sues,target_50_290946,distance,1,9,401,0.38154613466334164,0.9354114713216957
sues,target_50_290946,distance,20,8,15,0.2,0.8780000000000001
sues,target_50_290946,distance,20,9,1413,0.4989384288747346,0.9678273177636235
sues,target_50_290946,distance,50,9,1428,0.4957983193277311,0.9861694677871149
sues,target_50_290946,distance,100,9,1428,0.4957983193277311,0.9900000000000002
sues,target_50_290946,distance,200,9,1428,0.4957983193277311,0.9900000000000002
sues,target_50_290946,aps_raw,1,7,256,0.1015625,0.7796484374999999
sues,target_50_290946,aps_raw,1,8,1172,0.5196245733788396,0.83820819112628
sues,target_50_290946,aps_raw,20,9,1428,0.4957983193277311,0.9894887955182075
sues,target_50_290946,aps_raw,50,9,1428,0.4957983193277311,0.9900000000000002
sues,target_50_290946,aps_raw,100,9,1428,0.4957983193277311,0.9900000000000002
sues,target_50_290946,aps_raw,200,9,1428,0.4957983193277311,0.9900000000000002
sues,control_25_290946,distance,1,1,1,0.0,0.16000000000000003
sues,control_25_290946,distance,1,2,12,0.5833333333333334,0.25666666666666665
sues,control_25_290946,distance,1,3,37,0.7567567567567568,0.3608108108108108
sues,control_25_290946,distance,1,4,65,0.8461538461538461,0.46292307692307694
sues,control_25_290946,distance,1,5,91,0.7912087912087912,0.5404395604395604
sues,control_25_290946,distance,1,6,207,0.8405797101449275,0.6543478260869565
sues,control_25_290946,distance,1,7,342,0.8245614035087719,0.7479824561403509
sues,control_25_290946,distance,1,8,367,0.888283378746594,0.8459673024523161
sues,control_25_290946,distance,1,9,306,0.9084967320261438,0.9339215686274509
sues,control_25_290946,distance,20,8,27,1.0,0.8733333333333333
sues,control_25_290946,distance,20,9,1401,0.9885795860099929,0.9622983583154888
sues,control_25_290946,distance,50,9,1428,0.9985994397759104,0.9826120448179272
sues,control_25_290946,distance,100,9,1428,1.0,0.9898249299719888
sues,control_25_290946,distance,200,9,1428,1.0,0.9900000000000002
sues,control_25_290946,aps_raw,1,7,96,0.7708333333333334,0.7807291666666668
sues,control_25_290946,aps_raw,1,8,1332,0.8618618618618619,0.8469444444444445
sues,control_25_290946,aps_raw,20,9,1428,0.988795518207283,0.9896778711484595
sues,control_25_290946,aps_raw,50,9,1428,0.9985994397759104,0.9900000000000002
sues,control_25_290946,aps_raw,100,9,1428,1.0,0.9900000000000002
sues,control_25_290946,aps_raw,200,9,1428,1.0,0.9900000000000002
sues,target_25_290947,distance,1,2,4,0.5,0.2675
sues,target_25_290947,distance,1,3,28,0.9642857142857143,0.3717857142857143
sues,target_25_290947,distance,1,4,59,0.8983050847457628,0.46254237288135597
sues,target_25_290947,distance,1,5,97,0.6701030927835051,0.5396907216494845
sues,target_25_290947,distance,1,6,226,0.7389380530973452,0.6576991150442476
sues,target_25_290947,distance,1,7,322,0.6614906832298136,0.7504968944099379
sues,target_25_290947,distance,1,8,375,0.5653333333333334,0.8499733333333334
sues,target_25_290947,distance,1,9,317,0.6056782334384858,0.9325236593059937
sues,target_25_290947,distance,20,8,42,0.8571428571428571,0.8645238095238094
sues,target_25_290947,distance,20,9,1386,0.7373737373737373,0.9596464646464647
sues,target_25_290947,distance,50,9,1428,0.7478991596638656,0.9818347338935577
sues,target_25_290947,distance,100,9,1428,0.7478991596638656,0.9897619047619048
sues,target_25_290947,distance,200,9,1428,0.7478991596638656,0.9900000000000002
sues,target_25_290947,aps_raw,1,7,152,0.3157894736842105,0.7807894736842107
sues,target_25_290947,aps_raw,1,8,1276,0.6920062695924765,0.8429545454545455
sues,target_25_290947,aps_raw,20,9,1428,0.7408963585434174,0.9896498599439778
sues,target_25_290947,aps_raw,50,9,1428,0.7478991596638656,0.9900000000000002
sues,target_25_290947,aps_raw,100,9,1428,0.7478991596638656,0.9900000000000002
sues,target_25_290947,aps_raw,200,9,1428,0.7478991596638656,0.9900000000000002
sues,target_50_290947,distance,1,2,2,0.5,0.255
sues,target_50_290947,distance,1,3,12,1.0,0.3775
sues,target_50_290947,distance,1,4,42,0.9285714285714286,0.4635714285714285
sues,target_50_290947,distance,1,5,65,0.6923076923076923,0.5410769230769231
sues,target_50_290947,distance,1,6,163,0.588957055214724,0.6545398773006135
sues,target_50_290947,distance,1,7,287,0.37282229965156793,0.7510104529616726
sues,target_50_290947,distance,1,8,421,0.37767220902612825,0.8487648456057008
sues,target_50_290947,distance,1,9,436,0.43577981651376146,0.9344724770642202
sues,target_50_290947,distance,20,8,12,0.3333333333333333,0.8791666666666668
sues,target_50_290947,distance,20,9,1416,0.4971751412429379,0.9674011299435029
sues,target_50_290947,distance,50,9,1428,0.4957983193277311,0.9862745098039216
sues,target_50_290947,distance,100,9,1428,0.4957983193277311,0.9900000000000002
sues,target_50_290947,distance,200,9,1428,0.4957983193277311,0.9900000000000002
sues,target_50_290947,aps_raw,1,7,255,0.17647058823529413,0.7806666666666666
sues,target_50_290947,aps_raw,1,8,1173,0.514919011082694,0.8367945439045185
sues,target_50_290947,aps_raw,20,9,1428,0.4957983193277311,0.9894537815126051
sues,target_50_290947,aps_raw,50,9,1428,0.4957983193277311,0.9900000000000002
sues,target_50_290947,aps_raw,100,9,1428,0.4957983193277311,0.9900000000000002
sues,target_50_290947,aps_raw,200,9,1428,0.4957983193277311,0.9900000000000002
sues,control_25_290947,distance,1,1,1,0.0,0.16000000000000003
sues,control_25_290947,distance,1,2,12,0.5833333333333334,0.25666666666666665
sues,control_25_290947,distance,1,3,37,0.7567567567567568,0.3608108108108108
sues,control_25_290947,distance,1,4,66,0.8636363636363636,0.4596969696969697
sues,control_25_290947,distance,1,5,91,0.8021978021978022,0.5408791208791208
sues,control_25_290947,distance,1,6,197,0.8426395939086294,0.6544162436548221
sues,control_25_290947,distance,1,7,345,0.8289855072463768,0.7484057971014493
sues,control_25_290947,distance,1,8,360,0.8777777777777778,0.8451111111111111
sues,control_25_290947,distance,1,9,319,0.9090909090909091,0.9329153605015674
sues,control_25_290947,distance,20,8,23,1.0,0.8726086956521739
sues,control_25_290947,distance,20,9,1405,0.9871886120996441,0.9622633451957295
sues,control_25_290947,distance,50,9,1428,0.9985994397759104,0.9827801120448182
sues,control_25_290947,distance,100,9,1428,1.0,0.9898529411764707
sues,control_25_290947,distance,200,9,1428,1.0,0.9900000000000002
sues,control_25_290947,aps_raw,1,7,96,0.7291666666666666,0.7806250000000001
sues,control_25_290947,aps_raw,1,8,1332,0.8656156156156156,0.8466741741741741
sues,control_25_290947,aps_raw,20,9,1428,0.9873949579831933,0.9896778711484595
sues,control_25_290947,aps_raw,50,9,1428,0.9985994397759104,0.9900000000000002
sues,control_25_290947,aps_raw,100,9,1428,1.0,0.9900000000000002
sues,control_25_290947,aps_raw,200,9,1428,1.0,0.9900000000000002
