dataset,case_id,method,alpha,regime,n_calibration,quantile_index,threshold,threshold_infinite,arm,fraction,queries,active_gallery,reachable,missing,covered,covered_reachable,coverage,reachable_coverage,coverage_ceiling,mean_set_size,median_set_size,empty_sets,full_sets,nonempty_answers,nonempty_top1_errors,singleton_answers,singleton_errors
university,full,distance,0.01,full_frozen,1251,1240,1.0527065299956362,False,full,0.0,852,951,852,0,845,845,0.9917840375586855,0.9917840375586855,1.0,38.913145539906104,34.0,0,0,852,79,0,0
university,full,distance,0.01,matched_all_extended,1251,1240,1.0527065299956362,False,full,0.0,852,951,852,0,845,845,0.9917840375586855,0.9917840375586855,1.0,38.913145539906104,34.0,0,0,852,79,0,0
university,full,distance,0.01,matched_reachable_oracle,1251,1240,1.0527065299956362,False,full,0.0,852,951,852,0,845,845,0.9917840375586855,0.9917840375586855,1.0,38.913145539906104,34.0,0,0,852,79,0,0
university,full,distance,0.05,full_frozen,1251,1190,0.9258809992489222,False,full,0.0,852,951,852,0,798,798,0.9366197183098591,0.9366197183098591,1.0,2.359154929577465,2.0,34,0,818,60,334,14
university,full,distance,0.05,matched_all_extended,1251,1190,0.9258809992489222,False,full,0.0,852,951,852,0,798,798,0.9366197183098591,0.9366197183098591,1.0,2.359154929577465,2.0,34,0,818,60,334,14
university,full,distance,0.05,matched_reachable_oracle,1251,1190,0.9258809992489222,False,full,0.0,852,951,852,0,798,798,0.9366197183098591,0.9366197183098591,1.0,2.359154929577465,2.0,34,0,818,60,334,14
university,full,distance,0.1,full_frozen,1251,1127,0.8698587224776244,False,full,0.0,852,951,852,0,735,735,0.8626760563380281,0.8626760563380281,1.0,1.301643192488263,1.0,111,0,741,33,523,5
university,full,distance,0.1,matched_all_extended,1251,1127,0.8698587224776244,False,full,0.0,852,951,852,0,735,735,0.8626760563380281,0.8626760563380281,1.0,1.301643192488263,1.0,111,0,741,33,523,5
university,full,distance,0.1,matched_reachable_oracle,1251,1127,0.8698587224776244,False,full,0.0,852,951,852,0,735,735,0.8626760563380281,0.8626760563380281,1.0,1.301643192488263,1.0,111,0,741,33,523,5
university,full,aps_raw,0.01,full_frozen,1251,1240,28.630864167150232,False,full,0.0,852,951,852,0,845,845,0.9917840375586855,0.9917840375586855,1.0,57.58568075117371,58.0,0,0,852,79,0,0
university,full,aps_raw,0.01,matched_all_extended,1251,1240,28.630864167150232,False,full,0.0,852,951,852,0,845,845,0.9917840375586855,0.9917840375586855,1.0,57.58568075117371,58.0,0,0,852,79,0,0
university,full,aps_raw,0.01,matched_reachable_oracle,1251,1240,28.630864167150232,False,full,0.0,852,951,852,0,845,845,0.9917840375586855,0.9917840375586855,1.0,57.58568075117371,58.0,0,0,852,79,0,0
university,full,aps_raw,0.05,full_frozen,1251,1190,1.1542710448493194,False,full,0.0,852,951,852,0,805,805,0.9448356807511737,0.9448356807511737,1.0,1.8380281690140845,2.0,0,0,852,79,138,10
university,full,aps_raw,0.05,matched_all_extended,1251,1190,1.1542710448493194,False,full,0.0,852,951,852,0,805,805,0.9448356807511737,0.9448356807511737,1.0,1.8380281690140845,2.0,0,0,852,79,138,10
university,full,aps_raw,0.05,matched_reachable_oracle,1251,1190,1.1542710448493194,False,full,0.0,852,951,852,0,805,805,0.9448356807511737,0.9448356807511737,1.0,1.8380281690140845,2.0,0,0,852,79,138,10
university,full,aps_raw,0.1,full_frozen,1251,1127,0.6546436346022938,False,full,0.0,852,951,852,0,755,755,0.886150234741784,0.886150234741784,1.0,0.9776995305164319,1.0,19,0,833,78,833,78
university,full,aps_raw,0.1,matched_all_extended,1251,1127,0.6546436346022938,False,full,0.0,852,951,852,0,755,755,0.886150234741784,0.886150234741784,1.0,0.9776995305164319,1.0,19,0,833,78,833,78
university,full,aps_raw,0.1,matched_reachable_oracle,1251,1127,0.6546436346022938,False,full,0.0,852,951,852,0,755,755,0.886150234741784,0.886150234741784,1.0,0.9776995305164319,1.0,19,0,833,78,833,78
university,full,fixed_k,0.01,full_frozen,1251,1239,50.0,False,full,0.0,852,951,852,0,845,845,0.9917840375586855,0.9917840375586855,1.0,50.0,50.0,0,0,852,79,0,0
university,full,fixed_k,0.01,matched_all_extended,1251,1239,50.0,False,full,0.0,852,951,852,0,845,845,0.9917840375586855,0.9917840375586855,1.0,50.0,50.0,0,0,852,79,0,0
university,full,fixed_k,0.01,matched_reachable_oracle,1251,1239,50.0,False,full,0.0,852,951,852,0,845,845,0.9917840375586855,0.9917840375586855,1.0,50.0,50.0,0,0,852,79,0,0
university,full,fixed_k,0.05,full_frozen,1251,1189,2.0,False,full,0.0,852,951,852,0,814,814,0.9553990610328639,0.9553990610328639,1.0,2.0,2.0,0,0,852,79,0,0
university,full,fixed_k,0.05,matched_all_extended,1251,1189,2.0,False,full,0.0,852,951,852,0,814,814,0.9553990610328639,0.9553990610328639,1.0,2.0,2.0,0,0,852,79,0,0
university,full,fixed_k,0.05,matched_reachable_oracle,1251,1189,2.0,False,full,0.0,852,951,852,0,814,814,0.9553990610328639,0.9553990610328639,1.0,2.0,2.0,0,0,852,79,0,0
university,full,fixed_k,0.1,full_frozen,1251,1126,1.0,False,full,0.0,852,951,852,0,773,773,0.9072769953051644,0.9072769953051644,1.0,1.0,1.0,0,0,852,79,852,79
university,full,fixed_k,0.1,matched_all_extended,1251,1126,1.0,False,full,0.0,852,951,852,0,773,773,0.9072769953051644,0.9072769953051644,1.0,1.0,1.0,0,0,852,79,852,79
university,full,fixed_k,0.1,matched_reachable_oracle,1251,1126,1.0,False,full,0.0,852,951,852,0,773,773,0.9072769953051644,0.9072769953051644,1.0,1.0,1.0,0,0,852,79,852,79
university,target_71_3407,distance,0.01,full_frozen,1251,1240,1.0527065299956362,False,target,0.25,852,776,639,213,635,635,0.7453051643192489,0.9937402190923318,0.75,31.550469483568076,28.0,0,0,852,261,0,0
university,target_71_3407,distance,0.01,matched_all_extended,1251,1240,,True,target,0.25,852,776,639,213,639,639,0.75,1.0,0.75,776.0,776.0,0,852,852,261,0,0
university,target_71_3407,distance,0.01,matched_reachable_oracle,939,931,1.0527065299956362,False,target,0.25,852,776,639,213,635,635,0.7453051643192489,0.9937402190923318,0.75,31.550469483568076,28.0,0,0,852,261,0,0
university,target_71_3407,distance,0.05,full_frozen,1251,1190,0.9258809992489222,False,target,0.25,852,776,639,213,598,598,0.7018779342723005,0.9358372456964006,0.75,1.841549295774648,1.0,125,0,727,147,363,77
university,target_71_3407,distance,0.05,matched_all_extended,1251,1190,,True,target,0.25,852,776,639,213,639,639,0.75,1.0,0.75,776.0,776.0,0,852,852,261,0,0
university,target_71_3407,distance,0.05,matched_reachable_oracle,939,893,0.9234167474383131,False,target,0.25,852,776,639,213,597,597,0.7007042253521126,0.9342723004694836,0.75,1.767605633802817,1.0,130,0,722,143,373,75
university,target_71_3407,distance,0.1,full_frozen,1251,1127,0.8698587224776244,False,target,0.25,852,776,639,213,551,551,0.6467136150234741,0.8622848200312989,0.75,0.9988262910798122,1.0,249,0,603,62,456,41
university,target_71_3407,distance,0.1,matched_all_extended,1251,1127,,True,target,0.25,852,776,639,213,639,639,0.75,1.0,0.75,776.0,776.0,0,852,852,261,0,0
university,target_71_3407,distance,0.1,matched_reachable_oracle,939,846,0.8709592108951435,False,target,0.25,852,776,639,213,552,552,0.647887323943662,0.863849765258216,0.75,1.0105633802816902,1.0,244,0,608,66,457,44
university,target_71_3407,aps_raw,0.01,full_frozen,1251,1240,28.630864167150232,False,target,0.25,852,776,639,213,635,635,0.7453051643192489,0.9937402190923318,0.75,57.82394366197183,58.0,0,0,852,261,0,0
university,target_71_3407,aps_raw,0.01,matched_all_extended,1251,1240,,True,target,0.25,852,776,639,213,639,639,0.75,1.0,0.75,776.0,776.0,0,852,852,261,0,0
university,target_71_3407,aps_raw,0.01,matched_reachable_oracle,939,931,22.16725054119319,False,target,0.25,852,776,639,213,635,635,0.7453051643192489,0.9937402190923318,0.75,44.433098591549296,44.0,0,0,852,261,0,0
university,target_71_3407,aps_raw,0.05,full_frozen,1251,1190,1.1542710448493194,False,target,0.25,852,776,639,213,611,611,0.7171361502347418,0.9561815336463224,0.75,1.892018779342723,2.0,0,0,852,261,92,5
university,target_71_3407,aps_raw,0.05,matched_all_extended,1251,1190,,True,target,0.25,852,776,639,213,639,639,0.75,1.0,0.75,776.0,776.0,0,852,852,261,0,0
university,target_71_3407,aps_raw,0.05,matched_reachable_oracle,939,893,1.0538621748235446,False,target,0.25,852,776,639,213,601,601,0.7053990610328639,0.9405320813771518,0.75,1.3051643192488263,1.0,0,0,852,261,592,70
university,target_71_3407,aps_raw,0.1,full_frozen,1251,1127,0.6546436346022938,False,target,0.25,852,776,639,213,577,577,0.6772300469483568,0.9029733959311425,0.75,0.9823943661971831,1.0,15,0,837,260,837,260
university,target_71_3407,aps_raw,0.1,matched_all_extended,1251,1127,,True,target,0.25,852,776,639,213,639,639,0.75,1.0,0.75,776.0,776.0,0,852,852,261,0,0
university,target_71_3407,aps_raw,0.1,matched_reachable_oracle,939,846,0.6493849411121053,False,target,0.25,852,776,639,213,569,569,0.6678403755868545,0.8904538341158059,0.75,0.9730046948356808,1.0,23,0,829,260,829,260
university,target_71_3407,fixed_k,0.01,full_frozen,1251,1239,50.0,False,target,0.25,852,776,639,213,635,635,0.7453051643192489,0.9937402190923318,0.75,50.0,50.0,0,0,852,261,0,0
university,target_71_3407,fixed_k,0.01,matched_all_extended,1251,1239,,True,target,0.25,852,776,639,213,639,639,0.75,1.0,0.75,776.0,776.0,0,852,852,261,0,0
university,target_71_3407,fixed_k,0.01,matched_reachable_oracle,939,930,39.0,False,target,0.25,852,776,639,213,635,635,0.7453051643192489,0.9937402190923318,0.75,39.0,39.0,0,0,852,261,0,0
university,target_71_3407,fixed_k,0.05,full_frozen,1251,1189,2.0,False,target,0.25,852,776,639,213,614,614,0.7206572769953051,0.9608763693270735,0.75,2.0,2.0,0,0,852,261,0,0
university,target_71_3407,fixed_k,0.05,matched_all_extended,1251,1189,,True,target,0.25,852,776,639,213,639,639,0.75,1.0,0.75,776.0,776.0,0,852,852,261,0,0
university,target_71_3407,fixed_k,0.05,matched_reachable_oracle,939,893,2.0,False,target,0.25,852,776,639,213,614,614,0.7206572769953051,0.9608763693270735,0.75,2.0,2.0,0,0,852,261,0,0
university,target_71_3407,fixed_k,0.1,full_frozen,1251,1126,1.0,False,target,0.25,852,776,639,213,591,591,0.6936619718309859,0.9248826291079812,0.75,1.0,1.0,0,0,852,261,852,261
university,target_71_3407,fixed_k,0.1,matched_all_extended,1251,1126,,True,target,0.25,852,776,639,213,639,639,0.75,1.0,0.75,776.0,776.0,0,852,852,261,0,0
university,target_71_3407,fixed_k,0.1,matched_reachable_oracle,939,846,1.0,False,target,0.25,852,776,639,213,591,591,0.6936619718309859,0.9248826291079812,0.75,1.0,1.0,0,0,852,261,852,261
university,control_71_3407,distance,0.01,full_frozen,1251,1240,1.0527065299956362,False,control,0.25,852,776,852,0,845,845,0.9917840375586855,0.9917840375586855,1.0,32.97300469483568,30.0,0,0,852,75,0,0
university,control_71_3407,distance,0.01,matched_all_extended,1251,1240,1.0527065299956362,False,control,0.25,852,776,852,0,845,845,0.9917840375586855,0.9917840375586855,1.0,32.97300469483568,30.0,0,0,852,75,0,0
university,control_71_3407,distance,0.01,matched_reachable_oracle,1251,1240,1.0527065299956362,False,control,0.25,852,776,852,0,845,845,0.9917840375586855,0.9917840375586855,1.0,32.97300469483568,30.0,0,0,852,75,0,0
university,control_71_3407,distance,0.05,full_frozen,1251,1190,0.9258809992489222,False,control,0.25,852,776,852,0,798,798,0.9366197183098591,0.9366197183098591,1.0,2.181924882629108,2.0,38,0,814,55,358,10
university,control_71_3407,distance,0.05,matched_all_extended,1251,1190,0.9258809992489222,False,control,0.25,852,776,852,0,798,798,0.9366197183098591,0.9366197183098591,1.0,2.181924882629108,2.0,38,0,814,55,358,10
university,control_71_3407,distance,0.05,matched_reachable_oracle,1251,1190,0.9258809992489222,False,control,0.25,852,776,852,0,798,798,0.9366197183098591,0.9366197183098591,1.0,2.181924882629108,2.0,38,0,814,55,358,10
university,control_71_3407,distance,0.1,full_frozen,1251,1127,0.8698587224776244,False,control,0.25,852,776,852,0,735,735,0.8626760563380281,0.8626760563380281,1.0,1.2593896713615023,1.0,111,0,741,32,536,5
university,control_71_3407,distance,0.1,matched_all_extended,1251,1127,0.8698587224776244,False,control,0.25,852,776,852,0,735,735,0.8626760563380281,0.8626760563380281,1.0,1.2593896713615023,1.0,111,0,741,32,536,5
university,control_71_3407,distance,0.1,matched_reachable_oracle,1251,1127,0.8698587224776244,False,control,0.25,852,776,852,0,735,735,0.8626760563380281,0.8626760563380281,1.0,1.2593896713615023,1.0,111,0,741,32,536,5
university,control_71_3407,aps_raw,0.01,full_frozen,1251,1240,28.630864167150232,False,control,0.25,852,776,852,0,845,845,0.9917840375586855,0.9917840375586855,1.0,57.725352112676056,58.0,0,0,852,75,0,0
university,control_71_3407,aps_raw,0.01,matched_all_extended,1251,1240,25.711072412269747,False,control,0.25,852,776,852,0,845,845,0.9917840375586855,0.9917840375586855,1.0,51.681924882629104,52.0,0,0,852,75,0,0
university,control_71_3407,aps_raw,0.01,matched_reachable_oracle,1251,1240,25.711072412269747,False,control,0.25,852,776,852,0,845,845,0.9917840375586855,0.9917840375586855,1.0,51.681924882629104,52.0,0,0,852,75,0,0
university,control_71_3407,aps_raw,0.05,full_frozen,1251,1190,1.1542710448493194,False,control,0.25,852,776,852,0,807,807,0.9471830985915493,0.9471830985915493,1.0,1.846244131455399,2.0,0,0,852,75,131,10
university,control_71_3407,aps_raw,0.05,matched_all_extended,1251,1190,1.1484315990574965,False,control,0.25,852,776,852,0,806,806,0.9460093896713615,0.9460093896713615,1.0,1.8215962441314555,2.0,0,0,852,75,152,11
university,control_71_3407,aps_raw,0.05,matched_reachable_oracle,1251,1190,1.1484315990574965,False,control,0.25,852,776,852,0,806,806,0.9460093896713615,0.9460093896713615,1.0,1.8215962441314555,2.0,0,0,852,75,152,11
university,control_71_3407,aps_raw,0.1,full_frozen,1251,1127,0.6546436346022938,False,control,0.25,852,776,852,0,759,759,0.8908450704225352,0.8908450704225352,1.0,0.9776995305164319,1.0,19,0,833,74,833,74
university,control_71_3407,aps_raw,0.1,matched_all_extended,1251,1127,0.6539711254356202,False,control,0.25,852,776,852,0,758,758,0.8896713615023474,0.8896713615023474,1.0,0.9765258215962441,1.0,20,0,832,74,832,74
university,control_71_3407,aps_raw,0.1,matched_reachable_oracle,1251,1127,0.6539711254356202,False,control,0.25,852,776,852,0,758,758,0.8896713615023474,0.8896713615023474,1.0,0.9765258215962441,1.0,20,0,832,74,832,74
university,control_71_3407,fixed_k,0.01,full_frozen,1251,1239,50.0,False,control,0.25,852,776,852,0,845,845,0.9917840375586855,0.9917840375586855,1.0,50.0,50.0,0,0,852,75,0,0
university,control_71_3407,fixed_k,0.01,matched_all_extended,1251,1239,43.0,False,control,0.25,852,776,852,0,845,845,0.9917840375586855,0.9917840375586855,1.0,43.0,43.0,0,0,852,75,0,0
university,control_71_3407,fixed_k,0.01,matched_reachable_oracle,1251,1239,43.0,False,control,0.25,852,776,852,0,845,845,0.9917840375586855,0.9917840375586855,1.0,43.0,43.0,0,0,852,75,0,0
university,control_71_3407,fixed_k,0.05,full_frozen,1251,1189,2.0,False,control,0.25,852,776,852,0,816,816,0.9577464788732394,0.9577464788732394,1.0,2.0,2.0,0,0,852,75,0,0
university,control_71_3407,fixed_k,0.05,matched_all_extended,1251,1189,2.0,False,control,0.25,852,776,852,0,816,816,0.9577464788732394,0.9577464788732394,1.0,2.0,2.0,0,0,852,75,0,0
university,control_71_3407,fixed_k,0.05,matched_reachable_oracle,1251,1189,2.0,False,control,0.25,852,776,852,0,816,816,0.9577464788732394,0.9577464788732394,1.0,2.0,2.0,0,0,852,75,0,0
university,control_71_3407,fixed_k,0.1,full_frozen,1251,1126,1.0,False,control,0.25,852,776,852,0,777,777,0.9119718309859155,0.9119718309859155,1.0,1.0,1.0,0,0,852,75,852,75
university,control_71_3407,fixed_k,0.1,matched_all_extended,1251,1126,1.0,False,control,0.25,852,776,852,0,777,777,0.9119718309859155,0.9119718309859155,1.0,1.0,1.0,0,0,852,75,852,75
university,control_71_3407,fixed_k,0.1,matched_reachable_oracle,1251,1126,1.0,False,control,0.25,852,776,852,0,777,777,0.9119718309859155,0.9119718309859155,1.0,1.0,1.0,0,0,852,75,852,75
university,target_142_3407,distance,0.01,full_frozen,1251,1240,1.0527065299956362,False,target,0.5,852,601,426,426,423,423,0.4964788732394366,0.9929577464788732,0.5,24.039906103286384,21.0,0,0,852,457,0,0
university,target_142_3407,distance,0.01,matched_all_extended,1251,1240,,True,target,0.5,852,601,426,426,426,426,0.5,1.0,0.5,601.0,601.0,0,852,852,457,0,0
university,target_142_3407,distance,0.01,matched_reachable_oracle,627,622,1.0348686750013878,False,target,0.5,852,601,426,426,423,423,0.4964788732394366,0.9929577464788732,0.5,14.515258215962442,12.0,0,0,852,457,5,2
university,target_142_3407,distance,0.05,full_frozen,1251,1190,0.9258809992489222,False,target,0.5,852,601,426,426,401,401,0.4706572769953052,0.9413145539906104,0.5,1.323943661971831,1.0,250,0,602,214,367,132
university,target_142_3407,distance,0.05,matched_all_extended,1251,1190,,True,target,0.5,852,601,426,426,426,426,0.5,1.0,0.5,601.0,601.0,0,852,852,457,0,0
university,target_142_3407,distance,0.05,matched_reachable_oracle,627,597,0.9051165181369334,False,target,0.5,852,601,426,426,391,391,0.45892018779342725,0.9178403755868545,0.5,1.0082159624413145,1.0,317,0,535,153,369,100
university,target_142_3407,distance,0.1,full_frozen,1251,1127,0.8698587224776244,False,target,0.5,852,601,426,426,372,372,0.43661971830985913,0.8732394366197183,0.5,0.7030516431924883,1.0,403,0,449,84,365,62
university,target_142_3407,distance,0.1,matched_all_extended,1251,1127,,True,target,0.5,852,601,426,426,426,426,0.5,1.0,0.5,601.0,601.0,0,852,852,457,0,0
university,target_142_3407,distance,0.1,matched_reachable_oracle,627,566,0.8599324426466413,False,target,0.5,852,601,426,426,372,372,0.43661971830985913,0.8732394366197183,0.5,0.6525821596244131,1.0,415,0,437,72,369,51
university,target_142_3407,aps_raw,0.01,full_frozen,1251,1240,28.630864167150232,False,target,0.5,852,601,426,426,424,424,0.49765258215962443,0.9953051643192489,0.5,58.151408450704224,58.0,0,0,852,457,0,0
university,target_142_3407,aps_raw,0.01,matched_all_extended,1251,1240,,True,target,0.5,852,601,426,426,426,426,0.5,1.0,0.5,601.0,601.0,0,852,852,457,0,0
university,target_142_3407,aps_raw,0.01,matched_reachable_oracle,627,622,9.369778815193506,False,target,0.5,852,601,426,426,423,423,0.4964788732394366,0.9929577464788732,0.5,18.17488262910798,18.0,0,0,852,457,0,0
university,target_142_3407,aps_raw,0.05,full_frozen,1251,1190,1.1542710448493194,False,target,0.5,852,601,426,426,407,407,0.47769953051643194,0.9553990610328639,0.5,1.9389671361502347,2.0,0,0,852,457,52,5
university,target_142_3407,aps_raw,0.05,matched_all_extended,1251,1190,,True,target,0.5,852,601,426,426,426,426,0.5,1.0,0.5,601.0,601.0,0,852,852,457,0,0
university,target_142_3407,aps_raw,0.05,matched_reachable_oracle,627,597,0.6836918223508314,False,target,0.5,852,601,426,426,393,393,0.4612676056338028,0.9225352112676056,0.5,0.9976525821596244,1.0,2,0,850,457,850,457
university,target_142_3407,aps_raw,0.1,full_frozen,1251,1127,0.6546436346022938,False,target,0.5,852,601,426,426,384,384,0.4507042253521127,0.9014084507042254,0.5,0.9859154929577465,1.0,12,0,840,456,840,456
university,target_142_3407,aps_raw,0.1,matched_all_extended,1251,1127,,True,target,0.5,852,601,426,426,426,426,0.5,1.0,0.5,601.0,601.0,0,852,852,457,0,0
university,target_142_3407,aps_raw,0.1,matched_reachable_oracle,627,566,0.64534497897871,False,target,0.5,852,601,426,426,374,374,0.43896713615023475,0.8779342723004695,0.5,0.9741784037558685,1.0,22,0,830,456,830,456
university,target_142_3407,fixed_k,0.01,full_frozen,1251,1239,50.0,False,target,0.5,852,601,426,426,423,423,0.4964788732394366,0.9929577464788732,0.5,50.0,50.0,0,0,852,457,0,0
university,target_142_3407,fixed_k,0.01,matched_all_extended,1251,1239,,True,target,0.5,852,601,426,426,426,426,0.5,1.0,0.5,601.0,601.0,0,852,852,457,0,0
university,target_142_3407,fixed_k,0.01,matched_reachable_oracle,627,621,18.0,False,target,0.5,852,601,426,426,423,423,0.4964788732394366,0.9929577464788732,0.5,18.0,18.0,0,0,852,457,0,0
university,target_142_3407,fixed_k,0.05,full_frozen,1251,1189,2.0,False,target,0.5,852,601,426,426,410,410,0.4812206572769953,0.9624413145539906,0.5,2.0,2.0,0,0,852,457,0,0
university,target_142_3407,fixed_k,0.05,matched_all_extended,1251,1189,,True,target,0.5,852,601,426,426,426,426,0.5,1.0,0.5,601.0,601.0,0,852,852,457,0,0
university,target_142_3407,fixed_k,0.05,matched_reachable_oracle,627,596,1.0,False,target,0.5,852,601,426,426,395,395,0.4636150234741784,0.9272300469483568,0.5,1.0,1.0,0,0,852,457,852,457
university,target_142_3407,fixed_k,0.1,full_frozen,1251,1126,1.0,False,target,0.5,852,601,426,426,395,395,0.4636150234741784,0.9272300469483568,0.5,1.0,1.0,0,0,852,457,852,457
university,target_142_3407,fixed_k,0.1,matched_all_extended,1251,1126,,True,target,0.5,852,601,426,426,426,426,0.5,1.0,0.5,601.0,601.0,0,852,852,457,0,0
university,target_142_3407,fixed_k,0.1,matched_reachable_oracle,627,565,1.0,False,target,0.5,852,601,426,426,395,395,0.4636150234741784,0.9272300469483568,0.5,1.0,1.0,0,0,852,457,852,457
university,target_71_3408,distance,0.01,full_frozen,1251,1240,1.0527065299956362,False,target,0.25,852,776,639,213,632,632,0.7417840375586855,0.9890453834115805,0.75,31.251173708920188,28.0,0,0,852,271,0,0
university,target_71_3408,distance,0.01,matched_all_extended,1251,1240,,True,target,0.25,852,776,639,213,639,639,0.75,1.0,0.75,776.0,776.0,0,852,852,271,0,0
university,target_71_3408,distance,0.01,matched_reachable_oracle,939,931,1.0486924964010018,False,target,0.25,852,776,639,213,631,631,0.7406103286384976,0.9874804381846636,0.75,27.86737089201878,25.0,0,0,852,271,0,0
university,target_71_3408,distance,0.05,full_frozen,1251,1190,0.9258809992489222,False,target,0.25,852,776,639,213,591,591,0.6936619718309859,0.9248826291079812,0.75,1.82981220657277,1.0,138,0,714,148,348,76
university,target_71_3408,distance,0.05,matched_all_extended,1251,1190,,True,target,0.25,852,776,639,213,639,639,0.75,1.0,0.75,776.0,776.0,0,852,852,271,0,0
university,target_71_3408,distance,0.05,matched_reachable_oracle,939,893,0.9285507359551749,False,target,0.25,852,776,639,213,593,593,0.6960093896713615,0.9280125195618153,0.75,1.908450704225352,1.0,132,0,720,154,343,80
university,target_71_3408,distance,0.1,full_frozen,1251,1127,0.8698587224776244,False,target,0.25,852,776,639,213,544,544,0.6384976525821596,0.8513302034428795,0.75,0.9788732394366197,1.0,266,0,586,56,436,31
university,target_71_3408,distance,0.1,matched_all_extended,1251,1127,,True,target,0.25,852,776,639,213,639,639,0.75,1.0,0.75,776.0,776.0,0,852,852,271,0,0
university,target_71_3408,distance,0.1,matched_reachable_oracle,939,846,0.8701696460237531,False,target,0.25,852,776,639,213,544,544,0.6384976525821596,0.8513302034428795,0.75,0.9800469483568075,1.0,266,0,586,56,435,31
university,target_71_3408,aps_raw,0.01,full_frozen,1251,1240,28.630864167150232,False,target,0.25,852,776,639,213,632,632,0.7417840375586855,0.9890453834115805,0.75,57.816901408450704,58.0,0,0,852,271,0,0
university,target_71_3408,aps_raw,0.01,matched_all_extended,1251,1240,,True,target,0.25,852,776,639,213,639,639,0.75,1.0,0.75,776.0,776.0,0,852,852,271,0,0
university,target_71_3408,aps_raw,0.01,matched_reachable_oracle,939,931,18.063128996267018,False,target,0.25,852,776,639,213,632,632,0.7417840375586855,0.9890453834115805,0.75,35.948356807511736,36.0,0,0,852,271,0,0
university,target_71_3408,aps_raw,0.05,full_frozen,1251,1190,1.1542710448493194,False,target,0.25,852,776,639,213,604,604,0.7089201877934272,0.945226917057903,0.75,1.8849765258215962,2.0,0,0,852,271,98,6
university,target_71_3408,aps_raw,0.05,matched_all_extended,1251,1190,,True,target,0.25,852,776,639,213,639,639,0.75,1.0,0.75,776.0,776.0,0,852,852,271,0,0
university,target_71_3408,aps_raw,0.05,matched_reachable_oracle,939,893,1.1082592539223886,False,target,0.25,852,776,639,213,600,600,0.704225352112676,0.9389671361502347,0.75,1.6678403755868545,2.0,0,0,852,271,283,16
university,target_71_3408,aps_raw,0.1,full_frozen,1251,1127,0.6546436346022938,False,target,0.25,852,776,639,213,565,565,0.6631455399061033,0.8841940532081377,0.75,0.9800469483568075,1.0,17,0,835,270,835,270
university,target_71_3408,aps_raw,0.1,matched_all_extended,1251,1127,,True,target,0.25,852,776,639,213,639,639,0.75,1.0,0.75,776.0,776.0,0,852,852,271,0,0
university,target_71_3408,aps_raw,0.1,matched_reachable_oracle,939,846,0.6508774012679852,False,target,0.25,852,776,639,213,560,560,0.6572769953051644,0.8763693270735524,0.75,0.9741784037558685,1.0,22,0,830,270,830,270
university,target_71_3408,fixed_k,0.01,full_frozen,1251,1239,50.0,False,target,0.25,852,776,639,213,632,632,0.7417840375586855,0.9890453834115805,0.75,50.0,50.0,0,0,852,271,0,0
university,target_71_3408,fixed_k,0.01,matched_all_extended,1251,1239,,True,target,0.25,852,776,639,213,639,639,0.75,1.0,0.75,776.0,776.0,0,852,852,271,0,0
university,target_71_3408,fixed_k,0.01,matched_reachable_oracle,939,930,29.0,False,target,0.25,852,776,639,213,632,632,0.7417840375586855,0.9890453834115805,0.75,29.0,29.0,0,0,852,271,0,0
university,target_71_3408,fixed_k,0.05,full_frozen,1251,1189,2.0,False,target,0.25,852,776,639,213,607,607,0.7124413145539906,0.9499217527386542,0.75,2.0,2.0,0,0,852,271,0,0
university,target_71_3408,fixed_k,0.05,matched_all_extended,1251,1189,,True,target,0.25,852,776,639,213,639,639,0.75,1.0,0.75,776.0,776.0,0,852,852,271,0,0
university,target_71_3408,fixed_k,0.05,matched_reachable_oracle,939,893,2.0,False,target,0.25,852,776,639,213,607,607,0.7124413145539906,0.9499217527386542,0.75,2.0,2.0,0,0,852,271,0,0
university,target_71_3408,fixed_k,0.1,full_frozen,1251,1126,1.0,False,target,0.25,852,776,639,213,581,581,0.681924882629108,0.9092331768388107,0.75,1.0,1.0,0,0,852,271,852,271
university,target_71_3408,fixed_k,0.1,matched_all_extended,1251,1126,,True,target,0.25,852,776,639,213,639,639,0.75,1.0,0.75,776.0,776.0,0,852,852,271,0,0
university,target_71_3408,fixed_k,0.1,matched_reachable_oracle,939,846,1.0,False,target,0.25,852,776,639,213,581,581,0.681924882629108,0.9092331768388107,0.75,1.0,1.0,0,0,852,271,852,271
university,control_71_3408,distance,0.01,full_frozen,1251,1240,1.0527065299956362,False,control,0.25,852,776,852,0,845,845,0.9917840375586855,0.9917840375586855,1.0,32.69953051643193,28.0,0,0,852,70,0,0
university,control_71_3408,distance,0.01,matched_all_extended,1251,1240,1.0527065299956362,False,control,0.25,852,776,852,0,845,845,0.9917840375586855,0.9917840375586855,1.0,32.69953051643193,28.0,0,0,852,70,0,0
university,control_71_3408,distance,0.01,matched_reachable_oracle,1251,1240,1.0527065299956362,False,control,0.25,852,776,852,0,845,845,0.9917840375586855,0.9917840375586855,1.0,32.69953051643193,28.0,0,0,852,70,0,0
university,control_71_3408,distance,0.05,full_frozen,1251,1190,0.9258809992489222,False,control,0.25,852,776,852,0,798,798,0.9366197183098591,0.9366197183098591,1.0,2.1572769953051645,2.0,38,0,814,51,353,11
university,control_71_3408,distance,0.05,matched_all_extended,1251,1190,0.9258809992489222,False,control,0.25,852,776,852,0,798,798,0.9366197183098591,0.9366197183098591,1.0,2.1572769953051645,2.0,38,0,814,51,353,11
university,control_71_3408,distance,0.05,matched_reachable_oracle,1251,1190,0.9258809992489222,False,control,0.25,852,776,852,0,798,798,0.9366197183098591,0.9366197183098591,1.0,2.1572769953051645,2.0,38,0,814,51,353,11
university,control_71_3408,distance,0.1,full_frozen,1251,1127,0.8698587224776244,False,control,0.25,852,776,852,0,735,735,0.8626760563380281,0.8626760563380281,1.0,1.2312206572769953,1.0,111,0,741,29,530,5
university,control_71_3408,distance,0.1,matched_all_extended,1251,1127,0.8698587224776244,False,control,0.25,852,776,852,0,735,735,0.8626760563380281,0.8626760563380281,1.0,1.2312206572769953,1.0,111,0,741,29,530,5
university,control_71_3408,distance,0.1,matched_reachable_oracle,1251,1127,0.8698587224776244,False,control,0.25,852,776,852,0,735,735,0.8626760563380281,0.8626760563380281,1.0,1.2312206572769953,1.0,111,0,741,29,530,5
university,control_71_3408,aps_raw,0.01,full_frozen,1251,1240,28.630864167150232,False,control,0.25,852,776,852,0,845,845,0.9917840375586855,0.9917840375586855,1.0,57.747652582159624,58.0,0,0,852,70,0,0
university,control_71_3408,aps_raw,0.01,matched_all_extended,1251,1240,26.185187316511357,False,control,0.25,852,776,852,0,845,845,0.9917840375586855,0.9917840375586855,1.0,52.686619718309856,53.0,0,0,852,70,0,0
university,control_71_3408,aps_raw,0.01,matched_reachable_oracle,1251,1240,26.185187316511357,False,control,0.25,852,776,852,0,845,845,0.9917840375586855,0.9917840375586855,1.0,52.686619718309856,53.0,0,0,852,70,0,0
university,control_71_3408,aps_raw,0.05,full_frozen,1251,1190,1.1542710448493194,False,control,0.25,852,776,852,0,809,809,0.9495305164319249,0.9495305164319249,1.0,1.846244131455399,2.0,0,0,852,70,131,10
university,control_71_3408,aps_raw,0.05,matched_all_extended,1251,1190,1.1484315990574965,False,control,0.25,852,776,852,0,809,809,0.9495305164319249,0.9495305164319249,1.0,1.8227699530516432,2.0,0,0,852,70,151,10
university,control_71_3408,aps_raw,0.05,matched_reachable_oracle,1251,1190,1.1484315990574965,False,control,0.25,852,776,852,0,809,809,0.9495305164319249,0.9495305164319249,1.0,1.8227699530516432,2.0,0,0,852,70,151,10
university,control_71_3408,aps_raw,0.1,full_frozen,1251,1127,0.6546436346022938,False,control,0.25,852,776,852,0,764,764,0.8967136150234741,0.8967136150234741,1.0,0.9776995305164319,1.0,19,0,833,69,833,69
university,control_71_3408,aps_raw,0.1,matched_all_extended,1251,1127,0.6539711254356202,False,control,0.25,852,776,852,0,763,763,0.8955399061032864,0.8955399061032864,1.0,0.9765258215962441,1.0,20,0,832,69,832,69
university,control_71_3408,aps_raw,0.1,matched_reachable_oracle,1251,1127,0.6539711254356202,False,control,0.25,852,776,852,0,763,763,0.8955399061032864,0.8955399061032864,1.0,0.9765258215962441,1.0,20,0,832,69,832,69
university,control_71_3408,fixed_k,0.01,full_frozen,1251,1239,50.0,False,control,0.25,852,776,852,0,845,845,0.9917840375586855,0.9917840375586855,1.0,50.0,50.0,0,0,852,70,0,0
university,control_71_3408,fixed_k,0.01,matched_all_extended,1251,1239,44.0,False,control,0.25,852,776,852,0,845,845,0.9917840375586855,0.9917840375586855,1.0,44.0,44.0,0,0,852,70,0,0
university,control_71_3408,fixed_k,0.01,matched_reachable_oracle,1251,1239,44.0,False,control,0.25,852,776,852,0,845,845,0.9917840375586855,0.9917840375586855,1.0,44.0,44.0,0,0,852,70,0,0
university,control_71_3408,fixed_k,0.05,full_frozen,1251,1189,2.0,False,control,0.25,852,776,852,0,818,818,0.960093896713615,0.960093896713615,1.0,2.0,2.0,0,0,852,70,0,0
university,control_71_3408,fixed_k,0.05,matched_all_extended,1251,1189,2.0,False,control,0.25,852,776,852,0,818,818,0.960093896713615,0.960093896713615,1.0,2.0,2.0,0,0,852,70,0,0
university,control_71_3408,fixed_k,0.05,matched_reachable_oracle,1251,1189,2.0,False,control,0.25,852,776,852,0,818,818,0.960093896713615,0.960093896713615,1.0,2.0,2.0,0,0,852,70,0,0
university,control_71_3408,fixed_k,0.1,full_frozen,1251,1126,1.0,False,control,0.25,852,776,852,0,782,782,0.9178403755868545,0.9178403755868545,1.0,1.0,1.0,0,0,852,70,852,70
university,control_71_3408,fixed_k,0.1,matched_all_extended,1251,1126,1.0,False,control,0.25,852,776,852,0,782,782,0.9178403755868545,0.9178403755868545,1.0,1.0,1.0,0,0,852,70,852,70
university,control_71_3408,fixed_k,0.1,matched_reachable_oracle,1251,1126,1.0,False,control,0.25,852,776,852,0,782,782,0.9178403755868545,0.9178403755868545,1.0,1.0,1.0,0,0,852,70,852,70
university,target_142_3408,distance,0.01,full_frozen,1251,1240,1.0527065299956362,False,target,0.5,852,601,426,426,423,423,0.4964788732394366,0.9929577464788732,0.5,23.56924882629108,21.0,0,0,852,459,0,0
university,target_142_3408,distance,0.01,matched_all_extended,1251,1240,,True,target,0.5,852,601,426,426,426,426,0.5,1.0,0.5,601.0,601.0,0,852,852,459,0,0
university,target_142_3408,distance,0.01,matched_reachable_oracle,627,622,1.0498754086847106,False,target,0.5,852,601,426,426,422,422,0.4953051643192488,0.9906103286384976,0.5,21.762910798122064,19.0,0,0,852,459,0,0
university,target_142_3408,distance,0.05,full_frozen,1251,1190,0.9258809992489222,False,target,0.5,852,601,426,426,396,396,0.4647887323943662,0.9295774647887324,0.5,1.3943661971830985,1.0,259,0,593,210,340,126
university,target_142_3408,distance,0.05,matched_all_extended,1251,1190,,True,target,0.5,852,601,426,426,426,426,0.5,1.0,0.5,601.0,601.0,0,852,852,459,0,0
university,target_142_3408,distance,0.05,matched_reachable_oracle,627,597,0.9244569553645215,False,target,0.5,852,601,426,426,396,396,0.4647887323943662,0.9295774647887324,0.5,1.3626760563380282,1.0,265,0,587,204,339,122
university,target_142_3408,distance,0.1,full_frozen,1251,1127,0.8698587224776244,False,target,0.5,852,601,426,426,370,370,0.43427230046948356,0.8685446009389671,0.5,0.715962441314554,1.0,412,0,440,77,342,51
university,target_142_3408,distance,0.1,matched_all_extended,1251,1127,,True,target,0.5,852,601,426,426,426,426,0.5,1.0,0.5,601.0,601.0,0,852,852,459,0,0
university,target_142_3408,distance,0.1,matched_reachable_oracle,627,566,0.8601728452833981,False,target,0.5,852,601,426,426,361,361,0.42370892018779344,0.8474178403755869,0.5,0.6549295774647887,0.0,431,0,421,67,338,44
university,target_142_3408,aps_raw,0.01,full_frozen,1251,1240,28.630864167150232,False,target,0.5,852,601,426,426,423,423,0.4964788732394366,0.9929577464788732,0.5,58.14906103286385,58.0,0,0,852,459,0,0
university,target_142_3408,aps_raw,0.01,matched_all_extended,1251,1240,,True,target,0.5,852,601,426,426,426,426,0.5,1.0,0.5,601.0,601.0,0,852,852,459,0,0
university,target_142_3408,aps_raw,0.01,matched_reachable_oracle,627,622,11.360899881482423,False,target,0.5,852,601,426,426,423,423,0.4964788732394366,0.9929577464788732,0.5,22.318075117370892,22.0,0,0,852,459,0,0
university,target_142_3408,aps_raw,0.05,full_frozen,1251,1190,1.1542710448493194,False,target,0.5,852,601,426,426,405,405,0.4753521126760563,0.9507042253521126,0.5,1.9330985915492958,2.0,0,0,852,459,57,6
university,target_142_3408,aps_raw,0.05,matched_all_extended,1251,1190,,True,target,0.5,852,601,426,426,426,426,0.5,1.0,0.5,601.0,601.0,0,852,852,459,0,0
university,target_142_3408,aps_raw,0.05,matched_reachable_oracle,627,597,1.0270342898894897,False,target,0.5,852,601,426,426,394,394,0.4624413145539906,0.9248826291079812,0.5,1.2816901408450705,1.0,0,0,852,459,612,230
university,target_142_3408,aps_raw,0.1,full_frozen,1251,1127,0.6546436346022938,False,target,0.5,852,601,426,426,384,384,0.4507042253521127,0.9014084507042254,0.5,0.9882629107981221,1.0,10,0,842,458,842,458
university,target_142_3408,aps_raw,0.1,matched_all_extended,1251,1127,,True,target,0.5,852,601,426,426,426,426,0.5,1.0,0.5,601.0,601.0,0,852,852,459,0,0
university,target_142_3408,aps_raw,0.1,matched_reachable_oracle,627,566,0.6422592185567487,False,target,0.5,852,601,426,426,371,371,0.4354460093896714,0.8708920187793427,0.5,0.9730046948356808,1.0,23,0,829,458,829,458
university,target_142_3408,fixed_k,0.01,full_frozen,1251,1239,50.0,False,target,0.5,852,601,426,426,423,423,0.4964788732394366,0.9929577464788732,0.5,50.0,50.0,0,0,852,459,0,0
university,target_142_3408,fixed_k,0.01,matched_all_extended,1251,1239,,True,target,0.5,852,601,426,426,426,426,0.5,1.0,0.5,601.0,601.0,0,852,852,459,0,0
university,target_142_3408,fixed_k,0.01,matched_reachable_oracle,627,621,19.0,False,target,0.5,852,601,426,426,423,423,0.4964788732394366,0.9929577464788732,0.5,19.0,19.0,0,0,852,459,0,0
university,target_142_3408,fixed_k,0.05,full_frozen,1251,1189,2.0,False,target,0.5,852,601,426,426,408,408,0.4788732394366197,0.9577464788732394,0.5,2.0,2.0,0,0,852,459,0,0
university,target_142_3408,fixed_k,0.05,matched_all_extended,1251,1189,,True,target,0.5,852,601,426,426,426,426,0.5,1.0,0.5,601.0,601.0,0,852,852,459,0,0
university,target_142_3408,fixed_k,0.05,matched_reachable_oracle,627,596,1.0,False,target,0.5,852,601,426,426,393,393,0.4612676056338028,0.9225352112676056,0.5,1.0,1.0,0,0,852,459,852,459
university,target_142_3408,fixed_k,0.1,full_frozen,1251,1126,1.0,False,target,0.5,852,601,426,426,393,393,0.4612676056338028,0.9225352112676056,0.5,1.0,1.0,0,0,852,459,852,459
university,target_142_3408,fixed_k,0.1,matched_all_extended,1251,1126,,True,target,0.5,852,601,426,426,426,426,0.5,1.0,0.5,601.0,601.0,0,852,852,459,0,0
university,target_142_3408,fixed_k,0.1,matched_reachable_oracle,627,565,1.0,False,target,0.5,852,601,426,426,393,393,0.4612676056338028,0.9225352112676056,0.5,1.0,1.0,0,0,852,459,852,459
university,target_71_3409,distance,0.01,full_frozen,1251,1240,1.0527065299956362,False,target,0.25,852,776,639,213,632,632,0.7417840375586855,0.9890453834115805,0.75,31.118544600938968,28.0,0,0,852,274,0,0
university,target_71_3409,distance,0.01,matched_all_extended,1251,1240,,True,target,0.25,852,776,639,213,639,639,0.75,1.0,0.75,776.0,776.0,0,852,852,274,0,0
university,target_71_3409,distance,0.01,matched_reachable_oracle,939,931,1.0652576950790902,False,target,0.25,852,776,639,213,632,632,0.7417840375586855,0.9890453834115805,0.75,44.81572769953052,41.0,0,0,852,274,0,0
university,target_71_3409,distance,0.05,full_frozen,1251,1190,0.9258809992489222,False,target,0.25,852,776,639,213,596,596,0.6995305164319249,0.9327073552425665,0.75,1.7969483568075117,1.0,123,0,729,162,361,77
university,target_71_3409,distance,0.05,matched_all_extended,1251,1190,,True,target,0.25,852,776,639,213,639,639,0.75,1.0,0.75,776.0,776.0,0,852,852,274,0,0
university,target_71_3409,distance,0.05,matched_reachable_oracle,939,893,0.9278432620841572,False,target,0.25,852,776,639,213,598,598,0.7018779342723005,0.9358372456964006,0.75,1.8532863849765258,1.0,121,0,731,164,348,75
university,target_71_3409,distance,0.1,full_frozen,1251,1127,0.8698587224776244,False,target,0.25,852,776,639,213,550,550,0.6455399061032864,0.8607198748043818,0.75,0.9929577464788732,1.0,253,0,599,68,436,33
university,target_71_3409,distance,0.1,matched_all_extended,1251,1127,,True,target,0.25,852,776,639,213,639,639,0.75,1.0,0.75,776.0,776.0,0,852,852,274,0,0
university,target_71_3409,distance,0.1,matched_reachable_oracle,939,846,0.8694979268049722,False,target,0.25,852,776,639,213,550,550,0.6455399061032864,0.8607198748043818,0.75,0.9906103286384976,1.0,253,0,599,68,437,33
university,target_71_3409,aps_raw,0.01,full_frozen,1251,1240,28.630864167150232,False,target,0.25,852,776,639,213,632,632,0.7417840375586855,0.9890453834115805,0.75,57.821596244131456,58.0,0,0,852,274,0,0
university,target_71_3409,aps_raw,0.01,matched_all_extended,1251,1240,,True,target,0.25,852,776,639,213,639,639,0.75,1.0,0.75,776.0,776.0,0,852,852,274,0,0
university,target_71_3409,aps_raw,0.01,matched_reachable_oracle,939,931,27.10429832991241,False,target,0.25,852,776,639,213,632,632,0.7417840375586855,0.9890453834115805,0.75,54.69131455399061,55.0,0,0,852,274,0,0
university,target_71_3409,aps_raw,0.05,full_frozen,1251,1190,1.1542710448493194,False,target,0.25,852,776,639,213,601,601,0.7053990610328639,0.9405320813771518,0.75,1.8814553990610328,2.0,0,0,852,274,101,9
university,target_71_3409,aps_raw,0.05,matched_all_extended,1251,1190,,True,target,0.25,852,776,639,213,639,639,0.75,1.0,0.75,776.0,776.0,0,852,852,274,0,0
university,target_71_3409,aps_raw,0.05,matched_reachable_oracle,939,893,1.132717837263499,False,target,0.25,852,776,639,213,599,599,0.7030516431924883,0.9374021909233177,0.75,1.7922535211267605,2.0,0,0,852,274,177,15
university,target_71_3409,aps_raw,0.1,full_frozen,1251,1127,0.6546436346022938,False,target,0.25,852,776,639,213,565,565,0.6631455399061033,0.8841940532081377,0.75,0.9835680751173709,1.0,14,0,838,273,838,273
university,target_71_3409,aps_raw,0.1,matched_all_extended,1251,1127,,True,target,0.25,852,776,639,213,639,639,0.75,1.0,0.75,776.0,776.0,0,852,852,274,0,0
university,target_71_3409,aps_raw,0.1,matched_reachable_oracle,939,846,0.6554946180487793,False,target,0.25,852,776,639,213,565,565,0.6631455399061033,0.8841940532081377,0.75,0.9835680751173709,1.0,14,0,838,273,838,273
university,target_71_3409,fixed_k,0.01,full_frozen,1251,1239,50.0,False,target,0.25,852,776,639,213,632,632,0.7417840375586855,0.9890453834115805,0.75,50.0,50.0,0,0,852,274,0,0
university,target_71_3409,fixed_k,0.01,matched_all_extended,1251,1239,,True,target,0.25,852,776,639,213,639,639,0.75,1.0,0.75,776.0,776.0,0,852,852,274,0,0
university,target_71_3409,fixed_k,0.01,matched_reachable_oracle,939,930,50.0,False,target,0.25,852,776,639,213,632,632,0.7417840375586855,0.9890453834115805,0.75,50.0,50.0,0,0,852,274,0,0
university,target_71_3409,fixed_k,0.05,full_frozen,1251,1189,2.0,False,target,0.25,852,776,639,213,609,609,0.7147887323943662,0.9530516431924883,0.75,2.0,2.0,0,0,852,274,0,0
university,target_71_3409,fixed_k,0.05,matched_all_extended,1251,1189,,True,target,0.25,852,776,639,213,639,639,0.75,1.0,0.75,776.0,776.0,0,852,852,274,0,0
university,target_71_3409,fixed_k,0.05,matched_reachable_oracle,939,893,2.0,False,target,0.25,852,776,639,213,609,609,0.7147887323943662,0.9530516431924883,0.75,2.0,2.0,0,0,852,274,0,0
university,target_71_3409,fixed_k,0.1,full_frozen,1251,1126,1.0,False,target,0.25,852,776,639,213,578,578,0.6784037558685446,0.9045383411580594,0.75,1.0,1.0,0,0,852,274,852,274
university,target_71_3409,fixed_k,0.1,matched_all_extended,1251,1126,,True,target,0.25,852,776,639,213,639,639,0.75,1.0,0.75,776.0,776.0,0,852,852,274,0,0
university,target_71_3409,fixed_k,0.1,matched_reachable_oracle,939,846,1.0,False,target,0.25,852,776,639,213,578,578,0.6784037558685446,0.9045383411580594,0.75,1.0,1.0,0,0,852,274,852,274
university,control_71_3409,distance,0.01,full_frozen,1251,1240,1.0527065299956362,False,control,0.25,852,776,852,0,845,845,0.9917840375586855,0.9917840375586855,1.0,32.78169014084507,29.0,0,0,852,69,0,0
university,control_71_3409,distance,0.01,matched_all_extended,1251,1240,1.0527065299956362,False,control,0.25,852,776,852,0,845,845,0.9917840375586855,0.9917840375586855,1.0,32.78169014084507,29.0,0,0,852,69,0,0
university,control_71_3409,distance,0.01,matched_reachable_oracle,1251,1240,1.0527065299956362,False,control,0.25,852,776,852,0,845,845,0.9917840375586855,0.9917840375586855,1.0,32.78169014084507,29.0,0,0,852,69,0,0
university,control_71_3409,distance,0.05,full_frozen,1251,1190,0.9258809992489222,False,control,0.25,852,776,852,0,798,798,0.9366197183098591,0.9366197183098591,1.0,2.1443661971830985,2.0,39,0,813,49,353,10
university,control_71_3409,distance,0.05,matched_all_extended,1251,1190,0.9258809992489222,False,control,0.25,852,776,852,0,798,798,0.9366197183098591,0.9366197183098591,1.0,2.1443661971830985,2.0,39,0,813,49,353,10
university,control_71_3409,distance,0.05,matched_reachable_oracle,1251,1190,0.9258809992489222,False,control,0.25,852,776,852,0,798,798,0.9366197183098591,0.9366197183098591,1.0,2.1443661971830985,2.0,39,0,813,49,353,10
university,control_71_3409,distance,0.1,full_frozen,1251,1127,0.8698587224776244,False,control,0.25,852,776,852,0,735,735,0.8626760563380281,0.8626760563380281,1.0,1.2265258215962442,1.0,111,0,741,28,531,5
university,control_71_3409,distance,0.1,matched_all_extended,1251,1127,0.8698587224776244,False,control,0.25,852,776,852,0,735,735,0.8626760563380281,0.8626760563380281,1.0,1.2265258215962442,1.0,111,0,741,28,531,5
university,control_71_3409,distance,0.1,matched_reachable_oracle,1251,1127,0.8698587224776244,False,control,0.25,852,776,852,0,735,735,0.8626760563380281,0.8626760563380281,1.0,1.2265258215962442,1.0,111,0,741,28,531,5
university,control_71_3409,aps_raw,0.01,full_frozen,1251,1240,28.630864167150232,False,control,0.25,852,776,852,0,845,845,0.9917840375586855,0.9917840375586855,1.0,57.740610328638496,58.0,0,0,852,69,0,0
university,control_71_3409,aps_raw,0.01,matched_all_extended,1251,1240,25.704350255382796,False,control,0.25,852,776,852,0,845,845,0.9917840375586855,0.9917840375586855,1.0,51.683098591549296,52.0,0,0,852,69,0,0
university,control_71_3409,aps_raw,0.01,matched_reachable_oracle,1251,1240,25.704350255382796,False,control,0.25,852,776,852,0,845,845,0.9917840375586855,0.9917840375586855,1.0,51.683098591549296,52.0,0,0,852,69,0,0
university,control_71_3409,aps_raw,0.05,full_frozen,1251,1190,1.1542710448493194,False,control,0.25,852,776,852,0,809,809,0.9495305164319249,0.9495305164319249,1.0,1.8450704225352113,2.0,0,0,852,69,132,10
university,control_71_3409,aps_raw,0.05,matched_all_extended,1251,1190,1.1542710448493194,False,control,0.25,852,776,852,0,809,809,0.9495305164319249,0.9495305164319249,1.0,1.8450704225352113,2.0,0,0,852,69,132,10
university,control_71_3409,aps_raw,0.05,matched_reachable_oracle,1251,1190,1.1542710448493194,False,control,0.25,852,776,852,0,809,809,0.9495305164319249,0.9495305164319249,1.0,1.8450704225352113,2.0,0,0,852,69,132,10
university,control_71_3409,aps_raw,0.1,full_frozen,1251,1127,0.6546436346022938,False,control,0.25,852,776,852,0,765,765,0.897887323943662,0.897887323943662,1.0,0.9776995305164319,1.0,19,0,833,68,833,68
university,control_71_3409,aps_raw,0.1,matched_all_extended,1251,1127,0.6539711254356202,False,control,0.25,852,776,852,0,764,764,0.8967136150234741,0.8967136150234741,1.0,0.9765258215962441,1.0,20,0,832,68,832,68
university,control_71_3409,aps_raw,0.1,matched_reachable_oracle,1251,1127,0.6539711254356202,False,control,0.25,852,776,852,0,764,764,0.8967136150234741,0.8967136150234741,1.0,0.9765258215962441,1.0,20,0,832,68,832,68
university,control_71_3409,fixed_k,0.01,full_frozen,1251,1239,50.0,False,control,0.25,852,776,852,0,845,845,0.9917840375586855,0.9917840375586855,1.0,50.0,50.0,0,0,852,69,0,0
university,control_71_3409,fixed_k,0.01,matched_all_extended,1251,1239,45.0,False,control,0.25,852,776,852,0,845,845,0.9917840375586855,0.9917840375586855,1.0,45.0,45.0,0,0,852,69,0,0
university,control_71_3409,fixed_k,0.01,matched_reachable_oracle,1251,1239,45.0,False,control,0.25,852,776,852,0,845,845,0.9917840375586855,0.9917840375586855,1.0,45.0,45.0,0,0,852,69,0,0
university,control_71_3409,fixed_k,0.05,full_frozen,1251,1189,2.0,False,control,0.25,852,776,852,0,818,818,0.960093896713615,0.960093896713615,1.0,2.0,2.0,0,0,852,69,0,0
university,control_71_3409,fixed_k,0.05,matched_all_extended,1251,1189,2.0,False,control,0.25,852,776,852,0,818,818,0.960093896713615,0.960093896713615,1.0,2.0,2.0,0,0,852,69,0,0
university,control_71_3409,fixed_k,0.05,matched_reachable_oracle,1251,1189,2.0,False,control,0.25,852,776,852,0,818,818,0.960093896713615,0.960093896713615,1.0,2.0,2.0,0,0,852,69,0,0
university,control_71_3409,fixed_k,0.1,full_frozen,1251,1126,1.0,False,control,0.25,852,776,852,0,783,783,0.9190140845070423,0.9190140845070423,1.0,1.0,1.0,0,0,852,69,852,69
university,control_71_3409,fixed_k,0.1,matched_all_extended,1251,1126,1.0,False,control,0.25,852,776,852,0,783,783,0.9190140845070423,0.9190140845070423,1.0,1.0,1.0,0,0,852,69,852,69
university,control_71_3409,fixed_k,0.1,matched_reachable_oracle,1251,1126,1.0,False,control,0.25,852,776,852,0,783,783,0.9190140845070423,0.9190140845070423,1.0,1.0,1.0,0,0,852,69,852,69
university,target_142_3409,distance,0.01,full_frozen,1251,1240,1.0527065299956362,False,target,0.5,852,601,426,426,419,419,0.49178403755868544,0.9835680751173709,0.5,23.83450704225352,22.0,0,0,852,471,0,0
university,target_142_3409,distance,0.01,matched_all_extended,1251,1240,,True,target,0.5,852,601,426,426,426,426,0.5,1.0,0.5,601.0,601.0,0,852,852,471,0,0
university,target_142_3409,distance,0.01,matched_reachable_oracle,627,622,1.078149766212967,False,target,0.5,852,601,426,426,419,419,0.49178403755868544,0.9835680751173709,0.5,50.62793427230047,46.0,0,0,852,471,0,0
university,target_142_3409,distance,0.05,full_frozen,1251,1190,0.9258809992489222,False,target,0.5,852,601,426,426,390,390,0.45774647887323944,0.9154929577464789,0.5,1.2887323943661972,1.0,249,0,603,230,340,117
university,target_142_3409,distance,0.05,matched_all_extended,1251,1190,,True,target,0.5,852,601,426,426,426,426,0.5,1.0,0.5,601.0,601.0,0,852,852,471,0,0
university,target_142_3409,distance,0.05,matched_reachable_oracle,627,597,0.9275969578350944,False,target,0.5,852,601,426,426,391,391,0.45892018779342725,0.9178403755868545,0.5,1.323943661971831,1.0,246,0,606,233,330,118
university,target_142_3409,distance,0.1,full_frozen,1251,1127,0.8698587224776244,False,target,0.5,852,601,426,426,358,358,0.42018779342723006,0.8403755868544601,0.5,0.6807511737089202,1.0,409,0,443,97,341,63
university,target_142_3409,distance,0.1,matched_all_extended,1251,1127,,True,target,0.5,852,601,426,426,426,426,0.5,1.0,0.5,601.0,601.0,0,852,852,471,0,0
university,target_142_3409,distance,0.1,matched_reachable_oracle,627,566,0.8701696460237531,False,target,0.5,852,601,426,426,358,358,0.42018779342723006,0.8403755868544601,0.5,0.6807511737089202,1.0,409,0,443,97,341,63
university,target_142_3409,aps_raw,0.01,full_frozen,1251,1240,28.630864167150232,False,target,0.5,852,601,426,426,420,420,0.49295774647887325,0.9859154929577465,0.5,58.14553990610329,58.0,0,0,852,471,0,0
university,target_142_3409,aps_raw,0.01,matched_all_extended,1251,1240,,True,target,0.5,852,601,426,426,426,426,0.5,1.0,0.5,601.0,601.0,0,852,852,471,0,0
university,target_142_3409,aps_raw,0.01,matched_reachable_oracle,627,622,23.826616983337356,False,target,0.5,852,601,426,426,419,419,0.49178403755868544,0.9835680751173709,0.5,48.132629107981224,48.0,0,0,852,471,0,0
university,target_142_3409,aps_raw,0.05,full_frozen,1251,1190,1.1542710448493194,False,target,0.5,852,601,426,426,399,399,0.46830985915492956,0.9366197183098591,0.5,1.9178403755868545,2.0,0,0,852,471,70,7
university,target_142_3409,aps_raw,0.05,matched_all_extended,1251,1190,,True,target,0.5,852,601,426,426,426,426,0.5,1.0,0.5,601.0,601.0,0,852,852,471,0,0
university,target_142_3409,aps_raw,0.05,matched_reachable_oracle,627,597,1.047534207812558,False,target,0.5,852,601,426,426,391,391,0.45892018779342725,0.9178403755868545,0.5,1.448356807511737,1.0,0,0,852,471,470,129
university,target_142_3409,aps_raw,0.1,full_frozen,1251,1127,0.6546436346022938,False,target,0.5,852,601,426,426,371,371,0.4354460093896714,0.8708920187793427,0.5,0.9870892018779343,1.0,11,0,841,470,841,470
university,target_142_3409,aps_raw,0.1,matched_all_extended,1251,1127,,True,target,0.5,852,601,426,426,426,426,0.5,1.0,0.5,601.0,601.0,0,852,852,471,0,0
university,target_142_3409,aps_raw,0.1,matched_reachable_oracle,627,566,0.6532155922034415,False,target,0.5,852,601,426,426,368,368,0.431924882629108,0.863849765258216,0.5,0.9835680751173709,1.0,14,0,838,470,838,470
university,target_142_3409,fixed_k,0.01,full_frozen,1251,1239,50.0,False,target,0.5,852,601,426,426,419,419,0.49178403755868544,0.9835680751173709,0.5,50.0,50.0,0,0,852,471,0,0
university,target_142_3409,fixed_k,0.01,matched_all_extended,1251,1239,,True,target,0.5,852,601,426,426,426,426,0.5,1.0,0.5,601.0,601.0,0,852,852,471,0,0
university,target_142_3409,fixed_k,0.01,matched_reachable_oracle,627,621,48.0,False,target,0.5,852,601,426,426,419,419,0.49178403755868544,0.9835680751173709,0.5,48.0,48.0,0,0,852,471,0,0
university,target_142_3409,fixed_k,0.05,full_frozen,1251,1189,2.0,False,target,0.5,852,601,426,426,406,406,0.4765258215962441,0.9530516431924883,0.5,2.0,2.0,0,0,852,471,0,0
university,target_142_3409,fixed_k,0.05,matched_all_extended,1251,1189,,True,target,0.5,852,601,426,426,426,426,0.5,1.0,0.5,601.0,601.0,0,852,852,471,0,0
university,target_142_3409,fixed_k,0.05,matched_reachable_oracle,627,596,2.0,False,target,0.5,852,601,426,426,406,406,0.4765258215962441,0.9530516431924883,0.5,2.0,2.0,0,0,852,471,0,0
university,target_142_3409,fixed_k,0.1,full_frozen,1251,1126,1.0,False,target,0.5,852,601,426,426,381,381,0.4471830985915493,0.8943661971830986,0.5,1.0,1.0,0,0,852,471,852,471
university,target_142_3409,fixed_k,0.1,matched_all_extended,1251,1126,,True,target,0.5,852,601,426,426,426,426,0.5,1.0,0.5,601.0,601.0,0,852,852,471,0,0
university,target_142_3409,fixed_k,0.1,matched_reachable_oracle,627,565,1.0,False,target,0.5,852,601,426,426,381,381,0.4471830985915493,0.8943661971830986,0.5,1.0,1.0,0,0,852,471,852,471
university,target_71_3410,distance,0.01,full_frozen,1251,1240,1.0527065299956362,False,target,0.25,852,776,639,213,632,632,0.7417840375586855,0.9890453834115805,0.75,31.438967136150236,28.0,0,0,852,269,0,0
university,target_71_3410,distance,0.01,matched_all_extended,1251,1240,,True,target,0.25,852,776,639,213,639,639,0.75,1.0,0.75,776.0,776.0,0,852,852,269,0,0
university,target_71_3410,distance,0.01,matched_reachable_oracle,939,931,1.0486924964010018,False,target,0.25,852,776,639,213,632,632,0.7417840375586855,0.9890453834115805,0.75,28.113849765258216,25.0,0,0,852,269,0,0
university,target_71_3410,distance,0.05,full_frozen,1251,1190,0.9258809992489222,False,target,0.25,852,776,639,213,599,599,0.7030516431924883,0.9374021909233177,0.75,1.8438967136150235,1.0,122,0,730,160,351,68
university,target_71_3410,distance,0.05,matched_all_extended,1251,1190,,True,target,0.25,852,776,639,213,639,639,0.75,1.0,0.75,776.0,776.0,0,852,852,269,0,0
university,target_71_3410,distance,0.05,matched_reachable_oracle,939,893,0.9180962550018364,False,target,0.25,852,776,639,213,594,594,0.6971830985915493,0.9295774647887324,0.75,1.6490610328638498,1.0,145,0,707,140,372,62
university,target_71_3410,distance,0.1,full_frozen,1251,1127,0.8698587224776244,False,target,0.25,852,776,639,213,550,550,0.6455399061032864,0.8607198748043818,0.75,1.0,1.0,254,0,598,68,446,38
university,target_71_3410,distance,0.1,matched_all_extended,1251,1127,,True,target,0.25,852,776,639,213,639,639,0.75,1.0,0.75,776.0,776.0,0,852,852,269,0,0
university,target_71_3410,distance,0.1,matched_reachable_oracle,939,846,0.8604229479171048,False,target,0.25,852,776,639,213,539,539,0.6326291079812206,0.8435054773082942,0.75,0.9213615023474179,1.0,268,0,584,63,462,37
university,target_71_3410,aps_raw,0.01,full_frozen,1251,1240,28.630864167150232,False,target,0.25,852,776,639,213,632,632,0.7417840375586855,0.9890453834115805,0.75,57.82746478873239,58.0,0,0,852,269,0,0
university,target_71_3410,aps_raw,0.01,matched_all_extended,1251,1240,,True,target,0.25,852,776,639,213,639,639,0.75,1.0,0.75,776.0,776.0,0,852,852,269,0,0
university,target_71_3410,aps_raw,0.01,matched_reachable_oracle,939,931,21.489252062313774,False,target,0.25,852,776,639,213,632,632,0.7417840375586855,0.9890453834115805,0.75,43.02230046948357,43.0,0,0,852,269,0,0
university,target_71_3410,aps_raw,0.05,full_frozen,1251,1190,1.1542710448493194,False,target,0.25,852,776,639,213,607,607,0.7124413145539906,0.9499217527386542,0.75,1.8826291079812207,2.0,0,0,852,269,100,9
university,target_71_3410,aps_raw,0.05,matched_all_extended,1251,1190,,True,target,0.25,852,776,639,213,639,639,0.75,1.0,0.75,776.0,776.0,0,852,852,269,0,0
university,target_71_3410,aps_raw,0.05,matched_reachable_oracle,939,893,1.0762026669246716,False,target,0.25,852,776,639,213,597,597,0.7007042253521126,0.9342723004694836,0.75,1.4683098591549295,1.0,0,0,852,269,453,38
university,target_71_3410,aps_raw,0.1,full_frozen,1251,1127,0.6546436346022938,False,target,0.25,852,776,639,213,570,570,0.6690140845070423,0.892018779342723,0.75,0.9835680751173709,1.0,14,0,838,268,838,268
university,target_71_3410,aps_raw,0.1,matched_all_extended,1251,1127,,True,target,0.25,852,776,639,213,639,639,0.75,1.0,0.75,776.0,776.0,0,852,852,269,0,0
university,target_71_3410,aps_raw,0.1,matched_reachable_oracle,939,846,0.6539711254356202,False,target,0.25,852,776,639,213,569,569,0.6678403755868545,0.8904538341158059,0.75,0.9823943661971831,1.0,15,0,837,268,837,268
university,target_71_3410,fixed_k,0.01,full_frozen,1251,1239,50.0,False,target,0.25,852,776,639,213,632,632,0.7417840375586855,0.9890453834115805,0.75,50.0,50.0,0,0,852,269,0,0
university,target_71_3410,fixed_k,0.01,matched_all_extended,1251,1239,,True,target,0.25,852,776,639,213,639,639,0.75,1.0,0.75,776.0,776.0,0,852,852,269,0,0
university,target_71_3410,fixed_k,0.01,matched_reachable_oracle,939,930,37.0,False,target,0.25,852,776,639,213,632,632,0.7417840375586855,0.9890453834115805,0.75,37.0,37.0,0,0,852,269,0,0
university,target_71_3410,fixed_k,0.05,full_frozen,1251,1189,2.0,False,target,0.25,852,776,639,213,613,613,0.7194835680751174,0.9593114241001565,0.75,2.0,2.0,0,0,852,269,0,0
university,target_71_3410,fixed_k,0.05,matched_all_extended,1251,1189,,True,target,0.25,852,776,639,213,639,639,0.75,1.0,0.75,776.0,776.0,0,852,852,269,0,0
university,target_71_3410,fixed_k,0.05,matched_reachable_oracle,939,893,2.0,False,target,0.25,852,776,639,213,613,613,0.7194835680751174,0.9593114241001565,0.75,2.0,2.0,0,0,852,269,0,0
university,target_71_3410,fixed_k,0.1,full_frozen,1251,1126,1.0,False,target,0.25,852,776,639,213,583,583,0.6842723004694836,0.9123630672926447,0.75,1.0,1.0,0,0,852,269,852,269
university,target_71_3410,fixed_k,0.1,matched_all_extended,1251,1126,,True,target,0.25,852,776,639,213,639,639,0.75,1.0,0.75,776.0,776.0,0,852,852,269,0,0
university,target_71_3410,fixed_k,0.1,matched_reachable_oracle,939,846,1.0,False,target,0.25,852,776,639,213,583,583,0.6842723004694836,0.9123630672926447,0.75,1.0,1.0,0,0,852,269,852,269
university,control_71_3410,distance,0.01,full_frozen,1251,1240,1.0527065299956362,False,control,0.25,852,776,852,0,845,845,0.9917840375586855,0.9917840375586855,1.0,32.659624413145536,29.0,0,0,852,75,0,0
university,control_71_3410,distance,0.01,matched_all_extended,1251,1240,1.0527065299956362,False,control,0.25,852,776,852,0,845,845,0.9917840375586855,0.9917840375586855,1.0,32.659624413145536,29.0,0,0,852,75,0,0
university,control_71_3410,distance,0.01,matched_reachable_oracle,1251,1240,1.0527065299956362,False,control,0.25,852,776,852,0,845,845,0.9917840375586855,0.9917840375586855,1.0,32.659624413145536,29.0,0,0,852,75,0,0
university,control_71_3410,distance,0.05,full_frozen,1251,1190,0.9258809992489222,False,control,0.25,852,776,852,0,798,798,0.9366197183098591,0.9366197183098591,1.0,2.17018779342723,2.0,38,0,814,55,360,11
university,control_71_3410,distance,0.05,matched_all_extended,1251,1190,0.9258809992489222,False,control,0.25,852,776,852,0,798,798,0.9366197183098591,0.9366197183098591,1.0,2.17018779342723,2.0,38,0,814,55,360,11
university,control_71_3410,distance,0.05,matched_reachable_oracle,1251,1190,0.9258809992489222,False,control,0.25,852,776,852,0,798,798,0.9366197183098591,0.9366197183098591,1.0,2.17018779342723,2.0,38,0,814,55,360,11
university,control_71_3410,distance,0.1,full_frozen,1251,1127,0.8698587224776244,False,control,0.25,852,776,852,0,735,735,0.8626760563380281,0.8626760563380281,1.0,1.2546948356807512,1.0,111,0,741,32,534,5
university,control_71_3410,distance,0.1,matched_all_extended,1251,1127,0.8698587224776244,False,control,0.25,852,776,852,0,735,735,0.8626760563380281,0.8626760563380281,1.0,1.2546948356807512,1.0,111,0,741,32,534,5
university,control_71_3410,distance,0.1,matched_reachable_oracle,1251,1127,0.8698587224776244,False,control,0.25,852,776,852,0,735,735,0.8626760563380281,0.8626760563380281,1.0,1.2546948356807512,1.0,111,0,741,32,534,5
university,control_71_3410,aps_raw,0.01,full_frozen,1251,1240,28.630864167150232,False,control,0.25,852,776,852,0,845,845,0.9917840375586855,0.9917840375586855,1.0,57.744131455399064,58.0,0,0,852,75,0,0
university,control_71_3410,aps_raw,0.01,matched_all_extended,1251,1240,25.704350255382796,False,control,0.25,852,776,852,0,845,845,0.9917840375586855,0.9917840375586855,1.0,51.68544600938967,52.0,0,0,852,75,0,0
university,control_71_3410,aps_raw,0.01,matched_reachable_oracle,1251,1240,25.704350255382796,False,control,0.25,852,776,852,0,845,845,0.9917840375586855,0.9917840375586855,1.0,51.68544600938967,52.0,0,0,852,75,0,0
university,control_71_3410,aps_raw,0.05,full_frozen,1251,1190,1.1542710448493194,False,control,0.25,852,776,852,0,806,806,0.9460093896713615,0.9460093896713615,1.0,1.846244131455399,2.0,0,0,852,75,131,10
university,control_71_3410,aps_raw,0.05,matched_all_extended,1251,1190,1.1484315990574965,False,control,0.25,852,776,852,0,805,805,0.9448356807511737,0.9448356807511737,1.0,1.8192488262910798,2.0,0,0,852,75,154,11
university,control_71_3410,aps_raw,0.05,matched_reachable_oracle,1251,1190,1.1484315990574965,False,control,0.25,852,776,852,0,805,805,0.9448356807511737,0.9448356807511737,1.0,1.8192488262910798,2.0,0,0,852,75,154,11
university,control_71_3410,aps_raw,0.1,full_frozen,1251,1127,0.6546436346022938,False,control,0.25,852,776,852,0,759,759,0.8908450704225352,0.8908450704225352,1.0,0.9776995305164319,1.0,19,0,833,74,833,74
university,control_71_3410,aps_raw,0.1,matched_all_extended,1251,1127,0.6532155922034415,False,control,0.25,852,776,852,0,756,756,0.8873239436619719,0.8873239436619719,1.0,0.9741784037558685,1.0,22,0,830,74,830,74
university,control_71_3410,aps_raw,0.1,matched_reachable_oracle,1251,1127,0.6532155922034415,False,control,0.25,852,776,852,0,756,756,0.8873239436619719,0.8873239436619719,1.0,0.9741784037558685,1.0,22,0,830,74,830,74
university,control_71_3410,fixed_k,0.01,full_frozen,1251,1239,50.0,False,control,0.25,852,776,852,0,845,845,0.9917840375586855,0.9917840375586855,1.0,50.0,50.0,0,0,852,75,0,0
university,control_71_3410,fixed_k,0.01,matched_all_extended,1251,1239,43.0,False,control,0.25,852,776,852,0,845,845,0.9917840375586855,0.9917840375586855,1.0,43.0,43.0,0,0,852,75,0,0
university,control_71_3410,fixed_k,0.01,matched_reachable_oracle,1251,1239,43.0,False,control,0.25,852,776,852,0,845,845,0.9917840375586855,0.9917840375586855,1.0,43.0,43.0,0,0,852,75,0,0
university,control_71_3410,fixed_k,0.05,full_frozen,1251,1189,2.0,False,control,0.25,852,776,852,0,815,815,0.9565727699530516,0.9565727699530516,1.0,2.0,2.0,0,0,852,75,0,0
university,control_71_3410,fixed_k,0.05,matched_all_extended,1251,1189,2.0,False,control,0.25,852,776,852,0,815,815,0.9565727699530516,0.9565727699530516,1.0,2.0,2.0,0,0,852,75,0,0
university,control_71_3410,fixed_k,0.05,matched_reachable_oracle,1251,1189,2.0,False,control,0.25,852,776,852,0,815,815,0.9565727699530516,0.9565727699530516,1.0,2.0,2.0,0,0,852,75,0,0
university,control_71_3410,fixed_k,0.1,full_frozen,1251,1126,1.0,False,control,0.25,852,776,852,0,777,777,0.9119718309859155,0.9119718309859155,1.0,1.0,1.0,0,0,852,75,852,75
university,control_71_3410,fixed_k,0.1,matched_all_extended,1251,1126,1.0,False,control,0.25,852,776,852,0,777,777,0.9119718309859155,0.9119718309859155,1.0,1.0,1.0,0,0,852,75,852,75
university,control_71_3410,fixed_k,0.1,matched_reachable_oracle,1251,1126,1.0,False,control,0.25,852,776,852,0,777,777,0.9119718309859155,0.9119718309859155,1.0,1.0,1.0,0,0,852,75,852,75
university,target_142_3410,distance,0.01,full_frozen,1251,1240,1.0527065299956362,False,target,0.5,852,601,426,426,419,419,0.49178403755868544,0.9835680751173709,0.5,23.34037558685446,21.0,0,0,852,464,0,0
university,target_142_3410,distance,0.01,matched_all_extended,1251,1240,,True,target,0.5,852,601,426,426,426,426,0.5,1.0,0.5,601.0,601.0,0,852,852,464,0,0
university,target_142_3410,distance,0.01,matched_reachable_oracle,627,622,1.065152872709145,False,target,0.5,852,601,426,426,419,419,0.49178403755868544,0.9835680751173709,0.5,33.68427230046948,30.0,0,0,852,464,0,0
university,target_142_3410,distance,0.05,full_frozen,1251,1190,0.9258809992489222,False,target,0.5,852,601,426,426,394,394,0.4624413145539906,0.9248826291079812,0.5,1.2828638497652582,1.0,263,0,589,209,326,107
university,target_142_3410,distance,0.05,matched_all_extended,1251,1190,,True,target,0.5,852,601,426,426,426,426,0.5,1.0,0.5,601.0,601.0,0,852,852,464,0,0
university,target_142_3410,distance,0.05,matched_reachable_oracle,627,597,0.9137881529856292,False,target,0.5,852,601,426,426,392,392,0.460093896713615,0.92018779342723,0.5,1.0633802816901408,1.0,309,0,543,164,344,93
university,target_142_3410,distance,0.1,full_frozen,1251,1127,0.8698587224776244,False,target,0.5,852,601,426,426,366,366,0.4295774647887324,0.8591549295774648,0.5,0.681924882629108,1.0,420,0,432,77,329,44
university,target_142_3410,distance,0.1,matched_all_extended,1251,1127,,True,target,0.5,852,601,426,426,426,426,0.5,1.0,0.5,601.0,601.0,0,852,852,464,0,0
university,target_142_3410,distance,0.1,matched_reachable_oracle,627,566,0.8686823527875613,False,target,0.5,852,601,426,426,364,364,0.4272300469483568,0.8544600938967136,0.5,0.6725352112676056,1.0,425,0,427,74,327,42
university,target_142_3410,aps_raw,0.01,full_frozen,1251,1240,28.630864167150232,False,target,0.5,852,601,426,426,419,419,0.49178403755868544,0.9835680751173709,0.5,58.17605633802817,58.0,0,0,852,464,0,0
university,target_142_3410,aps_raw,0.01,matched_all_extended,1251,1240,,True,target,0.5,852,601,426,426,426,426,0.5,1.0,0.5,601.0,601.0,0,852,852,464,0,0
university,target_142_3410,aps_raw,0.01,matched_reachable_oracle,627,622,21.205511446865852,False,target,0.5,852,601,426,426,419,419,0.49178403755868544,0.9835680751173709,0.5,42.737089201877936,43.0,0,0,852,464,0,0
university,target_142_3410,aps_raw,0.05,full_frozen,1251,1190,1.1542710448493194,False,target,0.5,852,601,426,426,402,402,0.47183098591549294,0.9436619718309859,0.5,1.9284037558685445,2.0,0,0,852,464,61,8
university,target_142_3410,aps_raw,0.05,matched_all_extended,1251,1190,,True,target,0.5,852,601,426,426,426,426,0.5,1.0,0.5,601.0,601.0,0,852,852,464,0,0
university,target_142_3410,aps_raw,0.05,matched_reachable_oracle,627,597,1.0471596004104033,False,target,0.5,852,601,426,426,395,395,0.4636150234741784,0.9272300469483568,0.5,1.4589201877934272,1.0,0,0,852,464,461,112
university,target_142_3410,aps_raw,0.1,full_frozen,1251,1127,0.6546436346022938,False,target,0.5,852,601,426,426,379,379,0.4448356807511737,0.8896713615023474,0.5,0.9882629107981221,1.0,10,0,842,463,842,463
university,target_142_3410,aps_raw,0.1,matched_all_extended,1251,1127,,True,target,0.5,852,601,426,426,426,426,0.5,1.0,0.5,601.0,601.0,0,852,852,464,0,0
university,target_142_3410,aps_raw,0.1,matched_reachable_oracle,627,566,0.6508774012679852,False,target,0.5,852,601,426,426,377,377,0.4424882629107981,0.8849765258215962,0.5,0.9847417840375586,1.0,13,0,839,462,839,462
university,target_142_3410,fixed_k,0.01,full_frozen,1251,1239,50.0,False,target,0.5,852,601,426,426,419,419,0.49178403755868544,0.9835680751173709,0.5,50.0,50.0,0,0,852,464,0,0
university,target_142_3410,fixed_k,0.01,matched_all_extended,1251,1239,,True,target,0.5,852,601,426,426,426,426,0.5,1.0,0.5,601.0,601.0,0,852,852,464,0,0
university,target_142_3410,fixed_k,0.01,matched_reachable_oracle,627,621,35.0,False,target,0.5,852,601,426,426,419,419,0.49178403755868544,0.9835680751173709,0.5,35.0,35.0,0,0,852,464,0,0
university,target_142_3410,fixed_k,0.05,full_frozen,1251,1189,2.0,False,target,0.5,852,601,426,426,407,407,0.47769953051643194,0.9553990610328639,0.5,2.0,2.0,0,0,852,464,0,0
university,target_142_3410,fixed_k,0.05,matched_all_extended,1251,1189,,True,target,0.5,852,601,426,426,426,426,0.5,1.0,0.5,601.0,601.0,0,852,852,464,0,0
university,target_142_3410,fixed_k,0.05,matched_reachable_oracle,627,596,2.0,False,target,0.5,852,601,426,426,407,407,0.47769953051643194,0.9553990610328639,0.5,2.0,2.0,0,0,852,464,0,0
university,target_142_3410,fixed_k,0.1,full_frozen,1251,1126,1.0,False,target,0.5,852,601,426,426,388,388,0.45539906103286387,0.9107981220657277,0.5,1.0,1.0,0,0,852,464,852,464
university,target_142_3410,fixed_k,0.1,matched_all_extended,1251,1126,,True,target,0.5,852,601,426,426,426,426,0.5,1.0,0.5,601.0,601.0,0,852,852,464,0,0
university,target_142_3410,fixed_k,0.1,matched_reachable_oracle,627,565,1.0,False,target,0.5,852,601,426,426,388,388,0.45539906103286387,0.9107981220657277,0.5,1.0,1.0,0,0,852,464,852,464
university,target_71_3411,distance,0.01,full_frozen,1251,1240,1.0527065299956362,False,target,0.25,852,776,639,213,633,633,0.7429577464788732,0.9906103286384976,0.75,31.488262910798124,27.0,0,0,852,267,0,0
university,target_71_3411,distance,0.01,matched_all_extended,1251,1240,,True,target,0.25,852,776,639,213,639,639,0.75,1.0,0.75,776.0,776.0,0,852,852,267,0,0
university,target_71_3411,distance,0.01,matched_reachable_oracle,939,931,1.0527065299956362,False,target,0.25,852,776,639,213,633,633,0.7429577464788732,0.9906103286384976,0.75,31.488262910798124,27.0,0,0,852,267,0,0
university,target_71_3411,distance,0.05,full_frozen,1251,1190,0.9258809992489222,False,target,0.25,852,776,639,213,596,596,0.6995305164319249,0.9327073552425665,0.75,1.8392018779342723,1.0,138,0,714,139,349,60
university,target_71_3411,distance,0.05,matched_all_extended,1251,1190,,True,target,0.25,852,776,639,213,639,639,0.75,1.0,0.75,776.0,776.0,0,852,852,267,0,0
university,target_71_3411,distance,0.05,matched_reachable_oracle,939,893,0.9278432620841572,False,target,0.25,852,776,639,213,598,598,0.7018779342723005,0.9358372456964006,0.75,1.8873239436619718,1.0,136,0,716,141,338,58
university,target_71_3411,distance,0.1,full_frozen,1251,1127,0.8698587224776244,False,target,0.25,852,776,639,213,546,546,0.6408450704225352,0.8544600938967136,0.75,0.9964788732394366,1.0,254,0,598,65,454,32
university,target_71_3411,distance,0.1,matched_all_extended,1251,1127,,True,target,0.25,852,776,639,213,639,639,0.75,1.0,0.75,776.0,776.0,0,852,852,267,0,0
university,target_71_3411,distance,0.1,matched_reachable_oracle,939,846,0.8762339872050144,False,target,0.25,852,776,639,213,554,554,0.6502347417840375,0.86697965571205,0.75,1.062206572769953,1.0,243,0,609,68,445,34
university,target_71_3411,aps_raw,0.01,full_frozen,1251,1240,28.630864167150232,False,target,0.25,852,776,639,213,633,633,0.7429577464788732,0.9906103286384976,0.75,57.82276995305164,58.0,0,0,852,267,0,0
university,target_71_3411,aps_raw,0.01,matched_all_extended,1251,1240,,True,target,0.25,852,776,639,213,639,639,0.75,1.0,0.75,776.0,776.0,0,852,852,267,0,0
university,target_71_3411,aps_raw,0.01,matched_reachable_oracle,939,931,19.087603974520352,False,target,0.25,852,776,639,213,633,633,0.7429577464788732,0.9906103286384976,0.75,38.05046948356807,38.0,0,0,852,267,0,0
university,target_71_3411,aps_raw,0.05,full_frozen,1251,1190,1.1542710448493194,False,target,0.25,852,776,639,213,610,610,0.715962441314554,0.9546165884194053,0.75,1.8814553990610328,2.0,0,0,852,267,101,4
university,target_71_3411,aps_raw,0.05,matched_all_extended,1251,1190,,True,target,0.25,852,776,639,213,639,639,0.75,1.0,0.75,776.0,776.0,0,852,852,267,0,0
university,target_71_3411,aps_raw,0.05,matched_reachable_oracle,939,893,1.0762026669246716,False,target,0.25,852,776,639,213,602,602,0.7065727699530516,0.9420970266040689,0.75,1.4671361502347418,1.0,0,0,852,267,454,38
university,target_71_3411,aps_raw,0.1,full_frozen,1251,1127,0.6546436346022938,False,target,0.25,852,776,639,213,570,570,0.6690140845070423,0.892018779342723,0.75,0.9812206572769953,1.0,16,0,836,266,836,266
university,target_71_3411,aps_raw,0.1,matched_all_extended,1251,1127,,True,target,0.25,852,776,639,213,639,639,0.75,1.0,0.75,776.0,776.0,0,852,852,267,0,0
university,target_71_3411,aps_raw,0.1,matched_reachable_oracle,939,846,0.6529510051819792,False,target,0.25,852,776,639,213,567,567,0.6654929577464789,0.8873239436619719,0.75,0.9776995305164319,1.0,19,0,833,266,833,266
university,target_71_3411,fixed_k,0.01,full_frozen,1251,1239,50.0,False,target,0.25,852,776,639,213,633,633,0.7429577464788732,0.9906103286384976,0.75,50.0,50.0,0,0,852,267,0,0
university,target_71_3411,fixed_k,0.01,matched_all_extended,1251,1239,,True,target,0.25,852,776,639,213,639,639,0.75,1.0,0.75,776.0,776.0,0,852,852,267,0,0
university,target_71_3411,fixed_k,0.01,matched_reachable_oracle,939,930,38.0,False,target,0.25,852,776,639,213,633,633,0.7429577464788732,0.9906103286384976,0.75,38.0,38.0,0,0,852,267,0,0
university,target_71_3411,fixed_k,0.05,full_frozen,1251,1189,2.0,False,target,0.25,852,776,639,213,611,611,0.7171361502347418,0.9561815336463224,0.75,2.0,2.0,0,0,852,267,0,0
university,target_71_3411,fixed_k,0.05,matched_all_extended,1251,1189,,True,target,0.25,852,776,639,213,639,639,0.75,1.0,0.75,776.0,776.0,0,852,852,267,0,0
university,target_71_3411,fixed_k,0.05,matched_reachable_oracle,939,893,2.0,False,target,0.25,852,776,639,213,611,611,0.7171361502347418,0.9561815336463224,0.75,2.0,2.0,0,0,852,267,0,0
university,target_71_3411,fixed_k,0.1,full_frozen,1251,1126,1.0,False,target,0.25,852,776,639,213,585,585,0.6866197183098591,0.9154929577464789,0.75,1.0,1.0,0,0,852,267,852,267
university,target_71_3411,fixed_k,0.1,matched_all_extended,1251,1126,,True,target,0.25,852,776,639,213,639,639,0.75,1.0,0.75,776.0,776.0,0,852,852,267,0,0
university,target_71_3411,fixed_k,0.1,matched_reachable_oracle,939,846,1.0,False,target,0.25,852,776,639,213,585,585,0.6866197183098591,0.9154929577464789,0.75,1.0,1.0,0,0,852,267,852,267
university,control_71_3411,distance,0.01,full_frozen,1251,1240,1.0527065299956362,False,control,0.25,852,776,852,0,845,845,0.9917840375586855,0.9917840375586855,1.0,32.92253521126761,29.0,0,0,852,71,0,0
university,control_71_3411,distance,0.01,matched_all_extended,1251,1240,1.0527065299956362,False,control,0.25,852,776,852,0,845,845,0.9917840375586855,0.9917840375586855,1.0,32.92253521126761,29.0,0,0,852,71,0,0
university,control_71_3411,distance,0.01,matched_reachable_oracle,1251,1240,1.0527065299956362,False,control,0.25,852,776,852,0,845,845,0.9917840375586855,0.9917840375586855,1.0,32.92253521126761,29.0,0,0,852,71,0,0
university,control_71_3411,distance,0.05,full_frozen,1251,1190,0.9258809992489222,False,control,0.25,852,776,852,0,798,798,0.9366197183098591,0.9366197183098591,1.0,2.1607981220657275,2.0,38,0,814,51,362,11
university,control_71_3411,distance,0.05,matched_all_extended,1251,1190,0.9258809992489222,False,control,0.25,852,776,852,0,798,798,0.9366197183098591,0.9366197183098591,1.0,2.1607981220657275,2.0,38,0,814,51,362,11
university,control_71_3411,distance,0.05,matched_reachable_oracle,1251,1190,0.9258809992489222,False,control,0.25,852,776,852,0,798,798,0.9366197183098591,0.9366197183098591,1.0,2.1607981220657275,2.0,38,0,814,51,362,11
university,control_71_3411,distance,0.1,full_frozen,1251,1127,0.8698587224776244,False,control,0.25,852,776,852,0,735,735,0.8626760563380281,0.8626760563380281,1.0,1.2312206572769953,1.0,111,0,741,29,535,5
university,control_71_3411,distance,0.1,matched_all_extended,1251,1127,0.8698587224776244,False,control,0.25,852,776,852,0,735,735,0.8626760563380281,0.8626760563380281,1.0,1.2312206572769953,1.0,111,0,741,29,535,5
university,control_71_3411,distance,0.1,matched_reachable_oracle,1251,1127,0.8698587224776244,False,control,0.25,852,776,852,0,735,735,0.8626760563380281,0.8626760563380281,1.0,1.2312206572769953,1.0,111,0,741,29,535,5
university,control_71_3411,aps_raw,0.01,full_frozen,1251,1240,28.630864167150232,False,control,0.25,852,776,852,0,845,845,0.9917840375586855,0.9917840375586855,1.0,57.737089201877936,58.0,0,0,852,71,0,0
university,control_71_3411,aps_raw,0.01,matched_all_extended,1251,1240,26.673571563180058,False,control,0.25,852,776,852,0,845,845,0.9917840375586855,0.9917840375586855,1.0,53.67605633802817,54.0,0,0,852,71,0,0
university,control_71_3411,aps_raw,0.01,matched_reachable_oracle,1251,1240,26.673571563180058,False,control,0.25,852,776,852,0,845,845,0.9917840375586855,0.9917840375586855,1.0,53.67605633802817,54.0,0,0,852,71,0,0
university,control_71_3411,aps_raw,0.05,full_frozen,1251,1190,1.1542710448493194,False,control,0.25,852,776,852,0,809,809,0.9495305164319249,0.9495305164319249,1.0,1.846244131455399,2.0,0,0,852,71,131,10
university,control_71_3411,aps_raw,0.05,matched_all_extended,1251,1190,1.1484315990574965,False,control,0.25,852,776,852,0,809,809,0.9495305164319249,0.9495305164319249,1.0,1.823943661971831,2.0,0,0,852,71,150,10
university,control_71_3411,aps_raw,0.05,matched_reachable_oracle,1251,1190,1.1484315990574965,False,control,0.25,852,776,852,0,809,809,0.9495305164319249,0.9495305164319249,1.0,1.823943661971831,2.0,0,0,852,71,150,10
university,control_71_3411,aps_raw,0.1,full_frozen,1251,1127,0.6546436346022938,False,control,0.25,852,776,852,0,763,763,0.8955399061032864,0.8955399061032864,1.0,0.9776995305164319,1.0,19,0,833,70,833,70
university,control_71_3411,aps_raw,0.1,matched_all_extended,1251,1127,0.6539711254356202,False,control,0.25,852,776,852,0,762,762,0.8943661971830986,0.8943661971830986,1.0,0.9765258215962441,1.0,20,0,832,70,832,70
university,control_71_3411,aps_raw,0.1,matched_reachable_oracle,1251,1127,0.6539711254356202,False,control,0.25,852,776,852,0,762,762,0.8943661971830986,0.8943661971830986,1.0,0.9765258215962441,1.0,20,0,832,70,832,70
university,control_71_3411,fixed_k,0.01,full_frozen,1251,1239,50.0,False,control,0.25,852,776,852,0,845,845,0.9917840375586855,0.9917840375586855,1.0,50.0,50.0,0,0,852,71,0,0
university,control_71_3411,fixed_k,0.01,matched_all_extended,1251,1239,44.0,False,control,0.25,852,776,852,0,845,845,0.9917840375586855,0.9917840375586855,1.0,44.0,44.0,0,0,852,71,0,0
university,control_71_3411,fixed_k,0.01,matched_reachable_oracle,1251,1239,44.0,False,control,0.25,852,776,852,0,845,845,0.9917840375586855,0.9917840375586855,1.0,44.0,44.0,0,0,852,71,0,0
university,control_71_3411,fixed_k,0.05,full_frozen,1251,1189,2.0,False,control,0.25,852,776,852,0,818,818,0.960093896713615,0.960093896713615,1.0,2.0,2.0,0,0,852,71,0,0
university,control_71_3411,fixed_k,0.05,matched_all_extended,1251,1189,2.0,False,control,0.25,852,776,852,0,818,818,0.960093896713615,0.960093896713615,1.0,2.0,2.0,0,0,852,71,0,0
university,control_71_3411,fixed_k,0.05,matched_reachable_oracle,1251,1189,2.0,False,control,0.25,852,776,852,0,818,818,0.960093896713615,0.960093896713615,1.0,2.0,2.0,0,0,852,71,0,0
university,control_71_3411,fixed_k,0.1,full_frozen,1251,1126,1.0,False,control,0.25,852,776,852,0,781,781,0.9166666666666666,0.9166666666666666,1.0,1.0,1.0,0,0,852,71,852,71
university,control_71_3411,fixed_k,0.1,matched_all_extended,1251,1126,1.0,False,control,0.25,852,776,852,0,781,781,0.9166666666666666,0.9166666666666666,1.0,1.0,1.0,0,0,852,71,852,71
university,control_71_3411,fixed_k,0.1,matched_reachable_oracle,1251,1126,1.0,False,control,0.25,852,776,852,0,781,781,0.9166666666666666,0.9166666666666666,1.0,1.0,1.0,0,0,852,71,852,71
university,target_142_3411,distance,0.01,full_frozen,1251,1240,1.0527065299956362,False,target,0.5,852,601,426,426,423,423,0.4964788732394366,0.9929577464788732,0.5,23.556338028169016,21.0,0,0,852,460,1,1
university,target_142_3411,distance,0.01,matched_all_extended,1251,1240,,True,target,0.5,852,601,426,426,426,426,0.5,1.0,0.5,601.0,601.0,0,852,852,460,0,0
university,target_142_3411,distance,0.01,matched_reachable_oracle,627,622,1.0527065299956362,False,target,0.5,852,601,426,426,423,423,0.4964788732394366,0.9929577464788732,0.5,23.556338028169016,21.0,0,0,852,460,1,1
university,target_142_3411,distance,0.05,full_frozen,1251,1190,0.9258809992489222,False,target,0.5,852,601,426,426,398,398,0.4671361502347418,0.9342723004694836,0.5,1.3568075117370892,1.0,273,0,579,194,324,107
university,target_142_3411,distance,0.05,matched_all_extended,1251,1190,,True,target,0.5,852,601,426,426,426,426,0.5,1.0,0.5,601.0,601.0,0,852,852,460,0,0
university,target_142_3411,distance,0.05,matched_reachable_oracle,627,597,0.9244569553645215,False,target,0.5,852,601,426,426,397,397,0.465962441314554,0.931924882629108,0.5,1.3215962441314555,1.0,276,0,576,192,330,110
university,target_142_3411,distance,0.1,full_frozen,1251,1127,0.8698587224776244,False,target,0.5,852,601,426,426,362,362,0.42488262910798125,0.8497652582159625,0.5,0.7065727699530516,1.0,417,0,435,82,342,47
university,target_142_3411,distance,0.1,matched_all_extended,1251,1127,,True,target,0.5,852,601,426,426,426,426,0.5,1.0,0.5,601.0,601.0,0,852,852,460,0,0
university,target_142_3411,distance,0.1,matched_reachable_oracle,627,566,0.8661130155955528,False,target,0.5,852,601,426,426,359,359,0.4213615023474178,0.8427230046948356,0.5,0.6807511737089202,1.0,425,0,427,76,342,44
university,target_142_3411,aps_raw,0.01,full_frozen,1251,1240,28.630864167150232,False,target,0.5,852,601,426,426,423,423,0.4964788732394366,0.9929577464788732,0.5,58.13732394366197,58.0,0,0,852,460,0,0
university,target_142_3411,aps_raw,0.01,matched_all_extended,1251,1240,,True,target,0.5,852,601,426,426,426,426,0.5,1.0,0.5,601.0,601.0,0,852,852,460,0,0
university,target_142_3411,aps_raw,0.01,matched_reachable_oracle,627,622,13.978550103342165,False,target,0.5,852,601,426,426,423,423,0.4964788732394366,0.9929577464788732,0.5,27.7981220657277,28.0,0,0,852,460,0,0
university,target_142_3411,aps_raw,0.05,full_frozen,1251,1190,1.1542710448493194,False,target,0.5,852,601,426,426,409,409,0.4800469483568075,0.960093896713615,0.5,1.9330985915492958,2.0,0,0,852,460,57,2
university,target_142_3411,aps_raw,0.05,matched_all_extended,1251,1190,,True,target,0.5,852,601,426,426,426,426,0.5,1.0,0.5,601.0,601.0,0,852,852,460,0,0
university,target_142_3411,aps_raw,0.05,matched_reachable_oracle,627,597,1.0284016739603974,False,target,0.5,852,601,426,426,394,394,0.4624413145539906,0.9248826291079812,0.5,1.3028169014084507,1.0,0,0,852,460,594,216
university,target_142_3411,aps_raw,0.1,full_frozen,1251,1127,0.6546436346022938,False,target,0.5,852,601,426,426,385,385,0.4518779342723005,0.903755868544601,0.5,0.9917840375586855,1.0,7,0,845,460,845,460
university,target_142_3411,aps_raw,0.1,matched_all_extended,1251,1127,,True,target,0.5,852,601,426,426,426,426,0.5,1.0,0.5,601.0,601.0,0,852,852,460,0,0
university,target_142_3411,aps_raw,0.1,matched_reachable_oracle,627,566,0.6485900068402011,False,target,0.5,852,601,426,426,375,375,0.44014084507042256,0.8802816901408451,0.5,0.9800469483568075,1.0,17,0,835,460,835,460
university,target_142_3411,fixed_k,0.01,full_frozen,1251,1239,50.0,False,target,0.5,852,601,426,426,423,423,0.4964788732394366,0.9929577464788732,0.5,50.0,50.0,0,0,852,460,0,0
university,target_142_3411,fixed_k,0.01,matched_all_extended,1251,1239,,True,target,0.5,852,601,426,426,426,426,0.5,1.0,0.5,601.0,601.0,0,852,852,460,0,0
university,target_142_3411,fixed_k,0.01,matched_reachable_oracle,627,621,27.0,False,target,0.5,852,601,426,426,423,423,0.4964788732394366,0.9929577464788732,0.5,27.0,27.0,0,0,852,460,0,0
university,target_142_3411,fixed_k,0.05,full_frozen,1251,1189,2.0,False,target,0.5,852,601,426,426,410,410,0.4812206572769953,0.9624413145539906,0.5,2.0,2.0,0,0,852,460,0,0
university,target_142_3411,fixed_k,0.05,matched_all_extended,1251,1189,,True,target,0.5,852,601,426,426,426,426,0.5,1.0,0.5,601.0,601.0,0,852,852,460,0,0
university,target_142_3411,fixed_k,0.05,matched_reachable_oracle,627,596,1.0,False,target,0.5,852,601,426,426,392,392,0.460093896713615,0.92018779342723,0.5,1.0,1.0,0,0,852,460,852,460
university,target_142_3411,fixed_k,0.1,full_frozen,1251,1126,1.0,False,target,0.5,852,601,426,426,392,392,0.460093896713615,0.92018779342723,0.5,1.0,1.0,0,0,852,460,852,460
university,target_142_3411,fixed_k,0.1,matched_all_extended,1251,1126,,True,target,0.5,852,601,426,426,426,426,0.5,1.0,0.5,601.0,601.0,0,852,852,460,0,0
university,target_142_3411,fixed_k,0.1,matched_reachable_oracle,627,565,1.0,False,target,0.5,852,601,426,426,392,392,0.460093896713615,0.92018779342723,0.5,1.0,1.0,0,0,852,460,852,460
university,target_71_3412,distance,0.01,full_frozen,1251,1240,1.0527065299956362,False,target,0.25,852,776,639,213,632,632,0.7417840375586855,0.9890453834115805,0.75,31.089201877934272,28.0,0,0,852,268,0,0
university,target_71_3412,distance,0.01,matched_all_extended,1251,1240,,True,target,0.25,852,776,639,213,639,639,0.75,1.0,0.75,776.0,776.0,0,852,852,268,0,0
university,target_71_3412,distance,0.01,matched_reachable_oracle,939,931,1.0527065299956362,False,target,0.25,852,776,639,213,632,632,0.7417840375586855,0.9890453834115805,0.75,31.089201877934272,28.0,0,0,852,268,0,0
university,target_71_3412,distance,0.05,full_frozen,1251,1190,0.9258809992489222,False,target,0.25,852,776,639,213,590,590,0.6924882629107981,0.9233176838810642,0.75,1.835680751173709,1.0,150,0,702,132,324,59
university,target_71_3412,distance,0.05,matched_all_extended,1251,1190,,True,target,0.25,852,776,639,213,639,639,0.75,1.0,0.75,776.0,776.0,0,852,852,268,0,0
university,target_71_3412,distance,0.05,matched_reachable_oracle,939,893,0.924313204748047,False,target,0.25,852,776,639,213,589,589,0.6913145539906104,0.9217527386541471,0.75,1.7805164319248827,1.0,151,0,701,132,337,63
university,target_71_3412,distance,0.1,full_frozen,1251,1127,0.8698587224776244,False,target,0.25,852,776,639,213,544,544,0.6384976525821596,0.8513302034428795,0.75,0.9894366197183099,1.0,258,0,594,63,444,33
university,target_71_3412,distance,0.1,matched_all_extended,1251,1127,,True,target,0.25,852,776,639,213,639,639,0.75,1.0,0.75,776.0,776.0,0,852,852,268,0,0
university,target_71_3412,distance,0.1,matched_reachable_oracle,939,846,0.8698587224776244,False,target,0.25,852,776,639,213,544,544,0.6384976525821596,0.8513302034428795,0.75,0.9894366197183099,1.0,258,0,594,63,444,33
university,target_71_3412,aps_raw,0.01,full_frozen,1251,1240,28.630864167150232,False,target,0.25,852,776,639,213,632,632,0.7417840375586855,0.9890453834115805,0.75,57.843896713615024,58.0,0,0,852,268,0,0
university,target_71_3412,aps_raw,0.01,matched_all_extended,1251,1240,,True,target,0.25,852,776,639,213,639,639,0.75,1.0,0.75,776.0,776.0,0,852,852,268,0,0
university,target_71_3412,aps_raw,0.01,matched_reachable_oracle,939,931,21.15797175161862,False,target,0.25,852,776,639,213,632,632,0.7417840375586855,0.9890453834115805,0.75,42.33802816901409,42.0,0,0,852,268,0,0
university,target_71_3412,aps_raw,0.05,full_frozen,1251,1190,1.1542710448493194,False,target,0.25,852,776,639,213,606,606,0.7112676056338029,0.9483568075117371,0.75,1.8720657276995305,2.0,0,0,852,268,109,7
university,target_71_3412,aps_raw,0.05,matched_all_extended,1251,1190,,True,target,0.25,852,776,639,213,639,639,0.75,1.0,0.75,776.0,776.0,0,852,852,268,0,0
university,target_71_3412,aps_raw,0.05,matched_reachable_oracle,939,893,1.1484315990574965,False,target,0.25,852,776,639,213,605,605,0.710093896713615,0.94679186228482,0.75,1.8568075117370892,2.0,0,0,852,268,122,8
university,target_71_3412,aps_raw,0.1,full_frozen,1251,1127,0.6546436346022938,False,target,0.25,852,776,639,213,567,567,0.6654929577464789,0.8873239436619719,0.75,0.9788732394366197,1.0,18,0,834,267,834,267
university,target_71_3412,aps_raw,0.1,matched_all_extended,1251,1127,,True,target,0.25,852,776,639,213,639,639,0.75,1.0,0.75,776.0,776.0,0,852,852,268,0,0
university,target_71_3412,aps_raw,0.1,matched_reachable_oracle,939,846,0.6524112642493198,False,target,0.25,852,776,639,213,564,564,0.6619718309859155,0.8826291079812206,0.75,0.9753521126760564,1.0,21,0,831,267,831,267
university,target_71_3412,fixed_k,0.01,full_frozen,1251,1239,50.0,False,target,0.25,852,776,639,213,632,632,0.7417840375586855,0.9890453834115805,0.75,50.0,50.0,0,0,852,268,0,0
university,target_71_3412,fixed_k,0.01,matched_all_extended,1251,1239,,True,target,0.25,852,776,639,213,639,639,0.75,1.0,0.75,776.0,776.0,0,852,852,268,0,0
university,target_71_3412,fixed_k,0.01,matched_reachable_oracle,939,930,39.0,False,target,0.25,852,776,639,213,632,632,0.7417840375586855,0.9890453834115805,0.75,39.0,39.0,0,0,852,268,0,0
university,target_71_3412,fixed_k,0.05,full_frozen,1251,1189,2.0,False,target,0.25,852,776,639,213,610,610,0.715962441314554,0.9546165884194053,0.75,2.0,2.0,0,0,852,268,0,0
university,target_71_3412,fixed_k,0.05,matched_all_extended,1251,1189,,True,target,0.25,852,776,639,213,639,639,0.75,1.0,0.75,776.0,776.0,0,852,852,268,0,0
university,target_71_3412,fixed_k,0.05,matched_reachable_oracle,939,893,2.0,False,target,0.25,852,776,639,213,610,610,0.715962441314554,0.9546165884194053,0.75,2.0,2.0,0,0,852,268,0,0
university,target_71_3412,fixed_k,0.1,full_frozen,1251,1126,1.0,False,target,0.25,852,776,639,213,584,584,0.6854460093896714,0.9139280125195618,0.75,1.0,1.0,0,0,852,268,852,268
university,target_71_3412,fixed_k,0.1,matched_all_extended,1251,1126,,True,target,0.25,852,776,639,213,639,639,0.75,1.0,0.75,776.0,776.0,0,852,852,268,0,0
university,target_71_3412,fixed_k,0.1,matched_reachable_oracle,939,846,1.0,False,target,0.25,852,776,639,213,584,584,0.6854460093896714,0.9139280125195618,0.75,1.0,1.0,0,0,852,268,852,268
university,control_71_3412,distance,0.01,full_frozen,1251,1240,1.0527065299956362,False,control,0.25,852,776,852,0,845,845,0.9917840375586855,0.9917840375586855,1.0,33.11854460093897,29.0,0,0,852,70,0,0
university,control_71_3412,distance,0.01,matched_all_extended,1251,1240,1.0527065299956362,False,control,0.25,852,776,852,0,845,845,0.9917840375586855,0.9917840375586855,1.0,33.11854460093897,29.0,0,0,852,70,0,0
university,control_71_3412,distance,0.01,matched_reachable_oracle,1251,1240,1.0527065299956362,False,control,0.25,852,776,852,0,845,845,0.9917840375586855,0.9917840375586855,1.0,33.11854460093897,29.0,0,0,852,70,0,0
university,control_71_3412,distance,0.05,full_frozen,1251,1190,0.9258809992489222,False,control,0.25,852,776,852,0,798,798,0.9366197183098591,0.9366197183098591,1.0,2.1572769953051645,2.0,39,0,813,49,354,10
university,control_71_3412,distance,0.05,matched_all_extended,1251,1190,0.9258809992489222,False,control,0.25,852,776,852,0,798,798,0.9366197183098591,0.9366197183098591,1.0,2.1572769953051645,2.0,39,0,813,49,354,10
university,control_71_3412,distance,0.05,matched_reachable_oracle,1251,1190,0.9258809992489222,False,control,0.25,852,776,852,0,798,798,0.9366197183098591,0.9366197183098591,1.0,2.1572769953051645,2.0,39,0,813,49,354,10
university,control_71_3412,distance,0.1,full_frozen,1251,1127,0.8698587224776244,False,control,0.25,852,776,852,0,735,735,0.8626760563380281,0.8626760563380281,1.0,1.2288732394366197,1.0,111,0,741,28,533,5
university,control_71_3412,distance,0.1,matched_all_extended,1251,1127,0.8698587224776244,False,control,0.25,852,776,852,0,735,735,0.8626760563380281,0.8626760563380281,1.0,1.2288732394366197,1.0,111,0,741,28,533,5
university,control_71_3412,distance,0.1,matched_reachable_oracle,1251,1127,0.8698587224776244,False,control,0.25,852,776,852,0,735,735,0.8626760563380281,0.8626760563380281,1.0,1.2288732394366197,1.0,111,0,741,28,533,5
university,control_71_3412,aps_raw,0.01,full_frozen,1251,1240,28.630864167150232,False,control,0.25,852,776,852,0,845,845,0.9917840375586855,0.9917840375586855,1.0,57.73474178403756,58.0,0,0,852,70,0,0
university,control_71_3412,aps_raw,0.01,matched_all_extended,1251,1240,26.19755072623369,False,control,0.25,852,776,852,0,845,845,0.9917840375586855,0.9917840375586855,1.0,52.69718309859155,53.0,0,0,852,70,0,0
university,control_71_3412,aps_raw,0.01,matched_reachable_oracle,1251,1240,26.19755072623369,False,control,0.25,852,776,852,0,845,845,0.9917840375586855,0.9917840375586855,1.0,52.69718309859155,53.0,0,0,852,70,0,0
university,control_71_3412,aps_raw,0.05,full_frozen,1251,1190,1.1542710448493194,False,control,0.25,852,776,852,0,809,809,0.9495305164319249,0.9495305164319249,1.0,1.8474178403755868,2.0,0,0,852,70,130,10
university,control_71_3412,aps_raw,0.05,matched_all_extended,1251,1190,1.1484315990574965,False,control,0.25,852,776,852,0,809,809,0.9495305164319249,0.9495305164319249,1.0,1.8227699530516432,2.0,0,0,852,70,151,10
university,control_71_3412,aps_raw,0.05,matched_reachable_oracle,1251,1190,1.1484315990574965,False,control,0.25,852,776,852,0,809,809,0.9495305164319249,0.9495305164319249,1.0,1.8227699530516432,2.0,0,0,852,70,151,10
university,control_71_3412,aps_raw,0.1,full_frozen,1251,1127,0.6546436346022938,False,control,0.25,852,776,852,0,764,764,0.8967136150234741,0.8967136150234741,1.0,0.9776995305164319,1.0,19,0,833,69,833,69
university,control_71_3412,aps_raw,0.1,matched_all_extended,1251,1127,0.6529510051819792,False,control,0.25,852,776,852,0,760,760,0.892018779342723,0.892018779342723,1.0,0.9730046948356808,1.0,23,0,829,69,829,69
university,control_71_3412,aps_raw,0.1,matched_reachable_oracle,1251,1127,0.6529510051819792,False,control,0.25,852,776,852,0,760,760,0.892018779342723,0.892018779342723,1.0,0.9730046948356808,1.0,23,0,829,69,829,69
university,control_71_3412,fixed_k,0.01,full_frozen,1251,1239,50.0,False,control,0.25,852,776,852,0,845,845,0.9917840375586855,0.9917840375586855,1.0,50.0,50.0,0,0,852,70,0,0
university,control_71_3412,fixed_k,0.01,matched_all_extended,1251,1239,44.0,False,control,0.25,852,776,852,0,845,845,0.9917840375586855,0.9917840375586855,1.0,44.0,44.0,0,0,852,70,0,0
university,control_71_3412,fixed_k,0.01,matched_reachable_oracle,1251,1239,44.0,False,control,0.25,852,776,852,0,845,845,0.9917840375586855,0.9917840375586855,1.0,44.0,44.0,0,0,852,70,0,0
university,control_71_3412,fixed_k,0.05,full_frozen,1251,1189,2.0,False,control,0.25,852,776,852,0,818,818,0.960093896713615,0.960093896713615,1.0,2.0,2.0,0,0,852,70,0,0
university,control_71_3412,fixed_k,0.05,matched_all_extended,1251,1189,2.0,False,control,0.25,852,776,852,0,818,818,0.960093896713615,0.960093896713615,1.0,2.0,2.0,0,0,852,70,0,0
university,control_71_3412,fixed_k,0.05,matched_reachable_oracle,1251,1189,2.0,False,control,0.25,852,776,852,0,818,818,0.960093896713615,0.960093896713615,1.0,2.0,2.0,0,0,852,70,0,0
university,control_71_3412,fixed_k,0.1,full_frozen,1251,1126,1.0,False,control,0.25,852,776,852,0,782,782,0.9178403755868545,0.9178403755868545,1.0,1.0,1.0,0,0,852,70,852,70
university,control_71_3412,fixed_k,0.1,matched_all_extended,1251,1126,1.0,False,control,0.25,852,776,852,0,782,782,0.9178403755868545,0.9178403755868545,1.0,1.0,1.0,0,0,852,70,852,70
university,control_71_3412,fixed_k,0.1,matched_reachable_oracle,1251,1126,1.0,False,control,0.25,852,776,852,0,782,782,0.9178403755868545,0.9178403755868545,1.0,1.0,1.0,0,0,852,70,852,70
university,target_142_3412,distance,0.01,full_frozen,1251,1240,1.0527065299956362,False,target,0.5,852,601,426,426,419,419,0.49178403755868544,0.9835680751173709,0.5,23.40962441314554,21.0,0,0,852,460,0,0
university,target_142_3412,distance,0.01,matched_all_extended,1251,1240,,True,target,0.5,852,601,426,426,426,426,0.5,1.0,0.5,601.0,601.0,0,852,852,460,0,0
university,target_142_3412,distance,0.01,matched_reachable_oracle,627,622,1.0652576950790902,False,target,0.5,852,601,426,426,419,419,0.49178403755868544,0.9835680751173709,0.5,33.73356807511737,31.0,0,0,852,460,0,0
university,target_142_3412,distance,0.05,full_frozen,1251,1190,0.9258809992489222,False,target,0.5,852,601,426,426,392,392,0.460093896713615,0.92018779342723,0.5,1.3051643192488263,1.0,274,0,578,196,320,117
university,target_142_3412,distance,0.05,matched_all_extended,1251,1190,,True,target,0.5,852,601,426,426,426,426,0.5,1.0,0.5,601.0,601.0,0,852,852,460,0,0
university,target_142_3412,distance,0.05,matched_reachable_oracle,627,597,0.9315278450548323,False,target,0.5,852,601,426,426,393,393,0.4612676056338028,0.9225352112676056,0.5,1.4107981220657277,1.0,260,0,592,210,305,119
university,target_142_3412,distance,0.1,full_frozen,1251,1127,0.8698587224776244,False,target,0.5,852,601,426,426,368,368,0.431924882629108,0.863849765258216,0.5,0.6854460093896714,1.0,417,0,435,72,336,42
university,target_142_3412,distance,0.1,matched_all_extended,1251,1127,,True,target,0.5,852,601,426,426,426,426,0.5,1.0,0.5,601.0,601.0,0,852,852,460,0,0
university,target_142_3412,distance,0.1,matched_reachable_oracle,627,566,0.878066326760025,False,target,0.5,852,601,426,426,371,371,0.4354460093896714,0.8708920187793427,0.5,0.7511737089201878,1.0,402,0,450,84,324,46
university,target_142_3412,aps_raw,0.01,full_frozen,1251,1240,28.630864167150232,False,target,0.5,852,601,426,426,419,419,0.49178403755868544,0.9835680751173709,0.5,58.15727699530517,58.0,0,0,852,460,0,0
university,target_142_3412,aps_raw,0.01,matched_all_extended,1251,1240,,True,target,0.5,852,601,426,426,426,426,0.5,1.0,0.5,601.0,601.0,0,852,852,460,0,0
university,target_142_3412,aps_raw,0.01,matched_reachable_oracle,627,622,20.700274863340045,False,target,0.5,852,601,426,426,419,419,0.49178403755868544,0.9835680751173709,0.5,41.681924882629104,42.0,0,0,852,460,0,0
university,target_142_3412,aps_raw,0.05,full_frozen,1251,1190,1.1542710448493194,False,target,0.5,852,601,426,426,402,402,0.47183098591549294,0.9436619718309859,0.5,1.926056338028169,2.0,0,0,852,460,63,4
university,target_142_3412,aps_raw,0.05,matched_all_extended,1251,1190,,True,target,0.5,852,601,426,426,426,426,0.5,1.0,0.5,601.0,601.0,0,852,852,460,0,0
university,target_142_3412,aps_raw,0.05,matched_reachable_oracle,627,597,1.170809537923533,False,target,0.5,852,601,426,426,403,403,0.47300469483568075,0.9460093896713615,0.5,1.9612676056338028,2.0,0,0,852,460,33,2
university,target_142_3412,aps_raw,0.1,full_frozen,1251,1127,0.6546436346022938,False,target,0.5,852,601,426,426,382,382,0.44835680751173707,0.8967136150234741,0.5,0.9882629107981221,1.0,10,0,842,460,842,460
university,target_142_3412,aps_raw,0.1,matched_all_extended,1251,1127,,True,target,0.5,852,601,426,426,426,426,0.5,1.0,0.5,601.0,601.0,0,852,852,460,0,0
university,target_142_3412,aps_raw,0.1,matched_reachable_oracle,627,566,0.6555727366528162,False,target,0.5,852,601,426,426,382,382,0.44835680751173707,0.8967136150234741,0.5,0.9882629107981221,1.0,10,0,842,460,842,460
university,target_142_3412,fixed_k,0.01,full_frozen,1251,1239,50.0,False,target,0.5,852,601,426,426,419,419,0.49178403755868544,0.9835680751173709,0.5,50.0,50.0,0,0,852,460,0,0
university,target_142_3412,fixed_k,0.01,matched_all_extended,1251,1239,,True,target,0.5,852,601,426,426,426,426,0.5,1.0,0.5,601.0,601.0,0,852,852,460,0,0
university,target_142_3412,fixed_k,0.01,matched_reachable_oracle,627,621,41.0,False,target,0.5,852,601,426,426,419,419,0.49178403755868544,0.9835680751173709,0.5,41.0,41.0,0,0,852,460,0,0
university,target_142_3412,fixed_k,0.05,full_frozen,1251,1189,2.0,False,target,0.5,852,601,426,426,405,405,0.4753521126760563,0.9507042253521126,0.5,2.0,2.0,0,0,852,460,0,0
university,target_142_3412,fixed_k,0.05,matched_all_extended,1251,1189,,True,target,0.5,852,601,426,426,426,426,0.5,1.0,0.5,601.0,601.0,0,852,852,460,0,0
university,target_142_3412,fixed_k,0.05,matched_reachable_oracle,627,596,2.0,False,target,0.5,852,601,426,426,405,405,0.4753521126760563,0.9507042253521126,0.5,2.0,2.0,0,0,852,460,0,0
university,target_142_3412,fixed_k,0.1,full_frozen,1251,1126,1.0,False,target,0.5,852,601,426,426,392,392,0.460093896713615,0.92018779342723,0.5,1.0,1.0,0,0,852,460,852,460
university,target_142_3412,fixed_k,0.1,matched_all_extended,1251,1126,,True,target,0.5,852,601,426,426,426,426,0.5,1.0,0.5,601.0,601.0,0,852,852,460,0,0
university,target_142_3412,fixed_k,0.1,matched_reachable_oracle,627,565,1.0,False,target,0.5,852,601,426,426,392,392,0.460093896713615,0.92018779342723,0.5,1.0,1.0,0,0,852,460,852,460
university,target_71_3413,distance,0.01,full_frozen,1251,1240,1.0527065299956362,False,target,0.25,852,776,639,213,633,633,0.7429577464788732,0.9906103286384976,0.75,31.172535211267604,27.0,0,0,852,262,0,0
university,target_71_3413,distance,0.01,matched_all_extended,1251,1240,,True,target,0.25,852,776,639,213,639,639,0.75,1.0,0.75,776.0,776.0,0,852,852,262,0,0
university,target_71_3413,distance,0.01,matched_reachable_oracle,939,931,1.0652576950790902,False,target,0.25,852,776,639,213,633,633,0.7429577464788732,0.9906103286384976,0.75,44.948356807511736,40.0,0,0,852,262,0,0
university,target_71_3413,distance,0.05,full_frozen,1251,1190,0.9258809992489222,False,target,0.25,852,776,639,213,599,599,0.7030516431924883,0.9374021909233177,0.75,1.8192488262910798,1.0,125,0,727,154,354,73
university,target_71_3413,distance,0.05,matched_all_extended,1251,1190,,True,target,0.25,852,776,639,213,639,639,0.75,1.0,0.75,776.0,776.0,0,852,852,262,0,0
university,target_71_3413,distance,0.05,matched_reachable_oracle,939,893,0.930383799276189,False,target,0.25,852,776,639,213,601,601,0.7053990610328639,0.9405320813771518,0.75,1.9401408450704225,1.0,119,0,733,159,333,73
university,target_71_3413,distance,0.1,full_frozen,1251,1127,0.8698587224776244,False,target,0.25,852,776,639,213,557,557,0.653755868544601,0.8716744913928013,0.75,0.994131455399061,1.0,238,0,614,75,461,42
university,target_71_3413,distance,0.1,matched_all_extended,1251,1127,,True,target,0.25,852,776,639,213,639,639,0.75,1.0,0.75,776.0,776.0,0,852,852,262,0,0
university,target_71_3413,distance,0.1,matched_reachable_oracle,939,846,0.8737785237587209,False,target,0.25,852,776,639,213,562,562,0.6596244131455399,0.8794992175273866,0.75,1.0316901408450705,1.0,231,0,621,77,454,43
university,target_71_3413,aps_raw,0.01,full_frozen,1251,1240,28.630864167150232,False,target,0.25,852,776,639,213,633,633,0.7429577464788732,0.9906103286384976,0.75,57.825117370892016,58.0,0,0,852,262,0,0
university,target_71_3413,aps_raw,0.01,matched_all_extended,1251,1240,,True,target,0.25,852,776,639,213,639,639,0.75,1.0,0.75,776.0,776.0,0,852,852,262,0,0
university,target_71_3413,aps_raw,0.01,matched_reachable_oracle,939,931,28.58923462435975,False,target,0.25,852,776,639,213,633,633,0.7429577464788732,0.9906103286384976,0.75,57.747652582159624,58.0,0,0,852,262,0,0
university,target_71_3413,aps_raw,0.05,full_frozen,1251,1190,1.1542710448493194,False,target,0.25,852,776,639,213,606,606,0.7112676056338029,0.9483568075117371,0.75,1.8791079812206573,2.0,0,0,852,262,103,11
university,target_71_3413,aps_raw,0.05,matched_all_extended,1251,1190,,True,target,0.25,852,776,639,213,639,639,0.75,1.0,0.75,776.0,776.0,0,852,852,262,0,0
university,target_71_3413,aps_raw,0.05,matched_reachable_oracle,939,893,1.1082592539223886,False,target,0.25,852,776,639,213,601,601,0.7053990610328639,0.9405320813771518,0.75,1.6725352112676057,2.0,0,0,852,262,279,23
university,target_71_3413,aps_raw,0.1,full_frozen,1251,1127,0.6546436346022938,False,target,0.25,852,776,639,213,575,575,0.6748826291079812,0.8998435054773083,0.75,0.9812206572769953,1.0,16,0,836,261,836,261
university,target_71_3413,aps_raw,0.1,matched_all_extended,1251,1127,,True,target,0.25,852,776,639,213,639,639,0.75,1.0,0.75,776.0,776.0,0,852,852,262,0,0
university,target_71_3413,aps_raw,0.1,matched_reachable_oracle,939,846,0.6522431457721375,False,target,0.25,852,776,639,213,571,571,0.67018779342723,0.8935837245696401,0.75,0.9765258215962441,1.0,20,0,832,261,832,261
university,target_71_3413,fixed_k,0.01,full_frozen,1251,1239,50.0,False,target,0.25,852,776,639,213,633,633,0.7429577464788732,0.9906103286384976,0.75,50.0,50.0,0,0,852,262,0,0
university,target_71_3413,fixed_k,0.01,matched_all_extended,1251,1239,,True,target,0.25,852,776,639,213,639,639,0.75,1.0,0.75,776.0,776.0,0,852,852,262,0,0
university,target_71_3413,fixed_k,0.01,matched_reachable_oracle,939,930,51.0,False,target,0.25,852,776,639,213,633,633,0.7429577464788732,0.9906103286384976,0.75,51.0,51.0,0,0,852,262,0,0
university,target_71_3413,fixed_k,0.05,full_frozen,1251,1189,2.0,False,target,0.25,852,776,639,213,615,615,0.721830985915493,0.9624413145539906,0.75,2.0,2.0,0,0,852,262,0,0
university,target_71_3413,fixed_k,0.05,matched_all_extended,1251,1189,,True,target,0.25,852,776,639,213,639,639,0.75,1.0,0.75,776.0,776.0,0,852,852,262,0,0
university,target_71_3413,fixed_k,0.05,matched_reachable_oracle,939,893,2.0,False,target,0.25,852,776,639,213,615,615,0.721830985915493,0.9624413145539906,0.75,2.0,2.0,0,0,852,262,0,0
university,target_71_3413,fixed_k,0.1,full_frozen,1251,1126,1.0,False,target,0.25,852,776,639,213,590,590,0.6924882629107981,0.9233176838810642,0.75,1.0,1.0,0,0,852,262,852,262
university,target_71_3413,fixed_k,0.1,matched_all_extended,1251,1126,,True,target,0.25,852,776,639,213,639,639,0.75,1.0,0.75,776.0,776.0,0,852,852,262,0,0
university,target_71_3413,fixed_k,0.1,matched_reachable_oracle,939,846,1.0,False,target,0.25,852,776,639,213,590,590,0.6924882629107981,0.9233176838810642,0.75,1.0,1.0,0,0,852,262,852,262
university,control_71_3413,distance,0.01,full_frozen,1251,1240,1.0527065299956362,False,control,0.25,852,776,852,0,845,845,0.9917840375586855,0.9917840375586855,1.0,32.92605633802817,29.0,0,0,852,71,0,0
university,control_71_3413,distance,0.01,matched_all_extended,1251,1240,1.0527065299956362,False,control,0.25,852,776,852,0,845,845,0.9917840375586855,0.9917840375586855,1.0,32.92605633802817,29.0,0,0,852,71,0,0
university,control_71_3413,distance,0.01,matched_reachable_oracle,1251,1240,1.0527065299956362,False,control,0.25,852,776,852,0,845,845,0.9917840375586855,0.9917840375586855,1.0,32.92605633802817,29.0,0,0,852,71,0,0
university,control_71_3413,distance,0.05,full_frozen,1251,1190,0.9258809992489222,False,control,0.25,852,776,852,0,798,798,0.9366197183098591,0.9366197183098591,1.0,2.152582159624413,2.0,38,0,814,51,360,10
university,control_71_3413,distance,0.05,matched_all_extended,1251,1190,0.9258809992489222,False,control,0.25,852,776,852,0,798,798,0.9366197183098591,0.9366197183098591,1.0,2.152582159624413,2.0,38,0,814,51,360,10
university,control_71_3413,distance,0.05,matched_reachable_oracle,1251,1190,0.9258809992489222,False,control,0.25,852,776,852,0,798,798,0.9366197183098591,0.9366197183098591,1.0,2.152582159624413,2.0,38,0,814,51,360,10
university,control_71_3413,distance,0.1,full_frozen,1251,1127,0.8698587224776244,False,control,0.25,852,776,852,0,735,735,0.8626760563380281,0.8626760563380281,1.0,1.2312206572769953,1.0,111,0,741,29,537,5
university,control_71_3413,distance,0.1,matched_all_extended,1251,1127,0.8698587224776244,False,control,0.25,852,776,852,0,735,735,0.8626760563380281,0.8626760563380281,1.0,1.2312206572769953,1.0,111,0,741,29,537,5
university,control_71_3413,distance,0.1,matched_reachable_oracle,1251,1127,0.8698587224776244,False,control,0.25,852,776,852,0,735,735,0.8626760563380281,0.8626760563380281,1.0,1.2312206572769953,1.0,111,0,741,29,537,5
university,control_71_3413,aps_raw,0.01,full_frozen,1251,1240,28.630864167150232,False,control,0.25,852,776,852,0,845,845,0.9917840375586855,0.9917840375586855,1.0,57.74295774647887,58.0,0,0,852,71,0,0
university,control_71_3413,aps_raw,0.01,matched_all_extended,1251,1240,25.700561433004705,False,control,0.25,852,776,852,0,845,845,0.9917840375586855,0.9917840375586855,1.0,51.67253521126761,52.0,0,0,852,71,0,0
university,control_71_3413,aps_raw,0.01,matched_reachable_oracle,1251,1240,25.700561433004705,False,control,0.25,852,776,852,0,845,845,0.9917840375586855,0.9917840375586855,1.0,51.67253521126761,52.0,0,0,852,71,0,0
university,control_71_3413,aps_raw,0.05,full_frozen,1251,1190,1.1542710448493194,False,control,0.25,852,776,852,0,807,807,0.9471830985915493,0.9471830985915493,1.0,1.8485915492957747,2.0,0,0,852,71,129,10
university,control_71_3413,aps_raw,0.05,matched_all_extended,1251,1190,1.1484315990574965,False,control,0.25,852,776,852,0,807,807,0.9471830985915493,0.9471830985915493,1.0,1.8251173708920188,2.0,0,0,852,71,149,10
university,control_71_3413,aps_raw,0.05,matched_reachable_oracle,1251,1190,1.1484315990574965,False,control,0.25,852,776,852,0,807,807,0.9471830985915493,0.9471830985915493,1.0,1.8251173708920188,2.0,0,0,852,71,149,10
university,control_71_3413,aps_raw,0.1,full_frozen,1251,1127,0.6546436346022938,False,control,0.25,852,776,852,0,763,763,0.8955399061032864,0.8955399061032864,1.0,0.9776995305164319,1.0,19,0,833,70,833,70
university,control_71_3413,aps_raw,0.1,matched_all_extended,1251,1127,0.6532155922034415,False,control,0.25,852,776,852,0,760,760,0.892018779342723,0.892018779342723,1.0,0.9741784037558685,1.0,22,0,830,70,830,70
university,control_71_3413,aps_raw,0.1,matched_reachable_oracle,1251,1127,0.6532155922034415,False,control,0.25,852,776,852,0,760,760,0.892018779342723,0.892018779342723,1.0,0.9741784037558685,1.0,22,0,830,70,830,70
university,control_71_3413,fixed_k,0.01,full_frozen,1251,1239,50.0,False,control,0.25,852,776,852,0,845,845,0.9917840375586855,0.9917840375586855,1.0,50.0,50.0,0,0,852,71,0,0
university,control_71_3413,fixed_k,0.01,matched_all_extended,1251,1239,44.0,False,control,0.25,852,776,852,0,845,845,0.9917840375586855,0.9917840375586855,1.0,44.0,44.0,0,0,852,71,0,0
university,control_71_3413,fixed_k,0.01,matched_reachable_oracle,1251,1239,44.0,False,control,0.25,852,776,852,0,845,845,0.9917840375586855,0.9917840375586855,1.0,44.0,44.0,0,0,852,71,0,0
university,control_71_3413,fixed_k,0.05,full_frozen,1251,1189,2.0,False,control,0.25,852,776,852,0,816,816,0.9577464788732394,0.9577464788732394,1.0,2.0,2.0,0,0,852,71,0,0
university,control_71_3413,fixed_k,0.05,matched_all_extended,1251,1189,2.0,False,control,0.25,852,776,852,0,816,816,0.9577464788732394,0.9577464788732394,1.0,2.0,2.0,0,0,852,71,0,0
university,control_71_3413,fixed_k,0.05,matched_reachable_oracle,1251,1189,2.0,False,control,0.25,852,776,852,0,816,816,0.9577464788732394,0.9577464788732394,1.0,2.0,2.0,0,0,852,71,0,0
university,control_71_3413,fixed_k,0.1,full_frozen,1251,1126,1.0,False,control,0.25,852,776,852,0,781,781,0.9166666666666666,0.9166666666666666,1.0,1.0,1.0,0,0,852,71,852,71
university,control_71_3413,fixed_k,0.1,matched_all_extended,1251,1126,1.0,False,control,0.25,852,776,852,0,781,781,0.9166666666666666,0.9166666666666666,1.0,1.0,1.0,0,0,852,71,852,71
university,control_71_3413,fixed_k,0.1,matched_reachable_oracle,1251,1126,1.0,False,control,0.25,852,776,852,0,781,781,0.9166666666666666,0.9166666666666666,1.0,1.0,1.0,0,0,852,71,852,71
university,target_142_3413,distance,0.01,full_frozen,1251,1240,1.0527065299956362,False,target,0.5,852,601,426,426,423,423,0.4964788732394366,0.9929577464788732,0.5,23.572769953051644,21.0,0,0,852,444,0,0
university,target_142_3413,distance,0.01,matched_all_extended,1251,1240,,True,target,0.5,852,601,426,426,426,426,0.5,1.0,0.5,601.0,601.0,0,852,852,444,0,0
university,target_142_3413,distance,0.01,matched_reachable_oracle,627,622,1.069945830896728,False,target,0.5,852,601,426,426,423,423,0.4964788732394366,0.9929577464788732,0.5,39.11971830985915,35.0,0,0,852,444,0,0
university,target_142_3413,distance,0.05,full_frozen,1251,1190,0.9258809992489222,False,target,0.5,852,601,426,426,406,406,0.4765258215962441,0.9530516431924883,0.5,1.3192488262910798,1.0,241,0,611,215,362,129
university,target_142_3413,distance,0.05,matched_all_extended,1251,1190,,True,target,0.5,852,601,426,426,426,426,0.5,1.0,0.5,601.0,601.0,0,852,852,444,0,0
university,target_142_3413,distance,0.05,matched_reachable_oracle,627,597,0.9262136456484387,False,target,0.5,852,601,426,426,406,406,0.4765258215962441,0.9530516431924883,0.5,1.3251173708920188,1.0,240,0,612,216,363,130
university,target_142_3413,distance,0.1,full_frozen,1251,1127,0.8698587224776244,False,target,0.5,852,601,426,426,377,377,0.4424882629107981,0.8849765258215962,0.5,0.6924882629107981,1.0,399,0,453,84,369,63
university,target_142_3413,distance,0.1,matched_all_extended,1251,1127,,True,target,0.5,852,601,426,426,426,426,0.5,1.0,0.5,601.0,601.0,0,852,852,444,0,0
university,target_142_3413,distance,0.1,matched_reachable_oracle,627,566,0.8717564815907223,False,target,0.5,852,601,426,426,380,380,0.4460093896713615,0.892018779342723,0.5,0.7124413145539906,1.0,392,0,460,88,369,65
university,target_142_3413,aps_raw,0.01,full_frozen,1251,1240,28.630864167150232,False,target,0.5,852,601,426,426,424,424,0.49765258215962443,0.9953051643192489,0.5,58.13849765258216,58.0,0,0,852,444,0,0
university,target_142_3413,aps_raw,0.01,matched_all_extended,1251,1240,,True,target,0.5,852,601,426,426,426,426,0.5,1.0,0.5,601.0,601.0,0,852,852,444,0,0
university,target_142_3413,aps_raw,0.01,matched_reachable_oracle,627,622,26.87293681467361,False,target,0.5,852,601,426,426,423,423,0.4964788732394366,0.9929577464788732,0.5,54.50469483568075,55.0,0,0,852,444,0,0
university,target_142_3413,aps_raw,0.05,full_frozen,1251,1190,1.1542710448493194,False,target,0.5,852,601,426,426,414,414,0.4859154929577465,0.971830985915493,0.5,1.9342723004694835,2.0,0,0,852,444,56,7
university,target_142_3413,aps_raw,0.05,matched_all_extended,1251,1190,,True,target,0.5,852,601,426,426,426,426,0.5,1.0,0.5,601.0,601.0,0,852,852,444,0,0
university,target_142_3413,aps_raw,0.05,matched_reachable_oracle,627,597,1.040081009604481,False,target,0.5,852,601,426,426,409,409,0.4800469483568075,0.960093896713615,0.5,1.3884976525821595,1.0,0,0,852,444,521,143
university,target_142_3413,aps_raw,0.1,full_frozen,1251,1127,0.6546436346022938,False,target,0.5,852,601,426,426,398,398,0.4671361502347418,0.9342723004694836,0.5,0.9870892018779343,1.0,11,0,841,443,841,443
university,target_142_3413,aps_raw,0.1,matched_all_extended,1251,1127,,True,target,0.5,852,601,426,426,426,426,0.5,1.0,0.5,601.0,601.0,0,852,852,444,0,0
university,target_142_3413,aps_raw,0.1,matched_reachable_oracle,627,566,0.6490779230998429,False,target,0.5,852,601,426,426,390,390,0.45774647887323944,0.9154929577464789,0.5,0.9765258215962441,1.0,20,0,832,442,832,442
university,target_142_3413,fixed_k,0.01,full_frozen,1251,1239,50.0,False,target,0.5,852,601,426,426,423,423,0.4964788732394366,0.9929577464788732,0.5,50.0,50.0,0,0,852,444,0,0
university,target_142_3413,fixed_k,0.01,matched_all_extended,1251,1239,,True,target,0.5,852,601,426,426,426,426,0.5,1.0,0.5,601.0,601.0,0,852,852,444,0,0
university,target_142_3413,fixed_k,0.01,matched_reachable_oracle,627,621,46.0,False,target,0.5,852,601,426,426,423,423,0.4964788732394366,0.9929577464788732,0.5,46.0,46.0,0,0,852,444,0,0
university,target_142_3413,fixed_k,0.05,full_frozen,1251,1189,2.0,False,target,0.5,852,601,426,426,417,417,0.4894366197183099,0.9788732394366197,0.5,2.0,2.0,0,0,852,444,0,0
university,target_142_3413,fixed_k,0.05,matched_all_extended,1251,1189,,True,target,0.5,852,601,426,426,426,426,0.5,1.0,0.5,601.0,601.0,0,852,852,444,0,0
university,target_142_3413,fixed_k,0.05,matched_reachable_oracle,627,596,2.0,False,target,0.5,852,601,426,426,417,417,0.4894366197183099,0.9788732394366197,0.5,2.0,2.0,0,0,852,444,0,0
university,target_142_3413,fixed_k,0.1,full_frozen,1251,1126,1.0,False,target,0.5,852,601,426,426,408,408,0.4788732394366197,0.9577464788732394,0.5,1.0,1.0,0,0,852,444,852,444
university,target_142_3413,fixed_k,0.1,matched_all_extended,1251,1126,,True,target,0.5,852,601,426,426,426,426,0.5,1.0,0.5,601.0,601.0,0,852,852,444,0,0
university,target_142_3413,fixed_k,0.1,matched_reachable_oracle,627,565,1.0,False,target,0.5,852,601,426,426,408,408,0.4788732394366197,0.9577464788732394,0.5,1.0,1.0,0,0,852,444,852,444
university,target_71_3414,distance,0.01,full_frozen,1251,1240,1.0527065299956362,False,target,0.25,852,776,639,213,633,633,0.7429577464788732,0.9906103286384976,0.75,31.42488262910798,28.0,0,0,852,268,0,0
university,target_71_3414,distance,0.01,matched_all_extended,1251,1240,,True,target,0.25,852,776,639,213,639,639,0.75,1.0,0.75,776.0,776.0,0,852,852,268,0,0
university,target_71_3414,distance,0.01,matched_reachable_oracle,939,931,1.0526230194933626,False,target,0.25,852,776,639,213,633,633,0.7429577464788732,0.9906103286384976,0.75,31.36150234741784,28.0,0,0,852,268,0,0
university,target_71_3414,distance,0.05,full_frozen,1251,1190,0.9258809992489222,False,target,0.25,852,776,639,213,594,594,0.6971830985915493,0.9295774647887324,0.75,1.8438967136150235,1.0,129,0,723,155,343,72
university,target_71_3414,distance,0.05,matched_all_extended,1251,1190,,True,target,0.25,852,776,639,213,639,639,0.75,1.0,0.75,776.0,776.0,0,852,852,268,0,0
university,target_71_3414,distance,0.05,matched_reachable_oracle,939,893,0.9262136456484387,False,target,0.25,852,776,639,213,594,594,0.6971830985915493,0.9295774647887324,0.75,1.8556338028169015,1.0,129,0,723,155,342,72
university,target_71_3414,distance,0.1,full_frozen,1251,1127,0.8698587224776244,False,target,0.25,852,776,639,213,540,540,0.6338028169014085,0.8450704225352113,0.75,0.9800469483568075,1.0,254,0,598,73,438,41
university,target_71_3414,distance,0.1,matched_all_extended,1251,1127,,True,target,0.25,852,776,639,213,639,639,0.75,1.0,0.75,776.0,776.0,0,852,852,268,0,0
university,target_71_3414,distance,0.1,matched_reachable_oracle,939,846,0.8737785237587209,False,target,0.25,852,776,639,213,545,545,0.6396713615023474,0.8528951486697965,0.75,1.017605633802817,1.0,243,0,609,79,436,45
university,target_71_3414,aps_raw,0.01,full_frozen,1251,1240,28.630864167150232,False,target,0.25,852,776,639,213,633,633,0.7429577464788732,0.9906103286384976,0.75,57.82394366197183,58.0,0,0,852,268,0,0
university,target_71_3414,aps_raw,0.01,matched_all_extended,1251,1240,,True,target,0.25,852,776,639,213,639,639,0.75,1.0,0.75,776.0,776.0,0,852,852,268,0,0
university,target_71_3414,aps_raw,0.01,matched_reachable_oracle,939,931,19.58493427883228,False,target,0.25,852,776,639,213,633,633,0.7429577464788732,0.9906103286384976,0.75,39.06924882629108,39.0,0,0,852,268,0,0
university,target_71_3414,aps_raw,0.05,full_frozen,1251,1190,1.1542710448493194,False,target,0.25,852,776,639,213,608,608,0.7136150234741784,0.9514866979655712,0.75,1.8896713615023475,2.0,0,0,852,268,94,5
university,target_71_3414,aps_raw,0.05,matched_all_extended,1251,1190,,True,target,0.25,852,776,639,213,639,639,0.75,1.0,0.75,776.0,776.0,0,852,852,268,0,0
university,target_71_3414,aps_raw,0.05,matched_reachable_oracle,939,893,1.0666803995957341,False,target,0.25,852,776,639,213,595,595,0.6983568075117371,0.9311424100156495,0.75,1.403755868544601,1.0,0,0,852,268,508,57
university,target_71_3414,aps_raw,0.1,full_frozen,1251,1127,0.6546436346022938,False,target,0.25,852,776,639,213,570,570,0.6690140845070423,0.892018779342723,0.75,0.9823943661971831,1.0,15,0,837,267,837,267
university,target_71_3414,aps_raw,0.1,matched_all_extended,1251,1127,,True,target,0.25,852,776,639,213,639,639,0.75,1.0,0.75,776.0,776.0,0,852,852,268,0,0
university,target_71_3414,aps_raw,0.1,matched_reachable_oracle,939,846,0.651979793921389,False,target,0.25,852,776,639,213,567,567,0.6654929577464789,0.8873239436619719,0.75,0.9788732394366197,1.0,18,0,834,267,834,267
university,target_71_3414,fixed_k,0.01,full_frozen,1251,1239,50.0,False,target,0.25,852,776,639,213,633,633,0.7429577464788732,0.9906103286384976,0.75,50.0,50.0,0,0,852,268,0,0
university,target_71_3414,fixed_k,0.01,matched_all_extended,1251,1239,,True,target,0.25,852,776,639,213,639,639,0.75,1.0,0.75,776.0,776.0,0,852,852,268,0,0
university,target_71_3414,fixed_k,0.01,matched_reachable_oracle,939,930,38.0,False,target,0.25,852,776,639,213,633,633,0.7429577464788732,0.9906103286384976,0.75,38.0,38.0,0,0,852,268,0,0
university,target_71_3414,fixed_k,0.05,full_frozen,1251,1189,2.0,False,target,0.25,852,776,639,213,610,610,0.715962441314554,0.9546165884194053,0.75,2.0,2.0,0,0,852,268,0,0
university,target_71_3414,fixed_k,0.05,matched_all_extended,1251,1189,,True,target,0.25,852,776,639,213,639,639,0.75,1.0,0.75,776.0,776.0,0,852,852,268,0,0
university,target_71_3414,fixed_k,0.05,matched_reachable_oracle,939,893,2.0,False,target,0.25,852,776,639,213,610,610,0.715962441314554,0.9546165884194053,0.75,2.0,2.0,0,0,852,268,0,0
university,target_71_3414,fixed_k,0.1,full_frozen,1251,1126,1.0,False,target,0.25,852,776,639,213,584,584,0.6854460093896714,0.9139280125195618,0.75,1.0,1.0,0,0,852,268,852,268
university,target_71_3414,fixed_k,0.1,matched_all_extended,1251,1126,,True,target,0.25,852,776,639,213,639,639,0.75,1.0,0.75,776.0,776.0,0,852,852,268,0,0
university,target_71_3414,fixed_k,0.1,matched_reachable_oracle,939,846,1.0,False,target,0.25,852,776,639,213,584,584,0.6854460093896714,0.9139280125195618,0.75,1.0,1.0,0,0,852,268,852,268
university,control_71_3414,distance,0.01,full_frozen,1251,1240,1.0527065299956362,False,control,0.25,852,776,852,0,845,845,0.9917840375586855,0.9917840375586855,1.0,32.958920187793424,29.0,0,0,852,73,0,0
university,control_71_3414,distance,0.01,matched_all_extended,1251,1240,1.0527065299956362,False,control,0.25,852,776,852,0,845,845,0.9917840375586855,0.9917840375586855,1.0,32.958920187793424,29.0,0,0,852,73,0,0
university,control_71_3414,distance,0.01,matched_reachable_oracle,1251,1240,1.0527065299956362,False,control,0.25,852,776,852,0,845,845,0.9917840375586855,0.9917840375586855,1.0,32.958920187793424,29.0,0,0,852,73,0,0
university,control_71_3414,distance,0.05,full_frozen,1251,1190,0.9258809992489222,False,control,0.25,852,776,852,0,798,798,0.9366197183098591,0.9366197183098591,1.0,2.1549295774647885,2.0,39,0,813,53,352,9
university,control_71_3414,distance,0.05,matched_all_extended,1251,1190,0.9258809992489222,False,control,0.25,852,776,852,0,798,798,0.9366197183098591,0.9366197183098591,1.0,2.1549295774647885,2.0,39,0,813,53,352,9
university,control_71_3414,distance,0.05,matched_reachable_oracle,1251,1190,0.9258809992489222,False,control,0.25,852,776,852,0,798,798,0.9366197183098591,0.9366197183098591,1.0,2.1549295774647885,2.0,39,0,813,53,352,9
university,control_71_3414,distance,0.1,full_frozen,1251,1127,0.8698587224776244,False,control,0.25,852,776,852,0,735,735,0.8626760563380281,0.8626760563380281,1.0,1.2370892018779343,1.0,111,0,741,31,536,5
university,control_71_3414,distance,0.1,matched_all_extended,1251,1127,0.8698587224776244,False,control,0.25,852,776,852,0,735,735,0.8626760563380281,0.8626760563380281,1.0,1.2370892018779343,1.0,111,0,741,31,536,5
university,control_71_3414,distance,0.1,matched_reachable_oracle,1251,1127,0.8698587224776244,False,control,0.25,852,776,852,0,735,735,0.8626760563380281,0.8626760563380281,1.0,1.2370892018779343,1.0,111,0,741,31,536,5
university,control_71_3414,aps_raw,0.01,full_frozen,1251,1240,28.630864167150232,False,control,0.25,852,776,852,0,845,845,0.9917840375586855,0.9917840375586855,1.0,57.73943661971831,58.0,0,0,852,73,0,0
university,control_71_3414,aps_raw,0.01,matched_all_extended,1251,1240,25.21071734332489,False,control,0.25,852,776,852,0,845,845,0.9917840375586855,0.9917840375586855,1.0,50.65492957746479,51.0,0,0,852,73,0,0
university,control_71_3414,aps_raw,0.01,matched_reachable_oracle,1251,1240,25.21071734332489,False,control,0.25,852,776,852,0,845,845,0.9917840375586855,0.9917840375586855,1.0,50.65492957746479,51.0,0,0,852,73,0,0
university,control_71_3414,aps_raw,0.05,full_frozen,1251,1190,1.1542710448493194,False,control,0.25,852,776,852,0,807,807,0.9471830985915493,0.9471830985915493,1.0,1.8450704225352113,2.0,0,0,852,73,132,10
university,control_71_3414,aps_raw,0.05,matched_all_extended,1251,1190,1.1484315990574965,False,control,0.25,852,776,852,0,806,806,0.9460093896713615,0.9460093896713615,1.0,1.8204225352112675,2.0,0,0,852,73,153,11
university,control_71_3414,aps_raw,0.05,matched_reachable_oracle,1251,1190,1.1484315990574965,False,control,0.25,852,776,852,0,806,806,0.9460093896713615,0.9460093896713615,1.0,1.8204225352112675,2.0,0,0,852,73,153,11
university,control_71_3414,aps_raw,0.1,full_frozen,1251,1127,0.6546436346022938,False,control,0.25,852,776,852,0,761,761,0.8931924882629108,0.8931924882629108,1.0,0.9776995305164319,1.0,19,0,833,72,833,72
university,control_71_3414,aps_raw,0.1,matched_all_extended,1251,1127,0.6539711254356202,False,control,0.25,852,776,852,0,760,760,0.892018779342723,0.892018779342723,1.0,0.9765258215962441,1.0,20,0,832,72,832,72
university,control_71_3414,aps_raw,0.1,matched_reachable_oracle,1251,1127,0.6539711254356202,False,control,0.25,852,776,852,0,760,760,0.892018779342723,0.892018779342723,1.0,0.9765258215962441,1.0,20,0,832,72,832,72
university,control_71_3414,fixed_k,0.01,full_frozen,1251,1239,50.0,False,control,0.25,852,776,852,0,845,845,0.9917840375586855,0.9917840375586855,1.0,50.0,50.0,0,0,852,73,0,0
university,control_71_3414,fixed_k,0.01,matched_all_extended,1251,1239,46.0,False,control,0.25,852,776,852,0,845,845,0.9917840375586855,0.9917840375586855,1.0,46.0,46.0,0,0,852,73,0,0
university,control_71_3414,fixed_k,0.01,matched_reachable_oracle,1251,1239,46.0,False,control,0.25,852,776,852,0,845,845,0.9917840375586855,0.9917840375586855,1.0,46.0,46.0,0,0,852,73,0,0
university,control_71_3414,fixed_k,0.05,full_frozen,1251,1189,2.0,False,control,0.25,852,776,852,0,816,816,0.9577464788732394,0.9577464788732394,1.0,2.0,2.0,0,0,852,73,0,0
university,control_71_3414,fixed_k,0.05,matched_all_extended,1251,1189,2.0,False,control,0.25,852,776,852,0,816,816,0.9577464788732394,0.9577464788732394,1.0,2.0,2.0,0,0,852,73,0,0
university,control_71_3414,fixed_k,0.05,matched_reachable_oracle,1251,1189,2.0,False,control,0.25,852,776,852,0,816,816,0.9577464788732394,0.9577464788732394,1.0,2.0,2.0,0,0,852,73,0,0
university,control_71_3414,fixed_k,0.1,full_frozen,1251,1126,1.0,False,control,0.25,852,776,852,0,779,779,0.9143192488262911,0.9143192488262911,1.0,1.0,1.0,0,0,852,73,852,73
university,control_71_3414,fixed_k,0.1,matched_all_extended,1251,1126,1.0,False,control,0.25,852,776,852,0,779,779,0.9143192488262911,0.9143192488262911,1.0,1.0,1.0,0,0,852,73,852,73
university,control_71_3414,fixed_k,0.1,matched_reachable_oracle,1251,1126,1.0,False,control,0.25,852,776,852,0,779,779,0.9143192488262911,0.9143192488262911,1.0,1.0,1.0,0,0,852,73,852,73
university,target_142_3414,distance,0.01,full_frozen,1251,1240,1.0527065299956362,False,target,0.5,852,601,426,426,423,423,0.4964788732394366,0.9929577464788732,0.5,23.779342723004696,21.0,1,0,851,453,0,0
university,target_142_3414,distance,0.01,matched_all_extended,1251,1240,,True,target,0.5,852,601,426,426,426,426,0.5,1.0,0.5,601.0,601.0,0,852,852,454,0,0
university,target_142_3414,distance,0.01,matched_reachable_oracle,627,622,1.0672524967606072,False,target,0.5,852,601,426,426,423,423,0.4964788732394366,0.9929577464788732,0.5,36.20774647887324,33.0,0,0,852,454,0,0
university,target_142_3414,distance,0.05,full_frozen,1251,1190,0.9258809992489222,False,target,0.5,852,601,426,426,397,397,0.465962441314554,0.931924882629108,0.5,1.3708920187793427,1.0,261,0,591,207,301,109
university,target_142_3414,distance,0.05,matched_all_extended,1251,1190,,True,target,0.5,852,601,426,426,426,426,0.5,1.0,0.5,601.0,601.0,0,852,852,454,0,0
university,target_142_3414,distance,0.05,matched_reachable_oracle,627,597,0.9190752052208839,False,target,0.5,852,601,426,426,392,392,0.460093896713615,0.92018779342723,0.5,1.2265258215962442,1.0,280,0,572,191,318,108
university,target_142_3414,distance,0.1,full_frozen,1251,1127,0.8698587224776244,False,target,0.5,852,601,426,426,359,359,0.4213615023474178,0.8427230046948356,0.5,0.6854460093896714,1.0,406,0,446,92,339,59
university,target_142_3414,distance,0.1,matched_all_extended,1251,1127,,True,target,0.5,852,601,426,426,426,426,0.5,1.0,0.5,601.0,601.0,0,852,852,454,0,0
university,target_142_3414,distance,0.1,matched_reachable_oracle,627,566,0.8709592108951435,False,target,0.5,852,601,426,426,360,360,0.4225352112676056,0.8450704225352113,0.5,0.6936619718309859,1.0,401,0,451,96,343,63
university,target_142_3414,aps_raw,0.01,full_frozen,1251,1240,28.630864167150232,False,target,0.5,852,601,426,426,423,423,0.4964788732394366,0.9929577464788732,0.5,58.1537558685446,58.0,0,0,852,454,0,0
university,target_142_3414,aps_raw,0.01,matched_all_extended,1251,1240,,True,target,0.5,852,601,426,426,426,426,0.5,1.0,0.5,601.0,601.0,0,852,852,454,0,0
university,target_142_3414,aps_raw,0.01,matched_reachable_oracle,627,622,15.862221097615025,False,target,0.5,852,601,426,426,423,423,0.4964788732394366,0.9929577464788732,0.5,31.660798122065728,32.0,0,0,852,454,0,0
university,target_142_3414,aps_raw,0.05,full_frozen,1251,1190,1.1542710448493194,False,target,0.5,852,601,426,426,414,414,0.4859154929577465,0.971830985915493,0.5,1.9295774647887325,2.0,0,0,852,454,60,3
university,target_142_3414,aps_raw,0.05,matched_all_extended,1251,1190,,True,target,0.5,852,601,426,426,426,426,0.5,1.0,0.5,601.0,601.0,0,852,852,454,0,0
university,target_142_3414,aps_raw,0.05,matched_reachable_oracle,627,597,1.0172918300589444,False,target,0.5,852,601,426,426,400,400,0.4694835680751174,0.9389671361502347,0.5,1.1866197183098592,1.0,0,0,852,454,693,297
university,target_142_3414,aps_raw,0.1,full_frozen,1251,1127,0.6546436346022938,False,target,0.5,852,601,426,426,387,387,0.45422535211267606,0.9084507042253521,0.5,0.9859154929577465,1.0,12,0,840,453,840,453
university,target_142_3414,aps_raw,0.1,matched_all_extended,1251,1127,,True,target,0.5,852,601,426,426,426,426,0.5,1.0,0.5,601.0,601.0,0,852,852,454,0,0
university,target_142_3414,aps_raw,0.1,matched_reachable_oracle,627,566,0.6493849411121053,False,target,0.5,852,601,426,426,379,379,0.4448356807511737,0.8896713615023474,0.5,0.9765258215962441,1.0,20,0,832,453,832,453
university,target_142_3414,fixed_k,0.01,full_frozen,1251,1239,50.0,False,target,0.5,852,601,426,426,423,423,0.4964788732394366,0.9929577464788732,0.5,50.0,50.0,0,0,852,454,0,0
university,target_142_3414,fixed_k,0.01,matched_all_extended,1251,1239,,True,target,0.5,852,601,426,426,426,426,0.5,1.0,0.5,601.0,601.0,0,852,852,454,0,0
university,target_142_3414,fixed_k,0.01,matched_reachable_oracle,627,621,23.0,False,target,0.5,852,601,426,426,423,423,0.4964788732394366,0.9929577464788732,0.5,23.0,23.0,0,0,852,454,0,0
university,target_142_3414,fixed_k,0.05,full_frozen,1251,1189,2.0,False,target,0.5,852,601,426,426,414,414,0.4859154929577465,0.971830985915493,0.5,2.0,2.0,0,0,852,454,0,0
university,target_142_3414,fixed_k,0.05,matched_all_extended,1251,1189,,True,target,0.5,852,601,426,426,426,426,0.5,1.0,0.5,601.0,601.0,0,852,852,454,0,0
university,target_142_3414,fixed_k,0.05,matched_reachable_oracle,627,596,2.0,False,target,0.5,852,601,426,426,414,414,0.4859154929577465,0.971830985915493,0.5,2.0,2.0,0,0,852,454,0,0
university,target_142_3414,fixed_k,0.1,full_frozen,1251,1126,1.0,False,target,0.5,852,601,426,426,398,398,0.4671361502347418,0.9342723004694836,0.5,1.0,1.0,0,0,852,454,852,454
university,target_142_3414,fixed_k,0.1,matched_all_extended,1251,1126,,True,target,0.5,852,601,426,426,426,426,0.5,1.0,0.5,601.0,601.0,0,852,852,454,0,0
university,target_142_3414,fixed_k,0.1,matched_reachable_oracle,627,565,1.0,False,target,0.5,852,601,426,426,398,398,0.4671361502347418,0.9342723004694836,0.5,1.0,1.0,0,0,852,454,852,454
university,target_71_3415,distance,0.01,full_frozen,1251,1240,1.0527065299956362,False,target,0.25,852,776,639,213,636,636,0.7464788732394366,0.9953051643192489,0.75,31.65962441314554,28.0,0,0,852,269,0,0
university,target_71_3415,distance,0.01,matched_all_extended,1251,1240,,True,target,0.25,852,776,639,213,639,639,0.75,1.0,0.75,776.0,776.0,0,852,852,269,0,0
university,target_71_3415,distance,0.01,matched_reachable_oracle,939,931,1.0527065299956362,False,target,0.25,852,776,639,213,636,636,0.7464788732394366,0.9953051643192489,0.75,31.65962441314554,28.0,0,0,852,269,0,0
university,target_71_3415,distance,0.05,full_frozen,1251,1190,0.9258809992489222,False,target,0.25,852,776,639,213,602,602,0.7065727699530516,0.9420970266040689,0.75,1.875586854460094,1.0,136,0,716,143,326,63
university,target_71_3415,distance,0.05,matched_all_extended,1251,1190,,True,target,0.25,852,776,639,213,639,639,0.75,1.0,0.75,776.0,776.0,0,852,852,269,0,0
university,target_71_3415,distance,0.05,matched_reachable_oracle,939,893,0.9275969578350944,False,target,0.25,852,776,639,213,604,604,0.7089201877934272,0.945226917057903,0.75,1.9248826291079812,1.0,132,0,720,147,321,65
university,target_71_3415,distance,0.1,full_frozen,1251,1127,0.8698587224776244,False,target,0.25,852,776,639,213,560,560,0.6572769953051644,0.8763693270735524,0.75,1.0211267605633803,1.0,253,0,599,63,435,30
university,target_71_3415,distance,0.1,matched_all_extended,1251,1127,,True,target,0.25,852,776,639,213,639,639,0.75,1.0,0.75,776.0,776.0,0,852,852,269,0,0
university,target_71_3415,distance,0.1,matched_reachable_oracle,939,846,0.8694979268049722,False,target,0.25,852,776,639,213,560,560,0.6572769953051644,0.8763693270735524,0.75,1.017605633802817,1.0,253,0,599,63,437,30
university,target_71_3415,aps_raw,0.01,full_frozen,1251,1240,28.630864167150232,False,target,0.25,852,776,639,213,636,636,0.7464788732394366,0.9953051643192489,0.75,57.82276995305164,58.0,0,0,852,269,0,0
university,target_71_3415,aps_raw,0.01,matched_all_extended,1251,1240,,True,target,0.25,852,776,639,213,639,639,0.75,1.0,0.75,776.0,776.0,0,852,852,269,0,0
university,target_71_3415,aps_raw,0.01,matched_reachable_oracle,939,931,22.21259881141393,False,target,0.25,852,776,639,213,636,636,0.7464788732394366,0.9953051643192489,0.75,44.524647887323944,45.0,0,0,852,269,0,0
university,target_71_3415,aps_raw,0.05,full_frozen,1251,1190,1.1542710448493194,False,target,0.25,852,776,639,213,610,610,0.715962441314554,0.9546165884194053,0.75,1.892018779342723,2.0,0,0,852,269,92,8
university,target_71_3415,aps_raw,0.05,matched_all_extended,1251,1190,,True,target,0.25,852,776,639,213,639,639,0.75,1.0,0.75,776.0,776.0,0,852,852,269,0,0
university,target_71_3415,aps_raw,0.05,matched_reachable_oracle,939,893,1.1585268019632309,False,target,0.25,852,776,639,213,611,611,0.7171361502347418,0.9561815336463224,0.75,1.908450704225352,2.0,0,0,852,269,78,7
university,target_71_3415,aps_raw,0.1,full_frozen,1251,1127,0.6546436346022938,False,target,0.25,852,776,639,213,575,575,0.6748826291079812,0.8998435054773083,0.75,0.9894366197183099,1.0,9,0,843,268,843,268
university,target_71_3415,aps_raw,0.1,matched_all_extended,1251,1127,,True,target,0.25,852,776,639,213,639,639,0.75,1.0,0.75,776.0,776.0,0,852,852,269,0,0
university,target_71_3415,aps_raw,0.1,matched_reachable_oracle,939,846,0.6529427087865131,False,target,0.25,852,776,639,213,572,572,0.6713615023474179,0.8951486697965572,0.75,0.9859154929577465,1.0,12,0,840,268,840,268
university,target_71_3415,fixed_k,0.01,full_frozen,1251,1239,50.0,False,target,0.25,852,776,639,213,636,636,0.7464788732394366,0.9953051643192489,0.75,50.0,50.0,0,0,852,269,0,0
university,target_71_3415,fixed_k,0.01,matched_all_extended,1251,1239,,True,target,0.25,852,776,639,213,639,639,0.75,1.0,0.75,776.0,776.0,0,852,852,269,0,0
university,target_71_3415,fixed_k,0.01,matched_reachable_oracle,939,930,43.0,False,target,0.25,852,776,639,213,636,636,0.7464788732394366,0.9953051643192489,0.75,43.0,43.0,0,0,852,269,0,0
university,target_71_3415,fixed_k,0.05,full_frozen,1251,1189,2.0,False,target,0.25,852,776,639,213,617,617,0.7241784037558685,0.9655712050078247,0.75,2.0,2.0,0,0,852,269,0,0
university,target_71_3415,fixed_k,0.05,matched_all_extended,1251,1189,,True,target,0.25,852,776,639,213,639,639,0.75,1.0,0.75,776.0,776.0,0,852,852,269,0,0
university,target_71_3415,fixed_k,0.05,matched_reachable_oracle,939,893,2.0,False,target,0.25,852,776,639,213,617,617,0.7241784037558685,0.9655712050078247,0.75,2.0,2.0,0,0,852,269,0,0
university,target_71_3415,fixed_k,0.1,full_frozen,1251,1126,1.0,False,target,0.25,852,776,639,213,583,583,0.6842723004694836,0.9123630672926447,0.75,1.0,1.0,0,0,852,269,852,269
university,target_71_3415,fixed_k,0.1,matched_all_extended,1251,1126,,True,target,0.25,852,776,639,213,639,639,0.75,1.0,0.75,776.0,776.0,0,852,852,269,0,0
university,target_71_3415,fixed_k,0.1,matched_reachable_oracle,939,846,1.0,False,target,0.25,852,776,639,213,583,583,0.6842723004694836,0.9123630672926447,0.75,1.0,1.0,0,0,852,269,852,269
university,control_71_3415,distance,0.01,full_frozen,1251,1240,1.0527065299956362,False,control,0.25,852,776,852,0,845,845,0.9917840375586855,0.9917840375586855,1.0,33.048122065727696,29.0,0,0,852,69,0,0
university,control_71_3415,distance,0.01,matched_all_extended,1251,1240,1.0527065299956362,False,control,0.25,852,776,852,0,845,845,0.9917840375586855,0.9917840375586855,1.0,33.048122065727696,29.0,0,0,852,69,0,0
university,control_71_3415,distance,0.01,matched_reachable_oracle,1251,1240,1.0527065299956362,False,control,0.25,852,776,852,0,845,845,0.9917840375586855,0.9917840375586855,1.0,33.048122065727696,29.0,0,0,852,69,0,0
university,control_71_3415,distance,0.05,full_frozen,1251,1190,0.9258809992489222,False,control,0.25,852,776,852,0,798,798,0.9366197183098591,0.9366197183098591,1.0,2.15962441314554,2.0,38,0,814,50,355,10
university,control_71_3415,distance,0.05,matched_all_extended,1251,1190,0.9258809992489222,False,control,0.25,852,776,852,0,798,798,0.9366197183098591,0.9366197183098591,1.0,2.15962441314554,2.0,38,0,814,50,355,10
university,control_71_3415,distance,0.05,matched_reachable_oracle,1251,1190,0.9258809992489222,False,control,0.25,852,776,852,0,798,798,0.9366197183098591,0.9366197183098591,1.0,2.15962441314554,2.0,38,0,814,50,355,10
university,control_71_3415,distance,0.1,full_frozen,1251,1127,0.8698587224776244,False,control,0.25,852,776,852,0,735,735,0.8626760563380281,0.8626760563380281,1.0,1.238262910798122,1.0,111,0,741,28,532,5
university,control_71_3415,distance,0.1,matched_all_extended,1251,1127,0.8698587224776244,False,control,0.25,852,776,852,0,735,735,0.8626760563380281,0.8626760563380281,1.0,1.238262910798122,1.0,111,0,741,28,532,5
university,control_71_3415,distance,0.1,matched_reachable_oracle,1251,1127,0.8698587224776244,False,control,0.25,852,776,852,0,735,735,0.8626760563380281,0.8626760563380281,1.0,1.238262910798122,1.0,111,0,741,28,532,5
university,control_71_3415,aps_raw,0.01,full_frozen,1251,1240,28.630864167150232,False,control,0.25,852,776,852,0,845,845,0.9917840375586855,0.9917840375586855,1.0,57.72769953051643,58.0,0,0,852,69,0,0
university,control_71_3415,aps_raw,0.01,matched_all_extended,1251,1240,24.72584946289481,False,control,0.25,852,776,852,0,845,845,0.9917840375586855,0.9917840375586855,1.0,49.64319248826291,50.0,0,0,852,69,0,0
university,control_71_3415,aps_raw,0.01,matched_reachable_oracle,1251,1240,24.72584946289481,False,control,0.25,852,776,852,0,845,845,0.9917840375586855,0.9917840375586855,1.0,49.64319248826291,50.0,0,0,852,69,0,0
university,control_71_3415,aps_raw,0.05,full_frozen,1251,1190,1.1542710448493194,False,control,0.25,852,776,852,0,809,809,0.9495305164319249,0.9495305164319249,1.0,1.8474178403755868,2.0,0,0,852,69,130,10
university,control_71_3415,aps_raw,0.05,matched_all_extended,1251,1190,1.1484315990574965,False,control,0.25,852,776,852,0,809,809,0.9495305164319249,0.9495305164319249,1.0,1.823943661971831,2.0,0,0,852,69,150,10
university,control_71_3415,aps_raw,0.05,matched_reachable_oracle,1251,1190,1.1484315990574965,False,control,0.25,852,776,852,0,809,809,0.9495305164319249,0.9495305164319249,1.0,1.823943661971831,2.0,0,0,852,69,150,10
university,control_71_3415,aps_raw,0.1,full_frozen,1251,1127,0.6546436346022938,False,control,0.25,852,776,852,0,765,765,0.897887323943662,0.897887323943662,1.0,0.9776995305164319,1.0,19,0,833,68,833,68
university,control_71_3415,aps_raw,0.1,matched_all_extended,1251,1127,0.6539711254356202,False,control,0.25,852,776,852,0,764,764,0.8967136150234741,0.8967136150234741,1.0,0.9765258215962441,1.0,20,0,832,68,832,68
university,control_71_3415,aps_raw,0.1,matched_reachable_oracle,1251,1127,0.6539711254356202,False,control,0.25,852,776,852,0,764,764,0.8967136150234741,0.8967136150234741,1.0,0.9765258215962441,1.0,20,0,832,68,832,68
university,control_71_3415,fixed_k,0.01,full_frozen,1251,1239,50.0,False,control,0.25,852,776,852,0,845,845,0.9917840375586855,0.9917840375586855,1.0,50.0,50.0,0,0,852,69,0,0
university,control_71_3415,fixed_k,0.01,matched_all_extended,1251,1239,43.0,False,control,0.25,852,776,852,0,845,845,0.9917840375586855,0.9917840375586855,1.0,43.0,43.0,0,0,852,69,0,0
university,control_71_3415,fixed_k,0.01,matched_reachable_oracle,1251,1239,43.0,False,control,0.25,852,776,852,0,845,845,0.9917840375586855,0.9917840375586855,1.0,43.0,43.0,0,0,852,69,0,0
university,control_71_3415,fixed_k,0.05,full_frozen,1251,1189,2.0,False,control,0.25,852,776,852,0,818,818,0.960093896713615,0.960093896713615,1.0,2.0,2.0,0,0,852,69,0,0
university,control_71_3415,fixed_k,0.05,matched_all_extended,1251,1189,2.0,False,control,0.25,852,776,852,0,818,818,0.960093896713615,0.960093896713615,1.0,2.0,2.0,0,0,852,69,0,0
university,control_71_3415,fixed_k,0.05,matched_reachable_oracle,1251,1189,2.0,False,control,0.25,852,776,852,0,818,818,0.960093896713615,0.960093896713615,1.0,2.0,2.0,0,0,852,69,0,0
university,control_71_3415,fixed_k,0.1,full_frozen,1251,1126,1.0,False,control,0.25,852,776,852,0,783,783,0.9190140845070423,0.9190140845070423,1.0,1.0,1.0,0,0,852,69,852,69
university,control_71_3415,fixed_k,0.1,matched_all_extended,1251,1126,1.0,False,control,0.25,852,776,852,0,783,783,0.9190140845070423,0.9190140845070423,1.0,1.0,1.0,0,0,852,69,852,69
university,control_71_3415,fixed_k,0.1,matched_reachable_oracle,1251,1126,1.0,False,control,0.25,852,776,852,0,783,783,0.9190140845070423,0.9190140845070423,1.0,1.0,1.0,0,0,852,69,852,69
university,target_142_3415,distance,0.01,full_frozen,1251,1240,1.0527065299956362,False,target,0.5,852,601,426,426,423,423,0.4964788732394366,0.9929577464788732,0.5,24.052816901408452,21.0,1,0,851,459,0,0
university,target_142_3415,distance,0.01,matched_all_extended,1251,1240,,True,target,0.5,852,601,426,426,426,426,0.5,1.0,0.5,601.0,601.0,0,852,852,460,0,0
university,target_142_3415,distance,0.01,matched_reachable_oracle,627,622,1.0559088920877022,False,target,0.5,852,601,426,426,423,423,0.4964788732394366,0.9929577464788732,0.5,26.402582159624412,23.0,0,0,852,460,0,0
university,target_142_3415,distance,0.05,full_frozen,1251,1190,0.9258809992489222,False,target,0.5,852,601,426,426,396,396,0.4647887323943662,0.9295774647887324,0.5,1.3849765258215962,1.0,269,0,583,203,301,114
university,target_142_3415,distance,0.05,matched_all_extended,1251,1190,,True,target,0.5,852,601,426,426,426,426,0.5,1.0,0.5,601.0,601.0,0,852,852,460,0,0
university,target_142_3415,distance,0.05,matched_reachable_oracle,627,597,0.9285507359551749,False,target,0.5,852,601,426,426,398,398,0.4671361502347418,0.9342723004694836,0.5,1.442488262910798,1.0,261,0,591,211,291,113
university,target_142_3415,distance,0.1,full_frozen,1251,1127,0.8698587224776244,False,target,0.5,852,601,426,426,373,373,0.43779342723004694,0.8755868544600939,0.5,0.7312206572769953,1.0,418,0,434,75,312,43
university,target_142_3415,distance,0.1,matched_all_extended,1251,1127,,True,target,0.5,852,601,426,426,426,426,0.5,1.0,0.5,601.0,601.0,0,852,852,460,0,0
university,target_142_3415,distance,0.1,matched_reachable_oracle,627,566,0.8694979268049722,False,target,0.5,852,601,426,426,373,373,0.43779342723004694,0.8755868544600939,0.5,0.7288732394366197,1.0,419,0,433,74,312,43
university,target_142_3415,aps_raw,0.01,full_frozen,1251,1240,28.630864167150232,False,target,0.5,852,601,426,426,423,423,0.4964788732394366,0.9929577464788732,0.5,58.13028169014085,58.0,0,0,852,460,0,0
university,target_142_3415,aps_raw,0.01,matched_all_extended,1251,1240,,True,target,0.5,852,601,426,426,426,426,0.5,1.0,0.5,601.0,601.0,0,852,852,460,0,0
university,target_142_3415,aps_raw,0.01,matched_reachable_oracle,627,622,19.438498187648722,False,target,0.5,852,601,426,426,423,423,0.4964788732394366,0.9929577464788732,0.5,39.00469483568075,39.0,0,0,852,460,0,0
university,target_142_3415,aps_raw,0.05,full_frozen,1251,1190,1.1542710448493194,False,target,0.5,852,601,426,426,408,408,0.4788732394366197,0.9577464788732394,0.5,1.9272300469483568,2.0,0,0,852,460,62,4
university,target_142_3415,aps_raw,0.05,matched_all_extended,1251,1190,,True,target,0.5,852,601,426,426,426,426,0.5,1.0,0.5,601.0,601.0,0,852,852,460,0,0
university,target_142_3415,aps_raw,0.05,matched_reachable_oracle,627,597,1.1542710448493194,False,target,0.5,852,601,426,426,408,408,0.4788732394366197,0.9577464788732394,0.5,1.9272300469483568,2.0,0,0,852,460,62,4
university,target_142_3415,aps_raw,0.1,full_frozen,1251,1127,0.6546436346022938,False,target,0.5,852,601,426,426,385,385,0.4518779342723005,0.903755868544601,0.5,0.9906103286384976,1.0,8,0,844,459,844,459
university,target_142_3415,aps_raw,0.1,matched_all_extended,1251,1127,,True,target,0.5,852,601,426,426,426,426,0.5,1.0,0.5,601.0,601.0,0,852,852,460,0,0
university,target_142_3415,aps_raw,0.1,matched_reachable_oracle,627,566,0.6524112642493198,False,target,0.5,852,601,426,426,382,382,0.44835680751173707,0.8967136150234741,0.5,0.9870892018779343,1.0,11,0,841,459,841,459
university,target_142_3415,fixed_k,0.01,full_frozen,1251,1239,50.0,False,target,0.5,852,601,426,426,423,423,0.4964788732394366,0.9929577464788732,0.5,50.0,50.0,0,0,852,460,0,0
university,target_142_3415,fixed_k,0.01,matched_all_extended,1251,1239,,True,target,0.5,852,601,426,426,426,426,0.5,1.0,0.5,601.0,601.0,0,852,852,460,0,0
university,target_142_3415,fixed_k,0.01,matched_reachable_oracle,627,621,35.0,False,target,0.5,852,601,426,426,423,423,0.4964788732394366,0.9929577464788732,0.5,35.0,35.0,0,0,852,460,0,0
university,target_142_3415,fixed_k,0.05,full_frozen,1251,1189,2.0,False,target,0.5,852,601,426,426,411,411,0.4823943661971831,0.9647887323943662,0.5,2.0,2.0,0,0,852,460,0,0
university,target_142_3415,fixed_k,0.05,matched_all_extended,1251,1189,,True,target,0.5,852,601,426,426,426,426,0.5,1.0,0.5,601.0,601.0,0,852,852,460,0,0
university,target_142_3415,fixed_k,0.05,matched_reachable_oracle,627,596,2.0,False,target,0.5,852,601,426,426,411,411,0.4823943661971831,0.9647887323943662,0.5,2.0,2.0,0,0,852,460,0,0
university,target_142_3415,fixed_k,0.1,full_frozen,1251,1126,1.0,False,target,0.5,852,601,426,426,392,392,0.460093896713615,0.92018779342723,0.5,1.0,1.0,0,0,852,460,852,460
university,target_142_3415,fixed_k,0.1,matched_all_extended,1251,1126,,True,target,0.5,852,601,426,426,426,426,0.5,1.0,0.5,601.0,601.0,0,852,852,460,0,0
university,target_142_3415,fixed_k,0.1,matched_reachable_oracle,627,565,1.0,False,target,0.5,852,601,426,426,392,392,0.460093896713615,0.92018779342723,0.5,1.0,1.0,0,0,852,460,852,460
university,target_71_3416,distance,0.01,full_frozen,1251,1240,1.0527065299956362,False,target,0.25,852,776,639,213,633,633,0.7429577464788732,0.9906103286384976,0.75,31.118544600938968,27.0,0,0,852,267,0,0
university,target_71_3416,distance,0.01,matched_all_extended,1251,1240,,True,target,0.25,852,776,639,213,639,639,0.75,1.0,0.75,776.0,776.0,0,852,852,267,0,0
university,target_71_3416,distance,0.01,matched_reachable_oracle,939,931,1.0559088920877022,False,target,0.25,852,776,639,213,633,633,0.7429577464788732,0.9906103286384976,0.75,34.21948356807512,30.0,0,0,852,267,0,0
university,target_71_3416,distance,0.05,full_frozen,1251,1190,0.9258809992489222,False,target,0.25,852,776,639,213,599,599,0.7030516431924883,0.9374021909233177,0.75,1.8039906103286385,1.0,131,0,721,149,351,70
university,target_71_3416,distance,0.05,matched_all_extended,1251,1190,,True,target,0.25,852,776,639,213,639,639,0.75,1.0,0.75,776.0,776.0,0,852,852,267,0,0
university,target_71_3416,distance,0.05,matched_reachable_oracle,939,893,0.9262136456484387,False,target,0.25,852,776,639,213,599,599,0.7030516431924883,0.9374021909233177,0.75,1.8169014084507042,1.0,130,0,722,150,352,71
university,target_71_3416,distance,0.1,full_frozen,1251,1127,0.8698587224776244,False,target,0.25,852,776,639,213,550,550,0.6455399061032864,0.8607198748043818,0.75,0.9894366197183099,1.0,254,0,598,66,451,38
university,target_71_3416,distance,0.1,matched_all_extended,1251,1127,,True,target,0.25,852,776,639,213,639,639,0.75,1.0,0.75,776.0,776.0,0,852,852,267,0,0
university,target_71_3416,distance,0.1,matched_reachable_oracle,939,846,0.8710123601589549,False,target,0.25,852,776,639,213,551,551,0.6467136150234741,0.8622848200312989,0.75,0.9976525821596244,1.0,252,0,600,67,451,39
university,target_71_3416,aps_raw,0.01,full_frozen,1251,1240,28.630864167150232,False,target,0.25,852,776,639,213,633,633,0.7429577464788732,0.9906103286384976,0.75,57.83802816901409,58.0,0,0,852,267,0,0
university,target_71_3416,aps_raw,0.01,matched_all_extended,1251,1240,,True,target,0.25,852,776,639,213,639,639,0.75,1.0,0.75,776.0,776.0,0,852,852,267,0,0
university,target_71_3416,aps_raw,0.01,matched_reachable_oracle,939,931,24.956923596362348,False,target,0.25,852,776,639,213,633,633,0.7429577464788732,0.9906103286384976,0.75,50.217136150234744,50.0,0,0,852,267,0,0
university,target_71_3416,aps_raw,0.05,full_frozen,1251,1190,1.1542710448493194,False,target,0.25,852,776,639,213,609,609,0.7147887323943662,0.9530516431924883,0.75,1.8849765258215962,2.0,0,0,852,267,98,10
university,target_71_3416,aps_raw,0.05,matched_all_extended,1251,1190,,True,target,0.25,852,776,639,213,639,639,0.75,1.0,0.75,776.0,776.0,0,852,852,267,0,0
university,target_71_3416,aps_raw,0.05,matched_reachable_oracle,939,893,1.0471596004104033,False,target,0.25,852,776,639,213,593,593,0.6960093896713615,0.9280125195618153,0.75,1.2652582159624413,1.0,0,0,852,267,626,97
university,target_71_3416,aps_raw,0.1,full_frozen,1251,1127,0.6546436346022938,False,target,0.25,852,776,639,213,570,570,0.6690140845070423,0.892018779342723,0.75,0.9812206572769953,1.0,16,0,836,266,836,266
university,target_71_3416,aps_raw,0.1,matched_all_extended,1251,1127,,True,target,0.25,852,776,639,213,639,639,0.75,1.0,0.75,776.0,776.0,0,852,852,267,0,0
university,target_71_3416,aps_raw,0.1,matched_reachable_oracle,939,846,0.6529427087865131,False,target,0.25,852,776,639,213,568,568,0.6666666666666666,0.8888888888888888,0.75,0.9788732394366197,1.0,18,0,834,266,834,266
university,target_71_3416,fixed_k,0.01,full_frozen,1251,1239,50.0,False,target,0.25,852,776,639,213,633,633,0.7429577464788732,0.9906103286384976,0.75,50.0,50.0,0,0,852,267,0,0
university,target_71_3416,fixed_k,0.01,matched_all_extended,1251,1239,,True,target,0.25,852,776,639,213,639,639,0.75,1.0,0.75,776.0,776.0,0,852,852,267,0,0
university,target_71_3416,fixed_k,0.01,matched_reachable_oracle,939,930,42.0,False,target,0.25,852,776,639,213,633,633,0.7429577464788732,0.9906103286384976,0.75,42.0,42.0,0,0,852,267,0,0
university,target_71_3416,fixed_k,0.05,full_frozen,1251,1189,2.0,False,target,0.25,852,776,639,213,616,616,0.7230046948356808,0.9640062597809077,0.75,2.0,2.0,0,0,852,267,0,0
university,target_71_3416,fixed_k,0.05,matched_all_extended,1251,1189,,True,target,0.25,852,776,639,213,639,639,0.75,1.0,0.75,776.0,776.0,0,852,852,267,0,0
university,target_71_3416,fixed_k,0.05,matched_reachable_oracle,939,893,2.0,False,target,0.25,852,776,639,213,616,616,0.7230046948356808,0.9640062597809077,0.75,2.0,2.0,0,0,852,267,0,0
university,target_71_3416,fixed_k,0.1,full_frozen,1251,1126,1.0,False,target,0.25,852,776,639,213,585,585,0.6866197183098591,0.9154929577464789,0.75,1.0,1.0,0,0,852,267,852,267
university,target_71_3416,fixed_k,0.1,matched_all_extended,1251,1126,,True,target,0.25,852,776,639,213,639,639,0.75,1.0,0.75,776.0,776.0,0,852,852,267,0,0
university,target_71_3416,fixed_k,0.1,matched_reachable_oracle,939,846,1.0,False,target,0.25,852,776,639,213,585,585,0.6866197183098591,0.9154929577464789,0.75,1.0,1.0,0,0,852,267,852,267
university,control_71_3416,distance,0.01,full_frozen,1251,1240,1.0527065299956362,False,control,0.25,852,776,852,0,845,845,0.9917840375586855,0.9917840375586855,1.0,32.970657276995304,29.0,0,0,852,71,0,0
university,control_71_3416,distance,0.01,matched_all_extended,1251,1240,1.0527065299956362,False,control,0.25,852,776,852,0,845,845,0.9917840375586855,0.9917840375586855,1.0,32.970657276995304,29.0,0,0,852,71,0,0
university,control_71_3416,distance,0.01,matched_reachable_oracle,1251,1240,1.0527065299956362,False,control,0.25,852,776,852,0,845,845,0.9917840375586855,0.9917840375586855,1.0,32.970657276995304,29.0,0,0,852,71,0,0
university,control_71_3416,distance,0.05,full_frozen,1251,1190,0.9258809992489222,False,control,0.25,852,776,852,0,798,798,0.9366197183098591,0.9366197183098591,1.0,2.171361502347418,2.0,37,0,815,52,356,12
university,control_71_3416,distance,0.05,matched_all_extended,1251,1190,0.9258809992489222,False,control,0.25,852,776,852,0,798,798,0.9366197183098591,0.9366197183098591,1.0,2.171361502347418,2.0,37,0,815,52,356,12
university,control_71_3416,distance,0.05,matched_reachable_oracle,1251,1190,0.9258809992489222,False,control,0.25,852,776,852,0,798,798,0.9366197183098591,0.9366197183098591,1.0,2.171361502347418,2.0,37,0,815,52,356,12
university,control_71_3416,distance,0.1,full_frozen,1251,1127,0.8698587224776244,False,control,0.25,852,776,852,0,735,735,0.8626760563380281,0.8626760563380281,1.0,1.2370892018779343,1.0,111,0,741,29,534,5
university,control_71_3416,distance,0.1,matched_all_extended,1251,1127,0.8698587224776244,False,control,0.25,852,776,852,0,735,735,0.8626760563380281,0.8626760563380281,1.0,1.2370892018779343,1.0,111,0,741,29,534,5
university,control_71_3416,distance,0.1,matched_reachable_oracle,1251,1127,0.8698587224776244,False,control,0.25,852,776,852,0,735,735,0.8626760563380281,0.8626760563380281,1.0,1.2370892018779343,1.0,111,0,741,29,534,5
university,control_71_3416,aps_raw,0.01,full_frozen,1251,1240,28.630864167150232,False,control,0.25,852,776,852,0,845,845,0.9917840375586855,0.9917840375586855,1.0,57.735915492957744,58.0,0,0,852,71,0,0
university,control_71_3416,aps_raw,0.01,matched_all_extended,1251,1240,25.711946462993712,False,control,0.25,852,776,852,0,845,845,0.9917840375586855,0.9917840375586855,1.0,51.686619718309856,52.0,0,0,852,71,0,0
university,control_71_3416,aps_raw,0.01,matched_reachable_oracle,1251,1240,25.711946462993712,False,control,0.25,852,776,852,0,845,845,0.9917840375586855,0.9917840375586855,1.0,51.686619718309856,52.0,0,0,852,71,0,0
university,control_71_3416,aps_raw,0.05,full_frozen,1251,1190,1.1542710448493194,False,control,0.25,852,776,852,0,807,807,0.9471830985915493,0.9471830985915493,1.0,1.8509389671361502,2.0,0,0,852,71,127,10
university,control_71_3416,aps_raw,0.05,matched_all_extended,1251,1190,1.1542710448493194,False,control,0.25,852,776,852,0,807,807,0.9471830985915493,0.9471830985915493,1.0,1.8509389671361502,2.0,0,0,852,71,127,10
university,control_71_3416,aps_raw,0.05,matched_reachable_oracle,1251,1190,1.1542710448493194,False,control,0.25,852,776,852,0,807,807,0.9471830985915493,0.9471830985915493,1.0,1.8509389671361502,2.0,0,0,852,71,127,10
university,control_71_3416,aps_raw,0.1,full_frozen,1251,1127,0.6546436346022938,False,control,0.25,852,776,852,0,763,763,0.8955399061032864,0.8955399061032864,1.0,0.9776995305164319,1.0,19,0,833,70,833,70
university,control_71_3416,aps_raw,0.1,matched_all_extended,1251,1127,0.6532155922034415,False,control,0.25,852,776,852,0,760,760,0.892018779342723,0.892018779342723,1.0,0.9741784037558685,1.0,22,0,830,70,830,70
university,control_71_3416,aps_raw,0.1,matched_reachable_oracle,1251,1127,0.6532155922034415,False,control,0.25,852,776,852,0,760,760,0.892018779342723,0.892018779342723,1.0,0.9741784037558685,1.0,22,0,830,70,830,70
university,control_71_3416,fixed_k,0.01,full_frozen,1251,1239,50.0,False,control,0.25,852,776,852,0,845,845,0.9917840375586855,0.9917840375586855,1.0,50.0,50.0,0,0,852,71,0,0
university,control_71_3416,fixed_k,0.01,matched_all_extended,1251,1239,43.0,False,control,0.25,852,776,852,0,845,845,0.9917840375586855,0.9917840375586855,1.0,43.0,43.0,0,0,852,71,0,0
university,control_71_3416,fixed_k,0.01,matched_reachable_oracle,1251,1239,43.0,False,control,0.25,852,776,852,0,845,845,0.9917840375586855,0.9917840375586855,1.0,43.0,43.0,0,0,852,71,0,0
university,control_71_3416,fixed_k,0.05,full_frozen,1251,1189,2.0,False,control,0.25,852,776,852,0,816,816,0.9577464788732394,0.9577464788732394,1.0,2.0,2.0,0,0,852,71,0,0
university,control_71_3416,fixed_k,0.05,matched_all_extended,1251,1189,2.0,False,control,0.25,852,776,852,0,816,816,0.9577464788732394,0.9577464788732394,1.0,2.0,2.0,0,0,852,71,0,0
university,control_71_3416,fixed_k,0.05,matched_reachable_oracle,1251,1189,2.0,False,control,0.25,852,776,852,0,816,816,0.9577464788732394,0.9577464788732394,1.0,2.0,2.0,0,0,852,71,0,0
university,control_71_3416,fixed_k,0.1,full_frozen,1251,1126,1.0,False,control,0.25,852,776,852,0,781,781,0.9166666666666666,0.9166666666666666,1.0,1.0,1.0,0,0,852,71,852,71
university,control_71_3416,fixed_k,0.1,matched_all_extended,1251,1126,1.0,False,control,0.25,852,776,852,0,781,781,0.9166666666666666,0.9166666666666666,1.0,1.0,1.0,0,0,852,71,852,71
university,control_71_3416,fixed_k,0.1,matched_reachable_oracle,1251,1126,1.0,False,control,0.25,852,776,852,0,781,781,0.9166666666666666,0.9166666666666666,1.0,1.0,1.0,0,0,852,71,852,71
university,target_142_3416,distance,0.01,full_frozen,1251,1240,1.0527065299956362,False,target,0.5,852,601,426,426,420,420,0.49295774647887325,0.9859154929577465,0.5,23.651408450704224,21.0,0,0,852,458,1,1
university,target_142_3416,distance,0.01,matched_all_extended,1251,1240,,True,target,0.5,852,601,426,426,426,426,0.5,1.0,0.5,601.0,601.0,0,852,852,458,0,0
university,target_142_3416,distance,0.01,matched_reachable_oracle,627,622,1.078149766212967,False,target,0.5,852,601,426,426,420,420,0.49295774647887325,0.9859154929577465,0.5,50.14553990610329,45.0,0,0,852,458,0,0
university,target_142_3416,distance,0.05,full_frozen,1251,1190,0.9258809992489222,False,target,0.5,852,601,426,426,392,392,0.460093896713615,0.92018779342723,0.5,1.2394366197183098,1.0,267,0,585,203,341,105
university,target_142_3416,distance,0.05,matched_all_extended,1251,1190,,True,target,0.5,852,601,426,426,426,426,0.5,1.0,0.5,601.0,601.0,0,852,852,458,0,0
university,target_142_3416,distance,0.05,matched_reachable_oracle,627,597,0.9315278450548323,False,target,0.5,852,601,426,426,395,395,0.4636150234741784,0.9272300469483568,0.5,1.3556338028169015,1.0,248,0,604,221,333,108
university,target_142_3416,distance,0.1,full_frozen,1251,1127,0.8698587224776244,False,target,0.5,852,601,426,426,357,357,0.41901408450704225,0.8380281690140845,0.5,0.6572769953051644,1.0,413,0,439,85,360,57
university,target_142_3416,distance,0.1,matched_all_extended,1251,1127,,True,target,0.5,852,601,426,426,426,426,0.5,1.0,0.5,601.0,601.0,0,852,852,458,0,0
university,target_142_3416,distance,0.1,matched_reachable_oracle,627,566,0.878066326760025,False,target,0.5,852,601,426,426,363,363,0.426056338028169,0.852112676056338,0.5,0.715962441314554,1.0,390,0,462,102,368,68
university,target_142_3416,aps_raw,0.01,full_frozen,1251,1240,28.630864167150232,False,target,0.5,852,601,426,426,420,420,0.49295774647887325,0.9859154929577465,0.5,58.174882629107984,58.0,0,0,852,458,0,0
university,target_142_3416,aps_raw,0.01,matched_all_extended,1251,1240,,True,target,0.5,852,601,426,426,426,426,0.5,1.0,0.5,601.0,601.0,0,852,852,458,0,0
university,target_142_3416,aps_raw,0.01,matched_reachable_oracle,627,622,23.234260527918494,False,target,0.5,852,601,426,426,420,420,0.49295774647887325,0.9859154929577465,0.5,46.91197183098591,47.0,0,0,852,458,0,0
university,target_142_3416,aps_raw,0.05,full_frozen,1251,1190,1.1542710448493194,False,target,0.5,852,601,426,426,409,409,0.4800469483568075,0.960093896713615,0.5,1.9553990610328638,2.0,0,0,852,458,38,1
university,target_142_3416,aps_raw,0.05,matched_all_extended,1251,1190,,True,target,0.5,852,601,426,426,426,426,0.5,1.0,0.5,601.0,601.0,0,852,852,458,0,0
university,target_142_3416,aps_raw,0.05,matched_reachable_oracle,627,597,1.0387789732052986,False,target,0.5,852,601,426,426,400,400,0.4694835680751174,0.9389671361502347,0.5,1.392018779342723,1.0,0,0,852,458,518,153
university,target_142_3416,aps_raw,0.1,full_frozen,1251,1127,0.6546436346022938,False,target,0.5,852,601,426,426,384,384,0.4507042253521127,0.9014084507042254,0.5,0.9882629107981221,1.0,10,0,842,458,842,458
university,target_142_3416,aps_raw,0.1,matched_all_extended,1251,1127,,True,target,0.5,852,601,426,426,426,426,0.5,1.0,0.5,601.0,601.0,0,852,852,458,0,0
university,target_142_3416,aps_raw,0.1,matched_reachable_oracle,627,566,0.6541890107702053,False,target,0.5,852,601,426,426,384,384,0.4507042253521127,0.9014084507042254,0.5,0.9882629107981221,1.0,10,0,842,458,842,458
university,target_142_3416,fixed_k,0.01,full_frozen,1251,1239,50.0,False,target,0.5,852,601,426,426,420,420,0.49295774647887325,0.9859154929577465,0.5,50.0,50.0,0,0,852,458,0,0
university,target_142_3416,fixed_k,0.01,matched_all_extended,1251,1239,,True,target,0.5,852,601,426,426,426,426,0.5,1.0,0.5,601.0,601.0,0,852,852,458,0,0
university,target_142_3416,fixed_k,0.01,matched_reachable_oracle,627,621,45.0,False,target,0.5,852,601,426,426,420,420,0.49295774647887325,0.9859154929577465,0.5,45.0,45.0,0,0,852,458,0,0
university,target_142_3416,fixed_k,0.05,full_frozen,1251,1189,2.0,False,target,0.5,852,601,426,426,409,409,0.4800469483568075,0.960093896713615,0.5,2.0,2.0,0,0,852,458,0,0
university,target_142_3416,fixed_k,0.05,matched_all_extended,1251,1189,,True,target,0.5,852,601,426,426,426,426,0.5,1.0,0.5,601.0,601.0,0,852,852,458,0,0
university,target_142_3416,fixed_k,0.05,matched_reachable_oracle,627,596,2.0,False,target,0.5,852,601,426,426,409,409,0.4800469483568075,0.960093896713615,0.5,2.0,2.0,0,0,852,458,0,0
university,target_142_3416,fixed_k,0.1,full_frozen,1251,1126,1.0,False,target,0.5,852,601,426,426,394,394,0.4624413145539906,0.9248826291079812,0.5,1.0,1.0,0,0,852,458,852,458
university,target_142_3416,fixed_k,0.1,matched_all_extended,1251,1126,,True,target,0.5,852,601,426,426,426,426,0.5,1.0,0.5,601.0,601.0,0,852,852,458,0,0
university,target_142_3416,fixed_k,0.1,matched_reachable_oracle,627,565,1.0,False,target,0.5,852,601,426,426,394,394,0.4624413145539906,0.9248826291079812,0.5,1.0,1.0,0,0,852,458,852,458
university,target_71_3417,distance,0.01,full_frozen,1251,1240,1.0527065299956362,False,target,0.25,852,776,639,213,632,632,0.7417840375586855,0.9890453834115805,0.75,31.833333333333332,28.0,0,0,852,270,0,0
university,target_71_3417,distance,0.01,matched_all_extended,1251,1240,,True,target,0.25,852,776,639,213,639,639,0.75,1.0,0.75,776.0,776.0,0,852,852,270,0,0
university,target_71_3417,distance,0.01,matched_reachable_oracle,939,931,1.0486924964010018,False,target,0.25,852,776,639,213,631,631,0.7406103286384976,0.9874804381846636,0.75,28.444835680751172,25.0,0,0,852,270,0,0
university,target_71_3417,distance,0.05,full_frozen,1251,1190,0.9258809992489222,False,target,0.25,852,776,639,213,599,599,0.7030516431924883,0.9374021909233177,0.75,1.9342723004694835,1.0,141,0,711,142,333,74
university,target_71_3417,distance,0.05,matched_all_extended,1251,1190,,True,target,0.25,852,776,639,213,639,639,0.75,1.0,0.75,776.0,776.0,0,852,852,270,0,0
university,target_71_3417,distance,0.05,matched_reachable_oracle,939,893,0.930383799276189,False,target,0.25,852,776,639,213,600,600,0.704225352112676,0.9389671361502347,0.75,2.056338028169014,1.0,137,0,715,146,311,69
university,target_71_3417,distance,0.1,full_frozen,1251,1127,0.8698587224776244,False,target,0.25,852,776,639,213,552,552,0.647887323943662,0.863849765258216,0.75,1.0352112676056338,1.0,261,0,591,61,430,35
university,target_71_3417,distance,0.1,matched_all_extended,1251,1127,,True,target,0.25,852,776,639,213,639,639,0.75,1.0,0.75,776.0,776.0,0,852,852,270,0,0
university,target_71_3417,distance,0.1,matched_reachable_oracle,939,846,0.8768741671170025,False,target,0.25,852,776,639,213,563,563,0.6607981220657277,0.8810641627543035,0.75,1.1103286384976525,1.0,243,0,609,68,430,40
university,target_71_3417,aps_raw,0.01,full_frozen,1251,1240,28.630864167150232,False,target,0.25,852,776,639,213,632,632,0.7417840375586855,0.9890453834115805,0.75,57.806338028169016,58.0,0,0,852,270,0,0
university,target_71_3417,aps_raw,0.01,matched_all_extended,1251,1240,,True,target,0.25,852,776,639,213,639,639,0.75,1.0,0.75,776.0,776.0,0,852,852,270,0,0
university,target_71_3417,aps_raw,0.01,matched_reachable_oracle,939,931,16.50309220992507,False,target,0.25,852,776,639,213,632,632,0.7417840375586855,0.9890453834115805,0.75,32.744131455399064,33.0,0,0,852,270,0,0
university,target_71_3417,aps_raw,0.05,full_frozen,1251,1190,1.1542710448493194,False,target,0.25,852,776,639,213,605,605,0.710093896713615,0.94679186228482,0.75,1.8873239436619718,2.0,0,0,852,270,96,8
university,target_71_3417,aps_raw,0.05,matched_all_extended,1251,1190,,True,target,0.25,852,776,639,213,639,639,0.75,1.0,0.75,776.0,776.0,0,852,852,270,0,0
university,target_71_3417,aps_raw,0.05,matched_reachable_oracle,939,893,1.0479412446377,False,target,0.25,852,776,639,213,586,586,0.687793427230047,0.917057902973396,0.75,1.2816901408450705,1.0,0,0,852,270,612,82
university,target_71_3417,aps_raw,0.1,full_frozen,1251,1127,0.6546436346022938,False,target,0.25,852,776,639,213,570,570,0.6690140845070423,0.892018779342723,0.75,0.9847417840375586,1.0,13,0,839,269,839,269
university,target_71_3417,aps_raw,0.1,matched_all_extended,1251,1127,,True,target,0.25,852,776,639,213,639,639,0.75,1.0,0.75,776.0,776.0,0,852,852,270,0,0
university,target_71_3417,aps_raw,0.1,matched_reachable_oracle,939,846,0.6541890107702053,False,target,0.25,852,776,639,213,569,569,0.6678403755868545,0.8904538341158059,0.75,0.9835680751173709,1.0,14,0,838,269,838,269
university,target_71_3417,fixed_k,0.01,full_frozen,1251,1239,50.0,False,target,0.25,852,776,639,213,632,632,0.7417840375586855,0.9890453834115805,0.75,50.0,50.0,0,0,852,270,0,0
university,target_71_3417,fixed_k,0.01,matched_all_extended,1251,1239,,True,target,0.25,852,776,639,213,639,639,0.75,1.0,0.75,776.0,776.0,0,852,852,270,0,0
university,target_71_3417,fixed_k,0.01,matched_reachable_oracle,939,930,27.0,False,target,0.25,852,776,639,213,632,632,0.7417840375586855,0.9890453834115805,0.75,27.0,27.0,0,0,852,270,0,0
university,target_71_3417,fixed_k,0.05,full_frozen,1251,1189,2.0,False,target,0.25,852,776,639,213,611,611,0.7171361502347418,0.9561815336463224,0.75,2.0,2.0,0,0,852,270,0,0
university,target_71_3417,fixed_k,0.05,matched_all_extended,1251,1189,,True,target,0.25,852,776,639,213,639,639,0.75,1.0,0.75,776.0,776.0,0,852,852,270,0,0
university,target_71_3417,fixed_k,0.05,matched_reachable_oracle,939,893,2.0,False,target,0.25,852,776,639,213,611,611,0.7171361502347418,0.9561815336463224,0.75,2.0,2.0,0,0,852,270,0,0
university,target_71_3417,fixed_k,0.1,full_frozen,1251,1126,1.0,False,target,0.25,852,776,639,213,582,582,0.6830985915492958,0.9107981220657277,0.75,1.0,1.0,0,0,852,270,852,270
university,target_71_3417,fixed_k,0.1,matched_all_extended,1251,1126,,True,target,0.25,852,776,639,213,639,639,0.75,1.0,0.75,776.0,776.0,0,852,852,270,0,0
university,target_71_3417,fixed_k,0.1,matched_reachable_oracle,939,846,1.0,False,target,0.25,852,776,639,213,582,582,0.6830985915492958,0.9107981220657277,0.75,1.0,1.0,0,0,852,270,852,270
university,control_71_3417,distance,0.01,full_frozen,1251,1240,1.0527065299956362,False,control,0.25,852,776,852,0,845,845,0.9917840375586855,0.9917840375586855,1.0,33.271126760563384,30.0,0,0,852,73,0,0
university,control_71_3417,distance,0.01,matched_all_extended,1251,1240,1.0527065299956362,False,control,0.25,852,776,852,0,845,845,0.9917840375586855,0.9917840375586855,1.0,33.271126760563384,30.0,0,0,852,73,0,0
university,control_71_3417,distance,0.01,matched_reachable_oracle,1251,1240,1.0527065299956362,False,control,0.25,852,776,852,0,845,845,0.9917840375586855,0.9917840375586855,1.0,33.271126760563384,30.0,0,0,852,73,0,0
university,control_71_3417,distance,0.05,full_frozen,1251,1190,0.9258809992489222,False,control,0.25,852,776,852,0,798,798,0.9366197183098591,0.9366197183098591,1.0,2.164319248826291,2.0,36,0,816,53,356,13
university,control_71_3417,distance,0.05,matched_all_extended,1251,1190,0.9258809992489222,False,control,0.25,852,776,852,0,798,798,0.9366197183098591,0.9366197183098591,1.0,2.164319248826291,2.0,36,0,816,53,356,13
university,control_71_3417,distance,0.05,matched_reachable_oracle,1251,1190,0.9258809992489222,False,control,0.25,852,776,852,0,798,798,0.9366197183098591,0.9366197183098591,1.0,2.164319248826291,2.0,36,0,816,53,356,13
university,control_71_3417,distance,0.1,full_frozen,1251,1127,0.8698587224776244,False,control,0.25,852,776,852,0,735,735,0.8626760563380281,0.8626760563380281,1.0,1.2347417840375587,1.0,111,0,741,29,531,5
university,control_71_3417,distance,0.1,matched_all_extended,1251,1127,0.8698587224776244,False,control,0.25,852,776,852,0,735,735,0.8626760563380281,0.8626760563380281,1.0,1.2347417840375587,1.0,111,0,741,29,531,5
university,control_71_3417,distance,0.1,matched_reachable_oracle,1251,1127,0.8698587224776244,False,control,0.25,852,776,852,0,735,735,0.8626760563380281,0.8626760563380281,1.0,1.2347417840375587,1.0,111,0,741,29,531,5
university,control_71_3417,aps_raw,0.01,full_frozen,1251,1240,28.630864167150232,False,control,0.25,852,776,852,0,845,845,0.9917840375586855,0.9917840375586855,1.0,57.73004694835681,58.0,0,0,852,73,0,0
university,control_71_3417,aps_raw,0.01,matched_all_extended,1251,1240,25.69632160656487,False,control,0.25,852,776,852,0,845,845,0.9917840375586855,0.9917840375586855,1.0,51.65845070422535,52.0,0,0,852,73,0,0
university,control_71_3417,aps_raw,0.01,matched_reachable_oracle,1251,1240,25.69632160656487,False,control,0.25,852,776,852,0,845,845,0.9917840375586855,0.9917840375586855,1.0,51.65845070422535,52.0,0,0,852,73,0,0
university,control_71_3417,aps_raw,0.05,full_frozen,1251,1190,1.1542710448493194,False,control,0.25,852,776,852,0,808,808,0.9483568075117371,0.9483568075117371,1.0,1.846244131455399,2.0,0,0,852,73,131,10
university,control_71_3417,aps_raw,0.05,matched_all_extended,1251,1190,1.1484315990574965,False,control,0.25,852,776,852,0,808,808,0.9483568075117371,0.9483568075117371,1.0,1.8215962441314555,2.0,0,0,852,73,152,10
university,control_71_3417,aps_raw,0.05,matched_reachable_oracle,1251,1190,1.1484315990574965,False,control,0.25,852,776,852,0,808,808,0.9483568075117371,0.9483568075117371,1.0,1.8215962441314555,2.0,0,0,852,73,152,10
university,control_71_3417,aps_raw,0.1,full_frozen,1251,1127,0.6546436346022938,False,control,0.25,852,776,852,0,761,761,0.8931924882629108,0.8931924882629108,1.0,0.9776995305164319,1.0,19,0,833,72,833,72
university,control_71_3417,aps_raw,0.1,matched_all_extended,1251,1127,0.6539711254356202,False,control,0.25,852,776,852,0,760,760,0.892018779342723,0.892018779342723,1.0,0.9765258215962441,1.0,20,0,832,72,832,72
university,control_71_3417,aps_raw,0.1,matched_reachable_oracle,1251,1127,0.6539711254356202,False,control,0.25,852,776,852,0,760,760,0.892018779342723,0.892018779342723,1.0,0.9765258215962441,1.0,20,0,832,72,832,72
university,control_71_3417,fixed_k,0.01,full_frozen,1251,1239,50.0,False,control,0.25,852,776,852,0,845,845,0.9917840375586855,0.9917840375586855,1.0,50.0,50.0,0,0,852,73,0,0
university,control_71_3417,fixed_k,0.01,matched_all_extended,1251,1239,48.0,False,control,0.25,852,776,852,0,845,845,0.9917840375586855,0.9917840375586855,1.0,48.0,48.0,0,0,852,73,0,0
university,control_71_3417,fixed_k,0.01,matched_reachable_oracle,1251,1239,48.0,False,control,0.25,852,776,852,0,845,845,0.9917840375586855,0.9917840375586855,1.0,48.0,48.0,0,0,852,73,0,0
university,control_71_3417,fixed_k,0.05,full_frozen,1251,1189,2.0,False,control,0.25,852,776,852,0,817,817,0.9589201877934272,0.9589201877934272,1.0,2.0,2.0,0,0,852,73,0,0
university,control_71_3417,fixed_k,0.05,matched_all_extended,1251,1189,2.0,False,control,0.25,852,776,852,0,817,817,0.9589201877934272,0.9589201877934272,1.0,2.0,2.0,0,0,852,73,0,0
university,control_71_3417,fixed_k,0.05,matched_reachable_oracle,1251,1189,2.0,False,control,0.25,852,776,852,0,817,817,0.9589201877934272,0.9589201877934272,1.0,2.0,2.0,0,0,852,73,0,0
university,control_71_3417,fixed_k,0.1,full_frozen,1251,1126,1.0,False,control,0.25,852,776,852,0,779,779,0.9143192488262911,0.9143192488262911,1.0,1.0,1.0,0,0,852,73,852,73
university,control_71_3417,fixed_k,0.1,matched_all_extended,1251,1126,1.0,False,control,0.25,852,776,852,0,779,779,0.9143192488262911,0.9143192488262911,1.0,1.0,1.0,0,0,852,73,852,73
university,control_71_3417,fixed_k,0.1,matched_reachable_oracle,1251,1126,1.0,False,control,0.25,852,776,852,0,779,779,0.9143192488262911,0.9143192488262911,1.0,1.0,1.0,0,0,852,73,852,73
university,target_142_3417,distance,0.01,full_frozen,1251,1240,1.0527065299956362,False,target,0.5,852,601,426,426,423,423,0.4964788732394366,0.9929577464788732,0.5,24.131455399061032,22.0,0,0,852,455,0,0
university,target_142_3417,distance,0.01,matched_all_extended,1251,1240,,True,target,0.5,852,601,426,426,426,426,0.5,1.0,0.5,601.0,601.0,0,852,852,455,0,0
university,target_142_3417,distance,0.01,matched_reachable_oracle,627,622,1.0527065299956362,False,target,0.5,852,601,426,426,423,423,0.4964788732394366,0.9929577464788732,0.5,24.131455399061032,22.0,0,0,852,455,0,0
university,target_142_3417,distance,0.05,full_frozen,1251,1190,0.9258809992489222,False,target,0.5,852,601,426,426,406,406,0.4765258215962441,0.9530516431924883,0.5,1.4448356807511737,1.0,250,0,602,215,339,129
university,target_142_3417,distance,0.05,matched_all_extended,1251,1190,,True,target,0.5,852,601,426,426,426,426,0.5,1.0,0.5,601.0,601.0,0,852,852,455,0,0
university,target_142_3417,distance,0.05,matched_reachable_oracle,627,597,0.9376143167513163,False,target,0.5,852,601,426,426,408,408,0.4788732394366197,0.9577464788732394,0.5,1.7194835680751173,1.0,220,0,632,244,312,127
university,target_142_3417,distance,0.1,full_frozen,1251,1127,0.8698587224776244,False,target,0.5,852,601,426,426,374,374,0.43896713615023475,0.8779342723004695,0.5,0.7406103286384976,1.0,411,0,441,84,347,60
university,target_142_3417,distance,0.1,matched_all_extended,1251,1127,,True,target,0.5,852,601,426,426,426,426,0.5,1.0,0.5,601.0,601.0,0,852,852,455,0,0
university,target_142_3417,distance,0.1,matched_reachable_oracle,627,566,0.8821452626162344,False,target,0.5,852,601,426,426,383,383,0.4495305164319249,0.8990610328638498,0.5,0.8485915492957746,1.0,383,0,469,104,351,74
university,target_142_3417,aps_raw,0.01,full_frozen,1251,1240,28.630864167150232,False,target,0.5,852,601,426,426,423,423,0.4964788732394366,0.9929577464788732,0.5,58.12793427230047,58.0,0,0,852,455,0,0
university,target_142_3417,aps_raw,0.01,matched_all_extended,1251,1240,,True,target,0.5,852,601,426,426,426,426,0.5,1.0,0.5,601.0,601.0,0,852,852,455,0,0
university,target_142_3417,aps_raw,0.01,matched_reachable_oracle,627,622,15.069989117348534,False,target,0.5,852,601,426,426,423,423,0.4964788732394366,0.9929577464788732,0.5,29.969483568075116,30.0,0,0,852,455,0,0
university,target_142_3417,aps_raw,0.05,full_frozen,1251,1190,1.1542710448493194,False,target,0.5,852,601,426,426,410,410,0.4812206572769953,0.9624413145539906,0.5,1.9131455399061033,2.0,0,0,852,455,74,8
university,target_142_3417,aps_raw,0.05,matched_all_extended,1251,1190,,True,target,0.5,852,601,426,426,426,426,0.5,1.0,0.5,601.0,601.0,0,852,852,455,0,0
university,target_142_3417,aps_raw,0.05,matched_reachable_oracle,627,597,1.0387789732052986,False,target,0.5,852,601,426,426,399,399,0.46830985915492956,0.9366197183098591,0.5,1.3896713615023475,1.0,0,0,852,455,520,147
university,target_142_3417,aps_raw,0.1,full_frozen,1251,1127,0.6546436346022938,False,target,0.5,852,601,426,426,385,385,0.4518779342723005,0.903755868544601,0.5,0.9847417840375586,1.0,13,0,839,454,839,454
university,target_142_3417,aps_raw,0.1,matched_all_extended,1251,1127,,True,target,0.5,852,601,426,426,426,426,0.5,1.0,0.5,601.0,601.0,0,852,852,455,0,0
university,target_142_3417,aps_raw,0.1,matched_reachable_oracle,627,566,0.6532155922034415,False,target,0.5,852,601,426,426,382,382,0.44835680751173707,0.8967136150234741,0.5,0.9812206572769953,1.0,16,0,836,454,836,454
university,target_142_3417,fixed_k,0.01,full_frozen,1251,1239,50.0,False,target,0.5,852,601,426,426,423,423,0.4964788732394366,0.9929577464788732,0.5,50.0,50.0,0,0,852,455,0,0
university,target_142_3417,fixed_k,0.01,matched_all_extended,1251,1239,,True,target,0.5,852,601,426,426,426,426,0.5,1.0,0.5,601.0,601.0,0,852,852,455,0,0
university,target_142_3417,fixed_k,0.01,matched_reachable_oracle,627,621,30.0,False,target,0.5,852,601,426,426,423,423,0.4964788732394366,0.9929577464788732,0.5,30.0,30.0,0,0,852,455,0,0
university,target_142_3417,fixed_k,0.05,full_frozen,1251,1189,2.0,False,target,0.5,852,601,426,426,416,416,0.48826291079812206,0.9765258215962441,0.5,2.0,2.0,0,0,852,455,0,0
university,target_142_3417,fixed_k,0.05,matched_all_extended,1251,1189,,True,target,0.5,852,601,426,426,426,426,0.5,1.0,0.5,601.0,601.0,0,852,852,455,0,0
university,target_142_3417,fixed_k,0.05,matched_reachable_oracle,627,596,2.0,False,target,0.5,852,601,426,426,416,416,0.48826291079812206,0.9765258215962441,0.5,2.0,2.0,0,0,852,455,0,0
university,target_142_3417,fixed_k,0.1,full_frozen,1251,1126,1.0,False,target,0.5,852,601,426,426,397,397,0.465962441314554,0.931924882629108,0.5,1.0,1.0,0,0,852,455,852,455
university,target_142_3417,fixed_k,0.1,matched_all_extended,1251,1126,,True,target,0.5,852,601,426,426,426,426,0.5,1.0,0.5,601.0,601.0,0,852,852,455,0,0
university,target_142_3417,fixed_k,0.1,matched_reachable_oracle,627,565,1.0,False,target,0.5,852,601,426,426,397,397,0.465962441314554,0.931924882629108,0.5,1.0,1.0,0,0,852,455,852,455
university,target_71_3418,distance,0.01,full_frozen,1251,1240,1.0527065299956362,False,target,0.25,852,776,639,213,633,633,0.7429577464788732,0.9906103286384976,0.75,30.971830985915492,28.0,0,0,852,274,0,0
university,target_71_3418,distance,0.01,matched_all_extended,1251,1240,,True,target,0.25,852,776,639,213,639,639,0.75,1.0,0.75,776.0,776.0,0,852,852,274,0,0
university,target_71_3418,distance,0.01,matched_reachable_oracle,939,931,1.0463499444104456,False,target,0.25,852,776,639,213,632,632,0.7417840375586855,0.9890453834115805,0.75,25.921361502347416,23.0,0,0,852,274,0,0
university,target_71_3418,distance,0.05,full_frozen,1251,1190,0.9258809992489222,False,target,0.25,852,776,639,213,593,593,0.6960093896713615,0.9280125195618153,0.75,1.8133802816901408,1.0,123,0,729,163,358,76
university,target_71_3418,distance,0.05,matched_all_extended,1251,1190,,True,target,0.25,852,776,639,213,639,639,0.75,1.0,0.75,776.0,776.0,0,852,852,274,0,0
university,target_71_3418,distance,0.05,matched_reachable_oracle,939,893,0.9182535815055279,False,target,0.25,852,776,639,213,585,585,0.6866197183098591,0.9154929577464789,0.75,1.6126760563380282,1.0,147,0,705,145,383,71
university,target_71_3418,distance,0.1,full_frozen,1251,1127,0.8698587224776244,False,target,0.25,852,776,639,213,548,548,0.6431924882629108,0.8575899843505478,0.75,0.9859154929577465,1.0,244,0,608,78,457,40
university,target_71_3418,distance,0.1,matched_all_extended,1251,1127,,True,target,0.25,852,776,639,213,639,639,0.75,1.0,0.75,776.0,776.0,0,852,852,274,0,0
university,target_71_3418,distance,0.1,matched_reachable_oracle,939,846,0.8601728452833981,False,target,0.25,852,776,639,213,540,540,0.6338028169014085,0.8450704225352113,0.75,0.926056338028169,1.0,259,0,593,70,464,35
university,target_71_3418,aps_raw,0.01,full_frozen,1251,1240,28.630864167150232,False,target,0.25,852,776,639,213,633,633,0.7429577464788732,0.9906103286384976,0.75,57.836854460093896,58.0,0,0,852,274,0,0
university,target_71_3418,aps_raw,0.01,matched_all_extended,1251,1240,,True,target,0.25,852,776,639,213,639,639,0.75,1.0,0.75,776.0,776.0,0,852,852,274,0,0
university,target_71_3418,aps_raw,0.01,matched_reachable_oracle,939,931,12.52237921604185,False,target,0.25,852,776,639,213,633,633,0.7429577464788732,0.9906103286384976,0.75,24.646713615023476,25.0,0,0,852,274,0,0
university,target_71_3418,aps_raw,0.05,full_frozen,1251,1190,1.1542710448493194,False,target,0.25,852,776,639,213,605,605,0.710093896713615,0.94679186228482,0.75,1.8931924882629108,2.0,0,0,852,274,91,9
university,target_71_3418,aps_raw,0.05,matched_all_extended,1251,1190,,True,target,0.25,852,776,639,213,639,639,0.75,1.0,0.75,776.0,776.0,0,852,852,274,0,0
university,target_71_3418,aps_raw,0.05,matched_reachable_oracle,939,893,1.0849769950429518,False,target,0.25,852,776,639,213,595,595,0.6983568075117371,0.9311424100156495,0.75,1.5140845070422535,2.0,0,0,852,274,414,42
university,target_71_3418,aps_raw,0.1,full_frozen,1251,1127,0.6546436346022938,False,target,0.25,852,776,639,213,565,565,0.6631455399061033,0.8841940532081377,0.75,0.9835680751173709,1.0,14,0,838,273,838,273
university,target_71_3418,aps_raw,0.1,matched_all_extended,1251,1127,,True,target,0.25,852,776,639,213,639,639,0.75,1.0,0.75,776.0,776.0,0,852,852,274,0,0
university,target_71_3418,aps_raw,0.1,matched_reachable_oracle,939,846,0.6539711254356202,False,target,0.25,852,776,639,213,564,564,0.6619718309859155,0.8826291079812206,0.75,0.9823943661971831,1.0,15,0,837,273,837,273
university,target_71_3418,fixed_k,0.01,full_frozen,1251,1239,50.0,False,target,0.25,852,776,639,213,633,633,0.7429577464788732,0.9906103286384976,0.75,50.0,50.0,0,0,852,274,0,0
university,target_71_3418,fixed_k,0.01,matched_all_extended,1251,1239,,True,target,0.25,852,776,639,213,639,639,0.75,1.0,0.75,776.0,776.0,0,852,852,274,0,0
university,target_71_3418,fixed_k,0.01,matched_reachable_oracle,939,930,25.0,False,target,0.25,852,776,639,213,633,633,0.7429577464788732,0.9906103286384976,0.75,25.0,25.0,0,0,852,274,0,0
university,target_71_3418,fixed_k,0.05,full_frozen,1251,1189,2.0,False,target,0.25,852,776,639,213,610,610,0.715962441314554,0.9546165884194053,0.75,2.0,2.0,0,0,852,274,0,0
university,target_71_3418,fixed_k,0.05,matched_all_extended,1251,1189,,True,target,0.25,852,776,639,213,639,639,0.75,1.0,0.75,776.0,776.0,0,852,852,274,0,0
university,target_71_3418,fixed_k,0.05,matched_reachable_oracle,939,893,2.0,False,target,0.25,852,776,639,213,610,610,0.715962441314554,0.9546165884194053,0.75,2.0,2.0,0,0,852,274,0,0
university,target_71_3418,fixed_k,0.1,full_frozen,1251,1126,1.0,False,target,0.25,852,776,639,213,578,578,0.6784037558685446,0.9045383411580594,0.75,1.0,1.0,0,0,852,274,852,274
university,target_71_3418,fixed_k,0.1,matched_all_extended,1251,1126,,True,target,0.25,852,776,639,213,639,639,0.75,1.0,0.75,776.0,776.0,0,852,852,274,0,0
university,target_71_3418,fixed_k,0.1,matched_reachable_oracle,939,846,1.0,False,target,0.25,852,776,639,213,578,578,0.6784037558685446,0.9045383411580594,0.75,1.0,1.0,0,0,852,274,852,274
university,control_71_3418,distance,0.01,full_frozen,1251,1240,1.0527065299956362,False,control,0.25,852,776,852,0,845,845,0.9917840375586855,0.9917840375586855,1.0,32.97417840375587,29.0,0,0,852,70,0,0
university,control_71_3418,distance,0.01,matched_all_extended,1251,1240,1.0527065299956362,False,control,0.25,852,776,852,0,845,845,0.9917840375586855,0.9917840375586855,1.0,32.97417840375587,29.0,0,0,852,70,0,0
university,control_71_3418,distance,0.01,matched_reachable_oracle,1251,1240,1.0527065299956362,False,control,0.25,852,776,852,0,845,845,0.9917840375586855,0.9917840375586855,1.0,32.97417840375587,29.0,0,0,852,70,0,0
university,control_71_3418,distance,0.05,full_frozen,1251,1190,0.9258809992489222,False,control,0.25,852,776,852,0,798,798,0.9366197183098591,0.9366197183098591,1.0,2.1678403755868545,2.0,38,0,814,50,355,11
university,control_71_3418,distance,0.05,matched_all_extended,1251,1190,0.9258809992489222,False,control,0.25,852,776,852,0,798,798,0.9366197183098591,0.9366197183098591,1.0,2.1678403755868545,2.0,38,0,814,50,355,11
university,control_71_3418,distance,0.05,matched_reachable_oracle,1251,1190,0.9258809992489222,False,control,0.25,852,776,852,0,798,798,0.9366197183098591,0.9366197183098591,1.0,2.1678403755868545,2.0,38,0,814,50,355,11
university,control_71_3418,distance,0.1,full_frozen,1251,1127,0.8698587224776244,False,control,0.25,852,776,852,0,735,735,0.8626760563380281,0.8626760563380281,1.0,1.2417840375586855,1.0,111,0,741,28,530,5
university,control_71_3418,distance,0.1,matched_all_extended,1251,1127,0.8698587224776244,False,control,0.25,852,776,852,0,735,735,0.8626760563380281,0.8626760563380281,1.0,1.2417840375586855,1.0,111,0,741,28,530,5
university,control_71_3418,distance,0.1,matched_reachable_oracle,1251,1127,0.8698587224776244,False,control,0.25,852,776,852,0,735,735,0.8626760563380281,0.8626760563380281,1.0,1.2417840375586855,1.0,111,0,741,28,530,5
university,control_71_3418,aps_raw,0.01,full_frozen,1251,1240,28.630864167150232,False,control,0.25,852,776,852,0,845,845,0.9917840375586855,0.9917840375586855,1.0,57.737089201877936,58.0,0,0,852,70,0,0
university,control_71_3418,aps_raw,0.01,matched_all_extended,1251,1240,25.697045066766083,False,control,0.25,852,776,852,0,845,845,0.9917840375586855,0.9917840375586855,1.0,51.663145539906104,52.0,0,0,852,70,0,0
university,control_71_3418,aps_raw,0.01,matched_reachable_oracle,1251,1240,25.697045066766083,False,control,0.25,852,776,852,0,845,845,0.9917840375586855,0.9917840375586855,1.0,51.663145539906104,52.0,0,0,852,70,0,0
university,control_71_3418,aps_raw,0.05,full_frozen,1251,1190,1.1542710448493194,False,control,0.25,852,776,852,0,808,808,0.9483568075117371,0.9483568075117371,1.0,1.8450704225352113,2.0,0,0,852,70,132,10
university,control_71_3418,aps_raw,0.05,matched_all_extended,1251,1190,1.1484315990574965,False,control,0.25,852,776,852,0,808,808,0.9483568075117371,0.9483568075117371,1.0,1.8215962441314555,2.0,0,0,852,70,152,10
university,control_71_3418,aps_raw,0.05,matched_reachable_oracle,1251,1190,1.1484315990574965,False,control,0.25,852,776,852,0,808,808,0.9483568075117371,0.9483568075117371,1.0,1.8215962441314555,2.0,0,0,852,70,152,10
university,control_71_3418,aps_raw,0.1,full_frozen,1251,1127,0.6546436346022938,False,control,0.25,852,776,852,0,764,764,0.8967136150234741,0.8967136150234741,1.0,0.9776995305164319,1.0,19,0,833,69,833,69
university,control_71_3418,aps_raw,0.1,matched_all_extended,1251,1127,0.6532155922034415,False,control,0.25,852,776,852,0,761,761,0.8931924882629108,0.8931924882629108,1.0,0.9741784037558685,1.0,22,0,830,69,830,69
university,control_71_3418,aps_raw,0.1,matched_reachable_oracle,1251,1127,0.6532155922034415,False,control,0.25,852,776,852,0,761,761,0.8931924882629108,0.8931924882629108,1.0,0.9741784037558685,1.0,22,0,830,69,830,69
university,control_71_3418,fixed_k,0.01,full_frozen,1251,1239,50.0,False,control,0.25,852,776,852,0,845,845,0.9917840375586855,0.9917840375586855,1.0,50.0,50.0,0,0,852,70,0,0
university,control_71_3418,fixed_k,0.01,matched_all_extended,1251,1239,44.0,False,control,0.25,852,776,852,0,845,845,0.9917840375586855,0.9917840375586855,1.0,44.0,44.0,0,0,852,70,0,0
university,control_71_3418,fixed_k,0.01,matched_reachable_oracle,1251,1239,44.0,False,control,0.25,852,776,852,0,845,845,0.9917840375586855,0.9917840375586855,1.0,44.0,44.0,0,0,852,70,0,0
university,control_71_3418,fixed_k,0.05,full_frozen,1251,1189,2.0,False,control,0.25,852,776,852,0,817,817,0.9589201877934272,0.9589201877934272,1.0,2.0,2.0,0,0,852,70,0,0
university,control_71_3418,fixed_k,0.05,matched_all_extended,1251,1189,2.0,False,control,0.25,852,776,852,0,817,817,0.9589201877934272,0.9589201877934272,1.0,2.0,2.0,0,0,852,70,0,0
university,control_71_3418,fixed_k,0.05,matched_reachable_oracle,1251,1189,2.0,False,control,0.25,852,776,852,0,817,817,0.9589201877934272,0.9589201877934272,1.0,2.0,2.0,0,0,852,70,0,0
university,control_71_3418,fixed_k,0.1,full_frozen,1251,1126,1.0,False,control,0.25,852,776,852,0,782,782,0.9178403755868545,0.9178403755868545,1.0,1.0,1.0,0,0,852,70,852,70
university,control_71_3418,fixed_k,0.1,matched_all_extended,1251,1126,1.0,False,control,0.25,852,776,852,0,782,782,0.9178403755868545,0.9178403755868545,1.0,1.0,1.0,0,0,852,70,852,70
university,control_71_3418,fixed_k,0.1,matched_reachable_oracle,1251,1126,1.0,False,control,0.25,852,776,852,0,782,782,0.9178403755868545,0.9178403755868545,1.0,1.0,1.0,0,0,852,70,852,70
university,target_142_3418,distance,0.01,full_frozen,1251,1240,1.0527065299956362,False,target,0.5,852,601,426,426,423,423,0.4964788732394366,0.9929577464788732,0.5,23.603286384976524,21.0,0,0,852,456,0,0
university,target_142_3418,distance,0.01,matched_all_extended,1251,1240,,True,target,0.5,852,601,426,426,426,426,0.5,1.0,0.5,601.0,601.0,0,852,852,456,0,0
university,target_142_3418,distance,0.01,matched_reachable_oracle,627,622,1.0498754086847106,False,target,0.5,852,601,426,426,422,422,0.4953051643192488,0.9906103286384976,0.5,21.799295774647888,19.0,0,0,852,456,0,0
university,target_142_3418,distance,0.05,full_frozen,1251,1190,0.9258809992489222,False,target,0.5,852,601,426,426,399,399,0.46830985915492956,0.9366197183098591,0.5,1.341549295774648,1.0,270,0,582,195,329,111
university,target_142_3418,distance,0.05,matched_all_extended,1251,1190,,True,target,0.5,852,601,426,426,426,426,0.5,1.0,0.5,601.0,601.0,0,852,852,456,0,0
university,target_142_3418,distance,0.05,matched_reachable_oracle,627,597,0.9182535815055279,False,target,0.5,852,601,426,426,394,394,0.4624413145539906,0.9248826291079812,0.5,1.181924882629108,1.0,299,0,553,170,342,103
university,target_142_3418,distance,0.1,full_frozen,1251,1127,0.8698587224776244,False,target,0.5,852,601,426,426,369,369,0.43309859154929575,0.8661971830985915,0.5,0.7007042253521126,1.0,406,0,446,86,354,53
university,target_142_3418,distance,0.1,matched_all_extended,1251,1127,,True,target,0.5,852,601,426,426,426,426,0.5,1.0,0.5,601.0,601.0,0,852,852,456,0,0
university,target_142_3418,distance,0.1,matched_reachable_oracle,627,566,0.857676172682752,False,target,0.5,852,601,426,426,364,364,0.4272300469483568,0.8544600938967136,0.5,0.6443661971830986,0.5,426,0,426,71,347,40
university,target_142_3418,aps_raw,0.01,full_frozen,1251,1240,28.630864167150232,False,target,0.5,852,601,426,426,423,423,0.4964788732394366,0.9929577464788732,0.5,58.15845070422535,58.0,0,0,852,456,0,0
university,target_142_3418,aps_raw,0.01,matched_all_extended,1251,1240,,True,target,0.5,852,601,426,426,426,426,0.5,1.0,0.5,601.0,601.0,0,852,852,456,0,0
university,target_142_3418,aps_raw,0.01,matched_reachable_oracle,627,622,10.546080154589243,False,target,0.5,852,601,426,426,423,423,0.4964788732394366,0.9929577464788732,0.5,20.775821596244132,21.0,0,0,852,456,0,0
university,target_142_3418,aps_raw,0.05,full_frozen,1251,1190,1.1542710448493194,False,target,0.5,852,601,426,426,410,410,0.4812206572769953,0.9624413145539906,0.5,1.949530516431925,2.0,0,0,852,456,43,4
university,target_142_3418,aps_raw,0.05,matched_all_extended,1251,1190,,True,target,0.5,852,601,426,426,426,426,0.5,1.0,0.5,601.0,601.0,0,852,852,456,0,0
university,target_142_3418,aps_raw,0.05,matched_reachable_oracle,627,597,1.0284016739603974,False,target,0.5,852,601,426,426,399,399,0.46830985915492956,0.9366197183098591,0.5,1.3039906103286385,1.0,0,0,852,456,593,207
university,target_142_3418,aps_raw,0.1,full_frozen,1251,1127,0.6546436346022938,False,target,0.5,852,601,426,426,388,388,0.45539906103286387,0.9107981220657277,0.5,0.9894366197183099,1.0,9,0,843,455,843,455
university,target_142_3418,aps_raw,0.1,matched_all_extended,1251,1127,,True,target,0.5,852,601,426,426,426,426,0.5,1.0,0.5,601.0,601.0,0,852,852,456,0,0
university,target_142_3418,aps_raw,0.1,matched_reachable_oracle,627,566,0.6522431457721375,False,target,0.5,852,601,426,426,387,387,0.45422535211267606,0.9084507042253521,0.5,0.9870892018779343,1.0,11,0,841,454,841,454
university,target_142_3418,fixed_k,0.01,full_frozen,1251,1239,50.0,False,target,0.5,852,601,426,426,423,423,0.4964788732394366,0.9929577464788732,0.5,50.0,50.0,0,0,852,456,0,0
university,target_142_3418,fixed_k,0.01,matched_all_extended,1251,1239,,True,target,0.5,852,601,426,426,426,426,0.5,1.0,0.5,601.0,601.0,0,852,852,456,0,0
university,target_142_3418,fixed_k,0.01,matched_reachable_oracle,627,621,19.0,False,target,0.5,852,601,426,426,423,423,0.4964788732394366,0.9929577464788732,0.5,19.0,19.0,0,0,852,456,0,0
university,target_142_3418,fixed_k,0.05,full_frozen,1251,1189,2.0,False,target,0.5,852,601,426,426,410,410,0.4812206572769953,0.9624413145539906,0.5,2.0,2.0,0,0,852,456,0,0
university,target_142_3418,fixed_k,0.05,matched_all_extended,1251,1189,,True,target,0.5,852,601,426,426,426,426,0.5,1.0,0.5,601.0,601.0,0,852,852,456,0,0
university,target_142_3418,fixed_k,0.05,matched_reachable_oracle,627,596,1.0,False,target,0.5,852,601,426,426,396,396,0.4647887323943662,0.9295774647887324,0.5,1.0,1.0,0,0,852,456,852,456
university,target_142_3418,fixed_k,0.1,full_frozen,1251,1126,1.0,False,target,0.5,852,601,426,426,396,396,0.4647887323943662,0.9295774647887324,0.5,1.0,1.0,0,0,852,456,852,456
university,target_142_3418,fixed_k,0.1,matched_all_extended,1251,1126,,True,target,0.5,852,601,426,426,426,426,0.5,1.0,0.5,601.0,601.0,0,852,852,456,0,0
university,target_142_3418,fixed_k,0.1,matched_reachable_oracle,627,565,1.0,False,target,0.5,852,601,426,426,396,396,0.4647887323943662,0.9295774647887324,0.5,1.0,1.0,0,0,852,456,852,456
university,target_71_3419,distance,0.01,full_frozen,1251,1240,1.0527065299956362,False,target,0.25,852,776,639,213,632,632,0.7417840375586855,0.9890453834115805,0.75,31.104460093896712,28.0,0,0,852,274,0,0
university,target_71_3419,distance,0.01,matched_all_extended,1251,1240,,True,target,0.25,852,776,639,213,639,639,0.75,1.0,0.75,776.0,776.0,0,852,852,274,0,0
university,target_71_3419,distance,0.01,matched_reachable_oracle,939,931,1.0498754086847106,False,target,0.25,852,776,639,213,631,631,0.7406103286384976,0.9874804381846636,0.75,28.74413145539906,26.0,0,0,852,274,0,0
university,target_71_3419,distance,0.05,full_frozen,1251,1190,0.9258809992489222,False,target,0.25,852,776,639,213,596,596,0.6995305164319249,0.9327073552425665,0.75,1.8626760563380282,1.0,124,0,728,159,334,64
university,target_71_3419,distance,0.05,matched_all_extended,1251,1190,,True,target,0.25,852,776,639,213,639,639,0.75,1.0,0.75,776.0,776.0,0,852,852,274,0,0
university,target_71_3419,distance,0.05,matched_reachable_oracle,939,893,0.9182535815055279,False,target,0.25,852,776,639,213,594,594,0.6971830985915493,0.9295774647887324,0.75,1.67018779342723,1.0,141,0,711,142,356,55
university,target_71_3419,distance,0.1,full_frozen,1251,1127,0.8698587224776244,False,target,0.25,852,776,639,213,551,551,0.6467136150234741,0.8622848200312989,0.75,1.0293427230046948,1.0,248,0,604,73,433,32
university,target_71_3419,distance,0.1,matched_all_extended,1251,1127,,True,target,0.25,852,776,639,213,639,639,0.75,1.0,0.75,776.0,776.0,0,852,852,274,0,0
university,target_71_3419,distance,0.1,matched_reachable_oracle,939,846,0.8601728452833981,False,target,0.25,852,776,639,213,538,538,0.6314553990610329,0.8419405320813772,0.75,0.9483568075117371,1.0,266,0,586,66,448,33
university,target_71_3419,aps_raw,0.01,full_frozen,1251,1240,28.630864167150232,False,target,0.25,852,776,639,213,632,632,0.7417840375586855,0.9890453834115805,0.75,57.83098591549296,58.0,0,0,852,274,0,0
university,target_71_3419,aps_raw,0.01,matched_all_extended,1251,1240,,True,target,0.25,852,776,639,213,639,639,0.75,1.0,0.75,776.0,776.0,0,852,852,274,0,0
university,target_71_3419,aps_raw,0.01,matched_reachable_oracle,939,931,15.823708446525112,False,target,0.25,852,776,639,213,632,632,0.7417840375586855,0.9890453834115805,0.75,31.316901408450704,31.0,0,0,852,274,0,0
university,target_71_3419,aps_raw,0.05,full_frozen,1251,1190,1.1542710448493194,False,target,0.25,852,776,639,213,602,602,0.7065727699530516,0.9420970266040689,0.75,1.8849765258215962,2.0,0,0,852,274,98,9
university,target_71_3419,aps_raw,0.05,matched_all_extended,1251,1190,,True,target,0.25,852,776,639,213,639,639,0.75,1.0,0.75,776.0,776.0,0,852,852,274,0,0
university,target_71_3419,aps_raw,0.05,matched_reachable_oracle,939,893,0.6962865329832085,False,target,0.25,852,776,639,213,576,576,0.676056338028169,0.9014084507042254,0.75,0.9976525821596244,1.0,2,0,850,274,850,274
university,target_71_3419,aps_raw,0.1,full_frozen,1251,1127,0.6546436346022938,False,target,0.25,852,776,639,213,564,564,0.6619718309859155,0.8826291079812206,0.75,0.9823943661971831,1.0,15,0,837,273,837,273
university,target_71_3419,aps_raw,0.1,matched_all_extended,1251,1127,,True,target,0.25,852,776,639,213,639,639,0.75,1.0,0.75,776.0,776.0,0,852,852,274,0,0
university,target_71_3419,aps_raw,0.1,matched_reachable_oracle,939,846,0.6481554647458174,False,target,0.25,852,776,639,213,552,552,0.647887323943662,0.863849765258216,0.75,0.9683098591549296,1.0,27,0,825,273,825,273
university,target_71_3419,fixed_k,0.01,full_frozen,1251,1239,50.0,False,target,0.25,852,776,639,213,632,632,0.7417840375586855,0.9890453834115805,0.75,50.0,50.0,0,0,852,274,0,0
university,target_71_3419,fixed_k,0.01,matched_all_extended,1251,1239,,True,target,0.25,852,776,639,213,639,639,0.75,1.0,0.75,776.0,776.0,0,852,852,274,0,0
university,target_71_3419,fixed_k,0.01,matched_reachable_oracle,939,930,29.0,False,target,0.25,852,776,639,213,632,632,0.7417840375586855,0.9890453834115805,0.75,29.0,29.0,0,0,852,274,0,0
university,target_71_3419,fixed_k,0.05,full_frozen,1251,1189,2.0,False,target,0.25,852,776,639,213,608,608,0.7136150234741784,0.9514866979655712,0.75,2.0,2.0,0,0,852,274,0,0
university,target_71_3419,fixed_k,0.05,matched_all_extended,1251,1189,,True,target,0.25,852,776,639,213,639,639,0.75,1.0,0.75,776.0,776.0,0,852,852,274,0,0
university,target_71_3419,fixed_k,0.05,matched_reachable_oracle,939,893,1.0,False,target,0.25,852,776,639,213,578,578,0.6784037558685446,0.9045383411580594,0.75,1.0,1.0,0,0,852,274,852,274
university,target_71_3419,fixed_k,0.1,full_frozen,1251,1126,1.0,False,target,0.25,852,776,639,213,578,578,0.6784037558685446,0.9045383411580594,0.75,1.0,1.0,0,0,852,274,852,274
university,target_71_3419,fixed_k,0.1,matched_all_extended,1251,1126,,True,target,0.25,852,776,639,213,639,639,0.75,1.0,0.75,776.0,776.0,0,852,852,274,0,0
university,target_71_3419,fixed_k,0.1,matched_reachable_oracle,939,846,1.0,False,target,0.25,852,776,639,213,578,578,0.6784037558685446,0.9045383411580594,0.75,1.0,1.0,0,0,852,274,852,274
university,control_71_3419,distance,0.01,full_frozen,1251,1240,1.0527065299956362,False,control,0.25,852,776,852,0,845,845,0.9917840375586855,0.9917840375586855,1.0,32.825117370892016,29.0,0,0,852,70,0,0
university,control_71_3419,distance,0.01,matched_all_extended,1251,1240,1.0527065299956362,False,control,0.25,852,776,852,0,845,845,0.9917840375586855,0.9917840375586855,1.0,32.825117370892016,29.0,0,0,852,70,0,0
university,control_71_3419,distance,0.01,matched_reachable_oracle,1251,1240,1.0527065299956362,False,control,0.25,852,776,852,0,845,845,0.9917840375586855,0.9917840375586855,1.0,32.825117370892016,29.0,0,0,852,70,0,0
university,control_71_3419,distance,0.05,full_frozen,1251,1190,0.9258809992489222,False,control,0.25,852,776,852,0,798,798,0.9366197183098591,0.9366197183098591,1.0,2.136150234741784,2.0,39,0,813,49,355,10
university,control_71_3419,distance,0.05,matched_all_extended,1251,1190,0.9258809992489222,False,control,0.25,852,776,852,0,798,798,0.9366197183098591,0.9366197183098591,1.0,2.136150234741784,2.0,39,0,813,49,355,10
university,control_71_3419,distance,0.05,matched_reachable_oracle,1251,1190,0.9258809992489222,False,control,0.25,852,776,852,0,798,798,0.9366197183098591,0.9366197183098591,1.0,2.136150234741784,2.0,39,0,813,49,355,10
university,control_71_3419,distance,0.1,full_frozen,1251,1127,0.8698587224776244,False,control,0.25,852,776,852,0,735,735,0.8626760563380281,0.8626760563380281,1.0,1.2230046948356808,1.0,111,0,741,28,535,5
university,control_71_3419,distance,0.1,matched_all_extended,1251,1127,0.8698587224776244,False,control,0.25,852,776,852,0,735,735,0.8626760563380281,0.8626760563380281,1.0,1.2230046948356808,1.0,111,0,741,28,535,5
university,control_71_3419,distance,0.1,matched_reachable_oracle,1251,1127,0.8698587224776244,False,control,0.25,852,776,852,0,735,735,0.8626760563380281,0.8626760563380281,1.0,1.2230046948356808,1.0,111,0,741,28,535,5
university,control_71_3419,aps_raw,0.01,full_frozen,1251,1240,28.630864167150232,False,control,0.25,852,776,852,0,845,845,0.9917840375586855,0.9917840375586855,1.0,57.74647887323944,58.0,0,0,852,70,0,0
university,control_71_3419,aps_raw,0.01,matched_all_extended,1251,1240,24.72584946289481,False,control,0.25,852,776,852,0,845,845,0.9917840375586855,0.9917840375586855,1.0,49.663145539906104,50.0,0,0,852,70,0,0
university,control_71_3419,aps_raw,0.01,matched_reachable_oracle,1251,1240,24.72584946289481,False,control,0.25,852,776,852,0,845,845,0.9917840375586855,0.9917840375586855,1.0,49.663145539906104,50.0,0,0,852,70,0,0
university,control_71_3419,aps_raw,0.05,full_frozen,1251,1190,1.1542710448493194,False,control,0.25,852,776,852,0,809,809,0.9495305164319249,0.9495305164319249,1.0,1.8474178403755868,2.0,0,0,852,70,130,10
university,control_71_3419,aps_raw,0.05,matched_all_extended,1251,1190,1.1484315990574965,False,control,0.25,852,776,852,0,809,809,0.9495305164319249,0.9495305164319249,1.0,1.8215962441314555,2.0,0,0,852,70,152,10
university,control_71_3419,aps_raw,0.05,matched_reachable_oracle,1251,1190,1.1484315990574965,False,control,0.25,852,776,852,0,809,809,0.9495305164319249,0.9495305164319249,1.0,1.8215962441314555,2.0,0,0,852,70,152,10
university,control_71_3419,aps_raw,0.1,full_frozen,1251,1127,0.6546436346022938,False,control,0.25,852,776,852,0,764,764,0.8967136150234741,0.8967136150234741,1.0,0.9776995305164319,1.0,19,0,833,69,833,69
university,control_71_3419,aps_raw,0.1,matched_all_extended,1251,1127,0.6529510051819792,False,control,0.25,852,776,852,0,760,760,0.892018779342723,0.892018779342723,1.0,0.9730046948356808,1.0,23,0,829,69,829,69
university,control_71_3419,aps_raw,0.1,matched_reachable_oracle,1251,1127,0.6529510051819792,False,control,0.25,852,776,852,0,760,760,0.892018779342723,0.892018779342723,1.0,0.9730046948356808,1.0,23,0,829,69,829,69
university,control_71_3419,fixed_k,0.01,full_frozen,1251,1239,50.0,False,control,0.25,852,776,852,0,845,845,0.9917840375586855,0.9917840375586855,1.0,50.0,50.0,0,0,852,70,0,0
university,control_71_3419,fixed_k,0.01,matched_all_extended,1251,1239,43.0,False,control,0.25,852,776,852,0,845,845,0.9917840375586855,0.9917840375586855,1.0,43.0,43.0,0,0,852,70,0,0
university,control_71_3419,fixed_k,0.01,matched_reachable_oracle,1251,1239,43.0,False,control,0.25,852,776,852,0,845,845,0.9917840375586855,0.9917840375586855,1.0,43.0,43.0,0,0,852,70,0,0
university,control_71_3419,fixed_k,0.05,full_frozen,1251,1189,2.0,False,control,0.25,852,776,852,0,818,818,0.960093896713615,0.960093896713615,1.0,2.0,2.0,0,0,852,70,0,0
university,control_71_3419,fixed_k,0.05,matched_all_extended,1251,1189,2.0,False,control,0.25,852,776,852,0,818,818,0.960093896713615,0.960093896713615,1.0,2.0,2.0,0,0,852,70,0,0
university,control_71_3419,fixed_k,0.05,matched_reachable_oracle,1251,1189,2.0,False,control,0.25,852,776,852,0,818,818,0.960093896713615,0.960093896713615,1.0,2.0,2.0,0,0,852,70,0,0
university,control_71_3419,fixed_k,0.1,full_frozen,1251,1126,1.0,False,control,0.25,852,776,852,0,782,782,0.9178403755868545,0.9178403755868545,1.0,1.0,1.0,0,0,852,70,852,70
university,control_71_3419,fixed_k,0.1,matched_all_extended,1251,1126,1.0,False,control,0.25,852,776,852,0,782,782,0.9178403755868545,0.9178403755868545,1.0,1.0,1.0,0,0,852,70,852,70
university,control_71_3419,fixed_k,0.1,matched_reachable_oracle,1251,1126,1.0,False,control,0.25,852,776,852,0,782,782,0.9178403755868545,0.9178403755868545,1.0,1.0,1.0,0,0,852,70,852,70
university,target_142_3419,distance,0.01,full_frozen,1251,1240,1.0527065299956362,False,target,0.5,852,601,426,426,422,422,0.4953051643192488,0.9906103286384976,0.5,23.242957746478872,21.0,0,0,852,464,0,0
university,target_142_3419,distance,0.01,matched_all_extended,1251,1240,,True,target,0.5,852,601,426,426,426,426,0.5,1.0,0.5,601.0,601.0,0,852,852,464,0,0
university,target_142_3419,distance,0.01,matched_reachable_oracle,627,622,0.9508323689329596,False,target,0.5,852,601,426,426,407,407,0.47769953051643194,0.9553990610328639,0.5,1.9330985915492958,1.0,156,0,696,308,282,121
university,target_142_3419,distance,0.05,full_frozen,1251,1190,0.9258809992489222,False,target,0.5,852,601,426,426,396,396,0.4647887323943662,0.9295774647887324,0.5,1.261737089201878,1.0,256,0,596,213,338,113
university,target_142_3419,distance,0.05,matched_all_extended,1251,1190,,True,target,0.5,852,601,426,426,426,426,0.5,1.0,0.5,601.0,601.0,0,852,852,464,0,0
university,target_142_3419,distance,0.05,matched_reachable_oracle,627,597,0.8939895307191195,False,target,0.5,852,601,426,426,382,382,0.44835680751173707,0.8967136150234741,0.5,0.857981220657277,1.0,342,0,510,139,379,89
university,target_142_3419,distance,0.1,full_frozen,1251,1127,0.8698587224776244,False,target,0.5,852,601,426,426,368,368,0.431924882629108,0.863849765258216,0.5,0.704225352112676,1.0,397,0,455,96,363,60
university,target_142_3419,distance,0.1,matched_all_extended,1251,1127,,True,target,0.5,852,601,426,426,426,426,0.5,1.0,0.5,601.0,601.0,0,852,852,464,0,0
university,target_142_3419,distance,0.1,matched_reachable_oracle,627,566,0.8495916771476265,False,target,0.5,852,601,426,426,349,349,0.4096244131455399,0.8192488262910798,0.5,0.5927230046948356,0.0,439,0,413,72,350,47
university,target_142_3419,aps_raw,0.01,full_frozen,1251,1240,28.630864167150232,False,target,0.5,852,601,426,426,422,422,0.4953051643192488,0.9906103286384976,0.5,58.17018779342723,58.0,0,0,852,464,0,0
university,target_142_3419,aps_raw,0.01,matched_all_extended,1251,1240,,True,target,0.5,852,601,426,426,426,426,0.5,1.0,0.5,601.0,601.0,0,852,852,464,0,0
university,target_142_3419,aps_raw,0.01,matched_reachable_oracle,627,622,1.5116105038276344,False,target,0.5,852,601,426,426,408,408,0.4788732394366197,0.9577464788732394,0.5,2.107981220657277,2.0,0,0,852,464,0,0
university,target_142_3419,aps_raw,0.05,full_frozen,1251,1190,1.1542710448493194,False,target,0.5,852,601,426,426,408,408,0.4788732394366197,0.9577464788732394,0.5,1.9366197183098592,2.0,0,0,852,464,54,1
university,target_142_3419,aps_raw,0.05,matched_all_extended,1251,1190,,True,target,0.5,852,601,426,426,426,426,0.5,1.0,0.5,601.0,601.0,0,852,852,464,0,0
university,target_142_3419,aps_raw,0.05,matched_reachable_oracle,627,597,0.6645484710218827,False,target,0.5,852,601,426,426,378,378,0.44366197183098594,0.8873239436619719,0.5,0.9882629107981221,1.0,10,0,842,464,842,464
university,target_142_3419,aps_raw,0.1,full_frozen,1251,1127,0.6546436346022938,False,target,0.5,852,601,426,426,377,377,0.4424882629107981,0.8849765258215962,0.5,0.9870892018779343,1.0,11,0,841,464,841,464
university,target_142_3419,aps_raw,0.1,matched_all_extended,1251,1127,,True,target,0.5,852,601,426,426,426,426,0.5,1.0,0.5,601.0,601.0,0,852,852,464,0,0
university,target_142_3419,aps_raw,0.1,matched_reachable_oracle,627,566,0.6409249013926198,False,target,0.5,852,601,426,426,360,360,0.4225352112676056,0.8450704225352113,0.5,0.9671361502347418,1.0,28,0,824,464,824,464
university,target_142_3419,fixed_k,0.01,full_frozen,1251,1239,50.0,False,target,0.5,852,601,426,426,422,422,0.4953051643192488,0.9906103286384976,0.5,50.0,50.0,0,0,852,464,0,0
university,target_142_3419,fixed_k,0.01,matched_all_extended,1251,1239,,True,target,0.5,852,601,426,426,426,426,0.5,1.0,0.5,601.0,601.0,0,852,852,464,0,0
university,target_142_3419,fixed_k,0.01,matched_reachable_oracle,627,621,2.0,False,target,0.5,852,601,426,426,408,408,0.4788732394366197,0.9577464788732394,0.5,2.0,2.0,0,0,852,464,0,0
university,target_142_3419,fixed_k,0.05,full_frozen,1251,1189,2.0,False,target,0.5,852,601,426,426,408,408,0.4788732394366197,0.9577464788732394,0.5,2.0,2.0,0,0,852,464,0,0
university,target_142_3419,fixed_k,0.05,matched_all_extended,1251,1189,,True,target,0.5,852,601,426,426,426,426,0.5,1.0,0.5,601.0,601.0,0,852,852,464,0,0
university,target_142_3419,fixed_k,0.05,matched_reachable_oracle,627,596,1.0,False,target,0.5,852,601,426,426,388,388,0.45539906103286387,0.9107981220657277,0.5,1.0,1.0,0,0,852,464,852,464
university,target_142_3419,fixed_k,0.1,full_frozen,1251,1126,1.0,False,target,0.5,852,601,426,426,388,388,0.45539906103286387,0.9107981220657277,0.5,1.0,1.0,0,0,852,464,852,464
university,target_142_3419,fixed_k,0.1,matched_all_extended,1251,1126,,True,target,0.5,852,601,426,426,426,426,0.5,1.0,0.5,601.0,601.0,0,852,852,464,0,0
university,target_142_3419,fixed_k,0.1,matched_reachable_oracle,627,565,1.0,False,target,0.5,852,601,426,426,388,388,0.45539906103286387,0.9107981220657277,0.5,1.0,1.0,0,0,852,464,852,464
university,target_71_3420,distance,0.01,full_frozen,1251,1240,1.0527065299956362,False,target,0.25,852,776,639,213,635,635,0.7453051643192489,0.9937402190923318,0.75,31.221830985915492,28.0,0,0,852,260,0,0
university,target_71_3420,distance,0.01,matched_all_extended,1251,1240,,True,target,0.25,852,776,639,213,639,639,0.75,1.0,0.75,776.0,776.0,0,852,852,260,0,0
university,target_71_3420,distance,0.01,matched_reachable_oracle,939,931,1.0527065299956362,False,target,0.25,852,776,639,213,635,635,0.7453051643192489,0.9937402190923318,0.75,31.221830985915492,28.0,0,0,852,260,0,0
university,target_71_3420,distance,0.05,full_frozen,1251,1190,0.9258809992489222,False,target,0.25,852,776,639,213,600,600,0.704225352112676,0.9389671361502347,0.75,1.784037558685446,1.0,123,0,729,150,376,73
university,target_71_3420,distance,0.05,matched_all_extended,1251,1190,,True,target,0.25,852,776,639,213,639,639,0.75,1.0,0.75,776.0,776.0,0,852,852,260,0,0
university,target_71_3420,distance,0.05,matched_reachable_oracle,939,893,0.9063453931544362,False,target,0.25,852,776,639,213,590,590,0.6924882629107981,0.9233176838810642,0.75,1.3931924882629108,1.0,166,0,686,117,436,67
university,target_71_3420,distance,0.1,full_frozen,1251,1127,0.8698587224776244,False,target,0.25,852,776,639,213,557,557,0.653755868544601,0.8716744913928013,0.75,0.9894366197183099,1.0,245,0,607,66,464,37
university,target_71_3420,distance,0.1,matched_all_extended,1251,1127,,True,target,0.25,852,776,639,213,639,639,0.75,1.0,0.75,776.0,776.0,0,852,852,260,0,0
university,target_71_3420,distance,0.1,matched_reachable_oracle,939,846,0.8603490782580605,False,target,0.25,852,776,639,213,549,549,0.6443661971830986,0.8591549295774648,0.75,0.9248826291079812,1.0,256,0,596,62,479,35
university,target_71_3420,aps_raw,0.01,full_frozen,1251,1240,28.630864167150232,False,target,0.25,852,776,639,213,635,635,0.7453051643192489,0.9937402190923318,0.75,57.83450704225352,58.0,0,0,852,260,0,0
university,target_71_3420,aps_raw,0.01,matched_all_extended,1251,1240,,True,target,0.25,852,776,639,213,639,639,0.75,1.0,0.75,776.0,776.0,0,852,852,260,0,0
university,target_71_3420,aps_raw,0.01,matched_reachable_oracle,939,931,22.2391581726448,False,target,0.25,852,776,639,213,635,635,0.7453051643192489,0.9937402190923318,0.75,44.5962441314554,45.0,0,0,852,260,0,0
university,target_71_3420,aps_raw,0.05,full_frozen,1251,1190,1.1542710448493194,False,target,0.25,852,776,639,213,614,614,0.7206572769953051,0.9608763693270735,0.75,1.8955399061032865,2.0,0,0,852,260,89,7
university,target_71_3420,aps_raw,0.05,matched_all_extended,1251,1190,,True,target,0.25,852,776,639,213,639,639,0.75,1.0,0.75,776.0,776.0,0,852,852,260,0,0
university,target_71_3420,aps_raw,0.05,matched_reachable_oracle,939,893,0.6866281170235475,False,target,0.25,852,776,639,213,589,589,0.6913145539906104,0.9217527386541471,0.75,0.9964788732394366,1.0,3,0,849,260,849,260
university,target_71_3420,aps_raw,0.1,full_frozen,1251,1127,0.6546436346022938,False,target,0.25,852,776,639,213,575,575,0.6748826291079812,0.8998435054773083,0.75,0.9788732394366197,1.0,18,0,834,259,834,259
university,target_71_3420,aps_raw,0.1,matched_all_extended,1251,1127,,True,target,0.25,852,776,639,213,639,639,0.75,1.0,0.75,776.0,776.0,0,852,852,260,0,0
university,target_71_3420,aps_raw,0.1,matched_reachable_oracle,939,846,0.64534497897871,False,target,0.25,852,776,639,213,558,558,0.6549295774647887,0.8732394366197183,0.75,0.9589201877934272,1.0,35,0,817,259,817,259
university,target_71_3420,fixed_k,0.01,full_frozen,1251,1239,50.0,False,target,0.25,852,776,639,213,635,635,0.7453051643192489,0.9937402190923318,0.75,50.0,50.0,0,0,852,260,0,0
university,target_71_3420,fixed_k,0.01,matched_all_extended,1251,1239,,True,target,0.25,852,776,639,213,639,639,0.75,1.0,0.75,776.0,776.0,0,852,852,260,0,0
university,target_71_3420,fixed_k,0.01,matched_reachable_oracle,939,930,42.0,False,target,0.25,852,776,639,213,635,635,0.7453051643192489,0.9937402190923318,0.75,42.0,42.0,0,0,852,260,0,0
university,target_71_3420,fixed_k,0.05,full_frozen,1251,1189,2.0,False,target,0.25,852,776,639,213,617,617,0.7241784037558685,0.9655712050078247,0.75,2.0,2.0,0,0,852,260,0,0
university,target_71_3420,fixed_k,0.05,matched_all_extended,1251,1189,,True,target,0.25,852,776,639,213,639,639,0.75,1.0,0.75,776.0,776.0,0,852,852,260,0,0
university,target_71_3420,fixed_k,0.05,matched_reachable_oracle,939,893,1.0,False,target,0.25,852,776,639,213,592,592,0.6948356807511737,0.9264475743348983,0.75,1.0,1.0,0,0,852,260,852,260
university,target_71_3420,fixed_k,0.1,full_frozen,1251,1126,1.0,False,target,0.25,852,776,639,213,592,592,0.6948356807511737,0.9264475743348983,0.75,1.0,1.0,0,0,852,260,852,260
university,target_71_3420,fixed_k,0.1,matched_all_extended,1251,1126,,True,target,0.25,852,776,639,213,639,639,0.75,1.0,0.75,776.0,776.0,0,852,852,260,0,0
university,target_71_3420,fixed_k,0.1,matched_reachable_oracle,939,846,1.0,False,target,0.25,852,776,639,213,592,592,0.6948356807511737,0.9264475743348983,0.75,1.0,1.0,0,0,852,260,852,260
university,control_71_3420,distance,0.01,full_frozen,1251,1240,1.0527065299956362,False,control,0.25,852,776,852,0,845,845,0.9917840375586855,0.9917840375586855,1.0,32.708920187793424,29.0,0,0,852,70,0,0
university,control_71_3420,distance,0.01,matched_all_extended,1251,1240,1.0527065299956362,False,control,0.25,852,776,852,0,845,845,0.9917840375586855,0.9917840375586855,1.0,32.708920187793424,29.0,0,0,852,70,0,0
university,control_71_3420,distance,0.01,matched_reachable_oracle,1251,1240,1.0527065299956362,False,control,0.25,852,776,852,0,845,845,0.9917840375586855,0.9917840375586855,1.0,32.708920187793424,29.0,0,0,852,70,0,0
university,control_71_3420,distance,0.05,full_frozen,1251,1190,0.9258809992489222,False,control,0.25,852,776,852,0,798,798,0.9366197183098591,0.9366197183098591,1.0,2.1514084507042255,2.0,37,0,815,51,360,12
university,control_71_3420,distance,0.05,matched_all_extended,1251,1190,0.9258809992489222,False,control,0.25,852,776,852,0,798,798,0.9366197183098591,0.9366197183098591,1.0,2.1514084507042255,2.0,37,0,815,51,360,12
university,control_71_3420,distance,0.05,matched_reachable_oracle,1251,1190,0.9258809992489222,False,control,0.25,852,776,852,0,798,798,0.9366197183098591,0.9366197183098591,1.0,2.1514084507042255,2.0,37,0,815,51,360,12
university,control_71_3420,distance,0.1,full_frozen,1251,1127,0.8698587224776244,False,control,0.25,852,776,852,0,735,735,0.8626760563380281,0.8626760563380281,1.0,1.233568075117371,1.0,111,0,741,28,531,5
university,control_71_3420,distance,0.1,matched_all_extended,1251,1127,0.8698587224776244,False,control,0.25,852,776,852,0,735,735,0.8626760563380281,0.8626760563380281,1.0,1.233568075117371,1.0,111,0,741,28,531,5
university,control_71_3420,distance,0.1,matched_reachable_oracle,1251,1127,0.8698587224776244,False,control,0.25,852,776,852,0,735,735,0.8626760563380281,0.8626760563380281,1.0,1.233568075117371,1.0,111,0,741,28,531,5
university,control_71_3420,aps_raw,0.01,full_frozen,1251,1240,28.630864167150232,False,control,0.25,852,776,852,0,845,845,0.9917840375586855,0.9917840375586855,1.0,57.74530516431925,58.0,0,0,852,70,0,0
university,control_71_3420,aps_raw,0.01,matched_all_extended,1251,1240,25.69778144957598,False,control,0.25,852,776,852,0,845,845,0.9917840375586855,0.9917840375586855,1.0,51.67605633802817,52.0,0,0,852,70,0,0
university,control_71_3420,aps_raw,0.01,matched_reachable_oracle,1251,1240,25.69778144957598,False,control,0.25,852,776,852,0,845,845,0.9917840375586855,0.9917840375586855,1.0,51.67605633802817,52.0,0,0,852,70,0,0
university,control_71_3420,aps_raw,0.05,full_frozen,1251,1190,1.1542710448493194,False,control,0.25,852,776,852,0,808,808,0.9483568075117371,0.9483568075117371,1.0,1.8474178403755868,2.0,0,0,852,70,130,10
university,control_71_3420,aps_raw,0.05,matched_all_extended,1251,1190,1.1484315990574965,False,control,0.25,852,776,852,0,808,808,0.9483568075117371,0.9483568075117371,1.0,1.8215962441314555,2.0,0,0,852,70,152,10
university,control_71_3420,aps_raw,0.05,matched_reachable_oracle,1251,1190,1.1484315990574965,False,control,0.25,852,776,852,0,808,808,0.9483568075117371,0.9483568075117371,1.0,1.8215962441314555,2.0,0,0,852,70,152,10
university,control_71_3420,aps_raw,0.1,full_frozen,1251,1127,0.6546436346022938,False,control,0.25,852,776,852,0,764,764,0.8967136150234741,0.8967136150234741,1.0,0.9776995305164319,1.0,19,0,833,69,833,69
university,control_71_3420,aps_raw,0.1,matched_all_extended,1251,1127,0.6529510051819792,False,control,0.25,852,776,852,0,760,760,0.892018779342723,0.892018779342723,1.0,0.9730046948356808,1.0,23,0,829,69,829,69
university,control_71_3420,aps_raw,0.1,matched_reachable_oracle,1251,1127,0.6529510051819792,False,control,0.25,852,776,852,0,760,760,0.892018779342723,0.892018779342723,1.0,0.9730046948356808,1.0,23,0,829,69,829,69
university,control_71_3420,fixed_k,0.01,full_frozen,1251,1239,50.0,False,control,0.25,852,776,852,0,845,845,0.9917840375586855,0.9917840375586855,1.0,50.0,50.0,0,0,852,70,0,0
university,control_71_3420,fixed_k,0.01,matched_all_extended,1251,1239,44.0,False,control,0.25,852,776,852,0,845,845,0.9917840375586855,0.9917840375586855,1.0,44.0,44.0,0,0,852,70,0,0
university,control_71_3420,fixed_k,0.01,matched_reachable_oracle,1251,1239,44.0,False,control,0.25,852,776,852,0,845,845,0.9917840375586855,0.9917840375586855,1.0,44.0,44.0,0,0,852,70,0,0
university,control_71_3420,fixed_k,0.05,full_frozen,1251,1189,2.0,False,control,0.25,852,776,852,0,817,817,0.9589201877934272,0.9589201877934272,1.0,2.0,2.0,0,0,852,70,0,0
university,control_71_3420,fixed_k,0.05,matched_all_extended,1251,1189,2.0,False,control,0.25,852,776,852,0,817,817,0.9589201877934272,0.9589201877934272,1.0,2.0,2.0,0,0,852,70,0,0
university,control_71_3420,fixed_k,0.05,matched_reachable_oracle,1251,1189,2.0,False,control,0.25,852,776,852,0,817,817,0.9589201877934272,0.9589201877934272,1.0,2.0,2.0,0,0,852,70,0,0
university,control_71_3420,fixed_k,0.1,full_frozen,1251,1126,1.0,False,control,0.25,852,776,852,0,782,782,0.9178403755868545,0.9178403755868545,1.0,1.0,1.0,0,0,852,70,852,70
university,control_71_3420,fixed_k,0.1,matched_all_extended,1251,1126,1.0,False,control,0.25,852,776,852,0,782,782,0.9178403755868545,0.9178403755868545,1.0,1.0,1.0,0,0,852,70,852,70
university,control_71_3420,fixed_k,0.1,matched_reachable_oracle,1251,1126,1.0,False,control,0.25,852,776,852,0,782,782,0.9178403755868545,0.9178403755868545,1.0,1.0,1.0,0,0,852,70,852,70
university,target_142_3420,distance,0.01,full_frozen,1251,1240,1.0527065299956362,False,target,0.5,852,601,426,426,425,425,0.4988262910798122,0.9976525821596244,0.5,23.631455399061032,21.0,0,0,852,458,1,1
university,target_142_3420,distance,0.01,matched_all_extended,1251,1240,,True,target,0.5,852,601,426,426,426,426,0.5,1.0,0.5,601.0,601.0,0,852,852,458,0,0
university,target_142_3420,distance,0.01,matched_reachable_oracle,627,622,1.065152872709145,False,target,0.5,852,601,426,426,425,425,0.4988262910798122,0.9976525821596244,0.5,33.94131455399061,31.0,0,0,852,458,0,0
university,target_142_3420,distance,0.05,full_frozen,1251,1190,0.9258809992489222,False,target,0.5,852,601,426,426,402,402,0.47183098591549294,0.9436619718309859,0.5,1.335680751173709,1.0,278,0,574,186,330,107
university,target_142_3420,distance,0.05,matched_all_extended,1251,1190,,True,target,0.5,852,601,426,426,426,426,0.5,1.0,0.5,601.0,601.0,0,852,852,458,0,0
university,target_142_3420,distance,0.05,matched_reachable_oracle,627,597,0.9093240719638009,False,target,0.5,852,601,426,426,399,399,0.46830985915492956,0.9366197183098591,0.5,1.0751173708920188,1.0,324,0,528,143,347,88
university,target_142_3420,distance,0.1,full_frozen,1251,1127,0.8698587224776244,False,target,0.5,852,601,426,426,380,380,0.4460093896713615,0.892018779342723,0.5,0.7206572769953051,1.0,412,0,440,72,338,41
university,target_142_3420,distance,0.1,matched_all_extended,1251,1127,,True,target,0.5,852,601,426,426,426,426,0.5,1.0,0.5,601.0,601.0,0,852,852,458,0,0
university,target_142_3420,distance,0.1,matched_reachable_oracle,627,566,0.8694979268049722,False,target,0.5,852,601,426,426,380,380,0.4460093896713615,0.892018779342723,0.5,0.7171361502347418,1.0,414,0,438,70,337,39
university,target_142_3420,aps_raw,0.01,full_frozen,1251,1240,28.630864167150232,False,target,0.5,852,601,426,426,425,425,0.4988262910798122,0.9976525821596244,0.5,58.14671361502347,58.0,0,0,852,458,0,0
university,target_142_3420,aps_raw,0.01,matched_all_extended,1251,1240,,True,target,0.5,852,601,426,426,426,426,0.5,1.0,0.5,601.0,601.0,0,852,852,458,0,0
university,target_142_3420,aps_raw,0.01,matched_reachable_oracle,627,622,16.779318211150212,False,target,0.5,852,601,426,426,425,425,0.4988262910798122,0.9976525821596244,0.5,33.55399061032864,34.0,0,0,852,458,0,0
university,target_142_3420,aps_raw,0.05,full_frozen,1251,1190,1.1542710448493194,False,target,0.5,852,601,426,426,411,411,0.4823943661971831,0.9647887323943662,0.5,1.942488262910798,2.0,0,0,852,458,49,4
university,target_142_3420,aps_raw,0.05,matched_all_extended,1251,1190,,True,target,0.5,852,601,426,426,426,426,0.5,1.0,0.5,601.0,601.0,0,852,852,458,0,0
university,target_142_3420,aps_raw,0.05,matched_reachable_oracle,627,597,0.6755989344820075,False,target,0.5,852,601,426,426,392,392,0.460093896713615,0.92018779342723,0.5,0.9976525821596244,1.0,2,0,850,458,850,458
university,target_142_3420,aps_raw,0.1,full_frozen,1251,1127,0.6546436346022938,False,target,0.5,852,601,426,426,385,385,0.4518779342723005,0.903755868544601,0.5,0.9882629107981221,1.0,10,0,842,457,842,457
university,target_142_3420,aps_raw,0.1,matched_all_extended,1251,1127,,True,target,0.5,852,601,426,426,426,426,0.5,1.0,0.5,601.0,601.0,0,852,852,458,0,0
university,target_142_3420,aps_raw,0.1,matched_reachable_oracle,627,566,0.6469029553273835,False,target,0.5,852,601,426,426,378,378,0.44366197183098594,0.8873239436619719,0.5,0.9800469483568075,1.0,17,0,835,457,835,457
university,target_142_3420,fixed_k,0.01,full_frozen,1251,1239,50.0,False,target,0.5,852,601,426,426,425,425,0.4988262910798122,0.9976525821596244,0.5,50.0,50.0,0,0,852,458,0,0
university,target_142_3420,fixed_k,0.01,matched_all_extended,1251,1239,,True,target,0.5,852,601,426,426,426,426,0.5,1.0,0.5,601.0,601.0,0,852,852,458,0,0
university,target_142_3420,fixed_k,0.01,matched_reachable_oracle,627,621,32.0,False,target,0.5,852,601,426,426,425,425,0.4988262910798122,0.9976525821596244,0.5,32.0,32.0,0,0,852,458,0,0
university,target_142_3420,fixed_k,0.05,full_frozen,1251,1189,2.0,False,target,0.5,852,601,426,426,411,411,0.4823943661971831,0.9647887323943662,0.5,2.0,2.0,0,0,852,458,0,0
university,target_142_3420,fixed_k,0.05,matched_all_extended,1251,1189,,True,target,0.5,852,601,426,426,426,426,0.5,1.0,0.5,601.0,601.0,0,852,852,458,0,0
university,target_142_3420,fixed_k,0.05,matched_reachable_oracle,627,596,1.0,False,target,0.5,852,601,426,426,394,394,0.4624413145539906,0.9248826291079812,0.5,1.0,1.0,0,0,852,458,852,458
university,target_142_3420,fixed_k,0.1,full_frozen,1251,1126,1.0,False,target,0.5,852,601,426,426,394,394,0.4624413145539906,0.9248826291079812,0.5,1.0,1.0,0,0,852,458,852,458
university,target_142_3420,fixed_k,0.1,matched_all_extended,1251,1126,,True,target,0.5,852,601,426,426,426,426,0.5,1.0,0.5,601.0,601.0,0,852,852,458,0,0
university,target_142_3420,fixed_k,0.1,matched_reachable_oracle,627,565,1.0,False,target,0.5,852,601,426,426,394,394,0.4624413145539906,0.9248826291079812,0.5,1.0,1.0,0,0,852,458,852,458
university,target_71_3421,distance,0.01,full_frozen,1251,1240,1.0527065299956362,False,target,0.25,852,776,639,213,638,638,0.7488262910798122,0.9984350547730829,0.75,31.350938967136152,28.0,0,0,852,265,0,0
university,target_71_3421,distance,0.01,matched_all_extended,1251,1240,,True,target,0.25,852,776,639,213,639,639,0.75,1.0,0.75,776.0,776.0,0,852,852,265,0,0
university,target_71_3421,distance,0.01,matched_reachable_oracle,939,931,1.0527065299956362,False,target,0.25,852,776,639,213,638,638,0.7488262910798122,0.9984350547730829,0.75,31.350938967136152,28.0,0,0,852,265,0,0
university,target_71_3421,distance,0.05,full_frozen,1251,1190,0.9258809992489222,False,target,0.25,852,776,639,213,598,598,0.7018779342723005,0.9358372456964006,0.75,1.744131455399061,1.0,124,0,728,157,365,78
university,target_71_3421,distance,0.05,matched_all_extended,1251,1190,,True,target,0.25,852,776,639,213,639,639,0.75,1.0,0.75,776.0,776.0,0,852,852,265,0,0
university,target_71_3421,distance,0.05,matched_reachable_oracle,939,893,0.9231952494888116,False,target,0.25,852,776,639,213,597,597,0.7007042253521126,0.9342723004694836,0.75,1.6654929577464788,1.0,133,0,719,149,371,74
university,target_71_3421,distance,0.1,full_frozen,1251,1127,0.8698587224776244,False,target,0.25,852,776,639,213,557,557,0.653755868544601,0.8716744913928013,0.75,0.9823943661971831,1.0,247,0,605,68,452,29
university,target_71_3421,distance,0.1,matched_all_extended,1251,1127,,True,target,0.25,852,776,639,213,639,639,0.75,1.0,0.75,776.0,776.0,0,852,852,265,0,0
university,target_71_3421,distance,0.1,matched_reachable_oracle,939,846,0.8643066638738972,False,target,0.25,852,776,639,213,549,549,0.6443661971830986,0.8591549295774648,0.75,0.9354460093896714,1.0,261,0,591,61,453,25
university,target_71_3421,aps_raw,0.01,full_frozen,1251,1240,28.630864167150232,False,target,0.25,852,776,639,213,638,638,0.7488262910798122,0.9984350547730829,0.75,57.825117370892016,58.0,0,0,852,265,0,0
university,target_71_3421,aps_raw,0.01,matched_all_extended,1251,1240,,True,target,0.25,852,776,639,213,639,639,0.75,1.0,0.75,776.0,776.0,0,852,852,265,0,0
university,target_71_3421,aps_raw,0.01,matched_reachable_oracle,939,931,22.646251211169808,False,target,0.25,852,776,639,213,638,638,0.7488262910798122,0.9984350547730829,0.75,45.433098591549296,45.0,0,0,852,265,0,0
university,target_71_3421,aps_raw,0.05,full_frozen,1251,1190,1.1542710448493194,False,target,0.25,852,776,639,213,609,609,0.7147887323943662,0.9530516431924883,0.75,1.8896713615023475,2.0,0,0,852,265,94,6
university,target_71_3421,aps_raw,0.05,matched_all_extended,1251,1190,,True,target,0.25,852,776,639,213,639,639,0.75,1.0,0.75,776.0,776.0,0,852,852,265,0,0
university,target_71_3421,aps_raw,0.05,matched_reachable_oracle,939,893,1.0666803995957341,False,target,0.25,852,776,639,213,597,597,0.7007042253521126,0.9342723004694836,0.75,1.3990610328638498,1.0,0,0,852,265,512,51
university,target_71_3421,aps_raw,0.1,full_frozen,1251,1127,0.6546436346022938,False,target,0.25,852,776,639,213,574,574,0.6737089201877934,0.8982785602503912,0.75,0.9847417840375586,1.0,13,0,839,265,839,265
university,target_71_3421,aps_raw,0.1,matched_all_extended,1251,1127,,True,target,0.25,852,776,639,213,639,639,0.75,1.0,0.75,776.0,776.0,0,852,852,265,0,0
university,target_71_3421,aps_raw,0.1,matched_reachable_oracle,939,846,0.6513313293874268,False,target,0.25,852,776,639,213,570,570,0.6690140845070423,0.892018779342723,0.75,0.9800469483568075,1.0,17,0,835,265,835,265
university,target_71_3421,fixed_k,0.01,full_frozen,1251,1239,50.0,False,target,0.25,852,776,639,213,638,638,0.7488262910798122,0.9984350547730829,0.75,50.0,50.0,0,0,852,265,0,0
university,target_71_3421,fixed_k,0.01,matched_all_extended,1251,1239,,True,target,0.25,852,776,639,213,639,639,0.75,1.0,0.75,776.0,776.0,0,852,852,265,0,0
university,target_71_3421,fixed_k,0.01,matched_reachable_oracle,939,930,41.0,False,target,0.25,852,776,639,213,638,638,0.7488262910798122,0.9984350547730829,0.75,41.0,41.0,0,0,852,265,0,0
university,target_71_3421,fixed_k,0.05,full_frozen,1251,1189,2.0,False,target,0.25,852,776,639,213,614,614,0.7206572769953051,0.9608763693270735,0.75,2.0,2.0,0,0,852,265,0,0
university,target_71_3421,fixed_k,0.05,matched_all_extended,1251,1189,,True,target,0.25,852,776,639,213,639,639,0.75,1.0,0.75,776.0,776.0,0,852,852,265,0,0
university,target_71_3421,fixed_k,0.05,matched_reachable_oracle,939,893,2.0,False,target,0.25,852,776,639,213,614,614,0.7206572769953051,0.9608763693270735,0.75,2.0,2.0,0,0,852,265,0,0
university,target_71_3421,fixed_k,0.1,full_frozen,1251,1126,1.0,False,target,0.25,852,776,639,213,587,587,0.6889671361502347,0.918622848200313,0.75,1.0,1.0,0,0,852,265,852,265
university,target_71_3421,fixed_k,0.1,matched_all_extended,1251,1126,,True,target,0.25,852,776,639,213,639,639,0.75,1.0,0.75,776.0,776.0,0,852,852,265,0,0
university,target_71_3421,fixed_k,0.1,matched_reachable_oracle,939,846,1.0,False,target,0.25,852,776,639,213,587,587,0.6889671361502347,0.918622848200313,0.75,1.0,1.0,0,0,852,265,852,265
university,control_71_3421,distance,0.01,full_frozen,1251,1240,1.0527065299956362,False,control,0.25,852,776,852,0,845,845,0.9917840375586855,0.9917840375586855,1.0,33.05868544600939,29.0,0,0,852,76,0,0
university,control_71_3421,distance,0.01,matched_all_extended,1251,1240,1.0527065299956362,False,control,0.25,852,776,852,0,845,845,0.9917840375586855,0.9917840375586855,1.0,33.05868544600939,29.0,0,0,852,76,0,0
university,control_71_3421,distance,0.01,matched_reachable_oracle,1251,1240,1.0527065299956362,False,control,0.25,852,776,852,0,845,845,0.9917840375586855,0.9917840375586855,1.0,33.05868544600939,29.0,0,0,852,76,0,0
university,control_71_3421,distance,0.05,full_frozen,1251,1190,0.9258809992489222,False,control,0.25,852,776,852,0,798,798,0.9366197183098591,0.9366197183098591,1.0,2.1784037558685445,2.0,36,0,816,57,353,13
university,control_71_3421,distance,0.05,matched_all_extended,1251,1190,0.9258809992489222,False,control,0.25,852,776,852,0,798,798,0.9366197183098591,0.9366197183098591,1.0,2.1784037558685445,2.0,36,0,816,57,353,13
university,control_71_3421,distance,0.05,matched_reachable_oracle,1251,1190,0.9258809992489222,False,control,0.25,852,776,852,0,798,798,0.9366197183098591,0.9366197183098591,1.0,2.1784037558685445,2.0,36,0,816,57,353,13
university,control_71_3421,distance,0.1,full_frozen,1251,1127,0.8698587224776244,False,control,0.25,852,776,852,0,735,735,0.8626760563380281,0.8626760563380281,1.0,1.2453051643192488,1.0,111,0,741,32,533,5
university,control_71_3421,distance,0.1,matched_all_extended,1251,1127,0.8698587224776244,False,control,0.25,852,776,852,0,735,735,0.8626760563380281,0.8626760563380281,1.0,1.2453051643192488,1.0,111,0,741,32,533,5
university,control_71_3421,distance,0.1,matched_reachable_oracle,1251,1127,0.8698587224776244,False,control,0.25,852,776,852,0,735,735,0.8626760563380281,0.8626760563380281,1.0,1.2453051643192488,1.0,111,0,741,32,533,5
university,control_71_3421,aps_raw,0.01,full_frozen,1251,1240,28.630864167150232,False,control,0.25,852,776,852,0,845,845,0.9917840375586855,0.9917840375586855,1.0,57.73943661971831,58.0,0,0,852,76,0,0
university,control_71_3421,aps_raw,0.01,matched_all_extended,1251,1240,25.21034055817606,False,control,0.25,852,776,852,0,845,845,0.9917840375586855,0.9917840375586855,1.0,50.65492957746479,51.0,0,0,852,76,0,0
university,control_71_3421,aps_raw,0.01,matched_reachable_oracle,1251,1240,25.21034055817606,False,control,0.25,852,776,852,0,845,845,0.9917840375586855,0.9917840375586855,1.0,50.65492957746479,51.0,0,0,852,76,0,0
university,control_71_3421,aps_raw,0.05,full_frozen,1251,1190,1.1542710448493194,False,control,0.25,852,776,852,0,806,806,0.9460093896713615,0.9460093896713615,1.0,1.8450704225352113,2.0,0,0,852,76,132,10
university,control_71_3421,aps_raw,0.05,matched_all_extended,1251,1190,1.1484315990574965,False,control,0.25,852,776,852,0,805,805,0.9448356807511737,0.9448356807511737,1.0,1.8204225352112675,2.0,0,0,852,76,153,11
university,control_71_3421,aps_raw,0.05,matched_reachable_oracle,1251,1190,1.1484315990574965,False,control,0.25,852,776,852,0,805,805,0.9448356807511737,0.9448356807511737,1.0,1.8204225352112675,2.0,0,0,852,76,153,11
university,control_71_3421,aps_raw,0.1,full_frozen,1251,1127,0.6546436346022938,False,control,0.25,852,776,852,0,758,758,0.8896713615023474,0.8896713615023474,1.0,0.9776995305164319,1.0,19,0,833,75,833,75
university,control_71_3421,aps_raw,0.1,matched_all_extended,1251,1127,0.6532155922034415,False,control,0.25,852,776,852,0,755,755,0.886150234741784,0.886150234741784,1.0,0.9741784037558685,1.0,22,0,830,75,830,75
university,control_71_3421,aps_raw,0.1,matched_reachable_oracle,1251,1127,0.6532155922034415,False,control,0.25,852,776,852,0,755,755,0.886150234741784,0.886150234741784,1.0,0.9741784037558685,1.0,22,0,830,75,830,75
university,control_71_3421,fixed_k,0.01,full_frozen,1251,1239,50.0,False,control,0.25,852,776,852,0,845,845,0.9917840375586855,0.9917840375586855,1.0,50.0,50.0,0,0,852,76,0,0
university,control_71_3421,fixed_k,0.01,matched_all_extended,1251,1239,44.0,False,control,0.25,852,776,852,0,845,845,0.9917840375586855,0.9917840375586855,1.0,44.0,44.0,0,0,852,76,0,0
university,control_71_3421,fixed_k,0.01,matched_reachable_oracle,1251,1239,44.0,False,control,0.25,852,776,852,0,845,845,0.9917840375586855,0.9917840375586855,1.0,44.0,44.0,0,0,852,76,0,0
university,control_71_3421,fixed_k,0.05,full_frozen,1251,1189,2.0,False,control,0.25,852,776,852,0,815,815,0.9565727699530516,0.9565727699530516,1.0,2.0,2.0,0,0,852,76,0,0
university,control_71_3421,fixed_k,0.05,matched_all_extended,1251,1189,2.0,False,control,0.25,852,776,852,0,815,815,0.9565727699530516,0.9565727699530516,1.0,2.0,2.0,0,0,852,76,0,0
university,control_71_3421,fixed_k,0.05,matched_reachable_oracle,1251,1189,2.0,False,control,0.25,852,776,852,0,815,815,0.9565727699530516,0.9565727699530516,1.0,2.0,2.0,0,0,852,76,0,0
university,control_71_3421,fixed_k,0.1,full_frozen,1251,1126,1.0,False,control,0.25,852,776,852,0,776,776,0.9107981220657277,0.9107981220657277,1.0,1.0,1.0,0,0,852,76,852,76
university,control_71_3421,fixed_k,0.1,matched_all_extended,1251,1126,1.0,False,control,0.25,852,776,852,0,776,776,0.9107981220657277,0.9107981220657277,1.0,1.0,1.0,0,0,852,76,852,76
university,control_71_3421,fixed_k,0.1,matched_reachable_oracle,1251,1126,1.0,False,control,0.25,852,776,852,0,776,776,0.9107981220657277,0.9107981220657277,1.0,1.0,1.0,0,0,852,76,852,76
university,target_142_3421,distance,0.01,full_frozen,1251,1240,1.0527065299956362,False,target,0.5,852,601,426,426,425,425,0.4988262910798122,0.9976525821596244,0.5,24.071596244131456,21.0,0,0,852,460,0,0
university,target_142_3421,distance,0.01,matched_all_extended,1251,1240,,True,target,0.5,852,601,426,426,426,426,0.5,1.0,0.5,601.0,601.0,0,852,852,460,0,0
university,target_142_3421,distance,0.01,matched_reachable_oracle,627,622,1.065152872709145,False,target,0.5,852,601,426,426,425,425,0.4988262910798122,0.9976525821596244,0.5,34.48943661971831,30.0,0,0,852,460,0,0
university,target_142_3421,distance,0.05,full_frozen,1251,1190,0.9258809992489222,False,target,0.5,852,601,426,426,402,402,0.47183098591549294,0.9436619718309859,0.5,1.267605633802817,1.0,257,0,595,210,337,114
university,target_142_3421,distance,0.05,matched_all_extended,1251,1190,,True,target,0.5,852,601,426,426,426,426,0.5,1.0,0.5,601.0,601.0,0,852,852,460,0,0
university,target_142_3421,distance,0.05,matched_reachable_oracle,627,597,0.9280327734687502,False,target,0.5,852,601,426,426,403,403,0.47300469483568075,0.9460093896713615,0.5,1.312206572769953,1.0,255,0,597,212,324,110
university,target_142_3421,distance,0.1,full_frozen,1251,1127,0.8698587224776244,False,target,0.5,852,601,426,426,377,377,0.4424882629107981,0.8849765258215962,0.5,0.7007042253521126,1.0,400,0,452,86,341,43
university,target_142_3421,distance,0.1,matched_all_extended,1251,1127,,True,target,0.5,852,601,426,426,426,426,0.5,1.0,0.5,601.0,601.0,0,852,852,460,0,0
university,target_142_3421,distance,0.1,matched_reachable_oracle,627,566,0.8762339872050144,False,target,0.5,852,601,426,426,379,379,0.4448356807511737,0.8896713615023474,0.5,0.7406103286384976,1.0,386,0,466,98,345,51
university,target_142_3421,aps_raw,0.01,full_frozen,1251,1240,28.630864167150232,False,target,0.5,852,601,426,426,425,425,0.4988262910798122,0.9976525821596244,0.5,58.139671361502344,58.0,0,0,852,460,0,0
university,target_142_3421,aps_raw,0.01,matched_all_extended,1251,1240,,True,target,0.5,852,601,426,426,426,426,0.5,1.0,0.5,601.0,601.0,0,852,852,460,0,0
university,target_142_3421,aps_raw,0.01,matched_reachable_oracle,627,622,19.212836308627725,False,target,0.5,852,601,426,426,425,425,0.4988262910798122,0.9976525821596244,0.5,38.57629107981221,39.0,0,0,852,460,0,0
university,target_142_3421,aps_raw,0.05,full_frozen,1251,1190,1.1542710448493194,False,target,0.5,852,601,426,426,407,407,0.47769953051643194,0.9553990610328639,0.5,1.92018779342723,2.0,0,0,852,460,68,6
university,target_142_3421,aps_raw,0.05,matched_all_extended,1251,1190,,True,target,0.5,852,601,426,426,426,426,0.5,1.0,0.5,601.0,601.0,0,852,852,460,0,0
university,target_142_3421,aps_raw,0.05,matched_reachable_oracle,627,597,1.0441757032125598,False,target,0.5,852,601,426,426,395,395,0.4636150234741784,0.9272300469483568,0.5,1.4237089201877935,1.0,0,0,852,460,491,124
university,target_142_3421,aps_raw,0.1,full_frozen,1251,1127,0.6546436346022938,False,target,0.5,852,601,426,426,381,381,0.4471830985915493,0.8943661971830986,0.5,0.9870892018779343,1.0,11,0,841,460,841,460
university,target_142_3421,aps_raw,0.1,matched_all_extended,1251,1127,,True,target,0.5,852,601,426,426,426,426,0.5,1.0,0.5,601.0,601.0,0,852,852,460,0,0
university,target_142_3421,aps_raw,0.1,matched_reachable_oracle,627,566,0.6513313293874268,False,target,0.5,852,601,426,426,377,377,0.4424882629107981,0.8849765258215962,0.5,0.9823943661971831,1.0,15,0,837,460,837,460
university,target_142_3421,fixed_k,0.01,full_frozen,1251,1239,50.0,False,target,0.5,852,601,426,426,425,425,0.4988262910798122,0.9976525821596244,0.5,50.0,50.0,0,0,852,460,0,0
university,target_142_3421,fixed_k,0.01,matched_all_extended,1251,1239,,True,target,0.5,852,601,426,426,426,426,0.5,1.0,0.5,601.0,601.0,0,852,852,460,0,0
university,target_142_3421,fixed_k,0.01,matched_reachable_oracle,627,621,36.0,False,target,0.5,852,601,426,426,425,425,0.4988262910798122,0.9976525821596244,0.5,36.0,36.0,0,0,852,460,0,0
university,target_142_3421,fixed_k,0.05,full_frozen,1251,1189,2.0,False,target,0.5,852,601,426,426,412,412,0.4835680751173709,0.9671361502347418,0.5,2.0,2.0,0,0,852,460,0,0
university,target_142_3421,fixed_k,0.05,matched_all_extended,1251,1189,,True,target,0.5,852,601,426,426,426,426,0.5,1.0,0.5,601.0,601.0,0,852,852,460,0,0
university,target_142_3421,fixed_k,0.05,matched_reachable_oracle,627,596,2.0,False,target,0.5,852,601,426,426,412,412,0.4835680751173709,0.9671361502347418,0.5,2.0,2.0,0,0,852,460,0,0
university,target_142_3421,fixed_k,0.1,full_frozen,1251,1126,1.0,False,target,0.5,852,601,426,426,392,392,0.460093896713615,0.92018779342723,0.5,1.0,1.0,0,0,852,460,852,460
university,target_142_3421,fixed_k,0.1,matched_all_extended,1251,1126,,True,target,0.5,852,601,426,426,426,426,0.5,1.0,0.5,601.0,601.0,0,852,852,460,0,0
university,target_142_3421,fixed_k,0.1,matched_reachable_oracle,627,565,1.0,False,target,0.5,852,601,426,426,392,392,0.460093896713615,0.92018779342723,0.5,1.0,1.0,0,0,852,460,852,460
university,target_71_3422,distance,0.01,full_frozen,1251,1240,1.0527065299956362,False,target,0.25,852,776,639,213,635,635,0.7453051643192489,0.9937402190923318,0.75,31.25586854460094,28.0,0,0,852,268,0,0
university,target_71_3422,distance,0.01,matched_all_extended,1251,1240,,True,target,0.25,852,776,639,213,639,639,0.75,1.0,0.75,776.0,776.0,0,852,852,268,0,0
university,target_71_3422,distance,0.01,matched_reachable_oracle,939,931,1.065152872709145,False,target,0.25,852,776,639,213,635,635,0.7453051643192489,0.9937402190923318,0.75,44.632629107981224,40.0,0,0,852,268,0,0
university,target_71_3422,distance,0.05,full_frozen,1251,1190,0.9258809992489222,False,target,0.25,852,776,639,213,601,601,0.7053990610328639,0.9405320813771518,0.75,1.869718309859155,1.0,139,0,713,142,342,61
university,target_71_3422,distance,0.05,matched_all_extended,1251,1190,,True,target,0.25,852,776,639,213,639,639,0.75,1.0,0.75,776.0,776.0,0,852,852,268,0,0
university,target_71_3422,distance,0.05,matched_reachable_oracle,939,893,0.930383799276189,False,target,0.25,852,776,639,213,602,602,0.7065727699530516,0.9420970266040689,0.75,1.9847417840375587,1.0,133,0,719,148,323,62
university,target_71_3422,distance,0.1,full_frozen,1251,1127,0.8698587224776244,False,target,0.25,852,776,639,213,552,552,0.647887323943662,0.863849765258216,0.75,1.016431924882629,1.0,255,0,597,67,447,36
university,target_71_3422,distance,0.1,matched_all_extended,1251,1127,,True,target,0.25,852,776,639,213,639,639,0.75,1.0,0.75,776.0,776.0,0,852,852,268,0,0
university,target_71_3422,distance,0.1,matched_reachable_oracle,939,846,0.8736729055791527,False,target,0.25,852,776,639,213,557,557,0.653755868544601,0.8716744913928013,0.75,1.0539906103286385,1.0,248,0,604,69,440,36
university,target_71_3422,aps_raw,0.01,full_frozen,1251,1240,28.630864167150232,False,target,0.25,852,776,639,213,635,635,0.7453051643192489,0.9937402190923318,0.75,57.83450704225352,58.0,0,0,852,268,0,0
university,target_71_3422,aps_raw,0.01,matched_all_extended,1251,1240,,True,target,0.25,852,776,639,213,639,639,0.75,1.0,0.75,776.0,776.0,0,852,852,268,0,0
university,target_71_3422,aps_raw,0.01,matched_reachable_oracle,939,931,21.669100274124503,False,target,0.25,852,776,639,213,635,635,0.7453051643192489,0.9937402190923318,0.75,43.40023474178404,43.0,0,0,852,268,0,0
university,target_71_3422,aps_raw,0.05,full_frozen,1251,1190,1.1542710448493194,False,target,0.25,852,776,639,213,607,607,0.7124413145539906,0.9499217527386542,0.75,1.8967136150234742,2.0,0,0,852,268,88,8
university,target_71_3422,aps_raw,0.05,matched_all_extended,1251,1190,,True,target,0.25,852,776,639,213,639,639,0.75,1.0,0.75,776.0,776.0,0,852,852,268,0,0
university,target_71_3422,aps_raw,0.05,matched_reachable_oracle,939,893,1.154565383424853,False,target,0.25,852,776,639,213,607,607,0.7124413145539906,0.9499217527386542,0.75,1.8967136150234742,2.0,0,0,852,268,88,8
university,target_71_3422,aps_raw,0.1,full_frozen,1251,1127,0.6546436346022938,False,target,0.25,852,776,639,213,571,571,0.67018779342723,0.8935837245696401,0.75,0.9835680751173709,1.0,14,0,838,267,838,267
university,target_71_3422,aps_raw,0.1,matched_all_extended,1251,1127,,True,target,0.25,852,776,639,213,639,639,0.75,1.0,0.75,776.0,776.0,0,852,852,268,0,0
university,target_71_3422,aps_raw,0.1,matched_reachable_oracle,939,846,0.6554946180487793,False,target,0.25,852,776,639,213,571,571,0.67018779342723,0.8935837245696401,0.75,0.9835680751173709,1.0,14,0,838,267,838,267
university,target_71_3422,fixed_k,0.01,full_frozen,1251,1239,50.0,False,target,0.25,852,776,639,213,635,635,0.7453051643192489,0.9937402190923318,0.75,50.0,50.0,0,0,852,268,0,0
university,target_71_3422,fixed_k,0.01,matched_all_extended,1251,1239,,True,target,0.25,852,776,639,213,639,639,0.75,1.0,0.75,776.0,776.0,0,852,852,268,0,0
university,target_71_3422,fixed_k,0.01,matched_reachable_oracle,939,930,41.0,False,target,0.25,852,776,639,213,635,635,0.7453051643192489,0.9937402190923318,0.75,41.0,41.0,0,0,852,268,0,0
university,target_71_3422,fixed_k,0.05,full_frozen,1251,1189,2.0,False,target,0.25,852,776,639,213,614,614,0.7206572769953051,0.9608763693270735,0.75,2.0,2.0,0,0,852,268,0,0
university,target_71_3422,fixed_k,0.05,matched_all_extended,1251,1189,,True,target,0.25,852,776,639,213,639,639,0.75,1.0,0.75,776.0,776.0,0,852,852,268,0,0
university,target_71_3422,fixed_k,0.05,matched_reachable_oracle,939,893,2.0,False,target,0.25,852,776,639,213,614,614,0.7206572769953051,0.9608763693270735,0.75,2.0,2.0,0,0,852,268,0,0
university,target_71_3422,fixed_k,0.1,full_frozen,1251,1126,1.0,False,target,0.25,852,776,639,213,584,584,0.6854460093896714,0.9139280125195618,0.75,1.0,1.0,0,0,852,268,852,268
university,target_71_3422,fixed_k,0.1,matched_all_extended,1251,1126,,True,target,0.25,852,776,639,213,639,639,0.75,1.0,0.75,776.0,776.0,0,852,852,268,0,0
university,target_71_3422,fixed_k,0.1,matched_reachable_oracle,939,846,1.0,False,target,0.25,852,776,639,213,584,584,0.6854460093896714,0.9139280125195618,0.75,1.0,1.0,0,0,852,268,852,268
university,control_71_3422,distance,0.01,full_frozen,1251,1240,1.0527065299956362,False,control,0.25,852,776,852,0,845,845,0.9917840375586855,0.9917840375586855,1.0,33.06572769953052,29.0,0,0,852,73,0,0
university,control_71_3422,distance,0.01,matched_all_extended,1251,1240,1.0527065299956362,False,control,0.25,852,776,852,0,845,845,0.9917840375586855,0.9917840375586855,1.0,33.06572769953052,29.0,0,0,852,73,0,0
university,control_71_3422,distance,0.01,matched_reachable_oracle,1251,1240,1.0527065299956362,False,control,0.25,852,776,852,0,845,845,0.9917840375586855,0.9917840375586855,1.0,33.06572769953052,29.0,0,0,852,73,0,0
university,control_71_3422,distance,0.05,full_frozen,1251,1190,0.9258809992489222,False,control,0.25,852,776,852,0,798,798,0.9366197183098591,0.9366197183098591,1.0,2.1971830985915495,2.0,38,0,814,54,358,10
university,control_71_3422,distance,0.05,matched_all_extended,1251,1190,0.9258809992489222,False,control,0.25,852,776,852,0,798,798,0.9366197183098591,0.9366197183098591,1.0,2.1971830985915495,2.0,38,0,814,54,358,10
university,control_71_3422,distance,0.05,matched_reachable_oracle,1251,1190,0.9258809992489222,False,control,0.25,852,776,852,0,798,798,0.9366197183098591,0.9366197183098591,1.0,2.1971830985915495,2.0,38,0,814,54,358,10
university,control_71_3422,distance,0.1,full_frozen,1251,1127,0.8698587224776244,False,control,0.25,852,776,852,0,735,735,0.8626760563380281,0.8626760563380281,1.0,1.255868544600939,1.0,111,0,741,31,533,5
university,control_71_3422,distance,0.1,matched_all_extended,1251,1127,0.8698587224776244,False,control,0.25,852,776,852,0,735,735,0.8626760563380281,0.8626760563380281,1.0,1.255868544600939,1.0,111,0,741,31,533,5
university,control_71_3422,distance,0.1,matched_reachable_oracle,1251,1127,0.8698587224776244,False,control,0.25,852,776,852,0,735,735,0.8626760563380281,0.8626760563380281,1.0,1.255868544600939,1.0,111,0,741,31,533,5
university,control_71_3422,aps_raw,0.01,full_frozen,1251,1240,28.630864167150232,False,control,0.25,852,776,852,0,845,845,0.9917840375586855,0.9917840375586855,1.0,57.73004694835681,58.0,0,0,852,73,0,0
university,control_71_3422,aps_raw,0.01,matched_all_extended,1251,1240,26.18834408508891,False,control,0.25,852,776,852,0,845,845,0.9917840375586855,0.9917840375586855,1.0,52.674882629107984,53.0,0,0,852,73,0,0
university,control_71_3422,aps_raw,0.01,matched_reachable_oracle,1251,1240,26.18834408508891,False,control,0.25,852,776,852,0,845,845,0.9917840375586855,0.9917840375586855,1.0,52.674882629107984,53.0,0,0,852,73,0,0
university,control_71_3422,aps_raw,0.05,full_frozen,1251,1190,1.1542710448493194,False,control,0.25,852,776,852,0,807,807,0.9471830985915493,0.9471830985915493,1.0,1.8450704225352113,2.0,0,0,852,73,132,10
university,control_71_3422,aps_raw,0.05,matched_all_extended,1251,1190,1.1484315990574965,False,control,0.25,852,776,852,0,806,806,0.9460093896713615,0.9460093896713615,1.0,1.8204225352112675,2.0,0,0,852,73,153,11
university,control_71_3422,aps_raw,0.05,matched_reachable_oracle,1251,1190,1.1484315990574965,False,control,0.25,852,776,852,0,806,806,0.9460093896713615,0.9460093896713615,1.0,1.8204225352112675,2.0,0,0,852,73,153,11
university,control_71_3422,aps_raw,0.1,full_frozen,1251,1127,0.6546436346022938,False,control,0.25,852,776,852,0,761,761,0.8931924882629108,0.8931924882629108,1.0,0.9776995305164319,1.0,19,0,833,72,833,72
university,control_71_3422,aps_raw,0.1,matched_all_extended,1251,1127,0.6532155922034415,False,control,0.25,852,776,852,0,758,758,0.8896713615023474,0.8896713615023474,1.0,0.9741784037558685,1.0,22,0,830,72,830,72
university,control_71_3422,aps_raw,0.1,matched_reachable_oracle,1251,1127,0.6532155922034415,False,control,0.25,852,776,852,0,758,758,0.8896713615023474,0.8896713615023474,1.0,0.9741784037558685,1.0,22,0,830,72,830,72
university,control_71_3422,fixed_k,0.01,full_frozen,1251,1239,50.0,False,control,0.25,852,776,852,0,845,845,0.9917840375586855,0.9917840375586855,1.0,50.0,50.0,0,0,852,73,0,0
university,control_71_3422,fixed_k,0.01,matched_all_extended,1251,1239,46.0,False,control,0.25,852,776,852,0,845,845,0.9917840375586855,0.9917840375586855,1.0,46.0,46.0,0,0,852,73,0,0
university,control_71_3422,fixed_k,0.01,matched_reachable_oracle,1251,1239,46.0,False,control,0.25,852,776,852,0,845,845,0.9917840375586855,0.9917840375586855,1.0,46.0,46.0,0,0,852,73,0,0
university,control_71_3422,fixed_k,0.05,full_frozen,1251,1189,2.0,False,control,0.25,852,776,852,0,816,816,0.9577464788732394,0.9577464788732394,1.0,2.0,2.0,0,0,852,73,0,0
university,control_71_3422,fixed_k,0.05,matched_all_extended,1251,1189,2.0,False,control,0.25,852,776,852,0,816,816,0.9577464788732394,0.9577464788732394,1.0,2.0,2.0,0,0,852,73,0,0
university,control_71_3422,fixed_k,0.05,matched_reachable_oracle,1251,1189,2.0,False,control,0.25,852,776,852,0,816,816,0.9577464788732394,0.9577464788732394,1.0,2.0,2.0,0,0,852,73,0,0
university,control_71_3422,fixed_k,0.1,full_frozen,1251,1126,1.0,False,control,0.25,852,776,852,0,779,779,0.9143192488262911,0.9143192488262911,1.0,1.0,1.0,0,0,852,73,852,73
university,control_71_3422,fixed_k,0.1,matched_all_extended,1251,1126,1.0,False,control,0.25,852,776,852,0,779,779,0.9143192488262911,0.9143192488262911,1.0,1.0,1.0,0,0,852,73,852,73
university,control_71_3422,fixed_k,0.1,matched_reachable_oracle,1251,1126,1.0,False,control,0.25,852,776,852,0,779,779,0.9143192488262911,0.9143192488262911,1.0,1.0,1.0,0,0,852,73,852,73
university,target_142_3422,distance,0.01,full_frozen,1251,1240,1.0527065299956362,False,target,0.5,852,601,426,426,423,423,0.4964788732394366,0.9929577464788732,0.5,23.666666666666668,21.0,0,0,852,459,1,1
university,target_142_3422,distance,0.01,matched_all_extended,1251,1240,,True,target,0.5,852,601,426,426,426,426,0.5,1.0,0.5,601.0,601.0,0,852,852,459,0,0
university,target_142_3422,distance,0.01,matched_reachable_oracle,627,622,1.065152872709145,False,target,0.5,852,601,426,426,423,423,0.4964788732394366,0.9929577464788732,0.5,33.87793427230047,31.0,0,0,852,459,0,0
university,target_142_3422,distance,0.05,full_frozen,1251,1190,0.9258809992489222,False,target,0.5,852,601,426,426,402,402,0.47183098591549294,0.9436619718309859,0.5,1.3509389671361502,1.0,269,0,583,196,312,106
university,target_142_3422,distance,0.05,matched_all_extended,1251,1190,,True,target,0.5,852,601,426,426,426,426,0.5,1.0,0.5,601.0,601.0,0,852,852,459,0,0
university,target_142_3422,distance,0.05,matched_reachable_oracle,627,597,0.9409992732711439,False,target,0.5,852,601,426,426,408,408,0.4788732394366197,0.9577464788732394,0.5,1.7065727699530517,1.0,209,0,643,252,303,133
university,target_142_3422,distance,0.1,full_frozen,1251,1127,0.8698587224776244,False,target,0.5,852,601,426,426,369,369,0.43309859154929575,0.8661971830985915,0.5,0.704225352112676,1.0,407,0,445,86,347,54
university,target_142_3422,distance,0.1,matched_all_extended,1251,1127,,True,target,0.5,852,601,426,426,426,426,0.5,1.0,0.5,601.0,601.0,0,852,852,459,0,0
university,target_142_3422,distance,0.1,matched_reachable_oracle,627,566,0.8821385224636669,False,target,0.5,852,601,426,426,376,376,0.4413145539906103,0.8826291079812206,0.5,0.7922535211267606,1.0,385,0,467,102,343,63
university,target_142_3422,aps_raw,0.01,full_frozen,1251,1240,28.630864167150232,False,target,0.5,852,601,426,426,423,423,0.4964788732394366,0.9929577464788732,0.5,58.16079812206573,58.0,0,0,852,459,0,0
university,target_142_3422,aps_raw,0.01,matched_all_extended,1251,1240,,True,target,0.5,852,601,426,426,426,426,0.5,1.0,0.5,601.0,601.0,0,852,852,459,0,0
university,target_142_3422,aps_raw,0.01,matched_reachable_oracle,627,622,15.245703152435574,False,target,0.5,852,601,426,426,423,423,0.4964788732394366,0.9929577464788732,0.5,30.345070422535212,30.0,0,0,852,459,0,0
university,target_142_3422,aps_raw,0.05,full_frozen,1251,1190,1.1542710448493194,False,target,0.5,852,601,426,426,406,406,0.4765258215962441,0.9530516431924883,0.5,1.9342723004694835,2.0,0,0,852,459,56,9
university,target_142_3422,aps_raw,0.05,matched_all_extended,1251,1190,,True,target,0.5,852,601,426,426,426,426,0.5,1.0,0.5,601.0,601.0,0,852,852,459,0,0
university,target_142_3422,aps_raw,0.05,matched_reachable_oracle,627,597,1.0600446980423446,False,target,0.5,852,601,426,426,404,404,0.47417840375586856,0.9483568075117371,0.5,1.5422535211267605,2.0,0,0,852,459,390,69
university,target_142_3422,aps_raw,0.1,full_frozen,1251,1127,0.6546436346022938,False,target,0.5,852,601,426,426,385,385,0.4518779342723005,0.903755868544601,0.5,0.9894366197183099,1.0,9,0,843,458,843,458
university,target_142_3422,aps_raw,0.1,matched_all_extended,1251,1127,,True,target,0.5,852,601,426,426,426,426,0.5,1.0,0.5,601.0,601.0,0,852,852,459,0,0
university,target_142_3422,aps_raw,0.1,matched_reachable_oracle,627,566,0.6508774012679852,False,target,0.5,852,601,426,426,383,383,0.4495305164319249,0.8990610328638498,0.5,0.9859154929577465,1.0,12,0,840,457,840,457
university,target_142_3422,fixed_k,0.01,full_frozen,1251,1239,50.0,False,target,0.5,852,601,426,426,423,423,0.4964788732394366,0.9929577464788732,0.5,50.0,50.0,0,0,852,459,0,0
university,target_142_3422,fixed_k,0.01,matched_all_extended,1251,1239,,True,target,0.5,852,601,426,426,426,426,0.5,1.0,0.5,601.0,601.0,0,852,852,459,0,0
university,target_142_3422,fixed_k,0.01,matched_reachable_oracle,627,621,27.0,False,target,0.5,852,601,426,426,423,423,0.4964788732394366,0.9929577464788732,0.5,27.0,27.0,0,0,852,459,0,0
university,target_142_3422,fixed_k,0.05,full_frozen,1251,1189,2.0,False,target,0.5,852,601,426,426,413,413,0.4847417840375587,0.9694835680751174,0.5,2.0,2.0,0,0,852,459,0,0
university,target_142_3422,fixed_k,0.05,matched_all_extended,1251,1189,,True,target,0.5,852,601,426,426,426,426,0.5,1.0,0.5,601.0,601.0,0,852,852,459,0,0
university,target_142_3422,fixed_k,0.05,matched_reachable_oracle,627,596,2.0,False,target,0.5,852,601,426,426,413,413,0.4847417840375587,0.9694835680751174,0.5,2.0,2.0,0,0,852,459,0,0
university,target_142_3422,fixed_k,0.1,full_frozen,1251,1126,1.0,False,target,0.5,852,601,426,426,393,393,0.4612676056338028,0.9225352112676056,0.5,1.0,1.0,0,0,852,459,852,459
university,target_142_3422,fixed_k,0.1,matched_all_extended,1251,1126,,True,target,0.5,852,601,426,426,426,426,0.5,1.0,0.5,601.0,601.0,0,852,852,459,0,0
university,target_142_3422,fixed_k,0.1,matched_reachable_oracle,627,565,1.0,False,target,0.5,852,601,426,426,393,393,0.4612676056338028,0.9225352112676056,0.5,1.0,1.0,0,0,852,459,852,459
university,target_71_3423,distance,0.01,full_frozen,1251,1240,1.0527065299956362,False,target,0.25,852,776,639,213,636,636,0.7464788732394366,0.9953051643192489,0.75,31.293427230046948,28.0,0,0,852,259,0,0
university,target_71_3423,distance,0.01,matched_all_extended,1251,1240,,True,target,0.25,852,776,639,213,639,639,0.75,1.0,0.75,776.0,776.0,0,852,852,259,0,0
university,target_71_3423,distance,0.01,matched_reachable_oracle,939,931,1.065152872709145,False,target,0.25,852,776,639,213,636,636,0.7464788732394366,0.9953051643192489,0.75,44.933098591549296,41.0,0,0,852,259,0,0
university,target_71_3423,distance,0.05,full_frozen,1251,1190,0.9258809992489222,False,target,0.25,852,776,639,213,609,609,0.7147887323943662,0.9530516431924883,0.75,1.7969483568075117,1.0,126,0,726,142,345,61
university,target_71_3423,distance,0.05,matched_all_extended,1251,1190,,True,target,0.25,852,776,639,213,639,639,0.75,1.0,0.75,776.0,776.0,0,852,852,259,0,0
university,target_71_3423,distance,0.05,matched_reachable_oracle,939,893,0.9258809992489222,False,target,0.25,852,776,639,213,609,609,0.7147887323943662,0.9530516431924883,0.75,1.7969483568075117,1.0,126,0,726,142,345,61
university,target_71_3423,distance,0.1,full_frozen,1251,1127,0.8698587224776244,False,target,0.25,852,776,639,213,561,561,0.6584507042253521,0.8779342723004695,0.75,0.9882629107981221,1.0,244,0,608,66,451,30
university,target_71_3423,distance,0.1,matched_all_extended,1251,1127,,True,target,0.25,852,776,639,213,639,639,0.75,1.0,0.75,776.0,776.0,0,852,852,259,0,0
university,target_71_3423,distance,0.1,matched_reachable_oracle,939,846,0.857676172682752,False,target,0.25,852,776,639,213,551,551,0.6467136150234741,0.8622848200312989,0.75,0.9025821596244131,1.0,263,0,589,55,463,25
university,target_71_3423,aps_raw,0.01,full_frozen,1251,1240,28.630864167150232,False,target,0.25,852,776,639,213,636,636,0.7464788732394366,0.9953051643192489,0.75,57.818075117370896,58.0,0,0,852,259,0,0
university,target_71_3423,aps_raw,0.01,matched_all_extended,1251,1240,,True,target,0.25,852,776,639,213,639,639,0.75,1.0,0.75,776.0,776.0,0,852,852,259,0,0
university,target_71_3423,aps_raw,0.01,matched_reachable_oracle,939,931,23.22569988706473,False,target,0.25,852,776,639,213,636,636,0.7464788732394366,0.9953051643192489,0.75,46.64906103286385,47.0,0,0,852,259,0,0
university,target_71_3423,aps_raw,0.05,full_frozen,1251,1190,1.1542710448493194,False,target,0.25,852,776,639,213,611,611,0.7171361502347418,0.9561815336463224,0.75,1.8826291079812207,2.0,0,0,852,259,100,8
university,target_71_3423,aps_raw,0.05,matched_all_extended,1251,1190,,True,target,0.25,852,776,639,213,639,639,0.75,1.0,0.75,776.0,776.0,0,852,852,259,0,0
university,target_71_3423,aps_raw,0.05,matched_reachable_oracle,939,893,1.0325721725619013,False,target,0.25,852,776,639,213,595,595,0.6983568075117371,0.9311424100156495,0.75,1.1690140845070423,1.0,0,0,852,259,708,134
university,target_71_3423,aps_raw,0.1,full_frozen,1251,1127,0.6546436346022938,False,target,0.25,852,776,639,213,584,584,0.6854460093896714,0.9139280125195618,0.75,0.9882629107981221,1.0,10,0,842,258,842,258
university,target_71_3423,aps_raw,0.1,matched_all_extended,1251,1127,,True,target,0.25,852,776,639,213,639,639,0.75,1.0,0.75,776.0,776.0,0,852,852,259,0,0
university,target_71_3423,aps_raw,0.1,matched_reachable_oracle,939,846,0.6469029553273835,False,target,0.25,852,776,639,213,569,569,0.6678403755868545,0.8904538341158059,0.75,0.9706572769953051,1.0,25,0,827,258,827,258
university,target_71_3423,fixed_k,0.01,full_frozen,1251,1239,50.0,False,target,0.25,852,776,639,213,636,636,0.7464788732394366,0.9953051643192489,0.75,50.0,50.0,0,0,852,259,0,0
university,target_71_3423,fixed_k,0.01,matched_all_extended,1251,1239,,True,target,0.25,852,776,639,213,639,639,0.75,1.0,0.75,776.0,776.0,0,852,852,259,0,0
university,target_71_3423,fixed_k,0.01,matched_reachable_oracle,939,930,45.0,False,target,0.25,852,776,639,213,636,636,0.7464788732394366,0.9953051643192489,0.75,45.0,45.0,0,0,852,259,0,0
university,target_71_3423,fixed_k,0.05,full_frozen,1251,1189,2.0,False,target,0.25,852,776,639,213,618,618,0.7253521126760564,0.9671361502347418,0.75,2.0,2.0,0,0,852,259,0,0
university,target_71_3423,fixed_k,0.05,matched_all_extended,1251,1189,,True,target,0.25,852,776,639,213,639,639,0.75,1.0,0.75,776.0,776.0,0,852,852,259,0,0
university,target_71_3423,fixed_k,0.05,matched_reachable_oracle,939,893,2.0,False,target,0.25,852,776,639,213,618,618,0.7253521126760564,0.9671361502347418,0.75,2.0,2.0,0,0,852,259,0,0
university,target_71_3423,fixed_k,0.1,full_frozen,1251,1126,1.0,False,target,0.25,852,776,639,213,593,593,0.6960093896713615,0.9280125195618153,0.75,1.0,1.0,0,0,852,259,852,259
university,target_71_3423,fixed_k,0.1,matched_all_extended,1251,1126,,True,target,0.25,852,776,639,213,639,639,0.75,1.0,0.75,776.0,776.0,0,852,852,259,0,0
university,target_71_3423,fixed_k,0.1,matched_reachable_oracle,939,846,1.0,False,target,0.25,852,776,639,213,593,593,0.6960093896713615,0.9280125195618153,0.75,1.0,1.0,0,0,852,259,852,259
university,control_71_3423,distance,0.01,full_frozen,1251,1240,1.0527065299956362,False,control,0.25,852,776,852,0,845,845,0.9917840375586855,0.9917840375586855,1.0,32.88145539906103,29.0,0,0,852,72,0,0
university,control_71_3423,distance,0.01,matched_all_extended,1251,1240,1.0527065299956362,False,control,0.25,852,776,852,0,845,845,0.9917840375586855,0.9917840375586855,1.0,32.88145539906103,29.0,0,0,852,72,0,0
university,control_71_3423,distance,0.01,matched_reachable_oracle,1251,1240,1.0527065299956362,False,control,0.25,852,776,852,0,845,845,0.9917840375586855,0.9917840375586855,1.0,32.88145539906103,29.0,0,0,852,72,0,0
university,control_71_3423,distance,0.05,full_frozen,1251,1190,0.9258809992489222,False,control,0.25,852,776,852,0,798,798,0.9366197183098591,0.9366197183098591,1.0,2.1514084507042255,2.0,38,0,814,52,356,11
university,control_71_3423,distance,0.05,matched_all_extended,1251,1190,0.9258809992489222,False,control,0.25,852,776,852,0,798,798,0.9366197183098591,0.9366197183098591,1.0,2.1514084507042255,2.0,38,0,814,52,356,11
university,control_71_3423,distance,0.05,matched_reachable_oracle,1251,1190,0.9258809992489222,False,control,0.25,852,776,852,0,798,798,0.9366197183098591,0.9366197183098591,1.0,2.1514084507042255,2.0,38,0,814,52,356,11
university,control_71_3423,distance,0.1,full_frozen,1251,1127,0.8698587224776244,False,control,0.25,852,776,852,0,735,735,0.8626760563380281,0.8626760563380281,1.0,1.232394366197183,1.0,111,0,741,30,534,5
university,control_71_3423,distance,0.1,matched_all_extended,1251,1127,0.8698587224776244,False,control,0.25,852,776,852,0,735,735,0.8626760563380281,0.8626760563380281,1.0,1.232394366197183,1.0,111,0,741,30,534,5
university,control_71_3423,distance,0.1,matched_reachable_oracle,1251,1127,0.8698587224776244,False,control,0.25,852,776,852,0,735,735,0.8626760563380281,0.8626760563380281,1.0,1.232394366197183,1.0,111,0,741,30,534,5
university,control_71_3423,aps_raw,0.01,full_frozen,1251,1240,28.630864167150232,False,control,0.25,852,776,852,0,845,845,0.9917840375586855,0.9917840375586855,1.0,57.73943661971831,58.0,0,0,852,72,0,0
university,control_71_3423,aps_raw,0.01,matched_all_extended,1251,1240,26.107117661982034,False,control,0.25,852,776,852,0,845,845,0.9917840375586855,0.9917840375586855,1.0,52.502347417840376,53.0,0,0,852,72,0,0
university,control_71_3423,aps_raw,0.01,matched_reachable_oracle,1251,1240,26.107117661982034,False,control,0.25,852,776,852,0,845,845,0.9917840375586855,0.9917840375586855,1.0,52.502347417840376,53.0,0,0,852,72,0,0
university,control_71_3423,aps_raw,0.05,full_frozen,1251,1190,1.1542710448493194,False,control,0.25,852,776,852,0,808,808,0.9483568075117371,0.9483568075117371,1.0,1.8474178403755868,2.0,0,0,852,72,130,10
university,control_71_3423,aps_raw,0.05,matched_all_extended,1251,1190,1.1484315990574965,False,control,0.25,852,776,852,0,808,808,0.9483568075117371,0.9483568075117371,1.0,1.823943661971831,2.0,0,0,852,72,150,10
university,control_71_3423,aps_raw,0.05,matched_reachable_oracle,1251,1190,1.1484315990574965,False,control,0.25,852,776,852,0,808,808,0.9483568075117371,0.9483568075117371,1.0,1.823943661971831,2.0,0,0,852,72,150,10
university,control_71_3423,aps_raw,0.1,full_frozen,1251,1127,0.6546436346022938,False,control,0.25,852,776,852,0,762,762,0.8943661971830986,0.8943661971830986,1.0,0.9776995305164319,1.0,19,0,833,71,833,71
university,control_71_3423,aps_raw,0.1,matched_all_extended,1251,1127,0.6541890107702053,False,control,0.25,852,776,852,0,761,761,0.8931924882629108,0.8931924882629108,1.0,0.9765258215962441,1.0,20,0,832,71,832,71
university,control_71_3423,aps_raw,0.1,matched_reachable_oracle,1251,1127,0.6541890107702053,False,control,0.25,852,776,852,0,761,761,0.8931924882629108,0.8931924882629108,1.0,0.9765258215962441,1.0,20,0,832,71,832,71
university,control_71_3423,fixed_k,0.01,full_frozen,1251,1239,50.0,False,control,0.25,852,776,852,0,845,845,0.9917840375586855,0.9917840375586855,1.0,50.0,50.0,0,0,852,72,0,0
university,control_71_3423,fixed_k,0.01,matched_all_extended,1251,1239,43.0,False,control,0.25,852,776,852,0,845,845,0.9917840375586855,0.9917840375586855,1.0,43.0,43.0,0,0,852,72,0,0
university,control_71_3423,fixed_k,0.01,matched_reachable_oracle,1251,1239,43.0,False,control,0.25,852,776,852,0,845,845,0.9917840375586855,0.9917840375586855,1.0,43.0,43.0,0,0,852,72,0,0
university,control_71_3423,fixed_k,0.05,full_frozen,1251,1189,2.0,False,control,0.25,852,776,852,0,817,817,0.9589201877934272,0.9589201877934272,1.0,2.0,2.0,0,0,852,72,0,0
university,control_71_3423,fixed_k,0.05,matched_all_extended,1251,1189,2.0,False,control,0.25,852,776,852,0,817,817,0.9589201877934272,0.9589201877934272,1.0,2.0,2.0,0,0,852,72,0,0
university,control_71_3423,fixed_k,0.05,matched_reachable_oracle,1251,1189,2.0,False,control,0.25,852,776,852,0,817,817,0.9589201877934272,0.9589201877934272,1.0,2.0,2.0,0,0,852,72,0,0
university,control_71_3423,fixed_k,0.1,full_frozen,1251,1126,1.0,False,control,0.25,852,776,852,0,780,780,0.9154929577464789,0.9154929577464789,1.0,1.0,1.0,0,0,852,72,852,72
university,control_71_3423,fixed_k,0.1,matched_all_extended,1251,1126,1.0,False,control,0.25,852,776,852,0,780,780,0.9154929577464789,0.9154929577464789,1.0,1.0,1.0,0,0,852,72,852,72
university,control_71_3423,fixed_k,0.1,matched_reachable_oracle,1251,1126,1.0,False,control,0.25,852,776,852,0,780,780,0.9154929577464789,0.9154929577464789,1.0,1.0,1.0,0,0,852,72,852,72
university,target_142_3423,distance,0.01,full_frozen,1251,1240,1.0527065299956362,False,target,0.5,852,601,426,426,423,423,0.4964788732394366,0.9929577464788732,0.5,23.927230046948356,21.0,0,0,852,453,0,0
university,target_142_3423,distance,0.01,matched_all_extended,1251,1240,,True,target,0.5,852,601,426,426,426,426,0.5,1.0,0.5,601.0,601.0,0,852,852,453,0,0
university,target_142_3423,distance,0.01,matched_reachable_oracle,627,622,1.065152872709145,False,target,0.5,852,601,426,426,423,423,0.4964788732394366,0.9929577464788732,0.5,34.321596244131456,31.0,0,0,852,453,0,0
university,target_142_3423,distance,0.05,full_frozen,1251,1190,0.9258809992489222,False,target,0.5,852,601,426,426,403,403,0.47300469483568075,0.9460093896713615,0.5,1.2887323943661972,1.0,249,0,603,212,342,108
university,target_142_3423,distance,0.05,matched_all_extended,1251,1190,,True,target,0.5,852,601,426,426,426,426,0.5,1.0,0.5,601.0,601.0,0,852,852,453,0,0
university,target_142_3423,distance,0.05,matched_reachable_oracle,627,597,0.9494764552536539,False,target,0.5,852,601,426,426,413,413,0.4847417840375587,0.9694835680751174,0.5,1.9237089201877935,1.0,164,0,688,291,278,114
university,target_142_3423,distance,0.1,full_frozen,1251,1127,0.8698587224776244,False,target,0.5,852,601,426,426,371,371,0.4354460093896714,0.8708920187793427,0.5,0.6807511737089202,1.0,391,0,461,101,379,67
university,target_142_3423,distance,0.1,matched_all_extended,1251,1127,,True,target,0.5,852,601,426,426,426,426,0.5,1.0,0.5,601.0,601.0,0,852,852,453,0,0
university,target_142_3423,distance,0.1,matched_reachable_oracle,627,566,0.8803126635417392,False,target,0.5,852,601,426,426,381,381,0.4471830985915493,0.8943661971830986,0.5,0.7488262910798122,1.0,364,0,488,118,386,75
university,target_142_3423,aps_raw,0.01,full_frozen,1251,1240,28.630864167150232,False,target,0.5,852,601,426,426,423,423,0.4964788732394366,0.9929577464788732,0.5,58.14906103286385,58.0,0,0,852,453,0,0
university,target_142_3423,aps_raw,0.01,matched_all_extended,1251,1240,,True,target,0.5,852,601,426,426,426,426,0.5,1.0,0.5,601.0,601.0,0,852,852,453,0,0
university,target_142_3423,aps_raw,0.01,matched_reachable_oracle,627,622,17.314696653499944,False,target,0.5,852,601,426,426,423,423,0.4964788732394366,0.9929577464788732,0.5,34.644366197183096,35.0,0,0,852,453,0,0
university,target_142_3423,aps_raw,0.05,full_frozen,1251,1190,1.1542710448493194,False,target,0.5,852,601,426,426,412,412,0.4835680751173709,0.9671361502347418,0.5,1.9401408450704225,2.0,0,0,852,453,51,5
university,target_142_3423,aps_raw,0.05,matched_all_extended,1251,1190,,True,target,0.5,852,601,426,426,426,426,0.5,1.0,0.5,601.0,601.0,0,852,852,453,0,0
university,target_142_3423,aps_raw,0.05,matched_reachable_oracle,627,597,1.0471596004104033,False,target,0.5,852,601,426,426,404,404,0.47417840375586856,0.9483568075117371,0.5,1.4413145539906103,1.0,0,0,852,453,476,122
university,target_142_3423,aps_raw,0.1,full_frozen,1251,1127,0.6546436346022938,False,target,0.5,852,601,426,426,394,394,0.4624413145539906,0.9248826291079812,0.5,0.9929577464788732,1.0,6,0,846,452,846,452
university,target_142_3423,aps_raw,0.1,matched_all_extended,1251,1127,,True,target,0.5,852,601,426,426,426,426,0.5,1.0,0.5,601.0,601.0,0,852,852,453,0,0
university,target_142_3423,aps_raw,0.1,matched_reachable_oracle,627,566,0.652224843522198,False,target,0.5,852,601,426,426,391,391,0.45892018779342725,0.9178403755868545,0.5,0.9894366197183099,1.0,9,0,843,452,843,452
university,target_142_3423,fixed_k,0.01,full_frozen,1251,1239,50.0,False,target,0.5,852,601,426,426,423,423,0.4964788732394366,0.9929577464788732,0.5,50.0,50.0,0,0,852,453,0,0
university,target_142_3423,fixed_k,0.01,matched_all_extended,1251,1239,,True,target,0.5,852,601,426,426,426,426,0.5,1.0,0.5,601.0,601.0,0,852,852,453,0,0
university,target_142_3423,fixed_k,0.01,matched_reachable_oracle,627,621,31.0,False,target,0.5,852,601,426,426,423,423,0.4964788732394366,0.9929577464788732,0.5,31.0,31.0,0,0,852,453,0,0
university,target_142_3423,fixed_k,0.05,full_frozen,1251,1189,2.0,False,target,0.5,852,601,426,426,416,416,0.48826291079812206,0.9765258215962441,0.5,2.0,2.0,0,0,852,453,0,0
university,target_142_3423,fixed_k,0.05,matched_all_extended,1251,1189,,True,target,0.5,852,601,426,426,426,426,0.5,1.0,0.5,601.0,601.0,0,852,852,453,0,0
university,target_142_3423,fixed_k,0.05,matched_reachable_oracle,627,596,2.0,False,target,0.5,852,601,426,426,416,416,0.48826291079812206,0.9765258215962441,0.5,2.0,2.0,0,0,852,453,0,0
university,target_142_3423,fixed_k,0.1,full_frozen,1251,1126,1.0,False,target,0.5,852,601,426,426,399,399,0.46830985915492956,0.9366197183098591,0.5,1.0,1.0,0,0,852,453,852,453
university,target_142_3423,fixed_k,0.1,matched_all_extended,1251,1126,,True,target,0.5,852,601,426,426,426,426,0.5,1.0,0.5,601.0,601.0,0,852,852,453,0,0
university,target_142_3423,fixed_k,0.1,matched_reachable_oracle,627,565,1.0,False,target,0.5,852,601,426,426,399,399,0.46830985915492956,0.9366197183098591,0.5,1.0,1.0,0,0,852,453,852,453
university,target_71_3424,distance,0.01,full_frozen,1251,1240,1.0527065299956362,False,target,0.25,852,776,639,213,632,632,0.7417840375586855,0.9890453834115805,0.75,30.881455399061032,28.0,0,0,852,264,1,1
university,target_71_3424,distance,0.01,matched_all_extended,1251,1240,,True,target,0.25,852,776,639,213,639,639,0.75,1.0,0.75,776.0,776.0,0,852,852,264,0,0
university,target_71_3424,distance,0.01,matched_reachable_oracle,939,931,1.0652576950790902,False,target,0.25,852,776,639,213,632,632,0.7417840375586855,0.9890453834115805,0.75,44.54694835680751,40.0,0,0,852,264,0,0
university,target_71_3424,distance,0.05,full_frozen,1251,1190,0.9258809992489222,False,target,0.25,852,776,639,213,593,593,0.6960093896713615,0.9280125195618153,0.75,1.7652582159624413,1.0,132,0,720,145,351,68
university,target_71_3424,distance,0.05,matched_all_extended,1251,1190,,True,target,0.25,852,776,639,213,639,639,0.75,1.0,0.75,776.0,776.0,0,852,852,264,0,0
university,target_71_3424,distance,0.05,matched_reachable_oracle,939,893,0.930383799276189,False,target,0.25,852,776,639,213,595,595,0.6983568075117371,0.9311424100156495,0.75,1.8838028169014085,1.0,127,0,725,150,328,66
university,target_71_3424,distance,0.1,full_frozen,1251,1127,0.8698587224776244,False,target,0.25,852,776,639,213,543,543,0.6373239436619719,0.8497652582159625,0.75,0.9706572769953051,1.0,252,0,600,71,456,36
university,target_71_3424,distance,0.1,matched_all_extended,1251,1127,,True,target,0.25,852,776,639,213,639,639,0.75,1.0,0.75,776.0,776.0,0,852,852,264,0,0
university,target_71_3424,distance,0.1,matched_reachable_oracle,939,846,0.875925343827476,False,target,0.25,852,776,639,213,549,549,0.6443661971830986,0.8591549295774648,0.75,1.022300469483568,1.0,235,0,617,82,458,43
university,target_71_3424,aps_raw,0.01,full_frozen,1251,1240,28.630864167150232,False,target,0.25,852,776,639,213,632,632,0.7417840375586855,0.9890453834115805,0.75,57.85093896713615,58.0,0,0,852,264,0,0
university,target_71_3424,aps_raw,0.01,matched_all_extended,1251,1240,,True,target,0.25,852,776,639,213,639,639,0.75,1.0,0.75,776.0,776.0,0,852,852,264,0,0
university,target_71_3424,aps_raw,0.01,matched_reachable_oracle,939,931,25.720005563780123,False,target,0.25,852,776,639,213,632,632,0.7417840375586855,0.9890453834115805,0.75,51.818075117370896,52.0,0,0,852,264,0,0
university,target_71_3424,aps_raw,0.05,full_frozen,1251,1190,1.1542710448493194,False,target,0.25,852,776,639,213,607,607,0.7124413145539906,0.9499217527386542,0.75,1.8908450704225352,2.0,0,0,852,264,93,6
university,target_71_3424,aps_raw,0.05,matched_all_extended,1251,1190,,True,target,0.25,852,776,639,213,639,639,0.75,1.0,0.75,776.0,776.0,0,852,852,264,0,0
university,target_71_3424,aps_raw,0.05,matched_reachable_oracle,939,893,1.0656983934346056,False,target,0.25,852,776,639,213,599,599,0.7030516431924883,0.9374021909233177,0.75,1.386150234741784,1.0,0,0,852,264,523,55
university,target_71_3424,aps_raw,0.1,full_frozen,1251,1127,0.6546436346022938,False,target,0.25,852,776,639,213,573,573,0.6725352112676056,0.8967136150234741,0.75,0.9812206572769953,1.0,16,0,836,263,836,263
university,target_71_3424,aps_raw,0.1,matched_all_extended,1251,1127,,True,target,0.25,852,776,639,213,639,639,0.75,1.0,0.75,776.0,776.0,0,852,852,264,0,0
university,target_71_3424,aps_raw,0.1,matched_reachable_oracle,939,846,0.652224843522198,False,target,0.25,852,776,639,213,569,569,0.6678403755868545,0.8904538341158059,0.75,0.9753521126760564,1.0,21,0,831,262,831,262
university,target_71_3424,fixed_k,0.01,full_frozen,1251,1239,50.0,False,target,0.25,852,776,639,213,632,632,0.7417840375586855,0.9890453834115805,0.75,50.0,50.0,0,0,852,264,0,0
university,target_71_3424,fixed_k,0.01,matched_all_extended,1251,1239,,True,target,0.25,852,776,639,213,639,639,0.75,1.0,0.75,776.0,776.0,0,852,852,264,0,0
university,target_71_3424,fixed_k,0.01,matched_reachable_oracle,939,930,51.0,False,target,0.25,852,776,639,213,632,632,0.7417840375586855,0.9890453834115805,0.75,51.0,51.0,0,0,852,264,0,0
university,target_71_3424,fixed_k,0.05,full_frozen,1251,1189,2.0,False,target,0.25,852,776,639,213,611,611,0.7171361502347418,0.9561815336463224,0.75,2.0,2.0,0,0,852,264,0,0
university,target_71_3424,fixed_k,0.05,matched_all_extended,1251,1189,,True,target,0.25,852,776,639,213,639,639,0.75,1.0,0.75,776.0,776.0,0,852,852,264,0,0
university,target_71_3424,fixed_k,0.05,matched_reachable_oracle,939,893,2.0,False,target,0.25,852,776,639,213,611,611,0.7171361502347418,0.9561815336463224,0.75,2.0,2.0,0,0,852,264,0,0
university,target_71_3424,fixed_k,0.1,full_frozen,1251,1126,1.0,False,target,0.25,852,776,639,213,588,588,0.6901408450704225,0.92018779342723,0.75,1.0,1.0,0,0,852,264,852,264
university,target_71_3424,fixed_k,0.1,matched_all_extended,1251,1126,,True,target,0.25,852,776,639,213,639,639,0.75,1.0,0.75,776.0,776.0,0,852,852,264,0,0
university,target_71_3424,fixed_k,0.1,matched_reachable_oracle,939,846,1.0,False,target,0.25,852,776,639,213,588,588,0.6901408450704225,0.92018779342723,0.75,1.0,1.0,0,0,852,264,852,264
university,control_71_3424,distance,0.01,full_frozen,1251,1240,1.0527065299956362,False,control,0.25,852,776,852,0,845,845,0.9917840375586855,0.9917840375586855,1.0,33.309859154929576,29.5,0,0,852,70,0,0
university,control_71_3424,distance,0.01,matched_all_extended,1251,1240,1.0527065299956362,False,control,0.25,852,776,852,0,845,845,0.9917840375586855,0.9917840375586855,1.0,33.309859154929576,29.5,0,0,852,70,0,0
university,control_71_3424,distance,0.01,matched_reachable_oracle,1251,1240,1.0527065299956362,False,control,0.25,852,776,852,0,845,845,0.9917840375586855,0.9917840375586855,1.0,33.309859154929576,29.5,0,0,852,70,0,0
university,control_71_3424,distance,0.05,full_frozen,1251,1190,0.9258809992489222,False,control,0.25,852,776,852,0,798,798,0.9366197183098591,0.9366197183098591,1.0,2.181924882629108,2.0,39,0,813,49,351,10
university,control_71_3424,distance,0.05,matched_all_extended,1251,1190,0.9258809992489222,False,control,0.25,852,776,852,0,798,798,0.9366197183098591,0.9366197183098591,1.0,2.181924882629108,2.0,39,0,813,49,351,10
university,control_71_3424,distance,0.05,matched_reachable_oracle,1251,1190,0.9258809992489222,False,control,0.25,852,776,852,0,798,798,0.9366197183098591,0.9366197183098591,1.0,2.181924882629108,2.0,39,0,813,49,351,10
university,control_71_3424,distance,0.1,full_frozen,1251,1127,0.8698587224776244,False,control,0.25,852,776,852,0,735,735,0.8626760563380281,0.8626760563380281,1.0,1.2476525821596245,1.0,111,0,741,28,532,5
university,control_71_3424,distance,0.1,matched_all_extended,1251,1127,0.8698587224776244,False,control,0.25,852,776,852,0,735,735,0.8626760563380281,0.8626760563380281,1.0,1.2476525821596245,1.0,111,0,741,28,532,5
university,control_71_3424,distance,0.1,matched_reachable_oracle,1251,1127,0.8698587224776244,False,control,0.25,852,776,852,0,735,735,0.8626760563380281,0.8626760563380281,1.0,1.2476525821596245,1.0,111,0,741,28,532,5
university,control_71_3424,aps_raw,0.01,full_frozen,1251,1240,28.630864167150232,False,control,0.25,852,776,852,0,845,845,0.9917840375586855,0.9917840375586855,1.0,57.72652582159625,58.0,0,0,852,70,0,0
university,control_71_3424,aps_raw,0.01,matched_all_extended,1251,1240,26.681305438705042,False,control,0.25,852,776,852,0,845,845,0.9917840375586855,0.9917840375586855,1.0,53.68779342723005,54.0,0,0,852,70,0,0
university,control_71_3424,aps_raw,0.01,matched_reachable_oracle,1251,1240,26.681305438705042,False,control,0.25,852,776,852,0,845,845,0.9917840375586855,0.9917840375586855,1.0,53.68779342723005,54.0,0,0,852,70,0,0
university,control_71_3424,aps_raw,0.05,full_frozen,1251,1190,1.1542710448493194,False,control,0.25,852,776,852,0,809,809,0.9495305164319249,0.9495305164319249,1.0,1.8450704225352113,2.0,0,0,852,70,132,10
university,control_71_3424,aps_raw,0.05,matched_all_extended,1251,1190,1.1484315990574965,False,control,0.25,852,776,852,0,809,809,0.9495305164319249,0.9495305164319249,1.0,1.8227699530516432,2.0,0,0,852,70,151,10
university,control_71_3424,aps_raw,0.05,matched_reachable_oracle,1251,1190,1.1484315990574965,False,control,0.25,852,776,852,0,809,809,0.9495305164319249,0.9495305164319249,1.0,1.8227699530516432,2.0,0,0,852,70,151,10
university,control_71_3424,aps_raw,0.1,full_frozen,1251,1127,0.6546436346022938,False,control,0.25,852,776,852,0,764,764,0.8967136150234741,0.8967136150234741,1.0,0.9776995305164319,1.0,19,0,833,69,833,69
university,control_71_3424,aps_raw,0.1,matched_all_extended,1251,1127,0.6541890107702053,False,control,0.25,852,776,852,0,763,763,0.8955399061032864,0.8955399061032864,1.0,0.9765258215962441,1.0,20,0,832,69,832,69
university,control_71_3424,aps_raw,0.1,matched_reachable_oracle,1251,1127,0.6541890107702053,False,control,0.25,852,776,852,0,763,763,0.8955399061032864,0.8955399061032864,1.0,0.9765258215962441,1.0,20,0,832,69,832,69
university,control_71_3424,fixed_k,0.01,full_frozen,1251,1239,50.0,False,control,0.25,852,776,852,0,845,845,0.9917840375586855,0.9917840375586855,1.0,50.0,50.0,0,0,852,70,0,0
university,control_71_3424,fixed_k,0.01,matched_all_extended,1251,1239,44.0,False,control,0.25,852,776,852,0,845,845,0.9917840375586855,0.9917840375586855,1.0,44.0,44.0,0,0,852,70,0,0
university,control_71_3424,fixed_k,0.01,matched_reachable_oracle,1251,1239,44.0,False,control,0.25,852,776,852,0,845,845,0.9917840375586855,0.9917840375586855,1.0,44.0,44.0,0,0,852,70,0,0
university,control_71_3424,fixed_k,0.05,full_frozen,1251,1189,2.0,False,control,0.25,852,776,852,0,818,818,0.960093896713615,0.960093896713615,1.0,2.0,2.0,0,0,852,70,0,0
university,control_71_3424,fixed_k,0.05,matched_all_extended,1251,1189,2.0,False,control,0.25,852,776,852,0,818,818,0.960093896713615,0.960093896713615,1.0,2.0,2.0,0,0,852,70,0,0
university,control_71_3424,fixed_k,0.05,matched_reachable_oracle,1251,1189,2.0,False,control,0.25,852,776,852,0,818,818,0.960093896713615,0.960093896713615,1.0,2.0,2.0,0,0,852,70,0,0
university,control_71_3424,fixed_k,0.1,full_frozen,1251,1126,1.0,False,control,0.25,852,776,852,0,782,782,0.9178403755868545,0.9178403755868545,1.0,1.0,1.0,0,0,852,70,852,70
university,control_71_3424,fixed_k,0.1,matched_all_extended,1251,1126,1.0,False,control,0.25,852,776,852,0,782,782,0.9178403755868545,0.9178403755868545,1.0,1.0,1.0,0,0,852,70,852,70
university,control_71_3424,fixed_k,0.1,matched_reachable_oracle,1251,1126,1.0,False,control,0.25,852,776,852,0,782,782,0.9178403755868545,0.9178403755868545,1.0,1.0,1.0,0,0,852,70,852,70
university,target_142_3424,distance,0.01,full_frozen,1251,1240,1.0527065299956362,False,target,0.5,852,601,426,426,419,419,0.49178403755868544,0.9835680751173709,0.5,23.690140845070424,21.0,0,0,852,457,1,1
university,target_142_3424,distance,0.01,matched_all_extended,1251,1240,,True,target,0.5,852,601,426,426,426,426,0.5,1.0,0.5,601.0,601.0,0,852,852,457,0,0
university,target_142_3424,distance,0.01,matched_reachable_oracle,627,622,1.069945830896728,False,target,0.5,852,601,426,426,419,419,0.49178403755868544,0.9835680751173709,0.5,39.18544600938967,35.0,0,0,852,457,0,0
university,target_142_3424,distance,0.05,full_frozen,1251,1190,0.9258809992489222,False,target,0.5,852,601,426,426,389,389,0.4565727699530516,0.9131455399061033,0.5,1.238262910798122,1.0,257,0,595,212,354,123
university,target_142_3424,distance,0.05,matched_all_extended,1251,1190,,True,target,0.5,852,601,426,426,426,426,0.5,1.0,0.5,601.0,601.0,0,852,852,457,0,0
university,target_142_3424,distance,0.05,matched_reachable_oracle,627,597,0.9404436285488078,False,target,0.5,852,601,426,426,397,397,0.465962441314554,0.931924882629108,0.5,1.5586854460093897,1.0,210,0,642,254,318,119
university,target_142_3424,distance,0.1,full_frozen,1251,1127,0.8698587224776244,False,target,0.5,852,601,426,426,353,353,0.41431924882629106,0.8286384976525821,0.5,0.6572769953051644,1.0,410,0,442,94,358,63
university,target_142_3424,distance,0.1,matched_all_extended,1251,1127,,True,target,0.5,852,601,426,426,426,426,0.5,1.0,0.5,601.0,601.0,0,852,852,457,0,0
university,target_142_3424,distance,0.1,matched_reachable_oracle,627,566,0.8768741671170025,False,target,0.5,852,601,426,426,358,358,0.42018779342723006,0.8403755868544601,0.5,0.704225352112676,1.0,392,0,460,107,362,70
university,target_142_3424,aps_raw,0.01,full_frozen,1251,1240,28.630864167150232,False,target,0.5,852,601,426,426,419,419,0.49178403755868544,0.9835680751173709,0.5,58.152582159624416,58.0,0,0,852,457,0,0
university,target_142_3424,aps_raw,0.01,matched_all_extended,1251,1240,,True,target,0.5,852,601,426,426,426,426,0.5,1.0,0.5,601.0,601.0,0,852,852,457,0,0
university,target_142_3424,aps_raw,0.01,matched_reachable_oracle,627,622,27.161773158811048,False,target,0.5,852,601,426,426,419,419,0.49178403755868544,0.9835680751173709,0.5,55.09272300469483,55.0,0,0,852,457,0,0
university,target_142_3424,aps_raw,0.05,full_frozen,1251,1190,1.1542710448493194,False,target,0.5,852,601,426,426,407,407,0.47769953051643194,0.9553990610328639,0.5,1.9389671361502347,2.0,0,0,852,457,52,3
university,target_142_3424,aps_raw,0.05,matched_all_extended,1251,1190,,True,target,0.5,852,601,426,426,426,426,0.5,1.0,0.5,601.0,601.0,0,852,852,457,0,0
university,target_142_3424,aps_raw,0.05,matched_reachable_oracle,627,597,1.0374433363358113,False,target,0.5,852,601,426,426,398,398,0.4671361502347418,0.9342723004694836,0.5,1.369718309859155,1.0,0,0,852,457,537,174
university,target_142_3424,aps_raw,0.1,full_frozen,1251,1127,0.6546436346022938,False,target,0.5,852,601,426,426,384,384,0.4507042253521127,0.9014084507042254,0.5,0.9859154929577465,1.0,12,0,840,456,840,456
university,target_142_3424,aps_raw,0.1,matched_all_extended,1251,1127,,True,target,0.5,852,601,426,426,426,426,0.5,1.0,0.5,601.0,601.0,0,852,852,457,0,0
university,target_142_3424,aps_raw,0.1,matched_reachable_oracle,627,566,0.64534497897871,False,target,0.5,852,601,426,426,374,374,0.43896713615023475,0.8779342723004695,0.5,0.9730046948356808,1.0,23,0,829,455,829,455
university,target_142_3424,fixed_k,0.01,full_frozen,1251,1239,50.0,False,target,0.5,852,601,426,426,419,419,0.49178403755868544,0.9835680751173709,0.5,50.0,50.0,0,0,852,457,0,0
university,target_142_3424,fixed_k,0.01,matched_all_extended,1251,1239,,True,target,0.5,852,601,426,426,426,426,0.5,1.0,0.5,601.0,601.0,0,852,852,457,0,0
university,target_142_3424,fixed_k,0.01,matched_reachable_oracle,627,621,46.0,False,target,0.5,852,601,426,426,419,419,0.49178403755868544,0.9835680751173709,0.5,46.0,46.0,0,0,852,457,0,0
university,target_142_3424,fixed_k,0.05,full_frozen,1251,1189,2.0,False,target,0.5,852,601,426,426,407,407,0.47769953051643194,0.9553990610328639,0.5,2.0,2.0,0,0,852,457,0,0
university,target_142_3424,fixed_k,0.05,matched_all_extended,1251,1189,,True,target,0.5,852,601,426,426,426,426,0.5,1.0,0.5,601.0,601.0,0,852,852,457,0,0
university,target_142_3424,fixed_k,0.05,matched_reachable_oracle,627,596,2.0,False,target,0.5,852,601,426,426,407,407,0.47769953051643194,0.9553990610328639,0.5,2.0,2.0,0,0,852,457,0,0
university,target_142_3424,fixed_k,0.1,full_frozen,1251,1126,1.0,False,target,0.5,852,601,426,426,395,395,0.4636150234741784,0.9272300469483568,0.5,1.0,1.0,0,0,852,457,852,457
university,target_142_3424,fixed_k,0.1,matched_all_extended,1251,1126,,True,target,0.5,852,601,426,426,426,426,0.5,1.0,0.5,601.0,601.0,0,852,852,457,0,0
university,target_142_3424,fixed_k,0.1,matched_reachable_oracle,627,565,1.0,False,target,0.5,852,601,426,426,395,395,0.4636150234741784,0.9272300469483568,0.5,1.0,1.0,0,0,852,457,852,457
university,target_71_3425,distance,0.01,full_frozen,1251,1240,1.0527065299956362,False,target,0.25,852,776,639,213,632,632,0.7417840375586855,0.9890453834115805,0.75,31.421361502347416,28.0,0,0,852,268,0,0
university,target_71_3425,distance,0.01,matched_all_extended,1251,1240,,True,target,0.25,852,776,639,213,639,639,0.75,1.0,0.75,776.0,776.0,0,852,852,268,0,0
university,target_71_3425,distance,0.01,matched_reachable_oracle,939,931,1.0498754086847106,False,target,0.25,852,776,639,213,632,632,0.7417840375586855,0.9890453834115805,0.75,29.052816901408452,26.0,0,0,852,268,0,0
university,target_71_3425,distance,0.05,full_frozen,1251,1190,0.9258809992489222,False,target,0.25,852,776,639,213,598,598,0.7018779342723005,0.9358372456964006,0.75,1.8603286384976525,1.0,138,0,714,142,332,71
university,target_71_3425,distance,0.05,matched_all_extended,1251,1190,,True,target,0.25,852,776,639,213,639,639,0.75,1.0,0.75,776.0,776.0,0,852,852,268,0,0
university,target_71_3425,distance,0.05,matched_reachable_oracle,939,893,0.9258809992489222,False,target,0.25,852,776,639,213,598,598,0.7018779342723005,0.9358372456964006,0.75,1.8603286384976525,1.0,138,0,714,142,332,71
university,target_71_3425,distance,0.1,full_frozen,1251,1127,0.8698587224776244,False,target,0.25,852,776,639,213,554,554,0.6502347417840375,0.86697965571205,0.75,1.0082159624413145,1.0,252,0,600,62,444,34
university,target_71_3425,distance,0.1,matched_all_extended,1251,1127,,True,target,0.25,852,776,639,213,639,639,0.75,1.0,0.75,776.0,776.0,0,852,852,268,0,0
university,target_71_3425,distance,0.1,matched_reachable_oracle,939,846,0.8624776350303146,False,target,0.25,852,776,639,213,546,546,0.6408450704225352,0.8544600938967136,0.75,0.9448356807511737,1.0,263,0,589,58,457,31
university,target_71_3425,aps_raw,0.01,full_frozen,1251,1240,28.630864167150232,False,target,0.25,852,776,639,213,632,632,0.7417840375586855,0.9890453834115805,0.75,57.83450704225352,58.0,0,0,852,268,0,0
university,target_71_3425,aps_raw,0.01,matched_all_extended,1251,1240,,True,target,0.25,852,776,639,213,639,639,0.75,1.0,0.75,776.0,776.0,0,852,852,268,0,0
university,target_71_3425,aps_raw,0.01,matched_reachable_oracle,939,931,19.480551250512505,False,target,0.25,852,776,639,213,632,632,0.7417840375586855,0.9890453834115805,0.75,38.88028169014085,39.0,0,0,852,268,0,0
university,target_71_3425,aps_raw,0.05,full_frozen,1251,1190,1.1542710448493194,False,target,0.25,852,776,639,213,610,610,0.715962441314554,0.9546165884194053,0.75,1.8955399061032865,2.0,0,0,852,268,89,7
university,target_71_3425,aps_raw,0.05,matched_all_extended,1251,1190,,True,target,0.25,852,776,639,213,639,639,0.75,1.0,0.75,776.0,776.0,0,852,852,268,0,0
university,target_71_3425,aps_raw,0.05,matched_reachable_oracle,939,893,1.1400533511849036,False,target,0.25,852,776,639,213,609,609,0.7147887323943662,0.9530516431924883,0.75,1.8474178403755868,2.0,0,0,852,268,130,8
university,target_71_3425,aps_raw,0.1,full_frozen,1251,1127,0.6546436346022938,False,target,0.25,852,776,639,213,570,570,0.6690140845070423,0.892018779342723,0.75,0.9823943661971831,1.0,15,0,837,267,837,267
university,target_71_3425,aps_raw,0.1,matched_all_extended,1251,1127,,True,target,0.25,852,776,639,213,639,639,0.75,1.0,0.75,776.0,776.0,0,852,852,268,0,0
university,target_71_3425,aps_raw,0.1,matched_reachable_oracle,939,846,0.6524112642493198,False,target,0.25,852,776,639,213,569,569,0.6678403755868545,0.8904538341158059,0.75,0.9812206572769953,1.0,16,0,836,267,836,267
university,target_71_3425,fixed_k,0.01,full_frozen,1251,1239,50.0,False,target,0.25,852,776,639,213,632,632,0.7417840375586855,0.9890453834115805,0.75,50.0,50.0,0,0,852,268,0,0
university,target_71_3425,fixed_k,0.01,matched_all_extended,1251,1239,,True,target,0.25,852,776,639,213,639,639,0.75,1.0,0.75,776.0,776.0,0,852,852,268,0,0
university,target_71_3425,fixed_k,0.01,matched_reachable_oracle,939,930,36.0,False,target,0.25,852,776,639,213,632,632,0.7417840375586855,0.9890453834115805,0.75,36.0,36.0,0,0,852,268,0,0
university,target_71_3425,fixed_k,0.05,full_frozen,1251,1189,2.0,False,target,0.25,852,776,639,213,614,614,0.7206572769953051,0.9608763693270735,0.75,2.0,2.0,0,0,852,268,0,0
university,target_71_3425,fixed_k,0.05,matched_all_extended,1251,1189,,True,target,0.25,852,776,639,213,639,639,0.75,1.0,0.75,776.0,776.0,0,852,852,268,0,0
university,target_71_3425,fixed_k,0.05,matched_reachable_oracle,939,893,2.0,False,target,0.25,852,776,639,213,614,614,0.7206572769953051,0.9608763693270735,0.75,2.0,2.0,0,0,852,268,0,0
university,target_71_3425,fixed_k,0.1,full_frozen,1251,1126,1.0,False,target,0.25,852,776,639,213,584,584,0.6854460093896714,0.9139280125195618,0.75,1.0,1.0,0,0,852,268,852,268
university,target_71_3425,fixed_k,0.1,matched_all_extended,1251,1126,,True,target,0.25,852,776,639,213,639,639,0.75,1.0,0.75,776.0,776.0,0,852,852,268,0,0
university,target_71_3425,fixed_k,0.1,matched_reachable_oracle,939,846,1.0,False,target,0.25,852,776,639,213,584,584,0.6854460093896714,0.9139280125195618,0.75,1.0,1.0,0,0,852,268,852,268
university,control_71_3425,distance,0.01,full_frozen,1251,1240,1.0527065299956362,False,control,0.25,852,776,852,0,845,845,0.9917840375586855,0.9917840375586855,1.0,32.93075117370892,29.0,0,0,852,70,0,0
university,control_71_3425,distance,0.01,matched_all_extended,1251,1240,1.0527065299956362,False,control,0.25,852,776,852,0,845,845,0.9917840375586855,0.9917840375586855,1.0,32.93075117370892,29.0,0,0,852,70,0,0
university,control_71_3425,distance,0.01,matched_reachable_oracle,1251,1240,1.0527065299956362,False,control,0.25,852,776,852,0,845,845,0.9917840375586855,0.9917840375586855,1.0,32.93075117370892,29.0,0,0,852,70,0,0
university,control_71_3425,distance,0.05,full_frozen,1251,1190,0.9258809992489222,False,control,0.25,852,776,852,0,798,798,0.9366197183098591,0.9366197183098591,1.0,2.1561032863849765,2.0,38,0,814,50,353,11
university,control_71_3425,distance,0.05,matched_all_extended,1251,1190,0.9258809992489222,False,control,0.25,852,776,852,0,798,798,0.9366197183098591,0.9366197183098591,1.0,2.1561032863849765,2.0,38,0,814,50,353,11
university,control_71_3425,distance,0.05,matched_reachable_oracle,1251,1190,0.9258809992489222,False,control,0.25,852,776,852,0,798,798,0.9366197183098591,0.9366197183098591,1.0,2.1561032863849765,2.0,38,0,814,50,353,11
university,control_71_3425,distance,0.1,full_frozen,1251,1127,0.8698587224776244,False,control,0.25,852,776,852,0,735,735,0.8626760563380281,0.8626760563380281,1.0,1.2265258215962442,1.0,111,0,741,28,535,5
university,control_71_3425,distance,0.1,matched_all_extended,1251,1127,0.8698587224776244,False,control,0.25,852,776,852,0,735,735,0.8626760563380281,0.8626760563380281,1.0,1.2265258215962442,1.0,111,0,741,28,535,5
university,control_71_3425,distance,0.1,matched_reachable_oracle,1251,1127,0.8698587224776244,False,control,0.25,852,776,852,0,735,735,0.8626760563380281,0.8626760563380281,1.0,1.2265258215962442,1.0,111,0,741,28,535,5
university,control_71_3425,aps_raw,0.01,full_frozen,1251,1240,28.630864167150232,False,control,0.25,852,776,852,0,845,845,0.9917840375586855,0.9917840375586855,1.0,57.74178403755869,58.0,0,0,852,70,0,0
university,control_71_3425,aps_raw,0.01,matched_all_extended,1251,1240,25.699448265045977,False,control,0.25,852,776,852,0,845,845,0.9917840375586855,0.9917840375586855,1.0,51.67605633802817,52.0,0,0,852,70,0,0
university,control_71_3425,aps_raw,0.01,matched_reachable_oracle,1251,1240,25.699448265045977,False,control,0.25,852,776,852,0,845,845,0.9917840375586855,0.9917840375586855,1.0,51.67605633802817,52.0,0,0,852,70,0,0
university,control_71_3425,aps_raw,0.05,full_frozen,1251,1190,1.1542710448493194,False,control,0.25,852,776,852,0,808,808,0.9483568075117371,0.9483568075117371,1.0,1.8474178403755868,2.0,0,0,852,70,130,10
university,control_71_3425,aps_raw,0.05,matched_all_extended,1251,1190,1.1484315990574965,False,control,0.25,852,776,852,0,808,808,0.9483568075117371,0.9483568075117371,1.0,1.8215962441314555,2.0,0,0,852,70,152,10
university,control_71_3425,aps_raw,0.05,matched_reachable_oracle,1251,1190,1.1484315990574965,False,control,0.25,852,776,852,0,808,808,0.9483568075117371,0.9483568075117371,1.0,1.8215962441314555,2.0,0,0,852,70,152,10
university,control_71_3425,aps_raw,0.1,full_frozen,1251,1127,0.6546436346022938,False,control,0.25,852,776,852,0,764,764,0.8967136150234741,0.8967136150234741,1.0,0.9776995305164319,1.0,19,0,833,69,833,69
university,control_71_3425,aps_raw,0.1,matched_all_extended,1251,1127,0.6539711254356202,False,control,0.25,852,776,852,0,763,763,0.8955399061032864,0.8955399061032864,1.0,0.9765258215962441,1.0,20,0,832,69,832,69
university,control_71_3425,aps_raw,0.1,matched_reachable_oracle,1251,1127,0.6539711254356202,False,control,0.25,852,776,852,0,763,763,0.8955399061032864,0.8955399061032864,1.0,0.9765258215962441,1.0,20,0,832,69,832,69
university,control_71_3425,fixed_k,0.01,full_frozen,1251,1239,50.0,False,control,0.25,852,776,852,0,845,845,0.9917840375586855,0.9917840375586855,1.0,50.0,50.0,0,0,852,70,0,0
university,control_71_3425,fixed_k,0.01,matched_all_extended,1251,1239,44.0,False,control,0.25,852,776,852,0,845,845,0.9917840375586855,0.9917840375586855,1.0,44.0,44.0,0,0,852,70,0,0
university,control_71_3425,fixed_k,0.01,matched_reachable_oracle,1251,1239,44.0,False,control,0.25,852,776,852,0,845,845,0.9917840375586855,0.9917840375586855,1.0,44.0,44.0,0,0,852,70,0,0
university,control_71_3425,fixed_k,0.05,full_frozen,1251,1189,2.0,False,control,0.25,852,776,852,0,817,817,0.9589201877934272,0.9589201877934272,1.0,2.0,2.0,0,0,852,70,0,0
university,control_71_3425,fixed_k,0.05,matched_all_extended,1251,1189,2.0,False,control,0.25,852,776,852,0,817,817,0.9589201877934272,0.9589201877934272,1.0,2.0,2.0,0,0,852,70,0,0
university,control_71_3425,fixed_k,0.05,matched_reachable_oracle,1251,1189,2.0,False,control,0.25,852,776,852,0,817,817,0.9589201877934272,0.9589201877934272,1.0,2.0,2.0,0,0,852,70,0,0
university,control_71_3425,fixed_k,0.1,full_frozen,1251,1126,1.0,False,control,0.25,852,776,852,0,782,782,0.9178403755868545,0.9178403755868545,1.0,1.0,1.0,0,0,852,70,852,70
university,control_71_3425,fixed_k,0.1,matched_all_extended,1251,1126,1.0,False,control,0.25,852,776,852,0,782,782,0.9178403755868545,0.9178403755868545,1.0,1.0,1.0,0,0,852,70,852,70
university,control_71_3425,fixed_k,0.1,matched_reachable_oracle,1251,1126,1.0,False,control,0.25,852,776,852,0,782,782,0.9178403755868545,0.9178403755868545,1.0,1.0,1.0,0,0,852,70,852,70
university,target_142_3425,distance,0.01,full_frozen,1251,1240,1.0527065299956362,False,target,0.5,852,601,426,426,426,426,0.5,1.0,0.5,24.200704225352112,21.0,1,0,851,453,0,0
university,target_142_3425,distance,0.01,matched_all_extended,1251,1240,,True,target,0.5,852,601,426,426,426,426,0.5,1.0,0.5,601.0,601.0,0,852,852,454,0,0
university,target_142_3425,distance,0.01,matched_reachable_oracle,627,622,1.0498754086847106,False,target,0.5,852,601,426,426,426,426,0.5,1.0,0.5,22.36737089201878,19.0,1,0,851,453,0,0
university,target_142_3425,distance,0.05,full_frozen,1251,1190,0.9258809992489222,False,target,0.5,852,601,426,426,402,402,0.47183098591549294,0.9436619718309859,0.5,1.3274647887323943,1.0,268,0,584,194,319,105
university,target_142_3425,distance,0.05,matched_all_extended,1251,1190,,True,target,0.5,852,601,426,426,426,426,0.5,1.0,0.5,601.0,601.0,0,852,852,454,0,0
university,target_142_3425,distance,0.05,matched_reachable_oracle,627,597,0.9234167474383131,False,target,0.5,852,601,426,426,402,402,0.47183098591549294,0.9436619718309859,0.5,1.266431924882629,1.0,272,0,580,190,338,110
university,target_142_3425,distance,0.1,full_frozen,1251,1127,0.8698587224776244,False,target,0.5,852,601,426,426,371,371,0.4354460093896714,0.8708920187793427,0.5,0.6983568075117371,1.0,404,0,448,85,357,55
university,target_142_3425,distance,0.1,matched_all_extended,1251,1127,,True,target,0.5,852,601,426,426,426,426,0.5,1.0,0.5,601.0,601.0,0,852,852,454,0,0
university,target_142_3425,distance,0.1,matched_reachable_oracle,627,566,0.8698587224776244,False,target,0.5,852,601,426,426,371,371,0.4354460093896714,0.8708920187793427,0.5,0.6983568075117371,1.0,404,0,448,85,357,55
university,target_142_3425,aps_raw,0.01,full_frozen,1251,1240,28.630864167150232,False,target,0.5,852,601,426,426,426,426,0.5,1.0,0.5,58.136150234741784,58.0,0,0,852,454,0,0
university,target_142_3425,aps_raw,0.01,matched_all_extended,1251,1240,,True,target,0.5,852,601,426,426,426,426,0.5,1.0,0.5,601.0,601.0,0,852,852,454,0,0
university,target_142_3425,aps_raw,0.01,matched_reachable_oracle,627,622,13.493377860482193,False,target,0.5,852,601,426,426,426,426,0.5,1.0,0.5,26.793427230046948,27.0,0,0,852,454,0,0
university,target_142_3425,aps_raw,0.05,full_frozen,1251,1190,1.1542710448493194,False,target,0.5,852,601,426,426,415,415,0.48708920187793425,0.9741784037558685,0.5,1.943661971830986,2.0,0,0,852,454,48,3
university,target_142_3425,aps_raw,0.05,matched_all_extended,1251,1190,,True,target,0.5,852,601,426,426,426,426,0.5,1.0,0.5,601.0,601.0,0,852,852,454,0,0
university,target_142_3425,aps_raw,0.05,matched_reachable_oracle,627,597,1.0538621748235446,False,target,0.5,852,601,426,426,406,406,0.4765258215962441,0.9530516431924883,0.5,1.488262910798122,1.0,0,0,852,454,436,89
university,target_142_3425,aps_raw,0.1,full_frozen,1251,1127,0.6546436346022938,False,target,0.5,852,601,426,426,388,388,0.45539906103286387,0.9107981220657277,0.5,0.9870892018779343,1.0,11,0,841,453,841,453
university,target_142_3425,aps_raw,0.1,matched_all_extended,1251,1127,,True,target,0.5,852,601,426,426,426,426,0.5,1.0,0.5,601.0,601.0,0,852,852,454,0,0
university,target_142_3425,aps_raw,0.1,matched_reachable_oracle,627,566,0.6485900068402011,False,target,0.5,852,601,426,426,385,385,0.4518779342723005,0.903755868544601,0.5,0.9835680751173709,1.0,14,0,838,453,838,453
university,target_142_3425,fixed_k,0.01,full_frozen,1251,1239,50.0,False,target,0.5,852,601,426,426,426,426,0.5,1.0,0.5,50.0,50.0,0,0,852,454,0,0
university,target_142_3425,fixed_k,0.01,matched_all_extended,1251,1239,,True,target,0.5,852,601,426,426,426,426,0.5,1.0,0.5,601.0,601.0,0,852,852,454,0,0
university,target_142_3425,fixed_k,0.01,matched_reachable_oracle,627,621,24.0,False,target,0.5,852,601,426,426,426,426,0.5,1.0,0.5,24.0,24.0,0,0,852,454,0,0
university,target_142_3425,fixed_k,0.05,full_frozen,1251,1189,2.0,False,target,0.5,852,601,426,426,415,415,0.48708920187793425,0.9741784037558685,0.5,2.0,2.0,0,0,852,454,0,0
university,target_142_3425,fixed_k,0.05,matched_all_extended,1251,1189,,True,target,0.5,852,601,426,426,426,426,0.5,1.0,0.5,601.0,601.0,0,852,852,454,0,0
university,target_142_3425,fixed_k,0.05,matched_reachable_oracle,627,596,2.0,False,target,0.5,852,601,426,426,415,415,0.48708920187793425,0.9741784037558685,0.5,2.0,2.0,0,0,852,454,0,0
university,target_142_3425,fixed_k,0.1,full_frozen,1251,1126,1.0,False,target,0.5,852,601,426,426,398,398,0.4671361502347418,0.9342723004694836,0.5,1.0,1.0,0,0,852,454,852,454
university,target_142_3425,fixed_k,0.1,matched_all_extended,1251,1126,,True,target,0.5,852,601,426,426,426,426,0.5,1.0,0.5,601.0,601.0,0,852,852,454,0,0
university,target_142_3425,fixed_k,0.1,matched_reachable_oracle,627,565,1.0,False,target,0.5,852,601,426,426,398,398,0.4671361502347418,0.9342723004694836,0.5,1.0,1.0,0,0,852,454,852,454
university,target_71_3426,distance,0.01,full_frozen,1251,1240,1.0527065299956362,False,target,0.25,852,776,639,213,632,632,0.7417840375586855,0.9890453834115805,0.75,31.633802816901408,28.0,0,0,852,256,0,0
university,target_71_3426,distance,0.01,matched_all_extended,1251,1240,,True,target,0.25,852,776,639,213,639,639,0.75,1.0,0.75,776.0,776.0,0,852,852,256,0,0
university,target_71_3426,distance,0.01,matched_reachable_oracle,939,931,1.0227080824027517,False,target,0.25,852,776,639,213,629,629,0.7382629107981221,0.9843505477308294,0.75,13.976525821596244,12.0,1,0,851,255,4,1
university,target_71_3426,distance,0.05,full_frozen,1251,1190,0.9258809992489222,False,target,0.25,852,776,639,213,599,599,0.7030516431924883,0.9374021909233177,0.75,1.8791079812206573,1.0,129,0,723,140,331,64
university,target_71_3426,distance,0.05,matched_all_extended,1251,1190,,True,target,0.25,852,776,639,213,639,639,0.75,1.0,0.75,776.0,776.0,0,852,852,256,0,0
university,target_71_3426,distance,0.05,matched_reachable_oracle,939,893,0.9156943200338891,False,target,0.25,852,776,639,213,595,595,0.6983568075117371,0.9311424100156495,0.75,1.636150234741784,1.0,149,0,703,122,369,62
university,target_71_3426,distance,0.1,full_frozen,1251,1127,0.8698587224776244,False,target,0.25,852,776,639,213,558,558,0.6549295774647887,0.8732394366197183,0.75,1.005868544600939,1.0,241,0,611,65,458,42
university,target_71_3426,distance,0.1,matched_all_extended,1251,1127,,True,target,0.25,852,776,639,213,639,639,0.75,1.0,0.75,776.0,776.0,0,852,852,256,0,0
university,target_71_3426,distance,0.1,matched_reachable_oracle,939,846,0.8643066638738972,False,target,0.25,852,776,639,213,553,553,0.6490610328638498,0.865414710485133,0.75,0.9589201877934272,1.0,249,0,603,61,467,38
university,target_71_3426,aps_raw,0.01,full_frozen,1251,1240,28.630864167150232,False,target,0.25,852,776,639,213,632,632,0.7417840375586855,0.9890453834115805,0.75,57.81455399061033,58.0,0,0,852,256,0,0
university,target_71_3426,aps_raw,0.01,matched_all_extended,1251,1240,,True,target,0.25,852,776,639,213,639,639,0.75,1.0,0.75,776.0,776.0,0,852,852,256,0,0
university,target_71_3426,aps_raw,0.01,matched_reachable_oracle,939,931,7.984756774229043,False,target,0.25,852,776,639,213,631,631,0.7406103286384976,0.9874804381846636,0.75,15.237089201877934,15.0,0,0,852,256,0,0
university,target_71_3426,aps_raw,0.05,full_frozen,1251,1190,1.1542710448493194,False,target,0.25,852,776,639,213,609,609,0.7147887323943662,0.9530516431924883,0.75,1.8931924882629108,2.0,0,0,852,256,91,5
university,target_71_3426,aps_raw,0.05,matched_all_extended,1251,1190,,True,target,0.25,852,776,639,213,639,639,0.75,1.0,0.75,776.0,776.0,0,852,852,256,0,0
university,target_71_3426,aps_raw,0.05,matched_reachable_oracle,939,893,1.0172918300589444,False,target,0.25,852,776,639,213,596,596,0.6995305164319249,0.9327073552425665,0.75,1.0786384976525822,1.0,0,0,852,256,785,191
university,target_71_3426,aps_raw,0.1,full_frozen,1251,1127,0.6546436346022938,False,target,0.25,852,776,639,213,585,585,0.6866197183098591,0.9154929577464789,0.75,0.9859154929577465,1.0,12,0,840,255,840,255
university,target_71_3426,aps_raw,0.1,matched_all_extended,1251,1127,,True,target,0.25,852,776,639,213,639,639,0.75,1.0,0.75,776.0,776.0,0,852,852,256,0,0
university,target_71_3426,aps_raw,0.1,matched_reachable_oracle,939,846,0.6501195792289481,False,target,0.25,852,776,639,213,581,581,0.681924882629108,0.9092331768388107,0.75,0.9800469483568075,1.0,17,0,835,254,835,254
university,target_71_3426,fixed_k,0.01,full_frozen,1251,1239,50.0,False,target,0.25,852,776,639,213,632,632,0.7417840375586855,0.9890453834115805,0.75,50.0,50.0,0,0,852,256,0,0
university,target_71_3426,fixed_k,0.01,matched_all_extended,1251,1239,,True,target,0.25,852,776,639,213,639,639,0.75,1.0,0.75,776.0,776.0,0,852,852,256,0,0
university,target_71_3426,fixed_k,0.01,matched_reachable_oracle,939,930,15.0,False,target,0.25,852,776,639,213,630,630,0.7394366197183099,0.9859154929577465,0.75,15.0,15.0,0,0,852,256,0,0
university,target_71_3426,fixed_k,0.05,full_frozen,1251,1189,2.0,False,target,0.25,852,776,639,213,613,613,0.7194835680751174,0.9593114241001565,0.75,2.0,2.0,0,0,852,256,0,0
university,target_71_3426,fixed_k,0.05,matched_all_extended,1251,1189,,True,target,0.25,852,776,639,213,639,639,0.75,1.0,0.75,776.0,776.0,0,852,852,256,0,0
university,target_71_3426,fixed_k,0.05,matched_reachable_oracle,939,893,2.0,False,target,0.25,852,776,639,213,613,613,0.7194835680751174,0.9593114241001565,0.75,2.0,2.0,0,0,852,256,0,0
university,target_71_3426,fixed_k,0.1,full_frozen,1251,1126,1.0,False,target,0.25,852,776,639,213,596,596,0.6995305164319249,0.9327073552425665,0.75,1.0,1.0,0,0,852,256,852,256
university,target_71_3426,fixed_k,0.1,matched_all_extended,1251,1126,,True,target,0.25,852,776,639,213,639,639,0.75,1.0,0.75,776.0,776.0,0,852,852,256,0,0
university,target_71_3426,fixed_k,0.1,matched_reachable_oracle,939,846,1.0,False,target,0.25,852,776,639,213,596,596,0.6995305164319249,0.9327073552425665,0.75,1.0,1.0,0,0,852,256,852,256
university,control_71_3426,distance,0.01,full_frozen,1251,1240,1.0527065299956362,False,control,0.25,852,776,852,0,845,845,0.9917840375586855,0.9917840375586855,1.0,33.32394366197183,29.0,0,0,852,76,0,0
university,control_71_3426,distance,0.01,matched_all_extended,1251,1240,1.0527065299956362,False,control,0.25,852,776,852,0,845,845,0.9917840375586855,0.9917840375586855,1.0,33.32394366197183,29.0,0,0,852,76,0,0
university,control_71_3426,distance,0.01,matched_reachable_oracle,1251,1240,1.0527065299956362,False,control,0.25,852,776,852,0,845,845,0.9917840375586855,0.9917840375586855,1.0,33.32394366197183,29.0,0,0,852,76,0,0
university,control_71_3426,distance,0.05,full_frozen,1251,1190,0.9258809992489222,False,control,0.25,852,776,852,0,798,798,0.9366197183098591,0.9366197183098591,1.0,2.214788732394366,2.0,37,0,815,55,357,12
university,control_71_3426,distance,0.05,matched_all_extended,1251,1190,0.9258809992489222,False,control,0.25,852,776,852,0,798,798,0.9366197183098591,0.9366197183098591,1.0,2.214788732394366,2.0,37,0,815,55,357,12
university,control_71_3426,distance,0.05,matched_reachable_oracle,1251,1190,0.9258809992489222,False,control,0.25,852,776,852,0,798,798,0.9366197183098591,0.9366197183098591,1.0,2.214788732394366,2.0,37,0,815,55,357,12
university,control_71_3426,distance,0.1,full_frozen,1251,1127,0.8698587224776244,False,control,0.25,852,776,852,0,735,735,0.8626760563380281,0.8626760563380281,1.0,1.2582159624413145,1.0,111,0,741,31,533,5
university,control_71_3426,distance,0.1,matched_all_extended,1251,1127,0.8698587224776244,False,control,0.25,852,776,852,0,735,735,0.8626760563380281,0.8626760563380281,1.0,1.2582159624413145,1.0,111,0,741,31,533,5
university,control_71_3426,distance,0.1,matched_reachable_oracle,1251,1127,0.8698587224776244,False,control,0.25,852,776,852,0,735,735,0.8626760563380281,0.8626760563380281,1.0,1.2582159624413145,1.0,111,0,741,31,533,5
university,control_71_3426,aps_raw,0.01,full_frozen,1251,1240,28.630864167150232,False,control,0.25,852,776,852,0,845,845,0.9917840375586855,0.9917840375586855,1.0,57.71596244131455,58.0,0,0,852,76,0,0
university,control_71_3426,aps_raw,0.01,matched_all_extended,1251,1240,25.698859593070164,False,control,0.25,852,776,852,0,845,845,0.9917840375586855,0.9917840375586855,1.0,51.65023474178404,52.0,0,0,852,76,0,0
university,control_71_3426,aps_raw,0.01,matched_reachable_oracle,1251,1240,25.698859593070164,False,control,0.25,852,776,852,0,845,845,0.9917840375586855,0.9917840375586855,1.0,51.65023474178404,52.0,0,0,852,76,0,0
university,control_71_3426,aps_raw,0.05,full_frozen,1251,1190,1.1542710448493194,False,control,0.25,852,776,852,0,806,806,0.9460093896713615,0.9460093896713615,1.0,1.84037558685446,2.0,0,0,852,76,136,10
university,control_71_3426,aps_raw,0.05,matched_all_extended,1251,1190,1.1484315990574965,False,control,0.25,852,776,852,0,805,805,0.9448356807511737,0.9448356807511737,1.0,1.818075117370892,2.0,0,0,852,76,155,11
university,control_71_3426,aps_raw,0.05,matched_reachable_oracle,1251,1190,1.1484315990574965,False,control,0.25,852,776,852,0,805,805,0.9448356807511737,0.9448356807511737,1.0,1.818075117370892,2.0,0,0,852,76,155,11
university,control_71_3426,aps_raw,0.1,full_frozen,1251,1127,0.6546436346022938,False,control,0.25,852,776,852,0,758,758,0.8896713615023474,0.8896713615023474,1.0,0.9776995305164319,1.0,19,0,833,75,833,75
university,control_71_3426,aps_raw,0.1,matched_all_extended,1251,1127,0.6532155922034415,False,control,0.25,852,776,852,0,755,755,0.886150234741784,0.886150234741784,1.0,0.9741784037558685,1.0,22,0,830,75,830,75
university,control_71_3426,aps_raw,0.1,matched_reachable_oracle,1251,1127,0.6532155922034415,False,control,0.25,852,776,852,0,755,755,0.886150234741784,0.886150234741784,1.0,0.9741784037558685,1.0,22,0,830,75,830,75
university,control_71_3426,fixed_k,0.01,full_frozen,1251,1239,50.0,False,control,0.25,852,776,852,0,845,845,0.9917840375586855,0.9917840375586855,1.0,50.0,50.0,0,0,852,76,0,0
university,control_71_3426,fixed_k,0.01,matched_all_extended,1251,1239,44.0,False,control,0.25,852,776,852,0,845,845,0.9917840375586855,0.9917840375586855,1.0,44.0,44.0,0,0,852,76,0,0
university,control_71_3426,fixed_k,0.01,matched_reachable_oracle,1251,1239,44.0,False,control,0.25,852,776,852,0,845,845,0.9917840375586855,0.9917840375586855,1.0,44.0,44.0,0,0,852,76,0,0
university,control_71_3426,fixed_k,0.05,full_frozen,1251,1189,2.0,False,control,0.25,852,776,852,0,815,815,0.9565727699530516,0.9565727699530516,1.0,2.0,2.0,0,0,852,76,0,0
university,control_71_3426,fixed_k,0.05,matched_all_extended,1251,1189,2.0,False,control,0.25,852,776,852,0,815,815,0.9565727699530516,0.9565727699530516,1.0,2.0,2.0,0,0,852,76,0,0
university,control_71_3426,fixed_k,0.05,matched_reachable_oracle,1251,1189,2.0,False,control,0.25,852,776,852,0,815,815,0.9565727699530516,0.9565727699530516,1.0,2.0,2.0,0,0,852,76,0,0
university,control_71_3426,fixed_k,0.1,full_frozen,1251,1126,1.0,False,control,0.25,852,776,852,0,776,776,0.9107981220657277,0.9107981220657277,1.0,1.0,1.0,0,0,852,76,852,76
university,control_71_3426,fixed_k,0.1,matched_all_extended,1251,1126,1.0,False,control,0.25,852,776,852,0,776,776,0.9107981220657277,0.9107981220657277,1.0,1.0,1.0,0,0,852,76,852,76
university,control_71_3426,fixed_k,0.1,matched_reachable_oracle,1251,1126,1.0,False,control,0.25,852,776,852,0,776,776,0.9107981220657277,0.9107981220657277,1.0,1.0,1.0,0,0,852,76,852,76
university,target_142_3426,distance,0.01,full_frozen,1251,1240,1.0527065299956362,False,target,0.5,852,601,426,426,423,423,0.4964788732394366,0.9929577464788732,0.5,23.985915492957748,21.0,0,0,852,452,1,1
university,target_142_3426,distance,0.01,matched_all_extended,1251,1240,,True,target,0.5,852,601,426,426,426,426,0.5,1.0,0.5,601.0,601.0,0,852,852,452,0,0
university,target_142_3426,distance,0.01,matched_reachable_oracle,627,622,1.0463499444104456,False,target,0.5,852,601,426,426,423,423,0.4964788732394366,0.9929577464788732,0.5,20.06924882629108,18.0,0,0,852,452,1,1
university,target_142_3426,distance,0.05,full_frozen,1251,1190,0.9258809992489222,False,target,0.5,852,601,426,426,403,403,0.47300469483568075,0.9460093896713615,0.5,1.2946009389671362,1.0,256,0,596,205,335,113
university,target_142_3426,distance,0.05,matched_all_extended,1251,1190,,True,target,0.5,852,601,426,426,426,426,0.5,1.0,0.5,601.0,601.0,0,852,852,452,0,0
university,target_142_3426,distance,0.05,matched_reachable_oracle,627,597,0.924313204748047,False,target,0.5,852,601,426,426,402,402,0.47183098591549294,0.9436619718309859,0.5,1.2523474178403755,1.0,263,0,589,199,339,112
university,target_142_3426,distance,0.1,full_frozen,1251,1127,0.8698587224776244,False,target,0.5,852,601,426,426,374,374,0.43896713615023475,0.8779342723004695,0.5,0.676056338028169,1.0,412,0,440,76,345,43
university,target_142_3426,distance,0.1,matched_all_extended,1251,1127,,True,target,0.5,852,601,426,426,426,426,0.5,1.0,0.5,601.0,601.0,0,852,852,452,0,0
university,target_142_3426,distance,0.1,matched_reachable_oracle,627,566,0.8701696460237531,False,target,0.5,852,601,426,426,374,374,0.43896713615023475,0.8779342723004695,0.5,0.676056338028169,1.0,412,0,440,76,345,43
university,target_142_3426,aps_raw,0.01,full_frozen,1251,1240,28.630864167150232,False,target,0.5,852,601,426,426,424,424,0.49765258215962443,0.9953051643192489,0.5,58.152582159624416,58.0,0,0,852,452,0,0
university,target_142_3426,aps_raw,0.01,matched_all_extended,1251,1240,,True,target,0.5,852,601,426,426,426,426,0.5,1.0,0.5,601.0,601.0,0,852,852,452,0,0
university,target_142_3426,aps_raw,0.01,matched_reachable_oracle,627,622,14.817378846507337,False,target,0.5,852,601,426,426,423,423,0.4964788732394366,0.9929577464788732,0.5,29.501173708920188,30.0,0,0,852,452,0,0
university,target_142_3426,aps_raw,0.05,full_frozen,1251,1190,1.1542710448493194,False,target,0.5,852,601,426,426,410,410,0.4812206572769953,0.9624413145539906,0.5,1.942488262910798,2.0,0,0,852,452,49,6
university,target_142_3426,aps_raw,0.05,matched_all_extended,1251,1190,,True,target,0.5,852,601,426,426,426,426,0.5,1.0,0.5,601.0,601.0,0,852,852,452,0,0
university,target_142_3426,aps_raw,0.05,matched_reachable_oracle,627,597,0.6866281170235475,False,target,0.5,852,601,426,426,399,399,0.46830985915492956,0.9366197183098591,0.5,0.9988262910798122,1.0,1,0,851,452,851,452
university,target_142_3426,aps_raw,0.1,full_frozen,1251,1127,0.6546436346022938,False,target,0.5,852,601,426,426,391,391,0.45892018779342725,0.9178403755868545,0.5,0.9882629107981221,1.0,10,0,842,451,842,451
university,target_142_3426,aps_raw,0.1,matched_all_extended,1251,1127,,True,target,0.5,852,601,426,426,426,426,0.5,1.0,0.5,601.0,601.0,0,852,852,452,0,0
university,target_142_3426,aps_raw,0.1,matched_reachable_oracle,627,566,0.6436889628483977,False,target,0.5,852,601,426,426,380,380,0.4460093896713615,0.892018779342723,0.5,0.9741784037558685,1.0,22,0,830,450,830,450
university,target_142_3426,fixed_k,0.01,full_frozen,1251,1239,50.0,False,target,0.5,852,601,426,426,423,423,0.4964788732394366,0.9929577464788732,0.5,50.0,50.0,0,0,852,452,0,0
university,target_142_3426,fixed_k,0.01,matched_all_extended,1251,1239,,True,target,0.5,852,601,426,426,426,426,0.5,1.0,0.5,601.0,601.0,0,852,852,452,0,0
university,target_142_3426,fixed_k,0.01,matched_reachable_oracle,627,621,22.0,False,target,0.5,852,601,426,426,423,423,0.4964788732394366,0.9929577464788732,0.5,22.0,22.0,0,0,852,452,0,0
university,target_142_3426,fixed_k,0.05,full_frozen,1251,1189,2.0,False,target,0.5,852,601,426,426,414,414,0.4859154929577465,0.971830985915493,0.5,2.0,2.0,0,0,852,452,0,0
university,target_142_3426,fixed_k,0.05,matched_all_extended,1251,1189,,True,target,0.5,852,601,426,426,426,426,0.5,1.0,0.5,601.0,601.0,0,852,852,452,0,0
university,target_142_3426,fixed_k,0.05,matched_reachable_oracle,627,596,1.0,False,target,0.5,852,601,426,426,400,400,0.4694835680751174,0.9389671361502347,0.5,1.0,1.0,0,0,852,452,852,452
university,target_142_3426,fixed_k,0.1,full_frozen,1251,1126,1.0,False,target,0.5,852,601,426,426,400,400,0.4694835680751174,0.9389671361502347,0.5,1.0,1.0,0,0,852,452,852,452
university,target_142_3426,fixed_k,0.1,matched_all_extended,1251,1126,,True,target,0.5,852,601,426,426,426,426,0.5,1.0,0.5,601.0,601.0,0,852,852,452,0,0
university,target_142_3426,fixed_k,0.1,matched_reachable_oracle,627,565,1.0,False,target,0.5,852,601,426,426,400,400,0.4694835680751174,0.9389671361502347,0.5,1.0,1.0,0,0,852,452,852,452
sues,full,distance,0.01,full_frozen,384,382,1.0745146531470176,False,full,0.0,1428,200,1428,0,1427,1427,0.9992997198879552,0.9992997198879552,1.0,69.92086834733894,72.0,0,0,1428,232,11,0
sues,full,distance,0.01,matched_all_extended,384,382,1.0745146531470176,False,full,0.0,1428,200,1428,0,1427,1427,0.9992997198879552,0.9992997198879552,1.0,69.92086834733894,72.0,0,0,1428,232,11,0
sues,full,distance,0.01,matched_reachable_oracle,384,382,1.0745146531470176,False,full,0.0,1428,200,1428,0,1427,1427,0.9992997198879552,0.9992997198879552,1.0,69.92086834733894,72.0,0,0,1428,232,11,0
sues,full,distance,0.05,full_frozen,384,366,1.0039368035385787,False,full,0.0,1428,200,1428,0,1395,1395,0.976890756302521,0.976890756302521,1.0,17.274509803921568,15.0,3,0,1425,232,64,3
sues,full,distance,0.05,matched_all_extended,384,366,1.0039368035385787,False,full,0.0,1428,200,1428,0,1395,1395,0.976890756302521,0.976890756302521,1.0,17.274509803921568,15.0,3,0,1425,232,64,3
sues,full,distance,0.05,matched_reachable_oracle,384,366,1.0039368035385787,False,full,0.0,1428,200,1428,0,1395,1395,0.976890756302521,0.976890756302521,1.0,17.274509803921568,15.0,3,0,1425,232,64,3
sues,full,distance,0.1,full_frozen,384,347,0.9648130374432573,False,full,0.0,1428,200,1428,0,1344,1344,0.9411764705882353,0.9411764705882353,1.0,7.432773109243698,6.0,30,0,1398,219,210,11
sues,full,distance,0.1,matched_all_extended,384,347,0.9648130374432573,False,full,0.0,1428,200,1428,0,1344,1344,0.9411764705882353,0.9411764705882353,1.0,7.432773109243698,6.0,30,0,1398,219,210,11
sues,full,distance,0.1,matched_reachable_oracle,384,347,0.9648130374432573,False,full,0.0,1428,200,1428,0,1344,1344,0.9411764705882353,0.9411764705882353,1.0,7.432773109243698,6.0,30,0,1398,219,210,11
sues,full,aps_raw,0.01,full_frozen,384,382,10.18556222022997,False,full,0.0,1428,200,1428,0,1404,1404,0.9831932773109243,0.9831932773109243,1.0,19.626050420168067,20.0,0,0,1428,232,0,0
sues,full,aps_raw,0.01,matched_all_extended,384,382,10.18556222022997,False,full,0.0,1428,200,1428,0,1404,1404,0.9831932773109243,0.9831932773109243,1.0,19.626050420168067,20.0,0,0,1428,232,0,0
sues,full,aps_raw,0.01,matched_reachable_oracle,384,382,10.18556222022997,False,full,0.0,1428,200,1428,0,1404,1404,0.9831932773109243,0.9831932773109243,1.0,19.626050420168067,20.0,0,0,1428,232,0,0
sues,full,aps_raw,0.05,full_frozen,384,366,2.5621897846746147,False,full,0.0,1428,200,1428,0,1349,1349,0.9446778711484594,0.9446778711484594,1.0,4.221988795518207,4.0,0,0,1428,232,0,0
sues,full,aps_raw,0.05,matched_all_extended,384,366,2.5621897846746147,False,full,0.0,1428,200,1428,0,1349,1349,0.9446778711484594,0.9446778711484594,1.0,4.221988795518207,4.0,0,0,1428,232,0,0
sues,full,aps_raw,0.05,matched_reachable_oracle,384,366,2.5621897846746147,False,full,0.0,1428,200,1428,0,1349,1349,0.9446778711484594,0.9446778711484594,1.0,4.221988795518207,4.0,0,0,1428,232,0,0
sues,full,aps_raw,0.1,full_frozen,384,347,1.5631376229375706,False,full,0.0,1428,200,1428,0,1305,1305,0.9138655462184874,0.9138655462184874,1.0,2.2738095238095237,2.0,0,0,1428,232,0,0
sues,full,aps_raw,0.1,matched_all_extended,384,347,1.5631376229375706,False,full,0.0,1428,200,1428,0,1305,1305,0.9138655462184874,0.9138655462184874,1.0,2.2738095238095237,2.0,0,0,1428,232,0,0
sues,full,aps_raw,0.1,matched_reachable_oracle,384,347,1.5631376229375706,False,full,0.0,1428,200,1428,0,1305,1305,0.9138655462184874,0.9138655462184874,1.0,2.2738095238095237,2.0,0,0,1428,232,0,0
sues,full,fixed_k,0.01,full_frozen,384,381,18.0,False,full,0.0,1428,200,1428,0,1403,1403,0.9824929971988795,0.9824929971988795,1.0,18.0,18.0,0,0,1428,232,0,0
sues,full,fixed_k,0.01,matched_all_extended,384,381,18.0,False,full,0.0,1428,200,1428,0,1403,1403,0.9824929971988795,0.9824929971988795,1.0,18.0,18.0,0,0,1428,232,0,0
sues,full,fixed_k,0.01,matched_reachable_oracle,384,381,18.0,False,full,0.0,1428,200,1428,0,1403,1403,0.9824929971988795,0.9824929971988795,1.0,18.0,18.0,0,0,1428,232,0,0
sues,full,fixed_k,0.05,full_frozen,384,365,5.0,False,full,0.0,1428,200,1428,0,1359,1359,0.9516806722689075,0.9516806722689075,1.0,5.0,5.0,0,0,1428,232,0,0
sues,full,fixed_k,0.05,matched_all_extended,384,365,5.0,False,full,0.0,1428,200,1428,0,1359,1359,0.9516806722689075,0.9516806722689075,1.0,5.0,5.0,0,0,1428,232,0,0
sues,full,fixed_k,0.05,matched_reachable_oracle,384,365,5.0,False,full,0.0,1428,200,1428,0,1359,1359,0.9516806722689075,0.9516806722689075,1.0,5.0,5.0,0,0,1428,232,0,0
sues,full,fixed_k,0.1,full_frozen,384,346,3.0,False,full,0.0,1428,200,1428,0,1326,1326,0.9285714285714286,0.9285714285714286,1.0,3.0,3.0,0,0,1428,232,0,0
sues,full,fixed_k,0.1,matched_all_extended,384,346,3.0,False,full,0.0,1428,200,1428,0,1326,1326,0.9285714285714286,0.9285714285714286,1.0,3.0,3.0,0,0,1428,232,0,0
sues,full,fixed_k,0.1,matched_reachable_oracle,384,346,3.0,False,full,0.0,1428,200,1428,0,1326,1326,0.9285714285714286,0.9285714285714286,1.0,3.0,3.0,0,0,1428,232,0,0
sues,target_25_290928,distance,0.01,full_frozen,384,382,1.0745146531470176,False,target,0.25,1428,162,1068,360,1067,1067,0.7471988795518207,0.9990636704119851,0.7478991596638656,57.25770308123249,59.0,2,0,1426,541,10,1
sues,target_25_290928,distance,0.01,matched_all_extended,384,382,,True,target,0.25,1428,162,1068,360,1068,1068,0.7478991596638656,1.0,0.7478991596638656,162.0,162.0,0,1428,1428,543,0,0
sues,target_25_290928,distance,0.01,matched_reachable_oracle,288,287,1.0821092020443175,False,target,0.25,1428,162,1068,360,1067,1067,0.7471988795518207,0.9990636704119851,0.7478991596638656,64.92436974789916,68.0,0,0,1428,543,9,1
sues,target_25_290928,distance,0.05,full_frozen,384,366,1.0039368035385787,False,target,0.25,1428,162,1068,360,1037,1037,0.7261904761904762,0.9709737827715356,0.7478991596638656,14.170868347338935,12.0,25,0,1403,521,68,10
sues,target_25_290928,distance,0.05,matched_all_extended,384,366,,True,target,0.25,1428,162,1068,360,1068,1068,0.7478991596638656,1.0,0.7478991596638656,162.0,162.0,0,1428,1428,543,0,0
sues,target_25_290928,distance,0.05,matched_reachable_oracle,288,275,1.0222899531094072,False,target,0.25,1428,162,1068,360,1047,1047,0.7331932773109243,0.9803370786516854,0.7478991596638656,20.80532212885154,19.5,19,0,1409,525,36,6
sues,target_25_290928,distance,0.1,full_frozen,384,347,0.9648130374432573,False,target,0.25,1428,162,1068,360,990,990,0.6932773109243697,0.9269662921348315,0.7478991596638656,6.060924369747899,4.0,102,0,1326,457,214,48
sues,target_25_290928,distance,0.1,matched_all_extended,384,347,,True,target,0.25,1428,162,1068,360,1068,1068,0.7478991596638656,1.0,0.7478991596638656,162.0,162.0,0,1428,1428,543,0,0
sues,target_25_290928,distance,0.1,matched_reachable_oracle,288,261,0.9761605728216652,False,target,0.25,1428,162,1068,360,1003,1003,0.7023809523809523,0.9391385767790262,0.7478991596638656,7.745098039215686,6.0,72,0,1356,484,145,36
sues,target_25_290928,aps_raw,0.01,full_frozen,384,382,10.18556222022997,False,target,0.25,1428,162,1068,360,1049,1049,0.7345938375350141,0.9822097378277154,0.7478991596638656,19.715686274509803,20.0,0,0,1428,543,0,0
sues,target_25_290928,aps_raw,0.01,matched_all_extended,384,382,,True,target,0.25,1428,162,1068,360,1068,1068,0.7478991596638656,1.0,0.7478991596638656,162.0,162.0,0,1428,1428,543,0,0
sues,target_25_290928,aps_raw,0.01,matched_reachable_oracle,288,287,11.55090217519044,False,target,0.25,1428,162,1068,360,1051,1051,0.7359943977591037,0.9840823970037453,0.7478991596638656,22.471988795518207,22.0,0,0,1428,543,0,0
sues,target_25_290928,aps_raw,0.05,full_frozen,384,366,2.5621897846746147,False,target,0.25,1428,162,1068,360,1008,1008,0.7058823529411765,0.9438202247191011,0.7478991596638656,4.319327731092437,4.0,0,0,1428,543,0,0
sues,target_25_290928,aps_raw,0.05,matched_all_extended,384,366,,True,target,0.25,1428,162,1068,360,1068,1068,0.7478991596638656,1.0,0.7478991596638656,162.0,162.0,0,1428,1428,543,0,0
sues,target_25_290928,aps_raw,0.05,matched_reachable_oracle,288,275,2.6027410825703985,False,target,0.25,1428,162,1068,360,1009,1009,0.7065826330532213,0.9447565543071161,0.7478991596638656,4.515406162464986,5.0,0,0,1428,543,0,0
sues,target_25_290928,aps_raw,0.1,full_frozen,384,347,1.5631376229375706,False,target,0.25,1428,162,1068,360,977,977,0.6841736694677871,0.9147940074906367,0.7478991596638656,2.38515406162465,2.0,0,0,1428,543,0,0
sues,target_25_290928,aps_raw,0.1,matched_all_extended,384,347,,True,target,0.25,1428,162,1068,360,1068,1068,0.7478991596638656,1.0,0.7478991596638656,162.0,162.0,0,1428,1428,543,0,0
sues,target_25_290928,aps_raw,0.1,matched_reachable_oracle,288,261,1.6041138994588504,False,target,0.25,1428,162,1068,360,987,987,0.6911764705882353,0.9241573033707865,0.7478991596638656,2.704481792717087,3.0,0,0,1428,543,0,0
sues,target_25_290928,fixed_k,0.01,full_frozen,384,381,18.0,False,target,0.25,1428,162,1068,360,1048,1048,0.7338935574229691,0.9812734082397003,0.7478991596638656,18.0,18.0,0,0,1428,543,0,0
sues,target_25_290928,fixed_k,0.01,matched_all_extended,384,381,,True,target,0.25,1428,162,1068,360,1068,1068,0.7478991596638656,1.0,0.7478991596638656,162.0,162.0,0,1428,1428,543,0,0
sues,target_25_290928,fixed_k,0.01,matched_reachable_oracle,288,286,18.0,False,target,0.25,1428,162,1068,360,1048,1048,0.7338935574229691,0.9812734082397003,0.7478991596638656,18.0,18.0,0,0,1428,543,0,0
sues,target_25_290928,fixed_k,0.05,full_frozen,384,365,5.0,False,target,0.25,1428,162,1068,360,1015,1015,0.7107843137254902,0.950374531835206,0.7478991596638656,5.0,5.0,0,0,1428,543,0,0
sues,target_25_290928,fixed_k,0.05,matched_all_extended,384,365,,True,target,0.25,1428,162,1068,360,1068,1068,0.7478991596638656,1.0,0.7478991596638656,162.0,162.0,0,1428,1428,543,0,0
sues,target_25_290928,fixed_k,0.05,matched_reachable_oracle,288,274,4.0,False,target,0.25,1428,162,1068,360,1003,1003,0.7023809523809523,0.9391385767790262,0.7478991596638656,4.0,4.0,0,0,1428,543,0,0
sues,target_25_290928,fixed_k,0.1,full_frozen,384,346,3.0,False,target,0.25,1428,162,1068,360,989,989,0.6925770308123249,0.9260299625468165,0.7478991596638656,3.0,3.0,0,0,1428,543,0,0
sues,target_25_290928,fixed_k,0.1,matched_all_extended,384,346,,True,target,0.25,1428,162,1068,360,1068,1068,0.7478991596638656,1.0,0.7478991596638656,162.0,162.0,0,1428,1428,543,0,0
sues,target_25_290928,fixed_k,0.1,matched_reachable_oracle,288,260,3.0,False,target,0.25,1428,162,1068,360,989,989,0.6925770308123249,0.9260299625468165,0.7478991596638656,3.0,3.0,0,0,1428,543,0,0
sues,target_50_290928,distance,0.01,full_frozen,384,382,1.0745146531470176,False,target,0.5,1428,124,708,720,707,707,0.4950980392156863,0.998587570621469,0.4957983193277311,43.83613445378151,45.0,2,0,1426,806,11,2
sues,target_50_290928,distance,0.01,matched_all_extended,384,382,,True,target,0.5,1428,124,708,720,708,708,0.4957983193277311,1.0,0.4957983193277311,124.0,124.0,0,1428,1428,808,0,0
sues,target_50_290928,distance,0.01,matched_reachable_oracle,192,192,1.1034752932091096,False,target,0.5,1428,124,708,720,708,708,0.4957983193277311,1.0,0.4957983193277311,67.6295518207283,70.0,0,0,1428,808,3,0
sues,target_50_290928,distance,0.05,full_frozen,384,366,1.0039368035385787,False,target,0.5,1428,124,708,720,690,690,0.4831932773109244,0.9745762711864406,0.4957983193277311,11.170168067226891,10.0,40,0,1388,768,78,30
sues,target_50_290928,distance,0.05,matched_all_extended,384,366,,True,target,0.5,1428,124,708,720,708,708,0.4957983193277311,1.0,0.4957983193277311,124.0,124.0,0,1428,1428,808,0,0
sues,target_50_290928,distance,0.05,matched_reachable_oracle,192,184,1.040265541447891,False,target,0.5,1428,124,708,720,697,697,0.4880952380952381,0.9844632768361582,0.4957983193277311,23.336834733893557,23.0,17,0,1411,791,25,9
sues,target_50_290928,distance,0.1,full_frozen,384,347,0.9648130374432573,False,target,0.5,1428,124,708,720,666,666,0.46638655462184875,0.940677966101695,0.4957983193277311,4.836834733893557,3.0,170,0,1258,647,238,108
sues,target_50_290928,distance,0.1,matched_all_extended,384,347,,True,target,0.5,1428,124,708,720,708,708,0.4957983193277311,1.0,0.4957983193277311,124.0,124.0,0,1428,1428,808,0,0
sues,target_50_290928,distance,0.1,matched_reachable_oracle,192,174,1.0039368035385787,False,target,0.5,1428,124,708,720,690,690,0.4831932773109244,0.9745762711864406,0.4957983193277311,11.170168067226891,10.0,40,0,1388,768,78,30
sues,target_50_290928,aps_raw,0.01,full_frozen,384,382,10.18556222022997,False,target,0.5,1428,124,708,720,701,701,0.49089635854341734,0.9901129943502824,0.4957983193277311,19.817226890756302,20.0,0,0,1428,808,0,0
sues,target_50_290928,aps_raw,0.01,matched_all_extended,384,382,,True,target,0.5,1428,124,708,720,708,708,0.4957983193277311,1.0,0.4957983193277311,124.0,124.0,0,1428,1428,808,0,0
sues,target_50_290928,aps_raw,0.01,matched_reachable_oracle,192,192,10.475109421923708,False,target,0.5,1428,124,708,720,702,702,0.49159663865546216,0.9915254237288136,0.4957983193277311,20.41176470588235,20.0,0,0,1428,808,0,0
sues,target_50_290928,aps_raw,0.05,full_frozen,384,366,2.5621897846746147,False,target,0.5,1428,124,708,720,682,682,0.47759103641456585,0.963276836158192,0.4957983193277311,4.42436974789916,4.0,0,0,1428,808,0,0
sues,target_50_290928,aps_raw,0.05,matched_all_extended,384,366,,True,target,0.5,1428,124,708,720,708,708,0.4957983193277311,1.0,0.4957983193277311,124.0,124.0,0,1428,1428,808,0,0
sues,target_50_290928,aps_raw,0.05,matched_reachable_oracle,192,184,3.462900850173503,False,target,0.5,1428,124,708,720,689,689,0.48249299719887956,0.9731638418079096,0.4957983193277311,6.069327731092437,6.0,0,0,1428,808,0,0
sues,target_50_290928,aps_raw,0.1,full_frozen,384,347,1.5631376229375706,False,target,0.5,1428,124,708,720,664,664,0.4649859943977591,0.9378531073446328,0.4957983193277311,2.495798319327731,2.0,0,0,1428,808,0,0
sues,target_50_290928,aps_raw,0.1,matched_all_extended,384,347,,True,target,0.5,1428,124,708,720,708,708,0.4957983193277311,1.0,0.4957983193277311,124.0,124.0,0,1428,1428,808,0,0
sues,target_50_290928,aps_raw,0.1,matched_reachable_oracle,192,174,1.6041138994588504,False,target,0.5,1428,124,708,720,672,672,0.47058823529411764,0.9491525423728814,0.4957983193277311,2.795518207282913,3.0,0,0,1428,808,0,0
sues,target_50_290928,fixed_k,0.01,full_frozen,384,381,18.0,False,target,0.5,1428,124,708,720,701,701,0.49089635854341734,0.9901129943502824,0.4957983193277311,18.0,18.0,0,0,1428,808,0,0
sues,target_50_290928,fixed_k,0.01,matched_all_extended,384,381,,True,target,0.5,1428,124,708,720,708,708,0.4957983193277311,1.0,0.4957983193277311,124.0,124.0,0,1428,1428,808,0,0
sues,target_50_290928,fixed_k,0.01,matched_reachable_oracle,192,191,17.0,False,target,0.5,1428,124,708,720,700,700,0.49019607843137253,0.9887005649717514,0.4957983193277311,17.0,17.0,0,0,1428,808,0,0
sues,target_50_290928,fixed_k,0.05,full_frozen,384,365,5.0,False,target,0.5,1428,124,708,720,684,684,0.4789915966386555,0.9661016949152542,0.4957983193277311,5.0,5.0,0,0,1428,808,0,0
sues,target_50_290928,fixed_k,0.05,matched_all_extended,384,365,,True,target,0.5,1428,124,708,720,708,708,0.4957983193277311,1.0,0.4957983193277311,124.0,124.0,0,1428,1428,808,0,0
sues,target_50_290928,fixed_k,0.05,matched_reachable_oracle,192,183,5.0,False,target,0.5,1428,124,708,720,684,684,0.4789915966386555,0.9661016949152542,0.4957983193277311,5.0,5.0,0,0,1428,808,0,0
sues,target_50_290928,fixed_k,0.1,full_frozen,384,346,3.0,False,target,0.5,1428,124,708,720,675,675,0.4726890756302521,0.9533898305084746,0.4957983193277311,3.0,3.0,0,0,1428,808,0,0
sues,target_50_290928,fixed_k,0.1,matched_all_extended,384,346,,True,target,0.5,1428,124,708,720,708,708,0.4957983193277311,1.0,0.4957983193277311,124.0,124.0,0,1428,1428,808,0,0
sues,target_50_290928,fixed_k,0.1,matched_reachable_oracle,192,173,3.0,False,target,0.5,1428,124,708,720,675,675,0.4726890756302521,0.9533898305084746,0.4957983193277311,3.0,3.0,0,0,1428,808,0,0
sues,control_25_290928,distance,0.01,full_frozen,384,382,1.0745146531470176,False,control,0.25,1428,162,1428,0,1427,1427,0.9992997198879552,0.9992997198879552,1.0,55.67296918767507,57.0,0,0,1428,205,11,0
sues,control_25_290928,distance,0.01,matched_all_extended,384,382,1.0745146531470176,False,control,0.25,1428,162,1428,0,1427,1427,0.9992997198879552,0.9992997198879552,1.0,55.67296918767507,57.0,0,0,1428,205,11,0
sues,control_25_290928,distance,0.01,matched_reachable_oracle,384,382,1.0745146531470176,False,control,0.25,1428,162,1428,0,1427,1427,0.9992997198879552,0.9992997198879552,1.0,55.67296918767507,57.0,0,0,1428,205,11,0
sues,control_25_290928,distance,0.05,full_frozen,384,366,1.0039368035385787,False,control,0.25,1428,162,1428,0,1395,1395,0.976890756302521,0.976890756302521,1.0,13.469887955182072,12.0,5,0,1423,204,97,5
sues,control_25_290928,distance,0.05,matched_all_extended,384,366,1.0039368035385787,False,control,0.25,1428,162,1428,0,1395,1395,0.976890756302521,0.976890756302521,1.0,13.469887955182072,12.0,5,0,1423,204,97,5
sues,control_25_290928,distance,0.05,matched_reachable_oracle,384,366,1.0039368035385787,False,control,0.25,1428,162,1428,0,1395,1395,0.976890756302521,0.976890756302521,1.0,13.469887955182072,12.0,5,0,1423,204,97,5
sues,control_25_290928,distance,0.1,full_frozen,384,347,0.9648130374432573,False,control,0.25,1428,162,1428,0,1344,1344,0.9411764705882353,0.9411764705882353,1.0,5.942577030812325,4.0,37,0,1391,191,273,10
sues,control_25_290928,distance,0.1,matched_all_extended,384,347,0.9648130374432573,False,control,0.25,1428,162,1428,0,1344,1344,0.9411764705882353,0.9411764705882353,1.0,5.942577030812325,4.0,37,0,1391,191,273,10
sues,control_25_290928,distance,0.1,matched_reachable_oracle,384,347,0.9648130374432573,False,control,0.25,1428,162,1428,0,1344,1344,0.9411764705882353,0.9411764705882353,1.0,5.942577030812325,4.0,37,0,1391,191,273,10
sues,control_25_290928,aps_raw,0.01,full_frozen,384,382,10.18556222022997,False,control,0.25,1428,162,1428,0,1410,1410,0.9873949579831933,0.9873949579831933,1.0,19.70798319327731,20.0,0,0,1428,205,0,0
sues,control_25_290928,aps_raw,0.01,matched_all_extended,384,382,7.77065174897885,False,control,0.25,1428,162,1428,0,1405,1405,0.9838935574229691,0.9838935574229691,1.0,14.873949579831933,15.0,0,0,1428,205,0,0
sues,control_25_290928,aps_raw,0.01,matched_reachable_oracle,384,382,7.77065174897885,False,control,0.25,1428,162,1428,0,1405,1405,0.9838935574229691,0.9838935574229691,1.0,14.873949579831933,15.0,0,0,1428,205,0,0
sues,control_25_290928,aps_raw,0.05,full_frozen,384,366,2.5621897846746147,False,control,0.25,1428,162,1428,0,1360,1360,0.9523809523809523,0.9523809523809523,1.0,4.247198879551821,4.0,0,0,1428,205,0,0
sues,control_25_290928,aps_raw,0.05,matched_all_extended,384,366,2.048357404914834,False,control,0.25,1428,162,1428,0,1345,1345,0.9418767507002801,0.9418767507002801,1.0,3.1827731092436973,3.0,0,0,1428,205,0,0
sues,control_25_290928,aps_raw,0.05,matched_reachable_oracle,384,366,2.048357404914834,False,control,0.25,1428,162,1428,0,1345,1345,0.9418767507002801,0.9418767507002801,1.0,3.1827731092436973,3.0,0,0,1428,205,0,0
sues,control_25_290928,aps_raw,0.1,full_frozen,384,347,1.5631376229375706,False,control,0.25,1428,162,1428,0,1320,1320,0.9243697478991597,0.9243697478991597,1.0,2.296218487394958,2.0,0,0,1428,205,0,0
sues,control_25_290928,aps_raw,0.1,matched_all_extended,384,347,1.0651638584476162,False,control,0.25,1428,162,1428,0,1254,1254,0.8781512605042017,0.8781512605042017,1.0,1.4313725490196079,1.0,0,0,1428,205,812,82
sues,control_25_290928,aps_raw,0.1,matched_reachable_oracle,384,347,1.0651638584476162,False,control,0.25,1428,162,1428,0,1254,1254,0.8781512605042017,0.8781512605042017,1.0,1.4313725490196079,1.0,0,0,1428,205,812,82
sues,control_25_290928,fixed_k,0.01,full_frozen,384,381,18.0,False,control,0.25,1428,162,1428,0,1408,1408,0.9859943977591037,0.9859943977591037,1.0,18.0,18.0,0,0,1428,205,0,0
sues,control_25_290928,fixed_k,0.01,matched_all_extended,384,381,16.0,False,control,0.25,1428,162,1428,0,1406,1406,0.9845938375350141,0.9845938375350141,1.0,16.0,16.0,0,0,1428,205,0,0
sues,control_25_290928,fixed_k,0.01,matched_reachable_oracle,384,381,16.0,False,control,0.25,1428,162,1428,0,1406,1406,0.9845938375350141,0.9845938375350141,1.0,16.0,16.0,0,0,1428,205,0,0
sues,control_25_290928,fixed_k,0.05,full_frozen,384,365,5.0,False,control,0.25,1428,162,1428,0,1369,1369,0.9586834733893558,0.9586834733893558,1.0,5.0,5.0,0,0,1428,205,0,0
sues,control_25_290928,fixed_k,0.05,matched_all_extended,384,365,3.0,False,control,0.25,1428,162,1428,0,1342,1342,0.9397759103641457,0.9397759103641457,1.0,3.0,3.0,0,0,1428,205,0,0
sues,control_25_290928,fixed_k,0.05,matched_reachable_oracle,384,365,3.0,False,control,0.25,1428,162,1428,0,1342,1342,0.9397759103641457,0.9397759103641457,1.0,3.0,3.0,0,0,1428,205,0,0
sues,control_25_290928,fixed_k,0.1,full_frozen,384,346,3.0,False,control,0.25,1428,162,1428,0,1342,1342,0.9397759103641457,0.9397759103641457,1.0,3.0,3.0,0,0,1428,205,0,0
sues,control_25_290928,fixed_k,0.1,matched_all_extended,384,346,2.0,False,control,0.25,1428,162,1428,0,1304,1304,0.9131652661064426,0.9131652661064426,1.0,2.0,2.0,0,0,1428,205,0,0
sues,control_25_290928,fixed_k,0.1,matched_reachable_oracle,384,346,2.0,False,control,0.25,1428,162,1428,0,1304,1304,0.9131652661064426,0.9131652661064426,1.0,2.0,2.0,0,0,1428,205,0,0
sues,target_25_290929,distance,0.01,full_frozen,384,382,1.0745146531470176,False,target,0.25,1428,162,1068,360,1068,1068,0.7478991596638656,1.0,0.7478991596638656,55.49929971988796,57.0,9,0,1419,517,4,2
sues,target_25_290929,distance,0.01,matched_all_extended,384,382,,True,target,0.25,1428,162,1068,360,1068,1068,0.7478991596638656,1.0,0.7478991596638656,162.0,162.0,0,1428,1428,526,0,0
sues,target_25_290929,distance,0.01,matched_reachable_oracle,288,287,1.0821092020443175,False,target,0.25,1428,162,1068,360,1068,1068,0.7478991596638656,1.0,0.7478991596638656,63.14355742296919,66.0,8,0,1420,518,2,2
sues,target_25_290929,distance,0.05,full_frozen,384,366,1.0039368035385787,False,target,0.25,1428,162,1068,360,1046,1046,0.7324929971988795,0.9794007490636704,0.7478991596638656,13.57563025210084,12.0,26,0,1402,500,57,8
sues,target_25_290929,distance,0.05,matched_all_extended,384,366,,True,target,0.25,1428,162,1068,360,1068,1068,0.7478991596638656,1.0,0.7478991596638656,162.0,162.0,0,1428,1428,526,0,0
sues,target_25_290929,distance,0.05,matched_reachable_oracle,288,275,0.9929866002241549,False,target,0.25,1428,162,1068,360,1037,1037,0.7261904761904762,0.9709737827715356,0.7478991596638656,10.718487394957982,9.0,32,0,1396,496,87,20
sues,target_25_290929,distance,0.1,full_frozen,384,347,0.9648130374432573,False,target,0.25,1428,162,1068,360,1011,1011,0.707983193277311,0.9466292134831461,0.7478991596638656,5.901960784313726,4.0,86,0,1342,448,231,59
sues,target_25_290929,distance,0.1,matched_all_extended,384,347,,True,target,0.25,1428,162,1068,360,1068,1068,0.7478991596638656,1.0,0.7478991596638656,162.0,162.0,0,1428,1428,526,0,0
sues,target_25_290929,distance,0.1,matched_reachable_oracle,288,261,0.9600139390688184,False,target,0.25,1428,162,1068,360,1002,1002,0.7016806722689075,0.9382022471910112,0.7478991596638656,5.30812324929972,4.0,101,0,1327,436,272,66
sues,target_25_290929,aps_raw,0.01,full_frozen,384,382,10.18556222022997,False,target,0.25,1428,162,1068,360,1051,1051,0.7359943977591037,0.9840823970037453,0.7478991596638656,19.731792717086833,20.0,0,0,1428,526,0,0
sues,target_25_290929,aps_raw,0.01,matched_all_extended,384,382,,True,target,0.25,1428,162,1068,360,1068,1068,0.7478991596638656,1.0,0.7478991596638656,162.0,162.0,0,1428,1428,526,0,0
sues,target_25_290929,aps_raw,0.01,matched_reachable_oracle,288,287,10.603909742787383,False,target,0.25,1428,162,1068,360,1053,1053,0.7373949579831933,0.9859550561797753,0.7478991596638656,20.574229691876752,21.0,0,0,1428,526,0,0
sues,target_25_290929,aps_raw,0.05,full_frozen,384,366,2.5621897846746147,False,target,0.25,1428,162,1068,360,1017,1017,0.7121848739495799,0.952247191011236,0.7478991596638656,4.299719887955182,4.0,0,0,1428,526,0,0
sues,target_25_290929,aps_raw,0.05,matched_all_extended,384,366,,True,target,0.25,1428,162,1068,360,1068,1068,0.7478991596638656,1.0,0.7478991596638656,162.0,162.0,0,1428,1428,526,0,0
sues,target_25_290929,aps_raw,0.05,matched_reachable_oracle,288,275,2.5882902726244468,False,target,0.25,1428,162,1068,360,1018,1018,0.7128851540616247,0.9531835205992509,0.7478991596638656,4.426470588235294,4.0,0,0,1428,526,0,0
sues,target_25_290929,aps_raw,0.1,full_frozen,384,347,1.5631376229375706,False,target,0.25,1428,162,1068,360,982,982,0.6876750700280112,0.9194756554307116,0.7478991596638656,2.373249299719888,2.0,0,0,1428,526,0,0
sues,target_25_290929,aps_raw,0.1,matched_all_extended,384,347,,True,target,0.25,1428,162,1068,360,1068,1068,0.7478991596638656,1.0,0.7478991596638656,162.0,162.0,0,1428,1428,526,0,0
sues,target_25_290929,aps_raw,0.1,matched_reachable_oracle,288,261,1.57935677225745,False,target,0.25,1428,162,1068,360,987,987,0.6911764705882353,0.9241573033707865,0.7478991596638656,2.511904761904762,3.0,0,0,1428,526,0,0
sues,target_25_290929,fixed_k,0.01,full_frozen,384,381,18.0,False,target,0.25,1428,162,1068,360,1050,1050,0.7352941176470589,0.9831460674157303,0.7478991596638656,18.0,18.0,0,0,1428,526,0,0
sues,target_25_290929,fixed_k,0.01,matched_all_extended,384,381,,True,target,0.25,1428,162,1068,360,1068,1068,0.7478991596638656,1.0,0.7478991596638656,162.0,162.0,0,1428,1428,526,0,0
sues,target_25_290929,fixed_k,0.01,matched_reachable_oracle,288,286,19.0,False,target,0.25,1428,162,1068,360,1051,1051,0.7359943977591037,0.9840823970037453,0.7478991596638656,19.0,19.0,0,0,1428,526,0,0
sues,target_25_290929,fixed_k,0.05,full_frozen,384,365,5.0,False,target,0.25,1428,162,1068,360,1023,1023,0.7163865546218487,0.9578651685393258,0.7478991596638656,5.0,5.0,0,0,1428,526,0,0
sues,target_25_290929,fixed_k,0.05,matched_all_extended,384,365,,True,target,0.25,1428,162,1068,360,1068,1068,0.7478991596638656,1.0,0.7478991596638656,162.0,162.0,0,1428,1428,526,0,0
sues,target_25_290929,fixed_k,0.05,matched_reachable_oracle,288,274,5.0,False,target,0.25,1428,162,1068,360,1023,1023,0.7163865546218487,0.9578651685393258,0.7478991596638656,5.0,5.0,0,0,1428,526,0,0
sues,target_25_290929,fixed_k,0.1,full_frozen,384,346,3.0,False,target,0.25,1428,162,1068,360,997,997,0.6981792717086834,0.9335205992509363,0.7478991596638656,3.0,3.0,0,0,1428,526,0,0
sues,target_25_290929,fixed_k,0.1,matched_all_extended,384,346,,True,target,0.25,1428,162,1068,360,1068,1068,0.7478991596638656,1.0,0.7478991596638656,162.0,162.0,0,1428,1428,526,0,0
sues,target_25_290929,fixed_k,0.1,matched_reachable_oracle,288,260,3.0,False,target,0.25,1428,162,1068,360,997,997,0.6981792717086834,0.9335205992509363,0.7478991596638656,3.0,3.0,0,0,1428,526,0,0
sues,target_50_290929,distance,0.01,full_frozen,384,382,1.0745146531470176,False,target,0.5,1428,124,708,720,708,708,0.4957983193277311,1.0,0.4957983193277311,43.41456582633053,44.0,15,0,1413,812,2,2
sues,target_50_290929,distance,0.01,matched_all_extended,384,382,,True,target,0.5,1428,124,708,720,708,708,0.4957983193277311,1.0,0.4957983193277311,124.0,124.0,0,1428,1428,827,0,0
sues,target_50_290929,distance,0.01,matched_reachable_oracle,192,192,1.1034752932091096,False,target,0.5,1428,124,708,720,708,708,0.4957983193277311,1.0,0.4957983193277311,67.48949579831933,71.0,1,0,1427,826,8,8
sues,target_50_290929,distance,0.05,full_frozen,384,366,1.0039368035385787,False,target,0.5,1428,124,708,720,692,692,0.484593837535014,0.9774011299435028,0.4957983193277311,10.700980392156863,9.0,63,0,1365,765,70,45
sues,target_50_290929,distance,0.05,matched_all_extended,384,366,,True,target,0.5,1428,124,708,720,708,708,0.4957983193277311,1.0,0.4957983193277311,124.0,124.0,0,1428,1428,827,0,0
sues,target_50_290929,distance,0.05,matched_reachable_oracle,192,184,0.9928784908740045,False,target,0.5,1428,124,708,720,688,688,0.48179271708683474,0.9717514124293786,0.4957983193277311,8.426470588235293,7.0,77,0,1351,752,110,67
sues,target_50_290929,distance,0.1,full_frozen,384,347,0.9648130374432573,False,target,0.5,1428,124,708,720,677,677,0.4740896358543417,0.9562146892655368,0.4957983193277311,4.562324929971989,3.0,184,0,1244,647,236,107
sues,target_50_290929,distance,0.1,matched_all_extended,384,347,,True,target,0.5,1428,124,708,720,708,708,0.4957983193277311,1.0,0.4957983193277311,124.0,124.0,0,1428,1428,827,0,0
sues,target_50_290929,distance,0.1,matched_reachable_oracle,192,174,0.9660378440724847,False,target,0.5,1428,124,708,720,677,677,0.4740896358543417,0.9562146892655368,0.4957983193277311,4.696078431372549,3.0,176,0,1252,655,231,107
sues,target_50_290929,aps_raw,0.01,full_frozen,384,382,10.18556222022997,False,target,0.5,1428,124,708,720,704,704,0.49299719887955185,0.9943502824858758,0.4957983193277311,19.852240896358545,20.0,0,0,1428,827,0,0
sues,target_50_290929,aps_raw,0.01,matched_all_extended,384,382,,True,target,0.5,1428,124,708,720,708,708,0.4957983193277311,1.0,0.4957983193277311,124.0,124.0,0,1428,1428,827,0,0
sues,target_50_290929,aps_raw,0.01,matched_reachable_oracle,192,192,7.725761039974165,False,target,0.5,1428,124,708,720,701,701,0.49089635854341734,0.9901129943502824,0.4957983193277311,14.900560224089636,15.0,0,0,1428,827,0,0
sues,target_50_290929,aps_raw,0.05,full_frozen,384,366,2.5621897846746147,False,target,0.5,1428,124,708,720,688,688,0.48179271708683474,0.9717514124293786,0.4957983193277311,4.40546218487395,4.0,0,0,1428,827,0,0
sues,target_50_290929,aps_raw,0.05,matched_all_extended,384,366,,True,target,0.5,1428,124,708,720,708,708,0.4957983193277311,1.0,0.4957983193277311,124.0,124.0,0,1428,1428,827,0,0
sues,target_50_290929,aps_raw,0.05,matched_reachable_oracle,192,184,2.0569870061064672,False,target,0.5,1428,124,708,720,676,676,0.4733893557422969,0.9548022598870056,0.4957983193277311,3.4012605042016806,3.0,0,0,1428,827,0,0
sues,target_50_290929,aps_raw,0.1,full_frozen,384,347,1.5631376229375706,False,target,0.5,1428,124,708,720,667,667,0.46708683473389356,0.942090395480226,0.4957983193277311,2.5140056022408963,3.0,0,0,1428,827,0,0
sues,target_50_290929,aps_raw,0.1,matched_all_extended,384,347,,True,target,0.5,1428,124,708,720,708,708,0.4957983193277311,1.0,0.4957983193277311,124.0,124.0,0,1428,1428,827,0,0
sues,target_50_290929,aps_raw,0.1,matched_reachable_oracle,192,174,1.5550704538439168,False,target,0.5,1428,124,708,720,666,666,0.46638655462184875,0.940677966101695,0.4957983193277311,2.44327731092437,2.0,0,0,1428,827,0,0
sues,target_50_290929,fixed_k,0.01,full_frozen,384,381,18.0,False,target,0.5,1428,124,708,720,704,704,0.49299719887955185,0.9943502824858758,0.4957983193277311,18.0,18.0,0,0,1428,827,0,0
sues,target_50_290929,fixed_k,0.01,matched_all_extended,384,381,,True,target,0.5,1428,124,708,720,708,708,0.4957983193277311,1.0,0.4957983193277311,124.0,124.0,0,1428,1428,827,0,0
sues,target_50_290929,fixed_k,0.01,matched_reachable_oracle,192,191,14.0,False,target,0.5,1428,124,708,720,701,701,0.49089635854341734,0.9901129943502824,0.4957983193277311,14.0,14.0,0,0,1428,827,0,0
sues,target_50_290929,fixed_k,0.05,full_frozen,384,365,5.0,False,target,0.5,1428,124,708,720,688,688,0.48179271708683474,0.9717514124293786,0.4957983193277311,5.0,5.0,0,0,1428,827,0,0
sues,target_50_290929,fixed_k,0.05,matched_all_extended,384,365,,True,target,0.5,1428,124,708,720,708,708,0.4957983193277311,1.0,0.4957983193277311,124.0,124.0,0,1428,1428,827,0,0
sues,target_50_290929,fixed_k,0.05,matched_reachable_oracle,192,183,4.0,False,target,0.5,1428,124,708,720,684,684,0.4789915966386555,0.9661016949152542,0.4957983193277311,4.0,4.0,0,0,1428,827,0,0
sues,target_50_290929,fixed_k,0.1,full_frozen,384,346,3.0,False,target,0.5,1428,124,708,720,674,674,0.47198879551820727,0.9519774011299436,0.4957983193277311,3.0,3.0,0,0,1428,827,0,0
sues,target_50_290929,fixed_k,0.1,matched_all_extended,384,346,,True,target,0.5,1428,124,708,720,708,708,0.4957983193277311,1.0,0.4957983193277311,124.0,124.0,0,1428,1428,827,0,0
sues,target_50_290929,fixed_k,0.1,matched_reachable_oracle,192,173,3.0,False,target,0.5,1428,124,708,720,674,674,0.47198879551820727,0.9519774011299436,0.4957983193277311,3.0,3.0,0,0,1428,827,0,0
sues,control_25_290929,distance,0.01,full_frozen,384,382,1.0745146531470176,False,control,0.25,1428,162,1428,0,1427,1427,0.9992997198879552,0.9992997198879552,1.0,56.03151260504202,57.0,0,0,1428,212,11,0
sues,control_25_290929,distance,0.01,matched_all_extended,384,382,1.0745146531470176,False,control,0.25,1428,162,1428,0,1427,1427,0.9992997198879552,0.9992997198879552,1.0,56.03151260504202,57.0,0,0,1428,212,11,0
sues,control_25_290929,distance,0.01,matched_reachable_oracle,384,382,1.0745146531470176,False,control,0.25,1428,162,1428,0,1427,1427,0.9992997198879552,0.9992997198879552,1.0,56.03151260504202,57.0,0,0,1428,212,11,0
sues,control_25_290929,distance,0.05,full_frozen,384,366,1.0039368035385787,False,control,0.25,1428,162,1428,0,1395,1395,0.976890756302521,0.976890756302521,1.0,13.50140056022409,12.0,3,0,1425,212,95,5
sues,control_25_290929,distance,0.05,matched_all_extended,384,366,1.0039368035385787,False,control,0.25,1428,162,1428,0,1395,1395,0.976890756302521,0.976890756302521,1.0,13.50140056022409,12.0,3,0,1425,212,95,5
sues,control_25_290929,distance,0.05,matched_reachable_oracle,384,366,1.0039368035385787,False,control,0.25,1428,162,1428,0,1395,1395,0.976890756302521,0.976890756302521,1.0,13.50140056022409,12.0,3,0,1425,212,95,5
sues,control_25_290929,distance,0.1,full_frozen,384,347,0.9648130374432573,False,control,0.25,1428,162,1428,0,1344,1344,0.9411764705882353,0.9411764705882353,1.0,5.911064425770308,5.0,34,0,1394,197,259,13
sues,control_25_290929,distance,0.1,matched_all_extended,384,347,0.9648130374432573,False,control,0.25,1428,162,1428,0,1344,1344,0.9411764705882353,0.9411764705882353,1.0,5.911064425770308,5.0,34,0,1394,197,259,13
sues,control_25_290929,distance,0.1,matched_reachable_oracle,384,347,0.9648130374432573,False,control,0.25,1428,162,1428,0,1344,1344,0.9411764705882353,0.9411764705882353,1.0,5.911064425770308,5.0,34,0,1394,197,259,13
sues,control_25_290929,aps_raw,0.01,full_frozen,384,382,10.18556222022997,False,control,0.25,1428,162,1428,0,1409,1409,0.9866946778711485,0.9866946778711485,1.0,19.71078431372549,20.0,0,0,1428,212,0,0
sues,control_25_290929,aps_raw,0.01,matched_all_extended,384,382,7.75834844080576,False,control,0.25,1428,162,1428,0,1404,1404,0.9831932773109243,0.9831932773109243,1.0,14.852941176470589,15.0,0,0,1428,212,0,0
sues,control_25_290929,aps_raw,0.01,matched_reachable_oracle,384,382,7.75834844080576,False,control,0.25,1428,162,1428,0,1404,1404,0.9831932773109243,0.9831932773109243,1.0,14.852941176470589,15.0,0,0,1428,212,0,0
sues,control_25_290929,aps_raw,0.05,full_frozen,384,366,2.5621897846746147,False,control,0.25,1428,162,1428,0,1364,1364,0.9551820728291317,0.9551820728291317,1.0,4.243697478991597,4.0,0,0,1428,212,0,0
sues,control_25_290929,aps_raw,0.05,matched_all_extended,384,366,2.048357404914834,False,control,0.25,1428,162,1428,0,1343,1343,0.9404761904761905,0.9404761904761905,1.0,3.1771708683473388,3.0,0,0,1428,212,0,0
sues,control_25_290929,aps_raw,0.05,matched_reachable_oracle,384,366,2.048357404914834,False,control,0.25,1428,162,1428,0,1343,1343,0.9404761904761905,0.9404761904761905,1.0,3.1771708683473388,3.0,0,0,1428,212,0,0
sues,control_25_290929,aps_raw,0.1,full_frozen,384,347,1.5631376229375706,False,control,0.25,1428,162,1428,0,1318,1318,0.9229691876750701,0.9229691876750701,1.0,2.2927170868347337,2.0,0,0,1428,212,0,0
sues,control_25_290929,aps_raw,0.1,matched_all_extended,384,347,1.1245802353713499,False,control,0.25,1428,162,1428,0,1295,1295,0.9068627450980392,0.9068627450980392,1.0,1.915266106442577,2.0,0,0,1428,212,121,10
sues,control_25_290929,aps_raw,0.1,matched_reachable_oracle,384,347,1.1245802353713499,False,control,0.25,1428,162,1428,0,1295,1295,0.9068627450980392,0.9068627450980392,1.0,1.915266106442577,2.0,0,0,1428,212,121,10
sues,control_25_290929,fixed_k,0.01,full_frozen,384,381,18.0,False,control,0.25,1428,162,1428,0,1407,1407,0.9852941176470589,0.9852941176470589,1.0,18.0,18.0,0,0,1428,212,0,0
sues,control_25_290929,fixed_k,0.01,matched_all_extended,384,381,14.0,False,control,0.25,1428,162,1428,0,1402,1402,0.9817927170868347,0.9817927170868347,1.0,14.0,14.0,0,0,1428,212,0,0
sues,control_25_290929,fixed_k,0.01,matched_reachable_oracle,384,381,14.0,False,control,0.25,1428,162,1428,0,1402,1402,0.9817927170868347,0.9817927170868347,1.0,14.0,14.0,0,0,1428,212,0,0
sues,control_25_290929,fixed_k,0.05,full_frozen,384,365,5.0,False,control,0.25,1428,162,1428,0,1372,1372,0.9607843137254902,0.9607843137254902,1.0,5.0,5.0,0,0,1428,212,0,0
sues,control_25_290929,fixed_k,0.05,matched_all_extended,384,365,4.0,False,control,0.25,1428,162,1428,0,1357,1357,0.9502801120448179,0.9502801120448179,1.0,4.0,4.0,0,0,1428,212,0,0
sues,control_25_290929,fixed_k,0.05,matched_reachable_oracle,384,365,4.0,False,control,0.25,1428,162,1428,0,1357,1357,0.9502801120448179,0.9502801120448179,1.0,4.0,4.0,0,0,1428,212,0,0
sues,control_25_290929,fixed_k,0.1,full_frozen,384,346,3.0,False,control,0.25,1428,162,1428,0,1340,1340,0.938375350140056,0.938375350140056,1.0,3.0,3.0,0,0,1428,212,0,0
sues,control_25_290929,fixed_k,0.1,matched_all_extended,384,346,2.0,False,control,0.25,1428,162,1428,0,1305,1305,0.9138655462184874,0.9138655462184874,1.0,2.0,2.0,0,0,1428,212,0,0
sues,control_25_290929,fixed_k,0.1,matched_reachable_oracle,384,346,2.0,False,control,0.25,1428,162,1428,0,1305,1305,0.9138655462184874,0.9138655462184874,1.0,2.0,2.0,0,0,1428,212,0,0
sues,target_25_290930,distance,0.01,full_frozen,384,382,1.0745146531470176,False,target,0.25,1428,162,1068,360,1067,1067,0.7471988795518207,0.9990636704119851,0.7478991596638656,55.86974789915966,57.0,0,0,1428,543,11,0
sues,target_25_290930,distance,0.01,matched_all_extended,384,382,,True,target,0.25,1428,162,1068,360,1068,1068,0.7478991596638656,1.0,0.7478991596638656,162.0,162.0,0,1428,1428,543,0,0
sues,target_25_290930,distance,0.01,matched_reachable_oracle,288,287,1.0821092020443175,False,target,0.25,1428,162,1068,360,1067,1067,0.7471988795518207,0.9990636704119851,0.7478991596638656,63.53291316526611,66.0,0,0,1428,543,8,0
sues,target_25_290930,distance,0.05,full_frozen,384,366,1.0039368035385787,False,target,0.25,1428,162,1068,360,1040,1040,0.7282913165266106,0.9737827715355806,0.7478991596638656,13.871148459383754,12.0,9,0,1419,537,88,18
sues,target_25_290930,distance,0.05,matched_all_extended,384,366,,True,target,0.25,1428,162,1068,360,1068,1068,0.7478991596638656,1.0,0.7478991596638656,162.0,162.0,0,1428,1428,543,0,0
sues,target_25_290930,distance,0.05,matched_reachable_oracle,288,275,1.0222899531094072,False,target,0.25,1428,162,1068,360,1049,1049,0.7345938375350141,0.9822097378277154,0.7478991596638656,20.357142857142858,19.0,1,0,1427,543,47,5
sues,target_25_290930,distance,0.1,full_frozen,384,347,0.9648130374432573,False,target,0.25,1428,162,1068,360,997,997,0.6981792717086834,0.9335205992509363,0.7478991596638656,6.025210084033613,4.0,94,0,1334,465,252,65
sues,target_25_290930,distance,0.1,matched_all_extended,384,347,,True,target,0.25,1428,162,1068,360,1068,1068,0.7478991596638656,1.0,0.7478991596638656,162.0,162.0,0,1428,1428,543,0,0
sues,target_25_290930,distance,0.1,matched_reachable_oracle,288,261,0.9831067159181338,False,target,0.25,1428,162,1068,360,1015,1015,0.7107843137254902,0.950374531835206,0.7478991596638656,8.897058823529411,7.0,48,0,1380,506,136,31
sues,target_25_290930,aps_raw,0.01,full_frozen,384,382,10.18556222022997,False,target,0.25,1428,162,1068,360,1049,1049,0.7345938375350141,0.9822097378277154,0.7478991596638656,19.715686274509803,20.0,0,0,1428,543,0,0
sues,target_25_290930,aps_raw,0.01,matched_all_extended,384,382,,True,target,0.25,1428,162,1068,360,1068,1068,0.7478991596638656,1.0,0.7478991596638656,162.0,162.0,0,1428,1428,543,0,0
sues,target_25_290930,aps_raw,0.01,matched_reachable_oracle,288,287,10.60457522126563,False,target,0.25,1428,162,1068,360,1050,1050,0.7352941176470589,0.9831460674157303,0.7478991596638656,20.568627450980394,21.0,0,0,1428,543,0,0
sues,target_25_290930,aps_raw,0.05,full_frozen,384,366,2.5621897846746147,False,target,0.25,1428,162,1068,360,1009,1009,0.7065826330532213,0.9447565543071161,0.7478991596638656,4.329831932773109,4.0,0,0,1428,543,0,0
sues,target_25_290930,aps_raw,0.05,matched_all_extended,384,366,,True,target,0.25,1428,162,1068,360,1068,1068,0.7478991596638656,1.0,0.7478991596638656,162.0,162.0,0,1428,1428,543,0,0
sues,target_25_290930,aps_raw,0.05,matched_reachable_oracle,288,275,2.537942644529431,False,target,0.25,1428,162,1068,360,1008,1008,0.7058823529411765,0.9438202247191011,0.7478991596638656,4.200280112044818,4.0,0,0,1428,543,0,0
sues,target_25_290930,aps_raw,0.1,full_frozen,384,347,1.5631376229375706,False,target,0.25,1428,162,1068,360,966,966,0.6764705882352942,0.9044943820224719,0.7478991596638656,2.4173669467787113,2.0,0,0,1428,543,0,0
sues,target_25_290930,aps_raw,0.1,matched_all_extended,384,347,,True,target,0.25,1428,162,1068,360,1068,1068,0.7478991596638656,1.0,0.7478991596638656,162.0,162.0,0,1428,1428,543,0,0
sues,target_25_290930,aps_raw,0.1,matched_reachable_oracle,288,261,1.5603854598684619,False,target,0.25,1428,162,1068,360,965,965,0.6757703081232493,0.903558052434457,0.7478991596638656,2.3942577030812324,2.0,0,0,1428,543,0,0
sues,target_25_290930,fixed_k,0.01,full_frozen,384,381,18.0,False,target,0.25,1428,162,1068,360,1048,1048,0.7338935574229691,0.9812734082397003,0.7478991596638656,18.0,18.0,0,0,1428,543,0,0
sues,target_25_290930,fixed_k,0.01,matched_all_extended,384,381,,True,target,0.25,1428,162,1068,360,1068,1068,0.7478991596638656,1.0,0.7478991596638656,162.0,162.0,0,1428,1428,543,0,0
sues,target_25_290930,fixed_k,0.01,matched_reachable_oracle,288,286,16.0,False,target,0.25,1428,162,1068,360,1048,1048,0.7338935574229691,0.9812734082397003,0.7478991596638656,16.0,16.0,0,0,1428,543,0,0
sues,target_25_290930,fixed_k,0.05,full_frozen,384,365,5.0,False,target,0.25,1428,162,1068,360,1015,1015,0.7107843137254902,0.950374531835206,0.7478991596638656,5.0,5.0,0,0,1428,543,0,0
sues,target_25_290930,fixed_k,0.05,matched_all_extended,384,365,,True,target,0.25,1428,162,1068,360,1068,1068,0.7478991596638656,1.0,0.7478991596638656,162.0,162.0,0,1428,1428,543,0,0
sues,target_25_290930,fixed_k,0.05,matched_reachable_oracle,288,274,4.0,False,target,0.25,1428,162,1068,360,1006,1006,0.7044817927170869,0.9419475655430711,0.7478991596638656,4.0,4.0,0,0,1428,543,0,0
sues,target_25_290930,fixed_k,0.1,full_frozen,384,346,3.0,False,target,0.25,1428,162,1068,360,986,986,0.6904761904761905,0.9232209737827716,0.7478991596638656,3.0,3.0,0,0,1428,543,0,0
sues,target_25_290930,fixed_k,0.1,matched_all_extended,384,346,,True,target,0.25,1428,162,1068,360,1068,1068,0.7478991596638656,1.0,0.7478991596638656,162.0,162.0,0,1428,1428,543,0,0
sues,target_25_290930,fixed_k,0.1,matched_reachable_oracle,288,260,3.0,False,target,0.25,1428,162,1068,360,986,986,0.6904761904761905,0.9232209737827716,0.7478991596638656,3.0,3.0,0,0,1428,543,0,0
sues,target_50_290930,distance,0.01,full_frozen,384,382,1.0745146531470176,False,target,0.5,1428,124,708,720,707,707,0.4950980392156863,0.998587570621469,0.4957983193277311,43.80252100840336,45.0,9,0,1419,815,7,4
sues,target_50_290930,distance,0.01,matched_all_extended,384,382,,True,target,0.5,1428,124,708,720,708,708,0.4957983193277311,1.0,0.4957983193277311,124.0,124.0,0,1428,1428,824,0,0
sues,target_50_290930,distance,0.01,matched_reachable_oracle,192,192,1.0573269670660215,False,target,0.5,1428,124,708,720,704,704,0.49299719887955185,0.9943502824858758,0.4957983193277311,32.273109243697476,32.0,15,0,1413,809,15,3
sues,target_50_290930,distance,0.05,full_frozen,384,366,1.0039368035385787,False,target,0.5,1428,124,708,720,688,688,0.48179271708683474,0.9717514124293786,0.4957983193277311,11.221288515406162,10.0,41,0,1387,785,108,62
sues,target_50_290930,distance,0.05,matched_all_extended,384,366,,True,target,0.5,1428,124,708,720,708,708,0.4957983193277311,1.0,0.4957983193277311,124.0,124.0,0,1428,1428,824,0,0
sues,target_50_290930,distance,0.05,matched_reachable_oracle,192,184,1.020591627067046,False,target,0.5,1428,124,708,720,695,695,0.48669467787114845,0.981638418079096,0.4957983193277311,15.78501400560224,15.0,21,0,1407,803,62,34
sues,target_50_290930,distance,0.1,full_frozen,384,347,0.9648130374432573,False,target,0.5,1428,124,708,720,655,655,0.4586834733893557,0.9251412429378532,0.4957983193277311,4.912464985994398,3.0,190,0,1238,646,243,121
sues,target_50_290930,distance,0.1,matched_all_extended,384,347,,True,target,0.5,1428,124,708,720,708,708,0.4957983193277311,1.0,0.4957983193277311,124.0,124.0,0,1428,1428,824,0,0
sues,target_50_290930,distance,0.1,matched_reachable_oracle,192,174,0.9831067159181338,False,target,0.5,1428,124,708,720,668,668,0.4677871148459384,0.943502824858757,0.4957983193277311,7.253501400560224,5.0,109,0,1319,725,156,93
sues,target_50_290930,aps_raw,0.01,full_frozen,384,382,10.18556222022997,False,target,0.5,1428,124,708,720,692,692,0.484593837535014,0.9774011299435028,0.4957983193277311,19.82563025210084,20.0,0,0,1428,824,0,0
sues,target_50_290930,aps_raw,0.01,matched_all_extended,384,382,,True,target,0.5,1428,124,708,720,708,708,0.4957983193277311,1.0,0.4957983193277311,124.0,124.0,0,1428,1428,824,0,0
sues,target_50_290930,aps_raw,0.01,matched_reachable_oracle,192,192,10.489684235297494,False,target,0.5,1428,124,708,720,694,694,0.48599439775910364,0.980225988700565,0.4957983193277311,20.430672268907564,20.0,0,0,1428,824,0,0
sues,target_50_290930,aps_raw,0.05,full_frozen,384,366,2.5621897846746147,False,target,0.5,1428,124,708,720,664,664,0.4649859943977591,0.9378531073446328,0.4957983193277311,4.394957983193278,4.0,0,0,1428,824,0,0
sues,target_50_290930,aps_raw,0.05,matched_all_extended,384,366,,True,target,0.5,1428,124,708,720,708,708,0.4957983193277311,1.0,0.4957983193277311,124.0,124.0,0,1428,1428,824,0,0
sues,target_50_290930,aps_raw,0.05,matched_reachable_oracle,192,184,2.0569870061064672,False,target,0.5,1428,124,708,720,657,657,0.46008403361344535,0.9279661016949152,0.4957983193277311,3.387955182072829,3.0,0,0,1428,824,0,0
sues,target_50_290930,aps_raw,0.1,full_frozen,384,347,1.5631376229375706,False,target,0.5,1428,124,708,720,648,648,0.453781512605042,0.9152542372881356,0.4957983193277311,2.4943977591036415,2.0,0,0,1428,824,0,0
sues,target_50_290930,aps_raw,0.1,matched_all_extended,384,347,,True,target,0.5,1428,124,708,720,708,708,0.4957983193277311,1.0,0.4957983193277311,124.0,124.0,0,1428,1428,824,0,0
sues,target_50_290930,aps_raw,0.1,matched_reachable_oracle,192,174,1.5603854598684619,False,target,0.5,1428,124,708,720,648,648,0.453781512605042,0.9152542372881356,0.4957983193277311,2.4719887955182074,2.0,0,0,1428,824,0,0
sues,target_50_290930,fixed_k,0.01,full_frozen,384,381,18.0,False,target,0.5,1428,124,708,720,691,691,0.4838935574229692,0.9759887005649718,0.4957983193277311,18.0,18.0,0,0,1428,824,0,0
sues,target_50_290930,fixed_k,0.01,matched_all_extended,384,381,,True,target,0.5,1428,124,708,720,708,708,0.4957983193277311,1.0,0.4957983193277311,124.0,124.0,0,1428,1428,824,0,0
sues,target_50_290930,fixed_k,0.01,matched_reachable_oracle,192,191,12.0,False,target,0.5,1428,124,708,720,686,686,0.4803921568627451,0.9689265536723164,0.4957983193277311,12.0,12.0,0,0,1428,824,0,0
sues,target_50_290930,fixed_k,0.05,full_frozen,384,365,5.0,False,target,0.5,1428,124,708,720,670,670,0.469187675070028,0.9463276836158192,0.4957983193277311,5.0,5.0,0,0,1428,824,0,0
sues,target_50_290930,fixed_k,0.05,matched_all_extended,384,365,,True,target,0.5,1428,124,708,720,708,708,0.4957983193277311,1.0,0.4957983193277311,124.0,124.0,0,1428,1428,824,0,0
sues,target_50_290930,fixed_k,0.05,matched_reachable_oracle,192,183,4.0,False,target,0.5,1428,124,708,720,662,662,0.4635854341736695,0.9350282485875706,0.4957983193277311,4.0,4.0,0,0,1428,824,0,0
sues,target_50_290930,fixed_k,0.1,full_frozen,384,346,3.0,False,target,0.5,1428,124,708,720,656,656,0.45938375350140054,0.9265536723163842,0.4957983193277311,3.0,3.0,0,0,1428,824,0,0
sues,target_50_290930,fixed_k,0.1,matched_all_extended,384,346,,True,target,0.5,1428,124,708,720,708,708,0.4957983193277311,1.0,0.4957983193277311,124.0,124.0,0,1428,1428,824,0,0
sues,target_50_290930,fixed_k,0.1,matched_reachable_oracle,192,173,3.0,False,target,0.5,1428,124,708,720,656,656,0.45938375350140054,0.9265536723163842,0.4957983193277311,3.0,3.0,0,0,1428,824,0,0
sues,control_25_290930,distance,0.01,full_frozen,384,382,1.0745146531470176,False,control,0.25,1428,162,1428,0,1427,1427,0.9992997198879552,0.9992997198879552,1.0,56.24859943977591,57.0,0,0,1428,211,11,0
sues,control_25_290930,distance,0.01,matched_all_extended,384,382,1.0745146531470176,False,control,0.25,1428,162,1428,0,1427,1427,0.9992997198879552,0.9992997198879552,1.0,56.24859943977591,57.0,0,0,1428,211,11,0
sues,control_25_290930,distance,0.01,matched_reachable_oracle,384,382,1.0745146531470176,False,control,0.25,1428,162,1428,0,1427,1427,0.9992997198879552,0.9992997198879552,1.0,56.24859943977591,57.0,0,0,1428,211,11,0
sues,control_25_290930,distance,0.05,full_frozen,384,366,1.0039368035385787,False,control,0.25,1428,162,1428,0,1395,1395,0.976890756302521,0.976890756302521,1.0,13.82563025210084,12.0,4,0,1424,210,71,4
sues,control_25_290930,distance,0.05,matched_all_extended,384,366,1.0039368035385787,False,control,0.25,1428,162,1428,0,1395,1395,0.976890756302521,0.976890756302521,1.0,13.82563025210084,12.0,4,0,1424,210,71,4
sues,control_25_290930,distance,0.05,matched_reachable_oracle,384,366,1.0039368035385787,False,control,0.25,1428,162,1428,0,1395,1395,0.976890756302521,0.976890756302521,1.0,13.82563025210084,12.0,4,0,1424,210,71,4
sues,control_25_290930,distance,0.1,full_frozen,384,347,0.9648130374432573,False,control,0.25,1428,162,1428,0,1344,1344,0.9411764705882353,0.9411764705882353,1.0,6.137254901960785,5.0,36,0,1392,194,248,13
sues,control_25_290930,distance,0.1,matched_all_extended,384,347,0.9648130374432573,False,control,0.25,1428,162,1428,0,1344,1344,0.9411764705882353,0.9411764705882353,1.0,6.137254901960785,5.0,36,0,1392,194,248,13
sues,control_25_290930,distance,0.1,matched_reachable_oracle,384,347,0.9648130374432573,False,control,0.25,1428,162,1428,0,1344,1344,0.9411764705882353,0.9411764705882353,1.0,6.137254901960785,5.0,36,0,1392,194,248,13
sues,control_25_290930,aps_raw,0.01,full_frozen,384,382,10.18556222022997,False,control,0.25,1428,162,1428,0,1409,1409,0.9866946778711485,0.9866946778711485,1.0,19.699579831932773,20.0,0,0,1428,211,0,0
sues,control_25_290930,aps_raw,0.01,matched_all_extended,384,382,7.748027635004337,False,control,0.25,1428,162,1428,0,1404,1404,0.9831932773109243,0.9831932773109243,1.0,14.803221288515406,15.0,0,0,1428,211,0,0
sues,control_25_290930,aps_raw,0.01,matched_reachable_oracle,384,382,7.748027635004337,False,control,0.25,1428,162,1428,0,1404,1404,0.9831932773109243,0.9831932773109243,1.0,14.803221288515406,15.0,0,0,1428,211,0,0
sues,control_25_290930,aps_raw,0.05,full_frozen,384,366,2.5621897846746147,False,control,0.25,1428,162,1428,0,1358,1358,0.9509803921568627,0.9509803921568627,1.0,4.242997198879552,4.0,0,0,1428,211,0,0
sues,control_25_290930,aps_raw,0.05,matched_all_extended,384,366,2.048357404914834,False,control,0.25,1428,162,1428,0,1342,1342,0.9397759103641457,0.9397759103641457,1.0,3.1750700280112043,3.0,0,0,1428,211,0,0
sues,control_25_290930,aps_raw,0.05,matched_reachable_oracle,384,366,2.048357404914834,False,control,0.25,1428,162,1428,0,1342,1342,0.9397759103641457,0.9397759103641457,1.0,3.1750700280112043,3.0,0,0,1428,211,0,0
sues,control_25_290930,aps_raw,0.1,full_frozen,384,347,1.5631376229375706,False,control,0.25,1428,162,1428,0,1316,1316,0.9215686274509803,0.9215686274509803,1.0,2.295518207282913,2.0,0,0,1428,211,0,0
sues,control_25_290930,aps_raw,0.1,matched_all_extended,384,347,1.0677580154704118,False,control,0.25,1428,162,1428,0,1254,1254,0.8781512605042017,0.8781512605042017,1.0,1.4593837535014005,1.0,0,0,1428,211,772,80
sues,control_25_290930,aps_raw,0.1,matched_reachable_oracle,384,347,1.0677580154704118,False,control,0.25,1428,162,1428,0,1254,1254,0.8781512605042017,0.8781512605042017,1.0,1.4593837535014005,1.0,0,0,1428,211,772,80
sues,control_25_290930,fixed_k,0.01,full_frozen,384,381,18.0,False,control,0.25,1428,162,1428,0,1407,1407,0.9852941176470589,0.9852941176470589,1.0,18.0,18.0,0,0,1428,211,0,0
sues,control_25_290930,fixed_k,0.01,matched_all_extended,384,381,14.0,False,control,0.25,1428,162,1428,0,1403,1403,0.9824929971988795,0.9824929971988795,1.0,14.0,14.0,0,0,1428,211,0,0
sues,control_25_290930,fixed_k,0.01,matched_reachable_oracle,384,381,14.0,False,control,0.25,1428,162,1428,0,1403,1403,0.9824929971988795,0.9824929971988795,1.0,14.0,14.0,0,0,1428,211,0,0
sues,control_25_290930,fixed_k,0.05,full_frozen,384,365,5.0,False,control,0.25,1428,162,1428,0,1367,1367,0.9572829131652661,0.9572829131652661,1.0,5.0,5.0,0,0,1428,211,0,0
sues,control_25_290930,fixed_k,0.05,matched_all_extended,384,365,4.0,False,control,0.25,1428,162,1428,0,1355,1355,0.9488795518207283,0.9488795518207283,1.0,4.0,4.0,0,0,1428,211,0,0
sues,control_25_290930,fixed_k,0.05,matched_reachable_oracle,384,365,4.0,False,control,0.25,1428,162,1428,0,1355,1355,0.9488795518207283,0.9488795518207283,1.0,4.0,4.0,0,0,1428,211,0,0
sues,control_25_290930,fixed_k,0.1,full_frozen,384,346,3.0,False,control,0.25,1428,162,1428,0,1337,1337,0.9362745098039216,0.9362745098039216,1.0,3.0,3.0,0,0,1428,211,0,0
sues,control_25_290930,fixed_k,0.1,matched_all_extended,384,346,2.0,False,control,0.25,1428,162,1428,0,1300,1300,0.9103641456582633,0.9103641456582633,1.0,2.0,2.0,0,0,1428,211,0,0
sues,control_25_290930,fixed_k,0.1,matched_reachable_oracle,384,346,2.0,False,control,0.25,1428,162,1428,0,1300,1300,0.9103641456582633,0.9103641456582633,1.0,2.0,2.0,0,0,1428,211,0,0
sues,target_25_290931,distance,0.01,full_frozen,384,382,1.0745146531470176,False,target,0.25,1428,162,1068,360,1068,1068,0.7478991596638656,1.0,0.7478991596638656,56.51610644257703,58.0,3,0,1425,526,11,0
sues,target_25_290931,distance,0.01,matched_all_extended,384,382,,True,target,0.25,1428,162,1068,360,1068,1068,0.7478991596638656,1.0,0.7478991596638656,162.0,162.0,0,1428,1428,529,0,0
sues,target_25_290931,distance,0.01,matched_reachable_oracle,288,287,1.0570667156131563,False,target,0.25,1428,162,1068,360,1067,1067,0.7471988795518207,0.9990636704119851,0.7478991596638656,41.10294117647059,41.0,10,0,1418,519,14,1
sues,target_25_290931,distance,0.05,full_frozen,384,366,1.0039368035385787,False,target,0.25,1428,162,1068,360,1045,1045,0.7317927170868347,0.9784644194756554,0.7478991596638656,13.822128851540617,12.0,26,0,1402,506,60,8
sues,target_25_290931,distance,0.05,matched_all_extended,384,366,,True,target,0.25,1428,162,1068,360,1068,1068,0.7478991596638656,1.0,0.7478991596638656,162.0,162.0,0,1428,1428,529,0,0
sues,target_25_290931,distance,0.05,matched_reachable_oracle,288,275,1.0017508893292049,False,target,0.25,1428,162,1068,360,1044,1044,0.7310924369747899,0.9775280898876404,0.7478991596638656,13.158963585434174,11.0,27,0,1401,505,65,8
sues,target_25_290931,distance,0.1,full_frozen,384,347,0.9648130374432573,False,target,0.25,1428,162,1068,360,1004,1004,0.7030812324929971,0.9400749063670412,0.7478991596638656,5.88655462184874,4.0,87,0,1341,455,239,55
sues,target_25_290931,distance,0.1,matched_all_extended,384,347,,True,target,0.25,1428,162,1068,360,1068,1068,0.7478991596638656,1.0,0.7478991596638656,162.0,162.0,0,1428,1428,529,0,0
sues,target_25_290931,distance,0.1,matched_reachable_oracle,288,261,0.9598186001536033,False,target,0.25,1428,162,1068,360,994,994,0.696078431372549,0.9307116104868914,0.7478991596638656,5.26890756302521,4.0,104,0,1324,441,279,61
sues,target_25_290931,aps_raw,0.01,full_frozen,384,382,10.18556222022997,False,target,0.25,1428,162,1068,360,1055,1055,0.738795518207283,0.9878277153558053,0.7478991596638656,19.746498599439775,20.0,0,0,1428,529,0,0
sues,target_25_290931,aps_raw,0.01,matched_all_extended,384,382,,True,target,0.25,1428,162,1068,360,1068,1068,0.7478991596638656,1.0,0.7478991596638656,162.0,162.0,0,1428,1428,529,0,0
sues,target_25_290931,aps_raw,0.01,matched_reachable_oracle,288,287,8.5771133763145,False,target,0.25,1428,162,1068,360,1052,1052,0.7366946778711485,0.9850187265917603,0.7478991596638656,16.42997198879552,16.0,0,0,1428,529,0,0
sues,target_25_290931,aps_raw,0.05,full_frozen,384,366,2.5621897846746147,False,target,0.25,1428,162,1068,360,1019,1019,0.7135854341736695,0.954119850187266,0.7478991596638656,4.301820728291316,4.0,0,0,1428,529,0,0
sues,target_25_290931,aps_raw,0.05,matched_all_extended,384,366,,True,target,0.25,1428,162,1068,360,1068,1068,0.7478991596638656,1.0,0.7478991596638656,162.0,162.0,0,1428,1428,529,0,0
sues,target_25_290931,aps_raw,0.05,matched_reachable_oracle,288,275,2.0944311489066743,False,target,0.25,1428,162,1068,360,1013,1013,0.7093837535014006,0.9485018726591761,0.7478991596638656,3.5476190476190474,4.0,0,0,1428,529,0,0
sues,target_25_290931,aps_raw,0.1,full_frozen,384,347,1.5631376229375706,False,target,0.25,1428,162,1068,360,984,984,0.6890756302521008,0.9213483146067416,0.7478991596638656,2.3823529411764706,2.0,0,0,1428,529,0,0
sues,target_25_290931,aps_raw,0.1,matched_all_extended,384,347,,True,target,0.25,1428,162,1068,360,1068,1068,0.7478991596638656,1.0,0.7478991596638656,162.0,162.0,0,1428,1428,529,0,0
sues,target_25_290931,aps_raw,0.1,matched_reachable_oracle,288,261,1.0753600264319494,False,target,0.25,1428,162,1068,360,952,952,0.6666666666666666,0.8913857677902621,0.7478991596638656,1.6568627450980393,2.0,0,0,1428,529,490,78
sues,target_25_290931,fixed_k,0.01,full_frozen,384,381,18.0,False,target,0.25,1428,162,1068,360,1053,1053,0.7373949579831933,0.9859550561797753,0.7478991596638656,18.0,18.0,0,0,1428,529,0,0
sues,target_25_290931,fixed_k,0.01,matched_all_extended,384,381,,True,target,0.25,1428,162,1068,360,1068,1068,0.7478991596638656,1.0,0.7478991596638656,162.0,162.0,0,1428,1428,529,0,0
sues,target_25_290931,fixed_k,0.01,matched_reachable_oracle,288,286,14.0,False,target,0.25,1428,162,1068,360,1050,1050,0.7352941176470589,0.9831460674157303,0.7478991596638656,14.0,14.0,0,0,1428,529,0,0
sues,target_25_290931,fixed_k,0.05,full_frozen,384,365,5.0,False,target,0.25,1428,162,1068,360,1024,1024,0.7170868347338936,0.9588014981273408,0.7478991596638656,5.0,5.0,0,0,1428,529,0,0
sues,target_25_290931,fixed_k,0.05,matched_all_extended,384,365,,True,target,0.25,1428,162,1068,360,1068,1068,0.7478991596638656,1.0,0.7478991596638656,162.0,162.0,0,1428,1428,529,0,0
sues,target_25_290931,fixed_k,0.05,matched_reachable_oracle,288,274,4.0,False,target,0.25,1428,162,1068,360,1015,1015,0.7107843137254902,0.950374531835206,0.7478991596638656,4.0,4.0,0,0,1428,529,0,0
sues,target_25_290931,fixed_k,0.1,full_frozen,384,346,3.0,False,target,0.25,1428,162,1068,360,1004,1004,0.7030812324929971,0.9400749063670412,0.7478991596638656,3.0,3.0,0,0,1428,529,0,0
sues,target_25_290931,fixed_k,0.1,matched_all_extended,384,346,,True,target,0.25,1428,162,1068,360,1068,1068,0.7478991596638656,1.0,0.7478991596638656,162.0,162.0,0,1428,1428,529,0,0
sues,target_25_290931,fixed_k,0.1,matched_reachable_oracle,288,260,2.0,False,target,0.25,1428,162,1068,360,979,979,0.6855742296918768,0.9166666666666666,0.7478991596638656,2.0,2.0,0,0,1428,529,0,0
sues,target_50_290931,distance,0.01,full_frozen,384,382,1.0745146531470176,False,target,0.5,1428,124,708,720,708,708,0.4957983193277311,1.0,0.4957983193277311,41.92296918767507,43.0,3,0,1425,837,13,2
sues,target_50_290931,distance,0.01,matched_all_extended,384,382,,True,target,0.5,1428,124,708,720,708,708,0.4957983193277311,1.0,0.4957983193277311,124.0,124.0,0,1428,1428,840,0,0
sues,target_50_290931,distance,0.01,matched_reachable_oracle,192,192,1.0573269670660215,False,target,0.5,1428,124,708,720,707,707,0.4950980392156863,0.998587570621469,0.4957983193277311,30.57703081232493,31.0,10,0,1418,830,17,2
sues,target_50_290931,distance,0.05,full_frozen,384,366,1.0039368035385787,False,target,0.5,1428,124,708,720,685,685,0.4796918767507003,0.9675141242937854,0.4957983193277311,10.323529411764707,9.0,34,0,1394,809,84,28
sues,target_50_290931,distance,0.05,matched_all_extended,384,366,,True,target,0.5,1428,124,708,720,708,708,0.4957983193277311,1.0,0.4957983193277311,124.0,124.0,0,1428,1428,840,0,0
sues,target_50_290931,distance,0.05,matched_reachable_oracle,192,184,1.020591627067046,False,target,0.5,1428,124,708,720,694,694,0.48599439775910364,0.980225988700565,0.4957983193277311,14.615546218487395,14.0,20,0,1408,821,55,19
sues,target_50_290931,distance,0.1,full_frozen,384,347,0.9648130374432573,False,target,0.5,1428,124,708,720,646,646,0.4523809523809524,0.9124293785310734,0.4957983193277311,4.38655462184874,3.0,152,0,1276,700,275,113
sues,target_50_290931,distance,0.1,matched_all_extended,384,347,,True,target,0.5,1428,124,708,720,708,708,0.4957983193277311,1.0,0.4957983193277311,124.0,124.0,0,1428,1428,840,0,0
sues,target_50_290931,distance,0.1,matched_reachable_oracle,192,174,0.973346095781011,False,target,0.5,1428,124,708,720,654,654,0.4579831932773109,0.923728813559322,0.4957983193277311,5.28781512605042,4.0,120,0,1308,730,219,90
sues,target_50_290931,aps_raw,0.01,full_frozen,384,382,10.18556222022997,False,target,0.5,1428,124,708,720,700,700,0.49019607843137253,0.9887005649717514,0.4957983193277311,19.893557422969188,20.0,0,0,1428,840,0,0
sues,target_50_290931,aps_raw,0.01,matched_all_extended,384,382,,True,target,0.5,1428,124,708,720,708,708,0.4957983193277311,1.0,0.4957983193277311,124.0,124.0,0,1428,1428,840,0,0
sues,target_50_290931,aps_raw,0.01,matched_reachable_oracle,192,192,12.040813860315938,False,target,0.5,1428,124,708,720,704,704,0.49299719887955185,0.9943502824858758,0.4957983193277311,23.63375350140056,24.0,0,0,1428,840,0,0
sues,target_50_290931,aps_raw,0.05,full_frozen,384,366,2.5621897846746147,False,target,0.5,1428,124,708,720,667,667,0.46708683473389356,0.942090395480226,0.4957983193277311,4.413865546218488,4.0,0,0,1428,840,0,0
sues,target_50_290931,aps_raw,0.05,matched_all_extended,384,366,,True,target,0.5,1428,124,708,720,708,708,0.4957983193277311,1.0,0.4957983193277311,124.0,124.0,0,1428,1428,840,0,0
sues,target_50_290931,aps_raw,0.05,matched_reachable_oracle,192,184,2.483046831265976,False,target,0.5,1428,124,708,720,664,664,0.4649859943977591,0.9378531073446328,0.4957983193277311,4.053921568627451,4.0,0,0,1428,840,0,0
sues,target_50_290931,aps_raw,0.1,full_frozen,384,347,1.5631376229375706,False,target,0.5,1428,124,708,720,647,647,0.4530812324929972,0.9138418079096046,0.4957983193277311,2.5245098039215685,3.0,0,0,1428,840,0,0
sues,target_50_290931,aps_raw,0.1,matched_all_extended,384,347,,True,target,0.5,1428,124,708,720,708,708,0.4957983193277311,1.0,0.4957983193277311,124.0,124.0,0,1428,1428,840,0,0
sues,target_50_290931,aps_raw,0.1,matched_reachable_oracle,192,174,1.5367821608618664,False,target,0.5,1428,124,708,720,645,645,0.45168067226890757,0.9110169491525424,0.4957983193277311,2.2864145658263304,2.0,0,0,1428,840,0,0
sues,target_50_290931,fixed_k,0.01,full_frozen,384,381,18.0,False,target,0.5,1428,124,708,720,698,698,0.4887955182072829,0.9858757062146892,0.4957983193277311,18.0,18.0,0,0,1428,840,0,0
sues,target_50_290931,fixed_k,0.01,matched_all_extended,384,381,,True,target,0.5,1428,124,708,720,708,708,0.4957983193277311,1.0,0.4957983193277311,124.0,124.0,0,1428,1428,840,0,0
sues,target_50_290931,fixed_k,0.01,matched_reachable_oracle,192,191,13.0,False,target,0.5,1428,124,708,720,693,693,0.4852941176470588,0.9788135593220338,0.4957983193277311,13.0,13.0,0,0,1428,840,0,0
sues,target_50_290931,fixed_k,0.05,full_frozen,384,365,5.0,False,target,0.5,1428,124,708,720,670,670,0.469187675070028,0.9463276836158192,0.4957983193277311,5.0,5.0,0,0,1428,840,0,0
sues,target_50_290931,fixed_k,0.05,matched_all_extended,384,365,,True,target,0.5,1428,124,708,720,708,708,0.4957983193277311,1.0,0.4957983193277311,124.0,124.0,0,1428,1428,840,0,0
sues,target_50_290931,fixed_k,0.05,matched_reachable_oracle,192,183,4.0,False,target,0.5,1428,124,708,720,664,664,0.4649859943977591,0.9378531073446328,0.4957983193277311,4.0,4.0,0,0,1428,840,0,0
sues,target_50_290931,fixed_k,0.1,full_frozen,384,346,3.0,False,target,0.5,1428,124,708,720,658,658,0.46078431372549017,0.9293785310734464,0.4957983193277311,3.0,3.0,0,0,1428,840,0,0
sues,target_50_290931,fixed_k,0.1,matched_all_extended,384,346,,True,target,0.5,1428,124,708,720,708,708,0.4957983193277311,1.0,0.4957983193277311,124.0,124.0,0,1428,1428,840,0,0
sues,target_50_290931,fixed_k,0.1,matched_reachable_oracle,192,173,2.0,False,target,0.5,1428,124,708,720,636,636,0.44537815126050423,0.8983050847457628,0.4957983193277311,2.0,2.0,0,0,1428,840,0,0
sues,control_25_290931,distance,0.01,full_frozen,384,382,1.0745146531470176,False,control,0.25,1428,162,1428,0,1427,1427,0.9992997198879552,0.9992997198879552,1.0,55.77591036414566,57.0,0,0,1428,207,11,0
sues,control_25_290931,distance,0.01,matched_all_extended,384,382,1.0745146531470176,False,control,0.25,1428,162,1428,0,1427,1427,0.9992997198879552,0.9992997198879552,1.0,55.77591036414566,57.0,0,0,1428,207,11,0
sues,control_25_290931,distance,0.01,matched_reachable_oracle,384,382,1.0745146531470176,False,control,0.25,1428,162,1428,0,1427,1427,0.9992997198879552,0.9992997198879552,1.0,55.77591036414566,57.0,0,0,1428,207,11,0
sues,control_25_290931,distance,0.05,full_frozen,384,366,1.0039368035385787,False,control,0.25,1428,162,1428,0,1395,1395,0.976890756302521,0.976890756302521,1.0,13.554621848739496,12.0,4,0,1424,206,71,4
sues,control_25_290931,distance,0.05,matched_all_extended,384,366,1.0039368035385787,False,control,0.25,1428,162,1428,0,1395,1395,0.976890756302521,0.976890756302521,1.0,13.554621848739496,12.0,4,0,1424,206,71,4
sues,control_25_290931,distance,0.05,matched_reachable_oracle,384,366,1.0039368035385787,False,control,0.25,1428,162,1428,0,1395,1395,0.976890756302521,0.976890756302521,1.0,13.554621848739496,12.0,4,0,1424,206,71,4
sues,control_25_290931,distance,0.1,full_frozen,384,347,0.9648130374432573,False,control,0.25,1428,162,1428,0,1344,1344,0.9411764705882353,0.9411764705882353,1.0,5.9523809523809526,4.0,36,0,1392,190,262,13
sues,control_25_290931,distance,0.1,matched_all_extended,384,347,0.9648130374432573,False,control,0.25,1428,162,1428,0,1344,1344,0.9411764705882353,0.9411764705882353,1.0,5.9523809523809526,4.0,36,0,1392,190,262,13
sues,control_25_290931,distance,0.1,matched_reachable_oracle,384,347,0.9648130374432573,False,control,0.25,1428,162,1428,0,1344,1344,0.9411764705882353,0.9411764705882353,1.0,5.9523809523809526,4.0,36,0,1392,190,262,13
sues,control_25_290931,aps_raw,0.01,full_frozen,384,382,10.18556222022997,False,control,0.25,1428,162,1428,0,1408,1408,0.9859943977591037,0.9859943977591037,1.0,19.712885154061624,20.0,0,0,1428,207,0,0
sues,control_25_290931,aps_raw,0.01,matched_all_extended,384,382,8.721243244102387,False,control,0.25,1428,162,1428,0,1404,1404,0.9831932773109243,0.9831932773109243,1.0,16.76050420168067,17.0,0,0,1428,207,0,0
sues,control_25_290931,aps_raw,0.01,matched_reachable_oracle,384,382,8.721243244102387,False,control,0.25,1428,162,1428,0,1404,1404,0.9831932773109243,0.9831932773109243,1.0,16.76050420168067,17.0,0,0,1428,207,0,0
sues,control_25_290931,aps_raw,0.05,full_frozen,384,366,2.5621897846746147,False,control,0.25,1428,162,1428,0,1364,1364,0.9551820728291317,0.9551820728291317,1.0,4.2443977591036415,4.0,0,0,1428,207,0,0
sues,control_25_290931,aps_raw,0.05,matched_all_extended,384,366,2.048357404914834,False,control,0.25,1428,162,1428,0,1347,1347,0.9432773109243697,0.9432773109243697,1.0,3.1778711484593836,3.0,0,0,1428,207,0,0
sues,control_25_290931,aps_raw,0.05,matched_reachable_oracle,384,366,2.048357404914834,False,control,0.25,1428,162,1428,0,1347,1347,0.9432773109243697,0.9432773109243697,1.0,3.1778711484593836,3.0,0,0,1428,207,0,0
sues,control_25_290931,aps_raw,0.1,full_frozen,384,347,1.5631376229375706,False,control,0.25,1428,162,1428,0,1321,1321,0.9250700280112045,0.9250700280112045,1.0,2.2983193277310923,2.0,0,0,1428,207,0,0
sues,control_25_290931,aps_raw,0.1,matched_all_extended,384,347,1.1245802353713499,False,control,0.25,1428,162,1428,0,1295,1295,0.9068627450980392,0.9068627450980392,1.0,1.9173669467787116,2.0,0,0,1428,207,118,10
sues,control_25_290931,aps_raw,0.1,matched_reachable_oracle,384,347,1.1245802353713499,False,control,0.25,1428,162,1428,0,1295,1295,0.9068627450980392,0.9068627450980392,1.0,1.9173669467787116,2.0,0,0,1428,207,118,10
sues,control_25_290931,fixed_k,0.01,full_frozen,384,381,18.0,False,control,0.25,1428,162,1428,0,1407,1407,0.9852941176470589,0.9852941176470589,1.0,18.0,18.0,0,0,1428,207,0,0
sues,control_25_290931,fixed_k,0.01,matched_all_extended,384,381,14.0,False,control,0.25,1428,162,1428,0,1403,1403,0.9824929971988795,0.9824929971988795,1.0,14.0,14.0,0,0,1428,207,0,0
sues,control_25_290931,fixed_k,0.01,matched_reachable_oracle,384,381,14.0,False,control,0.25,1428,162,1428,0,1403,1403,0.9824929971988795,0.9824929971988795,1.0,14.0,14.0,0,0,1428,207,0,0
sues,control_25_290931,fixed_k,0.05,full_frozen,384,365,5.0,False,control,0.25,1428,162,1428,0,1370,1370,0.9593837535014006,0.9593837535014006,1.0,5.0,5.0,0,0,1428,207,0,0
sues,control_25_290931,fixed_k,0.05,matched_all_extended,384,365,4.0,False,control,0.25,1428,162,1428,0,1360,1360,0.9523809523809523,0.9523809523809523,1.0,4.0,4.0,0,0,1428,207,0,0
sues,control_25_290931,fixed_k,0.05,matched_reachable_oracle,384,365,4.0,False,control,0.25,1428,162,1428,0,1360,1360,0.9523809523809523,0.9523809523809523,1.0,4.0,4.0,0,0,1428,207,0,0
sues,control_25_290931,fixed_k,0.1,full_frozen,384,346,3.0,False,control,0.25,1428,162,1428,0,1342,1342,0.9397759103641457,0.9397759103641457,1.0,3.0,3.0,0,0,1428,207,0,0
sues,control_25_290931,fixed_k,0.1,matched_all_extended,384,346,2.0,False,control,0.25,1428,162,1428,0,1305,1305,0.9138655462184874,0.9138655462184874,1.0,2.0,2.0,0,0,1428,207,0,0
sues,control_25_290931,fixed_k,0.1,matched_reachable_oracle,384,346,2.0,False,control,0.25,1428,162,1428,0,1305,1305,0.9138655462184874,0.9138655462184874,1.0,2.0,2.0,0,0,1428,207,0,0
sues,target_25_290932,distance,0.01,full_frozen,384,382,1.0745146531470176,False,target,0.25,1428,162,1068,360,1067,1067,0.7471988795518207,0.9990636704119851,0.7478991596638656,57.436974789915965,59.0,0,0,1428,528,11,0
sues,target_25_290932,distance,0.01,matched_all_extended,384,382,,True,target,0.25,1428,162,1068,360,1068,1068,0.7478991596638656,1.0,0.7478991596638656,162.0,162.0,0,1428,1428,528,0,0
sues,target_25_290932,distance,0.01,matched_reachable_oracle,288,287,1.0821092020443175,False,target,0.25,1428,162,1068,360,1067,1067,0.7471988795518207,0.9990636704119851,0.7478991596638656,65.062324929972,68.0,0,0,1428,528,8,0
sues,target_25_290932,distance,0.05,full_frozen,384,366,1.0039368035385787,False,target,0.25,1428,162,1068,360,1047,1047,0.7331932773109243,0.9803370786516854,0.7478991596638656,14.528011204481793,12.0,21,0,1407,508,83,29
sues,target_25_290932,distance,0.05,matched_all_extended,384,366,,True,target,0.25,1428,162,1068,360,1068,1068,0.7478991596638656,1.0,0.7478991596638656,162.0,162.0,0,1428,1428,528,0,0
sues,target_25_290932,distance,0.05,matched_reachable_oracle,288,275,1.020591627067046,False,target,0.25,1428,162,1068,360,1056,1056,0.7394957983193278,0.9887640449438202,0.7478991596638656,20.432773109243698,19.0,9,0,1419,520,54,14
sues,target_25_290932,distance,0.1,full_frozen,384,347,0.9648130374432573,False,target,0.25,1428,162,1068,360,1011,1011,0.707983193277311,0.9466292134831461,0.7478991596638656,6.259803921568627,5.0,94,0,1334,442,237,71
sues,target_25_290932,distance,0.1,matched_all_extended,384,347,,True,target,0.25,1428,162,1068,360,1068,1068,0.7478991596638656,1.0,0.7478991596638656,162.0,162.0,0,1428,1428,528,0,0
sues,target_25_290932,distance,0.1,matched_reachable_oracle,288,261,0.973346095781011,False,target,0.25,1428,162,1068,360,1020,1020,0.7142857142857143,0.9550561797752809,0.7478991596638656,7.507703081232493,6.0,69,0,1359,465,181,59
sues,target_25_290932,aps_raw,0.01,full_frozen,384,382,10.18556222022997,False,target,0.25,1428,162,1068,360,1050,1050,0.7352941176470589,0.9831460674157303,0.7478991596638656,19.714285714285715,20.0,0,0,1428,528,0,0
sues,target_25_290932,aps_raw,0.01,matched_all_extended,384,382,,True,target,0.25,1428,162,1068,360,1068,1068,0.7478991596638656,1.0,0.7478991596638656,162.0,162.0,0,1428,1428,528,0,0
sues,target_25_290932,aps_raw,0.01,matched_reachable_oracle,288,287,7.768834905881707,False,target,0.25,1428,162,1068,360,1047,1047,0.7331932773109243,0.9803370786516854,0.7478991596638656,14.870448179271708,15.0,0,0,1428,528,0,0
sues,target_25_290932,aps_raw,0.05,full_frozen,384,366,2.5621897846746147,False,target,0.25,1428,162,1068,360,1009,1009,0.7065826330532213,0.9447565543071161,0.7478991596638656,4.290616246498599,4.0,0,0,1428,528,0,0
sues,target_25_290932,aps_raw,0.05,matched_all_extended,384,366,,True,target,0.25,1428,162,1068,360,1068,1068,0.7478991596638656,1.0,0.7478991596638656,162.0,162.0,0,1428,1428,528,0,0
sues,target_25_290932,aps_raw,0.05,matched_reachable_oracle,288,275,2.572041274828755,False,target,0.25,1428,162,1068,360,1009,1009,0.7065826330532213,0.9447565543071161,0.7478991596638656,4.342436974789916,4.0,0,0,1428,528,0,0
sues,target_25_290932,aps_raw,0.1,full_frozen,384,347,1.5631376229375706,False,target,0.25,1428,162,1068,360,966,966,0.6764705882352942,0.9044943820224719,0.7478991596638656,2.376750700280112,2.0,0,0,1428,528,0,0
sues,target_25_290932,aps_raw,0.1,matched_all_extended,384,347,,True,target,0.25,1428,162,1068,360,1068,1068,0.7478991596638656,1.0,0.7478991596638656,162.0,162.0,0,1428,1428,528,0,0
sues,target_25_290932,aps_raw,0.1,matched_reachable_oracle,288,261,1.57935677225745,False,target,0.25,1428,162,1068,360,976,976,0.6834733893557423,0.9138576779026217,0.7478991596638656,2.5091036414565826,3.0,0,0,1428,528,0,0
sues,target_25_290932,fixed_k,0.01,full_frozen,384,381,18.0,False,target,0.25,1428,162,1068,360,1050,1050,0.7352941176470589,0.9831460674157303,0.7478991596638656,18.0,18.0,0,0,1428,528,0,0
sues,target_25_290932,fixed_k,0.01,matched_all_extended,384,381,,True,target,0.25,1428,162,1068,360,1068,1068,0.7478991596638656,1.0,0.7478991596638656,162.0,162.0,0,1428,1428,528,0,0
sues,target_25_290932,fixed_k,0.01,matched_reachable_oracle,288,286,15.0,False,target,0.25,1428,162,1068,360,1047,1047,0.7331932773109243,0.9803370786516854,0.7478991596638656,15.0,15.0,0,0,1428,528,0,0
sues,target_25_290932,fixed_k,0.05,full_frozen,384,365,5.0,False,target,0.25,1428,162,1068,360,1017,1017,0.7121848739495799,0.952247191011236,0.7478991596638656,5.0,5.0,0,0,1428,528,0,0
sues,target_25_290932,fixed_k,0.05,matched_all_extended,384,365,,True,target,0.25,1428,162,1068,360,1068,1068,0.7478991596638656,1.0,0.7478991596638656,162.0,162.0,0,1428,1428,528,0,0
sues,target_25_290932,fixed_k,0.05,matched_reachable_oracle,288,274,5.0,False,target,0.25,1428,162,1068,360,1017,1017,0.7121848739495799,0.952247191011236,0.7478991596638656,5.0,5.0,0,0,1428,528,0,0
sues,target_25_290932,fixed_k,0.1,full_frozen,384,346,3.0,False,target,0.25,1428,162,1068,360,994,994,0.696078431372549,0.9307116104868914,0.7478991596638656,3.0,3.0,0,0,1428,528,0,0
sues,target_25_290932,fixed_k,0.1,matched_all_extended,384,346,,True,target,0.25,1428,162,1068,360,1068,1068,0.7478991596638656,1.0,0.7478991596638656,162.0,162.0,0,1428,1428,528,0,0
sues,target_25_290932,fixed_k,0.1,matched_reachable_oracle,288,260,3.0,False,target,0.25,1428,162,1068,360,994,994,0.696078431372549,0.9307116104868914,0.7478991596638656,3.0,3.0,0,0,1428,528,0,0
sues,target_50_290932,distance,0.01,full_frozen,384,382,1.0745146531470176,False,target,0.5,1428,124,708,720,707,707,0.4950980392156863,0.998587570621469,0.4957983193277311,43.06442577030813,44.0,0,0,1428,850,17,1
sues,target_50_290932,distance,0.01,matched_all_extended,384,382,,True,target,0.5,1428,124,708,720,708,708,0.4957983193277311,1.0,0.4957983193277311,124.0,124.0,0,1428,1428,850,0,0
sues,target_50_290932,distance,0.01,matched_reachable_oracle,192,192,1.1034752932091096,False,target,0.5,1428,124,708,720,708,708,0.4957983193277311,1.0,0.4957983193277311,66.83333333333333,70.0,0,0,1428,850,7,0
sues,target_50_290932,distance,0.05,full_frozen,384,366,1.0039368035385787,False,target,0.5,1428,124,708,720,687,687,0.4810924369747899,0.9703389830508474,0.4957983193277311,10.97829131652661,9.0,62,0,1366,789,72,43
sues,target_50_290932,distance,0.05,matched_all_extended,384,366,,True,target,0.5,1428,124,708,720,708,708,0.4957983193277311,1.0,0.4957983193277311,124.0,124.0,0,1428,1428,850,0,0
sues,target_50_290932,distance,0.05,matched_reachable_oracle,192,184,1.0039368035385787,False,target,0.5,1428,124,708,720,687,687,0.4810924369747899,0.9703389830508474,0.4957983193277311,10.97829131652661,9.0,62,0,1366,789,72,43
sues,target_50_290932,distance,0.1,full_frozen,384,347,0.9648130374432573,False,target,0.5,1428,124,708,720,653,653,0.4572829131652661,0.922316384180791,0.4957983193277311,4.814425770308123,3.0,225,0,1203,634,220,133
sues,target_50_290932,distance,0.1,matched_all_extended,384,347,,True,target,0.5,1428,124,708,720,708,708,0.4957983193277311,1.0,0.4957983193277311,124.0,124.0,0,1428,1428,850,0,0
sues,target_50_290932,distance,0.1,matched_reachable_oracle,192,174,0.9648130374432573,False,target,0.5,1428,124,708,720,653,653,0.4572829131652661,0.922316384180791,0.4957983193277311,4.814425770308123,3.0,225,0,1203,634,220,133
sues,target_50_290932,aps_raw,0.01,full_frozen,384,382,10.18556222022997,False,target,0.5,1428,124,708,720,696,696,0.48739495798319327,0.9830508474576272,0.4957983193277311,19.83823529411765,20.0,0,0,1428,850,0,0
sues,target_50_290932,aps_raw,0.01,matched_all_extended,384,382,,True,target,0.5,1428,124,708,720,708,708,0.4957983193277311,1.0,0.4957983193277311,124.0,124.0,0,1428,1428,850,0,0
sues,target_50_290932,aps_raw,0.01,matched_reachable_oracle,192,192,8.178297088346097,False,target,0.5,1428,124,708,720,691,691,0.4838935574229692,0.9759887005649718,0.4957983193277311,15.77170868347339,16.0,0,0,1428,850,0,0
sues,target_50_290932,aps_raw,0.05,full_frozen,384,366,2.5621897846746147,False,target,0.5,1428,124,708,720,663,663,0.4642857142857143,0.9364406779661016,0.4957983193277311,4.427871148459384,4.0,0,0,1428,850,0,0
sues,target_50_290932,aps_raw,0.05,matched_all_extended,384,366,,True,target,0.5,1428,124,708,720,708,708,0.4957983193277311,1.0,0.4957983193277311,124.0,124.0,0,1428,1428,850,0,0
sues,target_50_290932,aps_raw,0.05,matched_reachable_oracle,192,184,2.5761473814240388,False,target,0.5,1428,124,708,720,664,664,0.4649859943977591,0.9378531073446328,0.4957983193277311,4.493697478991597,4.0,0,0,1428,850,0,0
sues,target_50_290932,aps_raw,0.1,full_frozen,384,347,1.5631376229375706,False,target,0.5,1428,124,708,720,634,634,0.44397759103641454,0.8954802259887006,0.4957983193277311,2.5217086834733893,3.0,0,0,1428,850,0,0
sues,target_50_290932,aps_raw,0.1,matched_all_extended,384,347,,True,target,0.5,1428,124,708,720,708,708,0.4957983193277311,1.0,0.4957983193277311,124.0,124.0,0,1428,1428,850,0,0
sues,target_50_290932,aps_raw,0.1,matched_reachable_oracle,192,174,1.5841006188783493,False,target,0.5,1428,124,708,720,641,641,0.4488795518207283,0.905367231638418,0.4957983193277311,2.657563025210084,3.0,0,0,1428,850,0,0
sues,target_50_290932,fixed_k,0.01,full_frozen,384,381,18.0,False,target,0.5,1428,124,708,720,692,692,0.484593837535014,0.9774011299435028,0.4957983193277311,18.0,18.0,0,0,1428,850,0,0
sues,target_50_290932,fixed_k,0.01,matched_all_extended,384,381,,True,target,0.5,1428,124,708,720,708,708,0.4957983193277311,1.0,0.4957983193277311,124.0,124.0,0,1428,1428,850,0,0
sues,target_50_290932,fixed_k,0.01,matched_reachable_oracle,192,191,12.0,False,target,0.5,1428,124,708,720,687,687,0.4810924369747899,0.9703389830508474,0.4957983193277311,12.0,12.0,0,0,1428,850,0,0
sues,target_50_290932,fixed_k,0.05,full_frozen,384,365,5.0,False,target,0.5,1428,124,708,720,666,666,0.46638655462184875,0.940677966101695,0.4957983193277311,5.0,5.0,0,0,1428,850,0,0
sues,target_50_290932,fixed_k,0.05,matched_all_extended,384,365,,True,target,0.5,1428,124,708,720,708,708,0.4957983193277311,1.0,0.4957983193277311,124.0,124.0,0,1428,1428,850,0,0
sues,target_50_290932,fixed_k,0.05,matched_reachable_oracle,192,183,5.0,False,target,0.5,1428,124,708,720,666,666,0.46638655462184875,0.940677966101695,0.4957983193277311,5.0,5.0,0,0,1428,850,0,0
sues,target_50_290932,fixed_k,0.1,full_frozen,384,346,3.0,False,target,0.5,1428,124,708,720,645,645,0.45168067226890757,0.9110169491525424,0.4957983193277311,3.0,3.0,0,0,1428,850,0,0
sues,target_50_290932,fixed_k,0.1,matched_all_extended,384,346,,True,target,0.5,1428,124,708,720,708,708,0.4957983193277311,1.0,0.4957983193277311,124.0,124.0,0,1428,1428,850,0,0
sues,target_50_290932,fixed_k,0.1,matched_reachable_oracle,192,173,3.0,False,target,0.5,1428,124,708,720,645,645,0.45168067226890757,0.9110169491525424,0.4957983193277311,3.0,3.0,0,0,1428,850,0,0
sues,control_25_290932,distance,0.01,full_frozen,384,382,1.0745146531470176,False,control,0.25,1428,162,1428,0,1427,1427,0.9992997198879552,0.9992997198879552,1.0,55.39565826330532,56.0,0,0,1428,202,11,0
sues,control_25_290932,distance,0.01,matched_all_extended,384,382,1.0745146531470176,False,control,0.25,1428,162,1428,0,1427,1427,0.9992997198879552,0.9992997198879552,1.0,55.39565826330532,56.0,0,0,1428,202,11,0
sues,control_25_290932,distance,0.01,matched_reachable_oracle,384,382,1.0745146531470176,False,control,0.25,1428,162,1428,0,1427,1427,0.9992997198879552,0.9992997198879552,1.0,55.39565826330532,56.0,0,0,1428,202,11,0
sues,control_25_290932,distance,0.05,full_frozen,384,366,1.0039368035385787,False,control,0.25,1428,162,1428,0,1395,1395,0.976890756302521,0.976890756302521,1.0,13.241596638655462,12.0,3,0,1425,202,97,6
sues,control_25_290932,distance,0.05,matched_all_extended,384,366,1.0039368035385787,False,control,0.25,1428,162,1428,0,1395,1395,0.976890756302521,0.976890756302521,1.0,13.241596638655462,12.0,3,0,1425,202,97,6
sues,control_25_290932,distance,0.05,matched_reachable_oracle,384,366,1.0039368035385787,False,control,0.25,1428,162,1428,0,1395,1395,0.976890756302521,0.976890756302521,1.0,13.241596638655462,12.0,3,0,1425,202,97,6
sues,control_25_290932,distance,0.1,full_frozen,384,347,0.9648130374432573,False,control,0.25,1428,162,1428,0,1344,1344,0.9411764705882353,0.9411764705882353,1.0,5.812324929971989,4.0,36,0,1392,185,281,14
sues,control_25_290932,distance,0.1,matched_all_extended,384,347,0.9648130374432573,False,control,0.25,1428,162,1428,0,1344,1344,0.9411764705882353,0.9411764705882353,1.0,5.812324929971989,4.0,36,0,1392,185,281,14
sues,control_25_290932,distance,0.1,matched_reachable_oracle,384,347,0.9648130374432573,False,control,0.25,1428,162,1428,0,1344,1344,0.9411764705882353,0.9411764705882353,1.0,5.812324929971989,4.0,36,0,1392,185,281,14
sues,control_25_290932,aps_raw,0.01,full_frozen,384,382,10.18556222022997,False,control,0.25,1428,162,1428,0,1409,1409,0.9866946778711485,0.9866946778711485,1.0,19.720588235294116,20.0,0,0,1428,202,0,0
sues,control_25_290932,aps_raw,0.01,matched_all_extended,384,382,8.727508399254601,False,control,0.25,1428,162,1428,0,1407,1407,0.9852941176470589,0.9852941176470589,1.0,16.782212885154063,17.0,0,0,1428,202,0,0
sues,control_25_290932,aps_raw,0.01,matched_reachable_oracle,384,382,8.727508399254601,False,control,0.25,1428,162,1428,0,1407,1407,0.9852941176470589,0.9852941176470589,1.0,16.782212885154063,17.0,0,0,1428,202,0,0
sues,control_25_290932,aps_raw,0.05,full_frozen,384,366,2.5621897846746147,False,control,0.25,1428,162,1428,0,1364,1364,0.9551820728291317,0.9551820728291317,1.0,4.24859943977591,4.0,0,0,1428,202,0,0
sues,control_25_290932,aps_raw,0.05,matched_all_extended,384,366,2.048357404914834,False,control,0.25,1428,162,1428,0,1348,1348,0.9439775910364145,0.9439775910364145,1.0,3.1820728291316525,3.0,0,0,1428,202,0,0
sues,control_25_290932,aps_raw,0.05,matched_reachable_oracle,384,366,2.048357404914834,False,control,0.25,1428,162,1428,0,1348,1348,0.9439775910364145,0.9439775910364145,1.0,3.1820728291316525,3.0,0,0,1428,202,0,0
sues,control_25_290932,aps_raw,0.1,full_frozen,384,347,1.5631376229375706,False,control,0.25,1428,162,1428,0,1322,1322,0.9257703081232493,0.9257703081232493,1.0,2.302521008403361,2.0,0,0,1428,202,0,0
sues,control_25_290932,aps_raw,0.1,matched_all_extended,384,347,1.0714996370936414,False,control,0.25,1428,162,1428,0,1265,1265,0.8858543417366946,0.8858543417366946,1.0,1.5161064425770308,2.0,0,0,1428,202,691,59
sues,control_25_290932,aps_raw,0.1,matched_reachable_oracle,384,347,1.0714996370936414,False,control,0.25,1428,162,1428,0,1265,1265,0.8858543417366946,0.8858543417366946,1.0,1.5161064425770308,2.0,0,0,1428,202,691,59
sues,control_25_290932,fixed_k,0.01,full_frozen,384,381,18.0,False,control,0.25,1428,162,1428,0,1408,1408,0.9859943977591037,0.9859943977591037,1.0,18.0,18.0,0,0,1428,202,0,0
sues,control_25_290932,fixed_k,0.01,matched_all_extended,384,381,15.0,False,control,0.25,1428,162,1428,0,1405,1405,0.9838935574229691,0.9838935574229691,1.0,15.0,15.0,0,0,1428,202,0,0
sues,control_25_290932,fixed_k,0.01,matched_reachable_oracle,384,381,15.0,False,control,0.25,1428,162,1428,0,1405,1405,0.9838935574229691,0.9838935574229691,1.0,15.0,15.0,0,0,1428,202,0,0
sues,control_25_290932,fixed_k,0.05,full_frozen,384,365,5.0,False,control,0.25,1428,162,1428,0,1372,1372,0.9607843137254902,0.9607843137254902,1.0,5.0,5.0,0,0,1428,202,0,0
sues,control_25_290932,fixed_k,0.05,matched_all_extended,384,365,4.0,False,control,0.25,1428,162,1428,0,1360,1360,0.9523809523809523,0.9523809523809523,1.0,4.0,4.0,0,0,1428,202,0,0
sues,control_25_290932,fixed_k,0.05,matched_reachable_oracle,384,365,4.0,False,control,0.25,1428,162,1428,0,1360,1360,0.9523809523809523,0.9523809523809523,1.0,4.0,4.0,0,0,1428,202,0,0
sues,control_25_290932,fixed_k,0.1,full_frozen,384,346,3.0,False,control,0.25,1428,162,1428,0,1344,1344,0.9411764705882353,0.9411764705882353,1.0,3.0,3.0,0,0,1428,202,0,0
sues,control_25_290932,fixed_k,0.1,matched_all_extended,384,346,2.0,False,control,0.25,1428,162,1428,0,1308,1308,0.9159663865546218,0.9159663865546218,1.0,2.0,2.0,0,0,1428,202,0,0
sues,control_25_290932,fixed_k,0.1,matched_reachable_oracle,384,346,2.0,False,control,0.25,1428,162,1428,0,1308,1308,0.9159663865546218,0.9159663865546218,1.0,2.0,2.0,0,0,1428,202,0,0
sues,target_25_290933,distance,0.01,full_frozen,384,382,1.0745146531470176,False,target,0.25,1428,162,1068,360,1068,1068,0.7478991596638656,1.0,0.7478991596638656,56.601540616246496,58.0,0,0,1428,522,11,0
sues,target_25_290933,distance,0.01,matched_all_extended,384,382,,True,target,0.25,1428,162,1068,360,1068,1068,0.7478991596638656,1.0,0.7478991596638656,162.0,162.0,0,1428,1428,522,0,0
sues,target_25_290933,distance,0.01,matched_reachable_oracle,288,287,1.0821092020443175,False,target,0.25,1428,162,1068,360,1068,1068,0.7478991596638656,1.0,0.7478991596638656,64.25210084033614,66.5,0,0,1428,522,8,0
sues,target_25_290933,distance,0.05,full_frozen,384,366,1.0039368035385787,False,target,0.25,1428,162,1068,360,1048,1048,0.7338935574229691,0.9812734082397003,0.7478991596638656,14.089635854341736,12.0,19,0,1409,505,68,14
sues,target_25_290933,distance,0.05,matched_all_extended,384,366,,True,target,0.25,1428,162,1068,360,1068,1068,0.7478991596638656,1.0,0.7478991596638656,162.0,162.0,0,1428,1428,522,0,0
sues,target_25_290933,distance,0.05,matched_reachable_oracle,288,275,1.0222899531094072,False,target,0.25,1428,162,1068,360,1056,1056,0.7394957983193278,0.9887640449438202,0.7478991596638656,20.65826330532213,19.0,9,0,1419,513,40,4
sues,target_25_290933,distance,0.1,full_frozen,384,347,0.9648130374432573,False,target,0.25,1428,162,1068,360,1013,1013,0.7093837535014006,0.9485018726591761,0.7478991596638656,5.926470588235294,5.0,92,0,1336,442,213,46
sues,target_25_290933,distance,0.1,matched_all_extended,384,347,,True,target,0.25,1428,162,1068,360,1068,1068,0.7478991596638656,1.0,0.7478991596638656,162.0,162.0,0,1428,1428,522,0,0
sues,target_25_290933,distance,0.1,matched_reachable_oracle,288,261,0.9831067159181338,False,target,0.25,1428,162,1068,360,1029,1029,0.7205882352941176,0.9634831460674157,0.7478991596638656,8.892857142857142,7.0,49,0,1379,481,119,35
sues,target_25_290933,aps_raw,0.01,full_frozen,384,382,10.18556222022997,False,target,0.25,1428,162,1068,360,1056,1056,0.7394957983193278,0.9887640449438202,0.7478991596638656,19.733193277310924,20.0,0,0,1428,522,0,0
sues,target_25_290933,aps_raw,0.01,matched_all_extended,384,382,,True,target,0.25,1428,162,1068,360,1068,1068,0.7478991596638656,1.0,0.7478991596638656,162.0,162.0,0,1428,1428,522,0,0
sues,target_25_290933,aps_raw,0.01,matched_reachable_oracle,288,287,12.504783863273108,False,target,0.25,1428,162,1068,360,1062,1062,0.7436974789915967,0.9943820224719101,0.7478991596638656,24.409663865546218,24.0,0,0,1428,522,0,0
sues,target_25_290933,aps_raw,0.05,full_frozen,384,366,2.5621897846746147,False,target,0.25,1428,162,1068,360,1020,1020,0.7142857142857143,0.9550561797752809,0.7478991596638656,4.296918767507003,4.0,0,0,1428,522,0,0
sues,target_25_290933,aps_raw,0.05,matched_all_extended,384,366,,True,target,0.25,1428,162,1068,360,1068,1068,0.7478991596638656,1.0,0.7478991596638656,162.0,162.0,0,1428,1428,522,0,0
sues,target_25_290933,aps_raw,0.05,matched_reachable_oracle,288,275,2.6034964567083234,False,target,0.25,1428,162,1068,360,1023,1023,0.7163865546218487,0.9578651685393258,0.7478991596638656,4.521708683473389,5.0,0,0,1428,522,0,0
sues,target_25_290933,aps_raw,0.1,full_frozen,384,347,1.5631376229375706,False,target,0.25,1428,162,1068,360,987,987,0.6911764705882353,0.9241573033707865,0.7478991596638656,2.3816526610644257,2.0,0,0,1428,522,0,0
sues,target_25_290933,aps_raw,0.1,matched_all_extended,384,347,,True,target,0.25,1428,162,1068,360,1068,1068,0.7478991596638656,1.0,0.7478991596638656,162.0,162.0,0,1428,1428,522,0,0
sues,target_25_290933,aps_raw,0.1,matched_reachable_oracle,288,261,1.5932185073677887,False,target,0.25,1428,162,1068,360,993,993,0.6953781512605042,0.9297752808988764,0.7478991596638656,2.6330532212885154,3.0,0,0,1428,522,0,0
sues,target_25_290933,fixed_k,0.01,full_frozen,384,381,18.0,False,target,0.25,1428,162,1068,360,1054,1054,0.7380952380952381,0.9868913857677902,0.7478991596638656,18.0,18.0,0,0,1428,522,0,0
sues,target_25_290933,fixed_k,0.01,matched_all_extended,384,381,,True,target,0.25,1428,162,1068,360,1068,1068,0.7478991596638656,1.0,0.7478991596638656,162.0,162.0,0,1428,1428,522,0,0
sues,target_25_290933,fixed_k,0.01,matched_reachable_oracle,288,286,20.0,False,target,0.25,1428,162,1068,360,1056,1056,0.7394957983193278,0.9887640449438202,0.7478991596638656,20.0,20.0,0,0,1428,522,0,0
sues,target_25_290933,fixed_k,0.05,full_frozen,384,365,5.0,False,target,0.25,1428,162,1068,360,1028,1028,0.7198879551820728,0.9625468164794008,0.7478991596638656,5.0,5.0,0,0,1428,522,0,0
sues,target_25_290933,fixed_k,0.05,matched_all_extended,384,365,,True,target,0.25,1428,162,1068,360,1068,1068,0.7478991596638656,1.0,0.7478991596638656,162.0,162.0,0,1428,1428,522,0,0
sues,target_25_290933,fixed_k,0.05,matched_reachable_oracle,288,274,5.0,False,target,0.25,1428,162,1068,360,1028,1028,0.7198879551820728,0.9625468164794008,0.7478991596638656,5.0,5.0,0,0,1428,522,0,0
sues,target_25_290933,fixed_k,0.1,full_frozen,384,346,3.0,False,target,0.25,1428,162,1068,360,1001,1001,0.7009803921568627,0.9372659176029963,0.7478991596638656,3.0,3.0,0,0,1428,522,0,0
sues,target_25_290933,fixed_k,0.1,matched_all_extended,384,346,,True,target,0.25,1428,162,1068,360,1068,1068,0.7478991596638656,1.0,0.7478991596638656,162.0,162.0,0,1428,1428,522,0,0
sues,target_25_290933,fixed_k,0.1,matched_reachable_oracle,288,260,3.0,False,target,0.25,1428,162,1068,360,1001,1001,0.7009803921568627,0.9372659176029963,0.7478991596638656,3.0,3.0,0,0,1428,522,0,0
sues,target_50_290933,distance,0.01,full_frozen,384,382,1.0745146531470176,False,target,0.5,1428,124,708,720,708,708,0.4957983193277311,1.0,0.4957983193277311,43.60994397759104,45.0,11,0,1417,817,5,5
sues,target_50_290933,distance,0.01,matched_all_extended,384,382,,True,target,0.5,1428,124,708,720,708,708,0.4957983193277311,1.0,0.4957983193277311,124.0,124.0,0,1428,1428,828,0,0
sues,target_50_290933,distance,0.01,matched_reachable_oracle,192,192,1.0573269670660215,False,target,0.5,1428,124,708,720,707,707,0.4950980392156863,0.998587570621469,0.4957983193277311,31.93767507002801,32.0,21,0,1407,807,10,10
sues,target_50_290933,distance,0.05,full_frozen,384,366,1.0039368035385787,False,target,0.5,1428,124,708,720,692,692,0.484593837535014,0.9774011299435028,0.4957983193277311,10.796218487394958,10.0,66,0,1362,762,53,31
sues,target_50_290933,distance,0.05,matched_all_extended,384,366,,True,target,0.5,1428,124,708,720,708,708,0.4957983193277311,1.0,0.4957983193277311,124.0,124.0,0,1428,1428,828,0,0
sues,target_50_290933,distance,0.05,matched_reachable_oracle,192,184,1.020591627067046,False,target,0.5,1428,124,708,720,697,697,0.4880952380952381,0.9844632768361582,0.4957983193277311,15.27310924369748,14.0,43,0,1385,785,26,18
sues,target_50_290933,distance,0.1,full_frozen,384,347,0.9648130374432573,False,target,0.5,1428,124,708,720,669,669,0.4684873949579832,0.9449152542372882,0.4957983193277311,4.523109243697479,3.0,175,0,1253,656,230,106
sues,target_50_290933,distance,0.1,matched_all_extended,384,347,,True,target,0.5,1428,124,708,720,708,708,0.4957983193277311,1.0,0.4957983193277311,124.0,124.0,0,1428,1428,828,0,0
sues,target_50_290933,distance,0.1,matched_reachable_oracle,192,174,0.9761605728216652,False,target,0.5,1428,124,708,720,678,678,0.47478991596638653,0.9576271186440678,0.4957983193277311,5.82563025210084,5.0,122,0,1306,706,176,95
sues,target_50_290933,aps_raw,0.01,full_frozen,384,382,10.18556222022997,False,target,0.5,1428,124,708,720,699,699,0.4894957983193277,0.9872881355932204,0.4957983193277311,19.86204481792717,20.0,0,0,1428,828,0,0
sues,target_50_290933,aps_raw,0.01,matched_all_extended,384,382,,True,target,0.5,1428,124,708,720,708,708,0.4957983193277311,1.0,0.4957983193277311,124.0,124.0,0,1428,1428,828,0,0
sues,target_50_290933,aps_raw,0.01,matched_reachable_oracle,192,192,12.041332294711475,False,target,0.5,1428,124,708,720,705,705,0.49369747899159666,0.9957627118644068,0.4957983193277311,23.61204481792717,24.0,0,0,1428,828,0,0
sues,target_50_290933,aps_raw,0.05,full_frozen,384,366,2.5621897846746147,False,target,0.5,1428,124,708,720,676,676,0.4733893557422969,0.9548022598870056,0.4957983193277311,4.411764705882353,4.0,0,0,1428,828,0,0
sues,target_50_290933,aps_raw,0.05,matched_all_extended,384,366,,True,target,0.5,1428,124,708,720,708,708,0.4957983193277311,1.0,0.4957983193277311,124.0,124.0,0,1428,1428,828,0,0
sues,target_50_290933,aps_raw,0.05,matched_reachable_oracle,192,184,1.9868595461266638,False,target,0.5,1428,124,708,720,656,656,0.45938375350140054,0.9265536723163842,0.4957983193277311,3.053921568627451,3.0,0,0,1428,828,0,0
sues,target_50_290933,aps_raw,0.1,full_frozen,384,347,1.5631376229375706,False,target,0.5,1428,124,708,720,646,646,0.4523809523809524,0.9124293785310734,0.4957983193277311,2.511204481792717,3.0,0,0,1428,828,0,0
sues,target_50_290933,aps_raw,0.1,matched_all_extended,384,347,,True,target,0.5,1428,124,708,720,708,708,0.4957983193277311,1.0,0.4957983193277311,124.0,124.0,0,1428,1428,828,0,0
sues,target_50_290933,aps_raw,0.1,matched_reachable_oracle,192,174,1.4948020530301473,False,target,0.5,1428,124,708,720,645,645,0.45168067226890757,0.9110169491525424,0.4957983193277311,2.053221288515406,2.0,0,0,1428,828,0,0
sues,target_50_290933,fixed_k,0.01,full_frozen,384,381,18.0,False,target,0.5,1428,124,708,720,698,698,0.4887955182072829,0.9858757062146892,0.4957983193277311,18.0,18.0,0,0,1428,828,0,0
sues,target_50_290933,fixed_k,0.01,matched_all_extended,384,381,,True,target,0.5,1428,124,708,720,708,708,0.4957983193277311,1.0,0.4957983193277311,124.0,124.0,0,1428,1428,828,0,0
sues,target_50_290933,fixed_k,0.01,matched_reachable_oracle,192,191,14.0,False,target,0.5,1428,124,708,720,695,695,0.48669467787114845,0.981638418079096,0.4957983193277311,14.0,14.0,0,0,1428,828,0,0
sues,target_50_290933,fixed_k,0.05,full_frozen,384,365,5.0,False,target,0.5,1428,124,708,720,678,678,0.47478991596638653,0.9576271186440678,0.4957983193277311,5.0,5.0,0,0,1428,828,0,0
sues,target_50_290933,fixed_k,0.05,matched_all_extended,384,365,,True,target,0.5,1428,124,708,720,708,708,0.4957983193277311,1.0,0.4957983193277311,124.0,124.0,0,1428,1428,828,0,0
sues,target_50_290933,fixed_k,0.05,matched_reachable_oracle,192,183,3.0,False,target,0.5,1428,124,708,720,656,656,0.45938375350140054,0.9265536723163842,0.4957983193277311,3.0,3.0,0,0,1428,828,0,0
sues,target_50_290933,fixed_k,0.1,full_frozen,384,346,3.0,False,target,0.5,1428,124,708,720,656,656,0.45938375350140054,0.9265536723163842,0.4957983193277311,3.0,3.0,0,0,1428,828,0,0
sues,target_50_290933,fixed_k,0.1,matched_all_extended,384,346,,True,target,0.5,1428,124,708,720,708,708,0.4957983193277311,1.0,0.4957983193277311,124.0,124.0,0,1428,1428,828,0,0
sues,target_50_290933,fixed_k,0.1,matched_reachable_oracle,192,173,3.0,False,target,0.5,1428,124,708,720,656,656,0.45938375350140054,0.9265536723163842,0.4957983193277311,3.0,3.0,0,0,1428,828,0,0
sues,control_25_290933,distance,0.01,full_frozen,384,382,1.0745146531470176,False,control,0.25,1428,162,1428,0,1427,1427,0.9992997198879552,0.9992997198879552,1.0,55.957282913165265,57.0,0,0,1428,203,11,0
sues,control_25_290933,distance,0.01,matched_all_extended,384,382,1.0745146531470176,False,control,0.25,1428,162,1428,0,1427,1427,0.9992997198879552,0.9992997198879552,1.0,55.957282913165265,57.0,0,0,1428,203,11,0
sues,control_25_290933,distance,0.01,matched_reachable_oracle,384,382,1.0745146531470176,False,control,0.25,1428,162,1428,0,1427,1427,0.9992997198879552,0.9992997198879552,1.0,55.957282913165265,57.0,0,0,1428,203,11,0
sues,control_25_290933,distance,0.05,full_frozen,384,366,1.0039368035385787,False,control,0.25,1428,162,1428,0,1395,1395,0.976890756302521,0.976890756302521,1.0,13.394957983193278,12.0,5,0,1423,202,93,5
sues,control_25_290933,distance,0.05,matched_all_extended,384,366,1.0039368035385787,False,control,0.25,1428,162,1428,0,1395,1395,0.976890756302521,0.976890756302521,1.0,13.394957983193278,12.0,5,0,1423,202,93,5
sues,control_25_290933,distance,0.05,matched_reachable_oracle,384,366,1.0039368035385787,False,control,0.25,1428,162,1428,0,1395,1395,0.976890756302521,0.976890756302521,1.0,13.394957983193278,12.0,5,0,1423,202,93,5
sues,control_25_290933,distance,0.1,full_frozen,384,347,0.9648130374432573,False,control,0.25,1428,162,1428,0,1344,1344,0.9411764705882353,0.9411764705882353,1.0,5.810224089635854,4.0,37,0,1391,189,290,11
sues,control_25_290933,distance,0.1,matched_all_extended,384,347,0.9648130374432573,False,control,0.25,1428,162,1428,0,1344,1344,0.9411764705882353,0.9411764705882353,1.0,5.810224089635854,4.0,37,0,1391,189,290,11
sues,control_25_290933,distance,0.1,matched_reachable_oracle,384,347,0.9648130374432573,False,control,0.25,1428,162,1428,0,1344,1344,0.9411764705882353,0.9411764705882353,1.0,5.810224089635854,4.0,37,0,1391,189,290,11
sues,control_25_290933,aps_raw,0.01,full_frozen,384,382,10.18556222022997,False,control,0.25,1428,162,1428,0,1410,1410,0.9873949579831933,0.9873949579831933,1.0,19.717086834733895,20.0,0,0,1428,203,0,0
sues,control_25_290933,aps_raw,0.01,matched_all_extended,384,382,8.119491539760034,False,control,0.25,1428,162,1428,0,1406,1406,0.9845938375350141,0.9845938375350141,1.0,15.5203081232493,16.0,0,0,1428,203,0,0
sues,control_25_290933,aps_raw,0.01,matched_reachable_oracle,384,382,8.119491539760034,False,control,0.25,1428,162,1428,0,1406,1406,0.9845938375350141,0.9845938375350141,1.0,15.5203081232493,16.0,0,0,1428,203,0,0
sues,control_25_290933,aps_raw,0.05,full_frozen,384,366,2.5621897846746147,False,control,0.25,1428,162,1428,0,1362,1362,0.9537815126050421,0.9537815126050421,1.0,4.249299719887955,4.0,0,0,1428,203,0,0
sues,control_25_290933,aps_raw,0.05,matched_all_extended,384,366,2.048357404914834,False,control,0.25,1428,162,1428,0,1346,1346,0.9425770308123249,0.9425770308123249,1.0,3.1848739495798317,3.0,0,0,1428,203,0,0
sues,control_25_290933,aps_raw,0.05,matched_reachable_oracle,384,366,2.048357404914834,False,control,0.25,1428,162,1428,0,1346,1346,0.9425770308123249,0.9425770308123249,1.0,3.1848739495798317,3.0,0,0,1428,203,0,0
sues,control_25_290933,aps_raw,0.1,full_frozen,384,347,1.5631376229375706,False,control,0.25,1428,162,1428,0,1320,1320,0.9243697478991597,0.9243697478991597,1.0,2.3011204481792715,2.0,0,0,1428,203,0,0
sues,control_25_290933,aps_raw,0.1,matched_all_extended,384,347,1.0651638584476162,False,control,0.25,1428,162,1428,0,1255,1255,0.8788515406162465,0.8788515406162465,1.0,1.4397759103641457,1.0,0,0,1428,203,800,80
sues,control_25_290933,aps_raw,0.1,matched_reachable_oracle,384,347,1.0651638584476162,False,control,0.25,1428,162,1428,0,1255,1255,0.8788515406162465,0.8788515406162465,1.0,1.4397759103641457,1.0,0,0,1428,203,800,80
sues,control_25_290933,fixed_k,0.01,full_frozen,384,381,18.0,False,control,0.25,1428,162,1428,0,1407,1407,0.9852941176470589,0.9852941176470589,1.0,18.0,18.0,0,0,1428,203,0,0
sues,control_25_290933,fixed_k,0.01,matched_all_extended,384,381,15.0,False,control,0.25,1428,162,1428,0,1405,1405,0.9838935574229691,0.9838935574229691,1.0,15.0,15.0,0,0,1428,203,0,0
sues,control_25_290933,fixed_k,0.01,matched_reachable_oracle,384,381,15.0,False,control,0.25,1428,162,1428,0,1405,1405,0.9838935574229691,0.9838935574229691,1.0,15.0,15.0,0,0,1428,203,0,0
sues,control_25_290933,fixed_k,0.05,full_frozen,384,365,5.0,False,control,0.25,1428,162,1428,0,1369,1369,0.9586834733893558,0.9586834733893558,1.0,5.0,5.0,0,0,1428,203,0,0
sues,control_25_290933,fixed_k,0.05,matched_all_extended,384,365,3.0,False,control,0.25,1428,162,1428,0,1343,1343,0.9404761904761905,0.9404761904761905,1.0,3.0,3.0,0,0,1428,203,0,0
sues,control_25_290933,fixed_k,0.05,matched_reachable_oracle,384,365,3.0,False,control,0.25,1428,162,1428,0,1343,1343,0.9404761904761905,0.9404761904761905,1.0,3.0,3.0,0,0,1428,203,0,0
sues,control_25_290933,fixed_k,0.1,full_frozen,384,346,3.0,False,control,0.25,1428,162,1428,0,1343,1343,0.9404761904761905,0.9404761904761905,1.0,3.0,3.0,0,0,1428,203,0,0
sues,control_25_290933,fixed_k,0.1,matched_all_extended,384,346,2.0,False,control,0.25,1428,162,1428,0,1305,1305,0.9138655462184874,0.9138655462184874,1.0,2.0,2.0,0,0,1428,203,0,0
sues,control_25_290933,fixed_k,0.1,matched_reachable_oracle,384,346,2.0,False,control,0.25,1428,162,1428,0,1305,1305,0.9138655462184874,0.9138655462184874,1.0,2.0,2.0,0,0,1428,203,0,0
sues,target_25_290934,distance,0.01,full_frozen,384,382,1.0745146531470176,False,target,0.25,1428,162,1068,360,1068,1068,0.7478991596638656,1.0,0.7478991596638656,56.55112044817927,58.0,2,0,1426,485,10,1
sues,target_25_290934,distance,0.01,matched_all_extended,384,382,,True,target,0.25,1428,162,1068,360,1068,1068,0.7478991596638656,1.0,0.7478991596638656,162.0,162.0,0,1428,1428,487,0,0
sues,target_25_290934,distance,0.01,matched_reachable_oracle,288,287,1.0821092020443175,False,target,0.25,1428,162,1068,360,1068,1068,0.7478991596638656,1.0,0.7478991596638656,64.34803921568627,66.0,0,0,1428,487,9,1
sues,target_25_290934,distance,0.05,full_frozen,384,366,1.0039368035385787,False,target,0.25,1428,162,1068,360,1055,1055,0.738795518207283,0.9878277153558053,0.7478991596638656,13.618347338935575,12.0,26,0,1402,462,55,11
sues,target_25_290934,distance,0.05,matched_all_extended,384,366,,True,target,0.25,1428,162,1068,360,1068,1068,0.7478991596638656,1.0,0.7478991596638656,162.0,162.0,0,1428,1428,487,0,0
sues,target_25_290934,distance,0.05,matched_reachable_oracle,288,275,1.0222899531094072,False,target,0.25,1428,162,1068,360,1060,1060,0.742296918767507,0.9925093632958801,0.7478991596638656,20.168067226890756,19.0,20,0,1408,468,26,4
sues,target_25_290934,distance,0.1,full_frozen,384,347,0.9648130374432573,False,target,0.25,1428,162,1068,360,1027,1027,0.719187675070028,0.9616104868913857,0.7478991596638656,5.750700280112045,4.0,92,0,1336,402,214,60
sues,target_25_290934,distance,0.1,matched_all_extended,384,347,,True,target,0.25,1428,162,1068,360,1068,1068,0.7478991596638656,1.0,0.7478991596638656,162.0,162.0,0,1428,1428,487,0,0
sues,target_25_290934,distance,0.1,matched_reachable_oracle,288,261,0.9702934089454813,False,target,0.25,1428,162,1068,360,1031,1031,0.7219887955182073,0.9653558052434457,0.7478991596638656,6.493697478991597,5.0,76,0,1352,416,183,56
sues,target_25_290934,aps_raw,0.01,full_frozen,384,382,10.18556222022997,False,target,0.25,1428,162,1068,360,1059,1059,0.7415966386554622,0.9915730337078652,0.7478991596638656,19.73389355742297,20.0,0,0,1428,487,0,0
sues,target_25_290934,aps_raw,0.01,matched_all_extended,384,382,,True,target,0.25,1428,162,1068,360,1068,1068,0.7478991596638656,1.0,0.7478991596638656,162.0,162.0,0,1428,1428,487,0,0
sues,target_25_290934,aps_raw,0.01,matched_reachable_oracle,288,287,12.51466838197201,False,target,0.25,1428,162,1068,360,1063,1063,0.7443977591036415,0.9953183520599251,0.7478991596638656,24.439075630252102,24.0,0,0,1428,487,0,0
sues,target_25_290934,aps_raw,0.05,full_frozen,384,366,2.5621897846746147,False,target,0.25,1428,162,1068,360,1034,1034,0.7240896358543417,0.9681647940074907,0.7478991596638656,4.300420168067227,4.0,0,0,1428,487,0,0
sues,target_25_290934,aps_raw,0.05,matched_all_extended,384,366,,True,target,0.25,1428,162,1068,360,1068,1068,0.7478991596638656,1.0,0.7478991596638656,162.0,162.0,0,1428,1428,487,0,0
sues,target_25_290934,aps_raw,0.05,matched_reachable_oracle,288,275,2.5621897846746147,False,target,0.25,1428,162,1068,360,1034,1034,0.7240896358543417,0.9681647940074907,0.7478991596638656,4.300420168067227,4.0,0,0,1428,487,0,0
sues,target_25_290934,aps_raw,0.1,full_frozen,384,347,1.5631376229375706,False,target,0.25,1428,162,1068,360,1011,1011,0.707983193277311,0.9466292134831461,0.7478991596638656,2.358543417366947,2.0,0,0,1428,487,0,0
sues,target_25_290934,aps_raw,0.1,matched_all_extended,384,347,,True,target,0.25,1428,162,1068,360,1068,1068,0.7478991596638656,1.0,0.7478991596638656,162.0,162.0,0,1428,1428,487,0,0
sues,target_25_290934,aps_raw,0.1,matched_reachable_oracle,288,261,1.0792484218842358,False,target,0.25,1428,162,1068,360,995,995,0.6967787114845938,0.9316479400749064,0.7478991596638656,1.6519607843137254,2.0,0,0,1428,487,497,34
sues,target_25_290934,fixed_k,0.01,full_frozen,384,381,18.0,False,target,0.25,1428,162,1068,360,1059,1059,0.7415966386554622,0.9915730337078652,0.7478991596638656,18.0,18.0,0,0,1428,487,0,0
sues,target_25_290934,fixed_k,0.01,matched_all_extended,384,381,,True,target,0.25,1428,162,1068,360,1068,1068,0.7478991596638656,1.0,0.7478991596638656,162.0,162.0,0,1428,1428,487,0,0
sues,target_25_290934,fixed_k,0.01,matched_reachable_oracle,288,286,18.0,False,target,0.25,1428,162,1068,360,1059,1059,0.7415966386554622,0.9915730337078652,0.7478991596638656,18.0,18.0,0,0,1428,487,0,0
sues,target_25_290934,fixed_k,0.05,full_frozen,384,365,5.0,False,target,0.25,1428,162,1068,360,1037,1037,0.7261904761904762,0.9709737827715356,0.7478991596638656,5.0,5.0,0,0,1428,487,0,0
sues,target_25_290934,fixed_k,0.05,matched_all_extended,384,365,,True,target,0.25,1428,162,1068,360,1068,1068,0.7478991596638656,1.0,0.7478991596638656,162.0,162.0,0,1428,1428,487,0,0
sues,target_25_290934,fixed_k,0.05,matched_reachable_oracle,288,274,4.0,False,target,0.25,1428,162,1068,360,1032,1032,0.7226890756302521,0.9662921348314607,0.7478991596638656,4.0,4.0,0,0,1428,487,0,0
sues,target_25_290934,fixed_k,0.1,full_frozen,384,346,3.0,False,target,0.25,1428,162,1068,360,1019,1019,0.7135854341736695,0.954119850187266,0.7478991596638656,3.0,3.0,0,0,1428,487,0,0
sues,target_25_290934,fixed_k,0.1,matched_all_extended,384,346,,True,target,0.25,1428,162,1068,360,1068,1068,0.7478991596638656,1.0,0.7478991596638656,162.0,162.0,0,1428,1428,487,0,0
sues,target_25_290934,fixed_k,0.1,matched_reachable_oracle,288,260,2.0,False,target,0.25,1428,162,1068,360,1006,1006,0.7044817927170869,0.9419475655430711,0.7478991596638656,2.0,2.0,0,0,1428,487,0,0
sues,target_50_290934,distance,0.01,full_frozen,384,382,1.0745146531470176,False,target,0.5,1428,124,708,720,708,708,0.4957983193277311,1.0,0.4957983193277311,42.25840336134454,43.0,2,0,1426,789,10,1
sues,target_50_290934,distance,0.01,matched_all_extended,384,382,,True,target,0.5,1428,124,708,720,708,708,0.4957983193277311,1.0,0.4957983193277311,124.0,124.0,0,1428,1428,791,0,0
sues,target_50_290934,distance,0.01,matched_reachable_oracle,192,192,1.1034752932091096,False,target,0.5,1428,124,708,720,708,708,0.4957983193277311,1.0,0.4957983193277311,66.14145658263305,69.0,0,0,1428,791,1,0
sues,target_50_290934,distance,0.05,full_frozen,384,366,1.0039368035385787,False,target,0.5,1428,124,708,720,698,698,0.4887955182072829,0.9858757062146892,0.4957983193277311,10.292016806722689,9.0,35,0,1393,757,89,39
sues,target_50_290934,distance,0.05,matched_all_extended,384,366,,True,target,0.5,1428,124,708,720,708,708,0.4957983193277311,1.0,0.4957983193277311,124.0,124.0,0,1428,1428,791,0,0
sues,target_50_290934,distance,0.05,matched_reachable_oracle,192,184,1.040265541447891,False,target,0.5,1428,124,708,720,705,705,0.49369747899159666,0.9957627118644068,0.4957983193277311,22.002100840336134,21.5,14,0,1414,777,21,5
sues,target_50_290934,distance,0.1,full_frozen,384,347,0.9648130374432573,False,target,0.5,1428,124,708,720,681,681,0.47689075630252103,0.961864406779661,0.4957983193277311,4.329131652661064,3.0,154,0,1274,646,267,118
sues,target_50_290934,distance,0.1,matched_all_extended,384,347,,True,target,0.5,1428,124,708,720,708,708,0.4957983193277311,1.0,0.4957983193277311,124.0,124.0,0,1428,1428,791,0,0
sues,target_50_290934,distance,0.1,matched_reachable_oracle,192,174,0.9831067159181338,False,target,0.5,1428,124,708,720,691,691,0.4838935574229692,0.9759887005649718,0.4957983193277311,6.527310924369748,5.0,82,0,1346,712,178,83
sues,target_50_290934,aps_raw,0.01,full_frozen,384,382,10.18556222022997,False,target,0.5,1428,124,708,720,708,708,0.4957983193277311,1.0,0.4957983193277311,19.873949579831933,20.0,0,0,1428,791,0,0
sues,target_50_290934,aps_raw,0.01,matched_all_extended,384,382,,True,target,0.5,1428,124,708,720,708,708,0.4957983193277311,1.0,0.4957983193277311,124.0,124.0,0,1428,1428,791,0,0
sues,target_50_290934,aps_raw,0.01,matched_reachable_oracle,192,192,9.601676168957784,False,target,0.5,1428,124,708,720,708,708,0.4957983193277311,1.0,0.4957983193277311,18.685574229691877,19.0,0,0,1428,791,0,0
sues,target_50_290934,aps_raw,0.05,full_frozen,384,366,2.5621897846746147,False,target,0.5,1428,124,708,720,692,692,0.484593837535014,0.9774011299435028,0.4957983193277311,4.425070028011205,4.0,0,0,1428,791,0,0
sues,target_50_290934,aps_raw,0.05,matched_all_extended,384,366,,True,target,0.5,1428,124,708,720,708,708,0.4957983193277311,1.0,0.4957983193277311,124.0,124.0,0,1428,1428,791,0,0
sues,target_50_290934,aps_raw,0.05,matched_reachable_oracle,192,184,1.5820353184766247,False,target,0.5,1428,124,708,720,684,684,0.4789915966386555,0.9661016949152542,0.4957983193277311,2.680672268907563,3.0,0,0,1428,791,0,0
sues,target_50_290934,aps_raw,0.1,full_frozen,384,347,1.5631376229375706,False,target,0.5,1428,124,708,720,681,681,0.47689075630252103,0.961864406779661,0.4957983193277311,2.5210084033613445,3.0,0,0,1428,791,0,0
sues,target_50_290934,aps_raw,0.1,matched_all_extended,384,347,,True,target,0.5,1428,124,708,720,708,708,0.4957983193277311,1.0,0.4957983193277311,124.0,124.0,0,1428,1428,791,0,0
sues,target_50_290934,aps_raw,0.1,matched_reachable_oracle,192,174,1.0753600264319494,False,target,0.5,1428,124,708,720,669,669,0.4684873949579832,0.9449152542372882,0.4957983193277311,1.7556022408963585,2.0,0,0,1428,791,349,51
sues,target_50_290934,fixed_k,0.01,full_frozen,384,381,18.0,False,target,0.5,1428,124,708,720,706,706,0.4943977591036415,0.9971751412429378,0.4957983193277311,18.0,18.0,0,0,1428,791,0,0
sues,target_50_290934,fixed_k,0.01,matched_all_extended,384,381,,True,target,0.5,1428,124,708,720,708,708,0.4957983193277311,1.0,0.4957983193277311,124.0,124.0,0,1428,1428,791,0,0
sues,target_50_290934,fixed_k,0.01,matched_reachable_oracle,192,191,14.0,False,target,0.5,1428,124,708,720,706,706,0.4943977591036415,0.9971751412429378,0.4957983193277311,14.0,14.0,0,0,1428,791,0,0
sues,target_50_290934,fixed_k,0.05,full_frozen,384,365,5.0,False,target,0.5,1428,124,708,720,694,694,0.48599439775910364,0.980225988700565,0.4957983193277311,5.0,5.0,0,0,1428,791,0,0
sues,target_50_290934,fixed_k,0.05,matched_all_extended,384,365,,True,target,0.5,1428,124,708,720,708,708,0.4957983193277311,1.0,0.4957983193277311,124.0,124.0,0,1428,1428,791,0,0
sues,target_50_290934,fixed_k,0.05,matched_reachable_oracle,192,183,3.0,False,target,0.5,1428,124,708,720,687,687,0.4810924369747899,0.9703389830508474,0.4957983193277311,3.0,3.0,0,0,1428,791,0,0
sues,target_50_290934,fixed_k,0.1,full_frozen,384,346,3.0,False,target,0.5,1428,124,708,720,687,687,0.4810924369747899,0.9703389830508474,0.4957983193277311,3.0,3.0,0,0,1428,791,0,0
sues,target_50_290934,fixed_k,0.1,matched_all_extended,384,346,,True,target,0.5,1428,124,708,720,708,708,0.4957983193277311,1.0,0.4957983193277311,124.0,124.0,0,1428,1428,791,0,0
sues,target_50_290934,fixed_k,0.1,matched_reachable_oracle,192,173,2.0,False,target,0.5,1428,124,708,720,676,676,0.4733893557422969,0.9548022598870056,0.4957983193277311,2.0,2.0,0,0,1428,791,0,0
sues,control_25_290934,distance,0.01,full_frozen,384,382,1.0745146531470176,False,control,0.25,1428,162,1428,0,1427,1427,0.9992997198879552,0.9992997198879552,1.0,55.167366946778714,56.0,0,0,1428,206,11,0
sues,control_25_290934,distance,0.01,matched_all_extended,384,382,1.0745146531470176,False,control,0.25,1428,162,1428,0,1427,1427,0.9992997198879552,0.9992997198879552,1.0,55.167366946778714,56.0,0,0,1428,206,11,0
sues,control_25_290934,distance,0.01,matched_reachable_oracle,384,382,1.0745146531470176,False,control,0.25,1428,162,1428,0,1427,1427,0.9992997198879552,0.9992997198879552,1.0,55.167366946778714,56.0,0,0,1428,206,11,0
sues,control_25_290934,distance,0.05,full_frozen,384,366,1.0039368035385787,False,control,0.25,1428,162,1428,0,1395,1395,0.976890756302521,0.976890756302521,1.0,13.245098039215685,12.0,4,0,1424,205,74,3
sues,control_25_290934,distance,0.05,matched_all_extended,384,366,1.0039368035385787,False,control,0.25,1428,162,1428,0,1395,1395,0.976890756302521,0.976890756302521,1.0,13.245098039215685,12.0,4,0,1424,205,74,3
sues,control_25_290934,distance,0.05,matched_reachable_oracle,384,366,1.0039368035385787,False,control,0.25,1428,162,1428,0,1395,1395,0.976890756302521,0.976890756302521,1.0,13.245098039215685,12.0,4,0,1424,205,74,3
sues,control_25_290934,distance,0.1,full_frozen,384,347,0.9648130374432573,False,control,0.25,1428,162,1428,0,1344,1344,0.9411764705882353,0.9411764705882353,1.0,5.766806722689076,4.0,36,0,1392,189,275,14
sues,control_25_290934,distance,0.1,matched_all_extended,384,347,0.9648130374432573,False,control,0.25,1428,162,1428,0,1344,1344,0.9411764705882353,0.9411764705882353,1.0,5.766806722689076,4.0,36,0,1392,189,275,14
sues,control_25_290934,distance,0.1,matched_reachable_oracle,384,347,0.9648130374432573,False,control,0.25,1428,162,1428,0,1344,1344,0.9411764705882353,0.9411764705882353,1.0,5.766806722689076,4.0,36,0,1392,189,275,14
sues,control_25_290934,aps_raw,0.01,full_frozen,384,382,10.18556222022997,False,control,0.25,1428,162,1428,0,1409,1409,0.9866946778711485,0.9866946778711485,1.0,19.717787114845937,20.0,0,0,1428,206,0,0
sues,control_25_290934,aps_raw,0.01,matched_all_extended,384,382,8.719517442617303,False,control,0.25,1428,162,1428,0,1406,1406,0.9845938375350141,0.9845938375350141,1.0,16.766806722689076,17.0,0,0,1428,206,0,0
sues,control_25_290934,aps_raw,0.01,matched_reachable_oracle,384,382,8.719517442617303,False,control,0.25,1428,162,1428,0,1406,1406,0.9845938375350141,0.9845938375350141,1.0,16.766806722689076,17.0,0,0,1428,206,0,0
sues,control_25_290934,aps_raw,0.05,full_frozen,384,366,2.5621897846746147,False,control,0.25,1428,162,1428,0,1366,1366,0.9565826330532213,0.9565826330532213,1.0,4.245098039215686,4.0,0,0,1428,206,0,0
sues,control_25_290934,aps_raw,0.05,matched_all_extended,384,366,2.071523904007738,False,control,0.25,1428,162,1428,0,1350,1350,0.9453781512605042,0.9453781512605042,1.0,3.3151260504201683,3.0,0,0,1428,206,0,0
sues,control_25_290934,aps_raw,0.05,matched_reachable_oracle,384,366,2.071523904007738,False,control,0.25,1428,162,1428,0,1350,1350,0.9453781512605042,0.9453781512605042,1.0,3.3151260504201683,3.0,0,0,1428,206,0,0
sues,control_25_290934,aps_raw,0.1,full_frozen,384,347,1.5631376229375706,False,control,0.25,1428,162,1428,0,1321,1321,0.9250700280112045,0.9250700280112045,1.0,2.303221288515406,2.0,0,0,1428,206,0,0
sues,control_25_290934,aps_raw,0.1,matched_all_extended,384,347,1.1245802353713499,False,control,0.25,1428,162,1428,0,1296,1296,0.907563025210084,0.907563025210084,1.0,1.9173669467787116,2.0,0,0,1428,206,118,10
sues,control_25_290934,aps_raw,0.1,matched_reachable_oracle,384,347,1.1245802353713499,False,control,0.25,1428,162,1428,0,1296,1296,0.907563025210084,0.907563025210084,1.0,1.9173669467787116,2.0,0,0,1428,206,118,10
sues,control_25_290934,fixed_k,0.01,full_frozen,384,381,18.0,False,control,0.25,1428,162,1428,0,1407,1407,0.9852941176470589,0.9852941176470589,1.0,18.0,18.0,0,0,1428,206,0,0
sues,control_25_290934,fixed_k,0.01,matched_all_extended,384,381,15.0,False,control,0.25,1428,162,1428,0,1404,1404,0.9831932773109243,0.9831932773109243,1.0,15.0,15.0,0,0,1428,206,0,0
sues,control_25_290934,fixed_k,0.01,matched_reachable_oracle,384,381,15.0,False,control,0.25,1428,162,1428,0,1404,1404,0.9831932773109243,0.9831932773109243,1.0,15.0,15.0,0,0,1428,206,0,0
sues,control_25_290934,fixed_k,0.05,full_frozen,384,365,5.0,False,control,0.25,1428,162,1428,0,1373,1373,0.961484593837535,0.961484593837535,1.0,5.0,5.0,0,0,1428,206,0,0
sues,control_25_290934,fixed_k,0.05,matched_all_extended,384,365,4.0,False,control,0.25,1428,162,1428,0,1361,1361,0.9530812324929971,0.9530812324929971,1.0,4.0,4.0,0,0,1428,206,0,0
sues,control_25_290934,fixed_k,0.05,matched_reachable_oracle,384,365,4.0,False,control,0.25,1428,162,1428,0,1361,1361,0.9530812324929971,0.9530812324929971,1.0,4.0,4.0,0,0,1428,206,0,0
sues,control_25_290934,fixed_k,0.1,full_frozen,384,346,3.0,False,control,0.25,1428,162,1428,0,1343,1343,0.9404761904761905,0.9404761904761905,1.0,3.0,3.0,0,0,1428,206,0,0
sues,control_25_290934,fixed_k,0.1,matched_all_extended,384,346,2.0,False,control,0.25,1428,162,1428,0,1306,1306,0.9145658263305322,0.9145658263305322,1.0,2.0,2.0,0,0,1428,206,0,0
sues,control_25_290934,fixed_k,0.1,matched_reachable_oracle,384,346,2.0,False,control,0.25,1428,162,1428,0,1306,1306,0.9145658263305322,0.9145658263305322,1.0,2.0,2.0,0,0,1428,206,0,0
sues,target_25_290935,distance,0.01,full_frozen,384,382,1.0745146531470176,False,target,0.25,1428,162,1068,360,1067,1067,0.7471988795518207,0.9990636704119851,0.7478991596638656,56.48529411764706,58.0,0,0,1428,517,13,0
sues,target_25_290935,distance,0.01,matched_all_extended,384,382,,True,target,0.25,1428,162,1068,360,1068,1068,0.7478991596638656,1.0,0.7478991596638656,162.0,162.0,0,1428,1428,517,0,0
sues,target_25_290935,distance,0.01,matched_reachable_oracle,288,287,1.01726006663229,False,target,0.25,1428,162,1068,360,1048,1048,0.7338935574229691,0.9812734082397003,0.7478991596638656,18.39565826330532,17.0,3,0,1425,515,45,3
sues,target_25_290935,distance,0.05,full_frozen,384,366,1.0039368035385787,False,target,0.25,1428,162,1068,360,1040,1040,0.7282913165266106,0.9737827715355806,0.7478991596638656,13.882352941176471,12.0,11,0,1417,509,68,9
sues,target_25_290935,distance,0.05,matched_all_extended,384,366,,True,target,0.25,1428,162,1068,360,1068,1068,0.7478991596638656,1.0,0.7478991596638656,162.0,162.0,0,1428,1428,517,0,0
sues,target_25_290935,distance,0.05,matched_reachable_oracle,288,275,0.9527360199191818,False,target,0.25,1428,162,1068,360,976,976,0.6834733893557423,0.9138576779026217,0.7478991596638656,4.42577030812325,3.0,119,0,1309,426,302,69
sues,target_25_290935,distance,0.1,full_frozen,384,347,0.9648130374432573,False,target,0.25,1428,162,1068,360,999,999,0.6995798319327731,0.9353932584269663,0.7478991596638656,5.849439775910364,4.0,74,0,1354,459,234,61
sues,target_25_290935,distance,0.1,matched_all_extended,384,347,,True,target,0.25,1428,162,1068,360,1068,1068,0.7478991596638656,1.0,0.7478991596638656,162.0,162.0,0,1428,1428,517,0,0
sues,target_25_290935,distance,0.1,matched_reachable_oracle,288,261,0.9335373522226061,False,target,0.25,1428,162,1068,360,935,935,0.6547619047619048,0.8754681647940075,0.7478991596638656,2.88515406162465,2.0,202,0,1226,367,439,86
sues,target_25_290935,aps_raw,0.01,full_frozen,384,382,10.18556222022997,False,target,0.25,1428,162,1068,360,1055,1055,0.738795518207283,0.9878277153558053,0.7478991596638656,19.752100840336134,20.0,0,0,1428,517,0,0
sues,target_25_290935,aps_raw,0.01,matched_all_extended,384,382,,True,target,0.25,1428,162,1068,360,1068,1068,0.7478991596638656,1.0,0.7478991596638656,162.0,162.0,0,1428,1428,517,0,0
sues,target_25_290935,aps_raw,0.01,matched_reachable_oracle,288,287,8.121452009336288,False,target,0.25,1428,162,1068,360,1053,1053,0.7373949579831933,0.9859550561797753,0.7478991596638656,15.53501400560224,16.0,0,0,1428,517,0,0
sues,target_25_290935,aps_raw,0.05,full_frozen,384,366,2.5621897846746147,False,target,0.25,1428,162,1068,360,1016,1016,0.711484593837535,0.951310861423221,0.7478991596638656,4.302521008403361,4.0,0,0,1428,517,0,0
sues,target_25_290935,aps_raw,0.05,matched_all_extended,384,366,,True,target,0.25,1428,162,1068,360,1068,1068,0.7478991596638656,1.0,0.7478991596638656,162.0,162.0,0,1428,1428,517,0,0
sues,target_25_290935,aps_raw,0.05,matched_reachable_oracle,288,275,2.088703008217652,False,target,0.25,1428,162,1068,360,1004,1004,0.7030812324929971,0.9400749063670412,0.7478991596638656,3.5140056022408963,4.0,0,0,1428,517,0,0
sues,target_25_290935,aps_raw,0.1,full_frozen,384,347,1.5631376229375706,False,target,0.25,1428,162,1068,360,986,986,0.6904761904761905,0.9232209737827716,0.7478991596638656,2.395658263305322,2.0,0,0,1428,517,0,0
sues,target_25_290935,aps_raw,0.1,matched_all_extended,384,347,,True,target,0.25,1428,162,1068,360,1068,1068,0.7478991596638656,1.0,0.7478991596638656,162.0,162.0,0,1428,1428,517,0,0
sues,target_25_290935,aps_raw,0.1,matched_reachable_oracle,288,261,1.1121006643180213,False,target,0.25,1428,162,1068,360,965,965,0.6757703081232493,0.903558052434457,0.7478991596638656,1.9061624649859943,2.0,0,0,1428,517,134,8
sues,target_25_290935,fixed_k,0.01,full_frozen,384,381,18.0,False,target,0.25,1428,162,1068,360,1055,1055,0.738795518207283,0.9878277153558053,0.7478991596638656,18.0,18.0,0,0,1428,517,0,0
sues,target_25_290935,fixed_k,0.01,matched_all_extended,384,381,,True,target,0.25,1428,162,1068,360,1068,1068,0.7478991596638656,1.0,0.7478991596638656,162.0,162.0,0,1428,1428,517,0,0
sues,target_25_290935,fixed_k,0.01,matched_reachable_oracle,288,286,13.0,False,target,0.25,1428,162,1068,360,1051,1051,0.7359943977591037,0.9840823970037453,0.7478991596638656,13.0,13.0,0,0,1428,517,0,0
sues,target_25_290935,fixed_k,0.05,full_frozen,384,365,5.0,False,target,0.25,1428,162,1068,360,1019,1019,0.7135854341736695,0.954119850187266,0.7478991596638656,5.0,5.0,0,0,1428,517,0,0
sues,target_25_290935,fixed_k,0.05,matched_all_extended,384,365,,True,target,0.25,1428,162,1068,360,1068,1068,0.7478991596638656,1.0,0.7478991596638656,162.0,162.0,0,1428,1428,517,0,0
sues,target_25_290935,fixed_k,0.05,matched_reachable_oracle,288,274,3.0,False,target,0.25,1428,162,1068,360,997,997,0.6981792717086834,0.9335205992509363,0.7478991596638656,3.0,3.0,0,0,1428,517,0,0
sues,target_25_290935,fixed_k,0.1,full_frozen,384,346,3.0,False,target,0.25,1428,162,1068,360,997,997,0.6981792717086834,0.9335205992509363,0.7478991596638656,3.0,3.0,0,0,1428,517,0,0
sues,target_25_290935,fixed_k,0.1,matched_all_extended,384,346,,True,target,0.25,1428,162,1068,360,1068,1068,0.7478991596638656,1.0,0.7478991596638656,162.0,162.0,0,1428,1428,517,0,0
sues,target_25_290935,fixed_k,0.1,matched_reachable_oracle,288,260,2.0,False,target,0.25,1428,162,1068,360,972,972,0.680672268907563,0.9101123595505618,0.7478991596638656,2.0,2.0,0,0,1428,517,0,0
sues,target_50_290935,distance,0.01,full_frozen,384,382,1.0745146531470176,False,target,0.5,1428,124,708,720,707,707,0.4950980392156863,0.998587570621469,0.4957983193277311,42.37464985994398,43.0,14,0,1414,796,2,2
sues,target_50_290935,distance,0.01,matched_all_extended,384,382,,True,target,0.5,1428,124,708,720,708,708,0.4957983193277311,1.0,0.4957983193277311,124.0,124.0,0,1428,1428,810,0,0
sues,target_50_290935,distance,0.01,matched_reachable_oracle,192,192,1.026683310083108,False,target,0.5,1428,124,708,720,695,695,0.48669467787114845,0.981638418079096,0.4957983193277311,16.499299719887954,16.0,34,0,1394,776,16,9
sues,target_50_290935,distance,0.05,full_frozen,384,366,1.0039368035385787,False,target,0.5,1428,124,708,720,688,688,0.48179271708683474,0.9717514124293786,0.4957983193277311,10.27310924369748,9.0,50,0,1378,762,66,33
sues,target_50_290935,distance,0.05,matched_all_extended,384,366,,True,target,0.5,1428,124,708,720,708,708,0.4957983193277311,1.0,0.4957983193277311,124.0,124.0,0,1428,1428,810,0,0
sues,target_50_290935,distance,0.05,matched_reachable_oracle,192,184,0.9598186001536033,False,target,0.5,1428,124,708,720,650,650,0.45518207282913165,0.9180790960451978,0.4957983193277311,3.9061624649859943,3.0,213,0,1215,612,255,98
sues,target_50_290935,distance,0.1,full_frozen,384,347,0.9648130374432573,False,target,0.5,1428,124,708,720,656,656,0.45938375350140054,0.9265536723163842,0.4957983193277311,4.371148459383753,3.0,178,0,1250,644,236,100
sues,target_50_290935,distance,0.1,matched_all_extended,384,347,,True,target,0.5,1428,124,708,720,708,708,0.4957983193277311,1.0,0.4957983193277311,124.0,124.0,0,1428,1428,810,0,0
sues,target_50_290935,distance,0.1,matched_reachable_oracle,192,174,0.9421097644222186,False,target,0.5,1428,124,708,720,634,634,0.44397759103641454,0.8954802259887006,0.4957983193277311,2.607843137254902,2.0,309,0,1119,528,361,133
sues,target_50_290935,aps_raw,0.01,full_frozen,384,382,10.18556222022997,False,target,0.5,1428,124,708,720,700,700,0.49019607843137253,0.9887005649717514,0.4957983193277311,19.86764705882353,20.0,0,0,1428,810,0,0
sues,target_50_290935,aps_raw,0.01,matched_all_extended,384,382,,True,target,0.5,1428,124,708,720,708,708,0.4957983193277311,1.0,0.4957983193277311,124.0,124.0,0,1428,1428,810,0,0
sues,target_50_290935,aps_raw,0.01,matched_reachable_oracle,192,192,11.003151522589018,False,target,0.5,1428,124,708,720,700,700,0.49019607843137253,0.9887005649717514,0.4957983193277311,21.51050420168067,21.0,0,0,1428,810,0,0
sues,target_50_290935,aps_raw,0.05,full_frozen,384,366,2.5621897846746147,False,target,0.5,1428,124,708,720,678,678,0.47478991596638653,0.9576271186440678,0.4957983193277311,4.415966386554622,4.0,0,0,1428,810,0,0
sues,target_50_290935,aps_raw,0.05,matched_all_extended,384,366,,True,target,0.5,1428,124,708,720,708,708,0.4957983193277311,1.0,0.4957983193277311,124.0,124.0,0,1428,1428,810,0,0
sues,target_50_290935,aps_raw,0.05,matched_reachable_oracle,192,184,2.103632895419477,False,target,0.5,1428,124,708,720,672,672,0.47058823529411764,0.9491525423728814,0.4957983193277311,3.7282913165266107,4.0,0,0,1428,810,0,0
sues,target_50_290935,aps_raw,0.1,full_frozen,384,347,1.5631376229375706,False,target,0.5,1428,124,708,720,656,656,0.45938375350140054,0.9265536723163842,0.4957983193277311,2.5245098039215685,3.0,0,0,1428,810,0,0
sues,target_50_290935,aps_raw,0.1,matched_all_extended,384,347,,True,target,0.5,1428,124,708,720,708,708,0.4957983193277311,1.0,0.4957983193277311,124.0,124.0,0,1428,1428,810,0,0
sues,target_50_290935,aps_raw,0.1,matched_reachable_oracle,192,174,1.5606230861157881,False,target,0.5,1428,124,708,720,656,656,0.45938375350140054,0.9265536723163842,0.4957983193277311,2.5021008403361344,3.0,0,0,1428,810,0,0
sues,target_50_290935,fixed_k,0.01,full_frozen,384,381,18.0,False,target,0.5,1428,124,708,720,699,699,0.4894957983193277,0.9872881355932204,0.4957983193277311,18.0,18.0,0,0,1428,810,0,0
sues,target_50_290935,fixed_k,0.01,matched_all_extended,384,381,,True,target,0.5,1428,124,708,720,708,708,0.4957983193277311,1.0,0.4957983193277311,124.0,124.0,0,1428,1428,810,0,0
sues,target_50_290935,fixed_k,0.01,matched_reachable_oracle,192,191,15.0,False,target,0.5,1428,124,708,720,698,698,0.4887955182072829,0.9858757062146892,0.4957983193277311,15.0,15.0,0,0,1428,810,0,0
sues,target_50_290935,fixed_k,0.05,full_frozen,384,365,5.0,False,target,0.5,1428,124,708,720,682,682,0.47759103641456585,0.963276836158192,0.4957983193277311,5.0,5.0,0,0,1428,810,0,0
sues,target_50_290935,fixed_k,0.05,matched_all_extended,384,365,,True,target,0.5,1428,124,708,720,708,708,0.4957983193277311,1.0,0.4957983193277311,124.0,124.0,0,1428,1428,810,0,0
sues,target_50_290935,fixed_k,0.05,matched_reachable_oracle,192,183,4.0,False,target,0.5,1428,124,708,720,675,675,0.4726890756302521,0.9533898305084746,0.4957983193277311,4.0,4.0,0,0,1428,810,0,0
sues,target_50_290935,fixed_k,0.1,full_frozen,384,346,3.0,False,target,0.5,1428,124,708,720,662,662,0.4635854341736695,0.9350282485875706,0.4957983193277311,3.0,3.0,0,0,1428,810,0,0
sues,target_50_290935,fixed_k,0.1,matched_all_extended,384,346,,True,target,0.5,1428,124,708,720,708,708,0.4957983193277311,1.0,0.4957983193277311,124.0,124.0,0,1428,1428,810,0,0
sues,target_50_290935,fixed_k,0.1,matched_reachable_oracle,192,173,3.0,False,target,0.5,1428,124,708,720,662,662,0.4635854341736695,0.9350282485875706,0.4957983193277311,3.0,3.0,0,0,1428,810,0,0
sues,control_25_290935,distance,0.01,full_frozen,384,382,1.0745146531470176,False,control,0.25,1428,162,1428,0,1427,1427,0.9992997198879552,0.9992997198879552,1.0,55.726890756302524,56.0,0,0,1428,201,11,0
sues,control_25_290935,distance,0.01,matched_all_extended,384,382,1.0745146531470176,False,control,0.25,1428,162,1428,0,1427,1427,0.9992997198879552,0.9992997198879552,1.0,55.726890756302524,56.0,0,0,1428,201,11,0
sues,control_25_290935,distance,0.01,matched_reachable_oracle,384,382,1.0745146531470176,False,control,0.25,1428,162,1428,0,1427,1427,0.9992997198879552,0.9992997198879552,1.0,55.726890756302524,56.0,0,0,1428,201,11,0
sues,control_25_290935,distance,0.05,full_frozen,384,366,1.0039368035385787,False,control,0.25,1428,162,1428,0,1395,1395,0.976890756302521,0.976890756302521,1.0,13.444677871148459,12.0,5,0,1423,200,96,5
sues,control_25_290935,distance,0.05,matched_all_extended,384,366,1.0039368035385787,False,control,0.25,1428,162,1428,0,1395,1395,0.976890756302521,0.976890756302521,1.0,13.444677871148459,12.0,5,0,1423,200,96,5
sues,control_25_290935,distance,0.05,matched_reachable_oracle,384,366,1.0039368035385787,False,control,0.25,1428,162,1428,0,1395,1395,0.976890756302521,0.976890756302521,1.0,13.444677871148459,12.0,5,0,1423,200,96,5
sues,control_25_290935,distance,0.1,full_frozen,384,347,0.9648130374432573,False,control,0.25,1428,162,1428,0,1344,1344,0.9411764705882353,0.9411764705882353,1.0,5.861344537815126,4.0,39,0,1389,185,275,10
sues,control_25_290935,distance,0.1,matched_all_extended,384,347,0.9648130374432573,False,control,0.25,1428,162,1428,0,1344,1344,0.9411764705882353,0.9411764705882353,1.0,5.861344537815126,4.0,39,0,1389,185,275,10
sues,control_25_290935,distance,0.1,matched_reachable_oracle,384,347,0.9648130374432573,False,control,0.25,1428,162,1428,0,1344,1344,0.9411764705882353,0.9411764705882353,1.0,5.861344537815126,4.0,39,0,1389,185,275,10
sues,control_25_290935,aps_raw,0.01,full_frozen,384,382,10.18556222022997,False,control,0.25,1428,162,1428,0,1408,1408,0.9859943977591037,0.9859943977591037,1.0,19.71638655462185,20.0,0,0,1428,201,0,0
sues,control_25_290935,aps_raw,0.01,matched_all_extended,384,382,8.241064730553317,False,control,0.25,1428,162,1428,0,1404,1404,0.9831932773109243,0.9831932773109243,1.0,15.811624649859944,16.0,0,0,1428,201,0,0
sues,control_25_290935,aps_raw,0.01,matched_reachable_oracle,384,382,8.241064730553317,False,control,0.25,1428,162,1428,0,1404,1404,0.9831932773109243,0.9831932773109243,1.0,15.811624649859944,16.0,0,0,1428,201,0,0
sues,control_25_290935,aps_raw,0.05,full_frozen,384,366,2.5621897846746147,False,control,0.25,1428,162,1428,0,1363,1363,0.9544817927170869,0.9544817927170869,1.0,4.25,4.0,0,0,1428,201,0,0
sues,control_25_290935,aps_raw,0.05,matched_all_extended,384,366,2.048357404914834,False,control,0.25,1428,162,1428,0,1347,1347,0.9432773109243697,0.9432773109243697,1.0,3.1855742296918765,3.0,0,0,1428,201,0,0
sues,control_25_290935,aps_raw,0.05,matched_reachable_oracle,384,366,2.048357404914834,False,control,0.25,1428,162,1428,0,1347,1347,0.9432773109243697,0.9432773109243697,1.0,3.1855742296918765,3.0,0,0,1428,201,0,0
sues,control_25_290935,aps_raw,0.1,full_frozen,384,347,1.5631376229375706,False,control,0.25,1428,162,1428,0,1321,1321,0.9250700280112045,0.9250700280112045,1.0,2.3018207282913163,2.0,0,0,1428,201,0,0
sues,control_25_290935,aps_raw,0.1,matched_all_extended,384,347,1.0792484218842358,False,control,0.25,1428,162,1428,0,1273,1273,0.8914565826330533,0.8914565826330533,1.0,1.5910364145658262,2.0,0,0,1428,201,584,46
sues,control_25_290935,aps_raw,0.1,matched_reachable_oracle,384,347,1.0792484218842358,False,control,0.25,1428,162,1428,0,1273,1273,0.8914565826330533,0.8914565826330533,1.0,1.5910364145658262,2.0,0,0,1428,201,584,46
sues,control_25_290935,fixed_k,0.01,full_frozen,384,381,18.0,False,control,0.25,1428,162,1428,0,1407,1407,0.9852941176470589,0.9852941176470589,1.0,18.0,18.0,0,0,1428,201,0,0
sues,control_25_290935,fixed_k,0.01,matched_all_extended,384,381,14.0,False,control,0.25,1428,162,1428,0,1402,1402,0.9817927170868347,0.9817927170868347,1.0,14.0,14.0,0,0,1428,201,0,0
sues,control_25_290935,fixed_k,0.01,matched_reachable_oracle,384,381,14.0,False,control,0.25,1428,162,1428,0,1402,1402,0.9817927170868347,0.9817927170868347,1.0,14.0,14.0,0,0,1428,201,0,0
sues,control_25_290935,fixed_k,0.05,full_frozen,384,365,5.0,False,control,0.25,1428,162,1428,0,1370,1370,0.9593837535014006,0.9593837535014006,1.0,5.0,5.0,0,0,1428,201,0,0
sues,control_25_290935,fixed_k,0.05,matched_all_extended,384,365,3.0,False,control,0.25,1428,162,1428,0,1343,1343,0.9404761904761905,0.9404761904761905,1.0,3.0,3.0,0,0,1428,201,0,0
sues,control_25_290935,fixed_k,0.05,matched_reachable_oracle,384,365,3.0,False,control,0.25,1428,162,1428,0,1343,1343,0.9404761904761905,0.9404761904761905,1.0,3.0,3.0,0,0,1428,201,0,0
sues,control_25_290935,fixed_k,0.1,full_frozen,384,346,3.0,False,control,0.25,1428,162,1428,0,1343,1343,0.9404761904761905,0.9404761904761905,1.0,3.0,3.0,0,0,1428,201,0,0
sues,control_25_290935,fixed_k,0.1,matched_all_extended,384,346,2.0,False,control,0.25,1428,162,1428,0,1308,1308,0.9159663865546218,0.9159663865546218,1.0,2.0,2.0,0,0,1428,201,0,0
sues,control_25_290935,fixed_k,0.1,matched_reachable_oracle,384,346,2.0,False,control,0.25,1428,162,1428,0,1308,1308,0.9159663865546218,0.9159663865546218,1.0,2.0,2.0,0,0,1428,201,0,0
sues,target_25_290936,distance,0.01,full_frozen,384,382,1.0745146531470176,False,target,0.25,1428,162,1068,360,1068,1068,0.7478991596638656,1.0,0.7478991596638656,55.86274509803921,58.0,2,0,1426,519,10,1
sues,target_25_290936,distance,0.01,matched_all_extended,384,382,,True,target,0.25,1428,162,1068,360,1068,1068,0.7478991596638656,1.0,0.7478991596638656,162.0,162.0,0,1428,1428,521,0,0
sues,target_25_290936,distance,0.01,matched_reachable_oracle,288,287,1.0821092020443175,False,target,0.25,1428,162,1068,360,1068,1068,0.7478991596638656,1.0,0.7478991596638656,63.51890756302521,66.0,0,0,1428,521,9,1
sues,target_25_290936,distance,0.05,full_frozen,384,366,1.0039368035385787,False,target,0.25,1428,162,1068,360,1049,1049,0.7345938375350141,0.9822097378277154,0.7478991596638656,13.932773109243698,12.0,26,0,1402,496,62,17
sues,target_25_290936,distance,0.05,matched_all_extended,384,366,,True,target,0.25,1428,162,1068,360,1068,1068,0.7478991596638656,1.0,0.7478991596638656,162.0,162.0,0,1428,1428,521,0,0
sues,target_25_290936,distance,0.05,matched_reachable_oracle,288,275,1.0222899531094072,False,target,0.25,1428,162,1068,360,1053,1053,0.7373949579831933,0.9859550561797753,0.7478991596638656,20.432773109243698,19.5,13,0,1415,509,37,7
sues,target_25_290936,distance,0.1,full_frozen,384,347,0.9648130374432573,False,target,0.25,1428,162,1068,360,1020,1020,0.7142857142857143,0.9550561797752809,0.7478991596638656,5.953081232492997,4.0,88,0,1340,441,233,66
sues,target_25_290936,distance,0.1,matched_all_extended,384,347,,True,target,0.25,1428,162,1068,360,1068,1068,0.7478991596638656,1.0,0.7478991596638656,162.0,162.0,0,1428,1428,521,0,0
sues,target_25_290936,distance,0.1,matched_reachable_oracle,288,261,0.9831067159181338,False,target,0.25,1428,162,1068,360,1036,1036,0.7254901960784313,0.9700374531835206,0.7478991596638656,8.873249299719888,7.0,56,0,1372,470,106,30
sues,target_25_290936,aps_raw,0.01,full_frozen,384,382,10.18556222022997,False,target,0.25,1428,162,1068,360,1060,1060,0.742296918767507,0.9925093632958801,0.7478991596638656,19.719187675070028,20.0,0,0,1428,521,0,0
sues,target_25_290936,aps_raw,0.01,matched_all_extended,384,382,,True,target,0.25,1428,162,1068,360,1068,1068,0.7478991596638656,1.0,0.7478991596638656,162.0,162.0,0,1428,1428,521,0,0
sues,target_25_290936,aps_raw,0.01,matched_reachable_oracle,288,287,10.579317612863292,False,target,0.25,1428,162,1068,360,1060,1060,0.742296918767507,0.9925093632958801,0.7478991596638656,20.50140056022409,20.0,0,0,1428,521,0,0
sues,target_25_290936,aps_raw,0.05,full_frozen,384,366,2.5621897846746147,False,target,0.25,1428,162,1068,360,1032,1032,0.7226890756302521,0.9662921348314607,0.7478991596638656,4.303221288515406,4.0,0,0,1428,521,0,0
sues,target_25_290936,aps_raw,0.05,matched_all_extended,384,366,,True,target,0.25,1428,162,1068,360,1068,1068,0.7478991596638656,1.0,0.7478991596638656,162.0,162.0,0,1428,1428,521,0,0
sues,target_25_290936,aps_raw,0.05,matched_reachable_oracle,288,275,2.954906446073873,False,target,0.25,1428,162,1068,360,1035,1035,0.7247899159663865,0.9691011235955056,0.7478991596638656,5.0245098039215685,5.0,0,0,1428,521,0,0
sues,target_25_290936,aps_raw,0.1,full_frozen,384,347,1.5631376229375706,False,target,0.25,1428,162,1068,360,991,991,0.6939775910364145,0.9279026217228464,0.7478991596638656,2.3781512605042017,2.0,0,0,1428,521,0,0
sues,target_25_290936,aps_raw,0.1,matched_all_extended,384,347,,True,target,0.25,1428,162,1068,360,1068,1068,0.7478991596638656,1.0,0.7478991596638656,162.0,162.0,0,1428,1428,521,0,0
sues,target_25_290936,aps_raw,0.1,matched_reachable_oracle,288,261,1.5631376229375706,False,target,0.25,1428,162,1068,360,991,991,0.6939775910364145,0.9279026217228464,0.7478991596638656,2.3781512605042017,2.0,0,0,1428,521,0,0
sues,target_25_290936,fixed_k,0.01,full_frozen,384,381,18.0,False,target,0.25,1428,162,1068,360,1060,1060,0.742296918767507,0.9925093632958801,0.7478991596638656,18.0,18.0,0,0,1428,521,0,0
sues,target_25_290936,fixed_k,0.01,matched_all_extended,384,381,,True,target,0.25,1428,162,1068,360,1068,1068,0.7478991596638656,1.0,0.7478991596638656,162.0,162.0,0,1428,1428,521,0,0
sues,target_25_290936,fixed_k,0.01,matched_reachable_oracle,288,286,18.0,False,target,0.25,1428,162,1068,360,1060,1060,0.742296918767507,0.9925093632958801,0.7478991596638656,18.0,18.0,0,0,1428,521,0,0
sues,target_25_290936,fixed_k,0.05,full_frozen,384,365,5.0,False,target,0.25,1428,162,1068,360,1035,1035,0.7247899159663865,0.9691011235955056,0.7478991596638656,5.0,5.0,0,0,1428,521,0,0
sues,target_25_290936,fixed_k,0.05,matched_all_extended,384,365,,True,target,0.25,1428,162,1068,360,1068,1068,0.7478991596638656,1.0,0.7478991596638656,162.0,162.0,0,1428,1428,521,0,0
sues,target_25_290936,fixed_k,0.05,matched_reachable_oracle,288,274,5.0,False,target,0.25,1428,162,1068,360,1035,1035,0.7247899159663865,0.9691011235955056,0.7478991596638656,5.0,5.0,0,0,1428,521,0,0
sues,target_25_290936,fixed_k,0.1,full_frozen,384,346,3.0,False,target,0.25,1428,162,1068,360,1012,1012,0.7086834733893558,0.947565543071161,0.7478991596638656,3.0,3.0,0,0,1428,521,0,0
sues,target_25_290936,fixed_k,0.1,matched_all_extended,384,346,,True,target,0.25,1428,162,1068,360,1068,1068,0.7478991596638656,1.0,0.7478991596638656,162.0,162.0,0,1428,1428,521,0,0
sues,target_25_290936,fixed_k,0.1,matched_reachable_oracle,288,260,3.0,False,target,0.25,1428,162,1068,360,1012,1012,0.7086834733893558,0.947565543071161,0.7478991596638656,3.0,3.0,0,0,1428,521,0,0
sues,target_50_290936,distance,0.01,full_frozen,384,382,1.0745146531470176,False,target,0.5,1428,124,708,720,708,708,0.4957983193277311,1.0,0.4957983193277311,43.15756302521008,45.0,11,0,1417,796,4,4
sues,target_50_290936,distance,0.01,matched_all_extended,384,382,,True,target,0.5,1428,124,708,720,708,708,0.4957983193277311,1.0,0.4957983193277311,124.0,124.0,0,1428,1428,807,0,0
sues,target_50_290936,distance,0.01,matched_reachable_oracle,192,192,1.1034752932091096,False,target,0.5,1428,124,708,720,708,708,0.4957983193277311,1.0,0.4957983193277311,67.30882352941177,70.0,1,0,1427,806,1,1
sues,target_50_290936,distance,0.05,full_frozen,384,366,1.0039368035385787,False,target,0.5,1428,124,708,720,694,694,0.48599439775910364,0.980225988700565,0.4957983193277311,10.88935574229692,10.0,74,0,1354,733,62,38
sues,target_50_290936,distance,0.05,matched_all_extended,384,366,,True,target,0.5,1428,124,708,720,708,708,0.4957983193277311,1.0,0.4957983193277311,124.0,124.0,0,1428,1428,807,0,0
sues,target_50_290936,distance,0.05,matched_reachable_oracle,192,184,1.040265541447891,False,target,0.5,1428,124,708,720,699,699,0.4894957983193277,0.9872881355932204,0.4957983193277311,22.826330532212886,23.0,28,0,1400,779,10,7
sues,target_50_290936,distance,0.1,full_frozen,384,347,0.9648130374432573,False,target,0.5,1428,124,708,720,675,675,0.4726890756302521,0.9533898305084746,0.4957983193277311,4.679271708683474,3.0,190,0,1238,621,238,116
sues,target_50_290936,distance,0.1,matched_all_extended,384,347,,True,target,0.5,1428,124,708,720,708,708,0.4957983193277311,1.0,0.4957983193277311,124.0,124.0,0,1428,1428,807,0,0
sues,target_50_290936,distance,0.1,matched_reachable_oracle,192,174,1.0017508893292049,False,target,0.5,1428,124,708,720,694,694,0.48599439775910364,0.980225988700565,0.4957983193277311,10.376050420168067,9.0,77,0,1351,730,70,44
sues,target_50_290936,aps_raw,0.01,full_frozen,384,382,10.18556222022997,False,target,0.5,1428,124,708,720,704,704,0.49299719887955185,0.9943502824858758,0.4957983193277311,19.83613445378151,20.0,0,0,1428,807,0,0
sues,target_50_290936,aps_raw,0.01,matched_all_extended,384,382,,True,target,0.5,1428,124,708,720,708,708,0.4957983193277311,1.0,0.4957983193277311,124.0,124.0,0,1428,1428,807,0,0
sues,target_50_290936,aps_raw,0.01,matched_reachable_oracle,192,192,13.540732165408793,False,target,0.5,1428,124,708,720,704,704,0.49299719887955185,0.9943502824858758,0.4957983193277311,26.682072829131652,27.0,0,0,1428,807,0,0
sues,target_50_290936,aps_raw,0.05,full_frozen,384,366,2.5621897846746147,False,target,0.5,1428,124,708,720,688,688,0.48179271708683474,0.9717514124293786,0.4957983193277311,4.398459383753502,4.0,0,0,1428,807,0,0
sues,target_50_290936,aps_raw,0.05,matched_all_extended,384,366,,True,target,0.5,1428,124,708,720,708,708,0.4957983193277311,1.0,0.4957983193277311,124.0,124.0,0,1428,1428,807,0,0
sues,target_50_290936,aps_raw,0.05,matched_reachable_oracle,192,184,2.954906446073873,False,target,0.5,1428,124,708,720,690,690,0.4831932773109244,0.9745762711864406,0.4957983193277311,5.053221288515406,5.0,0,0,1428,807,0,0
sues,target_50_290936,aps_raw,0.1,full_frozen,384,347,1.5631376229375706,False,target,0.5,1428,124,708,720,661,661,0.46288515406162467,0.9336158192090396,0.4957983193277311,2.472689075630252,2.0,0,0,1428,807,0,0
sues,target_50_290936,aps_raw,0.1,matched_all_extended,384,347,,True,target,0.5,1428,124,708,720,708,708,0.4957983193277311,1.0,0.4957983193277311,124.0,124.0,0,1428,1428,807,0,0
sues,target_50_290936,aps_raw,0.1,matched_reachable_oracle,192,174,1.5736247941313235,False,target,0.5,1428,124,708,720,663,663,0.4642857142857143,0.9364406779661016,0.4957983193277311,2.560924369747899,3.0,0,0,1428,807,0,0
sues,target_50_290936,fixed_k,0.01,full_frozen,384,381,18.0,False,target,0.5,1428,124,708,720,704,704,0.49299719887955185,0.9943502824858758,0.4957983193277311,18.0,18.0,0,0,1428,807,0,0
sues,target_50_290936,fixed_k,0.01,matched_all_extended,384,381,,True,target,0.5,1428,124,708,720,708,708,0.4957983193277311,1.0,0.4957983193277311,124.0,124.0,0,1428,1428,807,0,0
sues,target_50_290936,fixed_k,0.01,matched_reachable_oracle,192,191,18.0,False,target,0.5,1428,124,708,720,704,704,0.49299719887955185,0.9943502824858758,0.4957983193277311,18.0,18.0,0,0,1428,807,0,0
sues,target_50_290936,fixed_k,0.05,full_frozen,384,365,5.0,False,target,0.5,1428,124,708,720,690,690,0.4831932773109244,0.9745762711864406,0.4957983193277311,5.0,5.0,0,0,1428,807,0,0
sues,target_50_290936,fixed_k,0.05,matched_all_extended,384,365,,True,target,0.5,1428,124,708,720,708,708,0.4957983193277311,1.0,0.4957983193277311,124.0,124.0,0,1428,1428,807,0,0
sues,target_50_290936,fixed_k,0.05,matched_reachable_oracle,192,183,5.0,False,target,0.5,1428,124,708,720,690,690,0.4831932773109244,0.9745762711864406,0.4957983193277311,5.0,5.0,0,0,1428,807,0,0
sues,target_50_290936,fixed_k,0.1,full_frozen,384,346,3.0,False,target,0.5,1428,124,708,720,673,673,0.47128851540616246,0.9505649717514124,0.4957983193277311,3.0,3.0,0,0,1428,807,0,0
sues,target_50_290936,fixed_k,0.1,matched_all_extended,384,346,,True,target,0.5,1428,124,708,720,708,708,0.4957983193277311,1.0,0.4957983193277311,124.0,124.0,0,1428,1428,807,0,0
sues,target_50_290936,fixed_k,0.1,matched_reachable_oracle,192,173,3.0,False,target,0.5,1428,124,708,720,673,673,0.47128851540616246,0.9505649717514124,0.4957983193277311,3.0,3.0,0,0,1428,807,0,0
sues,control_25_290936,distance,0.01,full_frozen,384,382,1.0745146531470176,False,control,0.25,1428,162,1428,0,1427,1427,0.9992997198879552,0.9992997198879552,1.0,56.51750700280112,58.0,0,0,1428,204,11,0
sues,control_25_290936,distance,0.01,matched_all_extended,384,382,1.0745146531470176,False,control,0.25,1428,162,1428,0,1427,1427,0.9992997198879552,0.9992997198879552,1.0,56.51750700280112,58.0,0,0,1428,204,11,0
sues,control_25_290936,distance,0.01,matched_reachable_oracle,384,382,1.0745146531470176,False,control,0.25,1428,162,1428,0,1427,1427,0.9992997198879552,0.9992997198879552,1.0,56.51750700280112,58.0,0,0,1428,204,11,0
sues,control_25_290936,distance,0.05,full_frozen,384,366,1.0039368035385787,False,control,0.25,1428,162,1428,0,1395,1395,0.976890756302521,0.976890756302521,1.0,14.159663865546218,13.0,5,0,1423,202,93,5
sues,control_25_290936,distance,0.05,matched_all_extended,384,366,1.0039368035385787,False,control,0.25,1428,162,1428,0,1395,1395,0.976890756302521,0.976890756302521,1.0,14.159663865546218,13.0,5,0,1423,202,93,5
sues,control_25_290936,distance,0.05,matched_reachable_oracle,384,366,1.0039368035385787,False,control,0.25,1428,162,1428,0,1395,1395,0.976890756302521,0.976890756302521,1.0,14.159663865546218,13.0,5,0,1423,202,93,5
sues,control_25_290936,distance,0.1,full_frozen,384,347,0.9648130374432573,False,control,0.25,1428,162,1428,0,1344,1344,0.9411764705882353,0.9411764705882353,1.0,6.26890756302521,5.0,39,0,1389,187,272,9
sues,control_25_290936,distance,0.1,matched_all_extended,384,347,0.9648130374432573,False,control,0.25,1428,162,1428,0,1344,1344,0.9411764705882353,0.9411764705882353,1.0,6.26890756302521,5.0,39,0,1389,187,272,9
sues,control_25_290936,distance,0.1,matched_reachable_oracle,384,347,0.9648130374432573,False,control,0.25,1428,162,1428,0,1344,1344,0.9411764705882353,0.9411764705882353,1.0,6.26890756302521,5.0,39,0,1389,187,272,9
sues,control_25_290936,aps_raw,0.01,full_frozen,384,382,10.18556222022997,False,control,0.25,1428,162,1428,0,1407,1407,0.9852941176470589,0.9852941176470589,1.0,19.689075630252102,20.0,0,0,1428,204,0,0
sues,control_25_290936,aps_raw,0.01,matched_all_extended,384,382,7.265519272291141,False,control,0.25,1428,162,1428,0,1402,1402,0.9817927170868347,0.9817927170868347,1.0,13.843837535014005,14.0,0,0,1428,204,0,0
sues,control_25_290936,aps_raw,0.01,matched_reachable_oracle,384,382,7.265519272291141,False,control,0.25,1428,162,1428,0,1402,1402,0.9817927170868347,0.9817927170868347,1.0,13.843837535014005,14.0,0,0,1428,204,0,0
sues,control_25_290936,aps_raw,0.05,full_frozen,384,366,2.5621897846746147,False,control,0.25,1428,162,1428,0,1356,1356,0.9495798319327731,0.9495798319327731,1.0,4.245798319327731,4.0,0,0,1428,204,0,0
sues,control_25_290936,aps_raw,0.05,matched_all_extended,384,366,2.048357404914834,False,control,0.25,1428,162,1428,0,1342,1342,0.9397759103641457,0.9397759103641457,1.0,3.179971988795518,3.0,0,0,1428,204,0,0
sues,control_25_290936,aps_raw,0.05,matched_reachable_oracle,384,366,2.048357404914834,False,control,0.25,1428,162,1428,0,1342,1342,0.9397759103641457,0.9397759103641457,1.0,3.179971988795518,3.0,0,0,1428,204,0,0
sues,control_25_290936,aps_raw,0.1,full_frozen,384,347,1.5631376229375706,False,control,0.25,1428,162,1428,0,1315,1315,0.9208683473389355,0.9208683473389355,1.0,2.296218487394958,2.0,0,0,1428,204,0,0
sues,control_25_290936,aps_raw,0.1,matched_all_extended,384,347,1.0677580154704118,False,control,0.25,1428,162,1428,0,1256,1256,0.8795518207282913,0.8795518207282913,1.0,1.4635854341736694,1.0,0,0,1428,204,766,80
sues,control_25_290936,aps_raw,0.1,matched_reachable_oracle,384,347,1.0677580154704118,False,control,0.25,1428,162,1428,0,1256,1256,0.8795518207282913,0.8795518207282913,1.0,1.4635854341736694,1.0,0,0,1428,204,766,80
sues,control_25_290936,fixed_k,0.01,full_frozen,384,381,18.0,False,control,0.25,1428,162,1428,0,1407,1407,0.9852941176470589,0.9852941176470589,1.0,18.0,18.0,0,0,1428,204,0,0
sues,control_25_290936,fixed_k,0.01,matched_all_extended,384,381,14.0,False,control,0.25,1428,162,1428,0,1402,1402,0.9817927170868347,0.9817927170868347,1.0,14.0,14.0,0,0,1428,204,0,0
sues,control_25_290936,fixed_k,0.01,matched_reachable_oracle,384,381,14.0,False,control,0.25,1428,162,1428,0,1402,1402,0.9817927170868347,0.9817927170868347,1.0,14.0,14.0,0,0,1428,204,0,0
sues,control_25_290936,fixed_k,0.05,full_frozen,384,365,5.0,False,control,0.25,1428,162,1428,0,1365,1365,0.9558823529411765,0.9558823529411765,1.0,5.0,5.0,0,0,1428,204,0,0
sues,control_25_290936,fixed_k,0.05,matched_all_extended,384,365,3.0,False,control,0.25,1428,162,1428,0,1338,1338,0.9369747899159664,0.9369747899159664,1.0,3.0,3.0,0,0,1428,204,0,0
sues,control_25_290936,fixed_k,0.05,matched_reachable_oracle,384,365,3.0,False,control,0.25,1428,162,1428,0,1338,1338,0.9369747899159664,0.9369747899159664,1.0,3.0,3.0,0,0,1428,204,0,0
sues,control_25_290936,fixed_k,0.1,full_frozen,384,346,3.0,False,control,0.25,1428,162,1428,0,1338,1338,0.9369747899159664,0.9369747899159664,1.0,3.0,3.0,0,0,1428,204,0,0
sues,control_25_290936,fixed_k,0.1,matched_all_extended,384,346,2.0,False,control,0.25,1428,162,1428,0,1302,1302,0.9117647058823529,0.9117647058823529,1.0,2.0,2.0,0,0,1428,204,0,0
sues,control_25_290936,fixed_k,0.1,matched_reachable_oracle,384,346,2.0,False,control,0.25,1428,162,1428,0,1302,1302,0.9117647058823529,0.9117647058823529,1.0,2.0,2.0,0,0,1428,204,0,0
sues,target_25_290937,distance,0.01,full_frozen,384,382,1.0745146531470176,False,target,0.25,1428,162,1068,360,1068,1068,0.7478991596638656,1.0,0.7478991596638656,57.18627450980392,59.0,2,0,1426,535,12,1
sues,target_25_290937,distance,0.01,matched_all_extended,384,382,,True,target,0.25,1428,162,1068,360,1068,1068,0.7478991596638656,1.0,0.7478991596638656,162.0,162.0,0,1428,1428,537,0,0
sues,target_25_290937,distance,0.01,matched_reachable_oracle,288,287,1.0821092020443175,False,target,0.25,1428,162,1068,360,1068,1068,0.7478991596638656,1.0,0.7478991596638656,64.8970588235294,68.0,0,0,1428,537,11,1
sues,target_25_290937,distance,0.05,full_frozen,384,366,1.0039368035385787,False,target,0.25,1428,162,1068,360,1045,1045,0.7317927170868347,0.9784644194756554,0.7478991596638656,14.528711484593838,13.0,38,0,1390,501,56,17
sues,target_25_290937,distance,0.05,matched_all_extended,384,366,,True,target,0.25,1428,162,1068,360,1068,1068,0.7478991596638656,1.0,0.7478991596638656,162.0,162.0,0,1428,1428,537,0,0
sues,target_25_290937,distance,0.05,matched_reachable_oracle,288,275,1.0222899531094072,False,target,0.25,1428,162,1068,360,1050,1050,0.7352941176470589,0.9831460674157303,0.7478991596638656,21.14565826330532,20.0,26,0,1402,513,27,9
sues,target_25_290937,distance,0.1,full_frozen,384,347,0.9648130374432573,False,target,0.25,1428,162,1068,360,1016,1016,0.711484593837535,0.951310861423221,0.7478991596638656,6.330532212885154,5.0,89,0,1339,454,216,46
sues,target_25_290937,distance,0.1,matched_all_extended,384,347,,True,target,0.25,1428,162,1068,360,1068,1068,0.7478991596638656,1.0,0.7478991596638656,162.0,162.0,0,1428,1428,537,0,0
sues,target_25_290937,distance,0.1,matched_reachable_oracle,288,261,0.973346095781011,False,target,0.25,1428,162,1068,360,1023,1023,0.7163865546218487,0.9578651685393258,0.7478991596638656,7.592436974789916,6.0,77,0,1351,464,154,38
sues,target_25_290937,aps_raw,0.01,full_frozen,384,382,10.18556222022997,False,target,0.25,1428,162,1068,360,1058,1058,0.7408963585434174,0.9906367041198502,0.7478991596638656,19.70378151260504,20.0,0,0,1428,537,0,0
sues,target_25_290937,aps_raw,0.01,matched_all_extended,384,382,,True,target,0.25,1428,162,1068,360,1068,1068,0.7478991596638656,1.0,0.7478991596638656,162.0,162.0,0,1428,1428,537,0,0
sues,target_25_290937,aps_raw,0.01,matched_reachable_oracle,288,287,11.081595854528063,False,target,0.25,1428,162,1068,360,1058,1058,0.7408963585434174,0.9906367041198502,0.7478991596638656,21.50280112044818,21.0,0,0,1428,537,0,0
sues,target_25_290937,aps_raw,0.05,full_frozen,384,366,2.5621897846746147,False,target,0.25,1428,162,1068,360,1019,1019,0.7135854341736695,0.954119850187266,0.7478991596638656,4.28641456582633,4.0,0,0,1428,537,0,0
sues,target_25_290937,aps_raw,0.05,matched_all_extended,384,366,,True,target,0.25,1428,162,1068,360,1068,1068,0.7478991596638656,1.0,0.7478991596638656,162.0,162.0,0,1428,1428,537,0,0
sues,target_25_290937,aps_raw,0.05,matched_reachable_oracle,288,275,2.572041274828755,False,target,0.25,1428,162,1068,360,1019,1019,0.7135854341736695,0.954119850187266,0.7478991596638656,4.336134453781512,4.0,0,0,1428,537,0,0
sues,target_25_290937,aps_raw,0.1,full_frozen,384,347,1.5631376229375706,False,target,0.25,1428,162,1068,360,979,979,0.6855742296918768,0.9166666666666666,0.7478991596638656,2.3634453781512605,2.0,0,0,1428,537,0,0
sues,target_25_290937,aps_raw,0.1,matched_all_extended,384,347,,True,target,0.25,1428,162,1068,360,1068,1068,0.7478991596638656,1.0,0.7478991596638656,162.0,162.0,0,1428,1428,537,0,0
sues,target_25_290937,aps_raw,0.1,matched_reachable_oracle,288,261,1.5841006188783493,False,target,0.25,1428,162,1068,360,982,982,0.6876750700280112,0.9194756554307116,0.7478991596638656,2.5406162464985993,3.0,0,0,1428,537,0,0
sues,target_25_290937,fixed_k,0.01,full_frozen,384,381,18.0,False,target,0.25,1428,162,1068,360,1057,1057,0.7401960784313726,0.9897003745318352,0.7478991596638656,18.0,18.0,0,0,1428,537,0,0
sues,target_25_290937,fixed_k,0.01,matched_all_extended,384,381,,True,target,0.25,1428,162,1068,360,1068,1068,0.7478991596638656,1.0,0.7478991596638656,162.0,162.0,0,1428,1428,537,0,0
sues,target_25_290937,fixed_k,0.01,matched_reachable_oracle,288,286,19.0,False,target,0.25,1428,162,1068,360,1058,1058,0.7408963585434174,0.9906367041198502,0.7478991596638656,19.0,19.0,0,0,1428,537,0,0
sues,target_25_290937,fixed_k,0.05,full_frozen,384,365,5.0,False,target,0.25,1428,162,1068,360,1025,1025,0.7177871148459384,0.9597378277153558,0.7478991596638656,5.0,5.0,0,0,1428,537,0,0
sues,target_25_290937,fixed_k,0.05,matched_all_extended,384,365,,True,target,0.25,1428,162,1068,360,1068,1068,0.7478991596638656,1.0,0.7478991596638656,162.0,162.0,0,1428,1428,537,0,0
sues,target_25_290937,fixed_k,0.05,matched_reachable_oracle,288,274,5.0,False,target,0.25,1428,162,1068,360,1025,1025,0.7177871148459384,0.9597378277153558,0.7478991596638656,5.0,5.0,0,0,1428,537,0,0
sues,target_25_290937,fixed_k,0.1,full_frozen,384,346,3.0,False,target,0.25,1428,162,1068,360,993,993,0.6953781512605042,0.9297752808988764,0.7478991596638656,3.0,3.0,0,0,1428,537,0,0
sues,target_25_290937,fixed_k,0.1,matched_all_extended,384,346,,True,target,0.25,1428,162,1068,360,1068,1068,0.7478991596638656,1.0,0.7478991596638656,162.0,162.0,0,1428,1428,537,0,0
sues,target_25_290937,fixed_k,0.1,matched_reachable_oracle,288,260,3.0,False,target,0.25,1428,162,1068,360,993,993,0.6953781512605042,0.9297752808988764,0.7478991596638656,3.0,3.0,0,0,1428,537,0,0
sues,target_50_290937,distance,0.01,full_frozen,384,382,1.0745146531470176,False,target,0.5,1428,124,708,720,708,708,0.4957983193277311,1.0,0.4957983193277311,44.05112044817927,46.0,3,0,1425,839,14,2
sues,target_50_290937,distance,0.01,matched_all_extended,384,382,,True,target,0.5,1428,124,708,720,708,708,0.4957983193277311,1.0,0.4957983193277311,124.0,124.0,0,1428,1428,842,0,0
sues,target_50_290937,distance,0.01,matched_reachable_oracle,192,192,1.0573269670660215,False,target,0.5,1428,124,708,720,707,707,0.4950980392156863,0.998587570621469,0.4957983193277311,32.41316526610644,33.0,14,0,1414,828,18,6
sues,target_50_290937,distance,0.05,full_frozen,384,366,1.0039368035385787,False,target,0.5,1428,124,708,720,694,694,0.48599439775910364,0.980225988700565,0.4957983193277311,11.36344537815126,10.0,46,0,1382,797,97,52
sues,target_50_290937,distance,0.05,matched_all_extended,384,366,,True,target,0.5,1428,124,708,720,708,708,0.4957983193277311,1.0,0.4957983193277311,124.0,124.0,0,1428,1428,842,0,0
sues,target_50_290937,distance,0.05,matched_reachable_oracle,192,184,1.020591627067046,False,target,0.5,1428,124,708,720,697,697,0.4880952380952381,0.9844632768361582,0.4957983193277311,15.927871148459383,15.0,29,0,1399,814,42,18
sues,target_50_290937,distance,0.1,full_frozen,384,347,0.9648130374432573,False,target,0.5,1428,124,708,720,674,674,0.47198879551820727,0.9519774011299436,0.4957983193277311,4.935574229691877,4.0,175,0,1253,671,256,122
sues,target_50_290937,distance,0.1,matched_all_extended,384,347,,True,target,0.5,1428,124,708,720,708,708,0.4957983193277311,1.0,0.4957983193277311,124.0,124.0,0,1428,1428,842,0,0
sues,target_50_290937,distance,0.1,matched_reachable_oracle,192,174,0.9761605728216652,False,target,0.5,1428,124,708,720,682,682,0.47759103641456585,0.963276836158192,0.4957983193277311,6.336134453781512,5.0,116,0,1312,728,221,120
sues,target_50_290937,aps_raw,0.01,full_frozen,384,382,10.18556222022997,False,target,0.5,1428,124,708,720,703,703,0.49229691876750703,0.9929378531073446,0.4957983193277311,19.82983193277311,20.0,0,0,1428,842,0,0
sues,target_50_290937,aps_raw,0.01,matched_all_extended,384,382,,True,target,0.5,1428,124,708,720,708,708,0.4957983193277311,1.0,0.4957983193277311,124.0,124.0,0,1428,1428,842,0,0
sues,target_50_290937,aps_raw,0.01,matched_reachable_oracle,192,192,12.531051583079039,False,target,0.5,1428,124,708,720,707,707,0.4950980392156863,0.998587570621469,0.4957983193277311,24.593837535014007,25.0,0,0,1428,842,0,0
sues,target_50_290937,aps_raw,0.05,full_frozen,384,366,2.5621897846746147,False,target,0.5,1428,124,708,720,677,677,0.4740896358543417,0.9562146892655368,0.4957983193277311,4.40546218487395,4.0,0,0,1428,842,0,0
sues,target_50_290937,aps_raw,0.05,matched_all_extended,384,366,,True,target,0.5,1428,124,708,720,708,708,0.4957983193277311,1.0,0.4957983193277311,124.0,124.0,0,1428,1428,842,0,0
sues,target_50_290937,aps_raw,0.05,matched_reachable_oracle,192,184,2.0605372686735746,False,target,0.5,1428,124,708,720,666,666,0.46638655462184875,0.940677966101695,0.4957983193277311,3.42296918767507,3.0,0,0,1428,842,0,0
sues,target_50_290937,aps_raw,0.1,full_frozen,384,347,1.5631376229375706,False,target,0.5,1428,124,708,720,649,649,0.45448179271708683,0.9166666666666666,0.4957983193277311,2.504201680672269,3.0,0,0,1428,842,0,0
sues,target_50_290937,aps_raw,0.1,matched_all_extended,384,347,,True,target,0.5,1428,124,708,720,708,708,0.4957983193277311,1.0,0.4957983193277311,124.0,124.0,0,1428,1428,842,0,0
sues,target_50_290937,aps_raw,0.1,matched_reachable_oracle,192,174,1.0678619558903808,False,target,0.5,1428,124,708,720,617,617,0.4320728291316527,0.8714689265536724,0.4957983193277311,1.6876750700280112,2.0,0,0,1428,842,446,111
sues,target_50_290937,fixed_k,0.01,full_frozen,384,381,18.0,False,target,0.5,1428,124,708,720,702,702,0.49159663865546216,0.9915254237288136,0.4957983193277311,18.0,18.0,0,0,1428,842,0,0
sues,target_50_290937,fixed_k,0.01,matched_all_extended,384,381,,True,target,0.5,1428,124,708,720,708,708,0.4957983193277311,1.0,0.4957983193277311,124.0,124.0,0,1428,1428,842,0,0
sues,target_50_290937,fixed_k,0.01,matched_reachable_oracle,192,191,14.0,False,target,0.5,1428,124,708,720,700,700,0.49019607843137253,0.9887005649717514,0.4957983193277311,14.0,14.0,0,0,1428,842,0,0
sues,target_50_290937,fixed_k,0.05,full_frozen,384,365,5.0,False,target,0.5,1428,124,708,720,682,682,0.47759103641456585,0.963276836158192,0.4957983193277311,5.0,5.0,0,0,1428,842,0,0
sues,target_50_290937,fixed_k,0.05,matched_all_extended,384,365,,True,target,0.5,1428,124,708,720,708,708,0.4957983193277311,1.0,0.4957983193277311,124.0,124.0,0,1428,1428,842,0,0
sues,target_50_290937,fixed_k,0.05,matched_reachable_oracle,192,183,4.0,False,target,0.5,1428,124,708,720,672,672,0.47058823529411764,0.9491525423728814,0.4957983193277311,4.0,4.0,0,0,1428,842,0,0
sues,target_50_290937,fixed_k,0.1,full_frozen,384,346,3.0,False,target,0.5,1428,124,708,720,662,662,0.4635854341736695,0.9350282485875706,0.4957983193277311,3.0,3.0,0,0,1428,842,0,0
sues,target_50_290937,fixed_k,0.1,matched_all_extended,384,346,,True,target,0.5,1428,124,708,720,708,708,0.4957983193277311,1.0,0.4957983193277311,124.0,124.0,0,1428,1428,842,0,0
sues,target_50_290937,fixed_k,0.1,matched_reachable_oracle,192,173,2.0,False,target,0.5,1428,124,708,720,643,643,0.45028011204481794,0.9081920903954802,0.4957983193277311,2.0,2.0,0,0,1428,842,0,0
sues,control_25_290937,distance,0.01,full_frozen,384,382,1.0745146531470176,False,control,0.25,1428,162,1428,0,1427,1427,0.9992997198879552,0.9992997198879552,1.0,55.60994397759104,56.0,0,0,1428,212,11,0
sues,control_25_290937,distance,0.01,matched_all_extended,384,382,1.0745146531470176,False,control,0.25,1428,162,1428,0,1427,1427,0.9992997198879552,0.9992997198879552,1.0,55.60994397759104,56.0,0,0,1428,212,11,0
sues,control_25_290937,distance,0.01,matched_reachable_oracle,384,382,1.0745146531470176,False,control,0.25,1428,162,1428,0,1427,1427,0.9992997198879552,0.9992997198879552,1.0,55.60994397759104,56.0,0,0,1428,212,11,0
sues,control_25_290937,distance,0.05,full_frozen,384,366,1.0039368035385787,False,control,0.25,1428,162,1428,0,1395,1395,0.976890756302521,0.976890756302521,1.0,13.40406162464986,12.0,3,0,1425,212,72,3
sues,control_25_290937,distance,0.05,matched_all_extended,384,366,1.0039368035385787,False,control,0.25,1428,162,1428,0,1395,1395,0.976890756302521,0.976890756302521,1.0,13.40406162464986,12.0,3,0,1425,212,72,3
sues,control_25_290937,distance,0.05,matched_reachable_oracle,384,366,1.0039368035385787,False,control,0.25,1428,162,1428,0,1395,1395,0.976890756302521,0.976890756302521,1.0,13.40406162464986,12.0,3,0,1425,212,72,3
sues,control_25_290937,distance,0.1,full_frozen,384,347,0.9648130374432573,False,control,0.25,1428,162,1428,0,1344,1344,0.9411764705882353,0.9411764705882353,1.0,5.875350140056023,4.0,34,0,1394,195,260,15
sues,control_25_290937,distance,0.1,matched_all_extended,384,347,0.9648130374432573,False,control,0.25,1428,162,1428,0,1344,1344,0.9411764705882353,0.9411764705882353,1.0,5.875350140056023,4.0,34,0,1394,195,260,15
sues,control_25_290937,distance,0.1,matched_reachable_oracle,384,347,0.9648130374432573,False,control,0.25,1428,162,1428,0,1344,1344,0.9411764705882353,0.9411764705882353,1.0,5.875350140056023,4.0,34,0,1394,195,260,15
sues,control_25_290937,aps_raw,0.01,full_frozen,384,382,10.18556222022997,False,control,0.25,1428,162,1428,0,1409,1409,0.9866946778711485,0.9866946778711485,1.0,19.714985994397757,20.0,0,0,1428,212,0,0
sues,control_25_290937,aps_raw,0.01,matched_all_extended,384,382,8.240856803518955,False,control,0.25,1428,162,1428,0,1405,1405,0.9838935574229691,0.9838935574229691,1.0,15.80952380952381,16.0,0,0,1428,212,0,0
sues,control_25_290937,aps_raw,0.01,matched_reachable_oracle,384,382,8.240856803518955,False,control,0.25,1428,162,1428,0,1405,1405,0.9838935574229691,0.9838935574229691,1.0,15.80952380952381,16.0,0,0,1428,212,0,0
sues,control_25_290937,aps_raw,0.05,full_frozen,384,366,2.5621897846746147,False,control,0.25,1428,162,1428,0,1362,1362,0.9537815126050421,0.9537815126050421,1.0,4.2443977591036415,4.0,0,0,1428,212,0,0
sues,control_25_290937,aps_raw,0.05,matched_all_extended,384,366,2.4682853427345344,False,control,0.25,1428,162,1428,0,1357,1357,0.9502801120448179,0.9502801120448179,1.0,4.014005602240896,4.0,0,0,1428,212,0,0
sues,control_25_290937,aps_raw,0.05,matched_reachable_oracle,384,366,2.4682853427345344,False,control,0.25,1428,162,1428,0,1357,1357,0.9502801120448179,0.9502801120448179,1.0,4.014005602240896,4.0,0,0,1428,212,0,0
sues,control_25_290937,aps_raw,0.1,full_frozen,384,347,1.5631376229375706,False,control,0.25,1428,162,1428,0,1320,1320,0.9243697478991597,0.9243697478991597,1.0,2.3004201680672267,2.0,0,0,1428,212,0,0
sues,control_25_290937,aps_raw,0.1,matched_all_extended,384,347,1.1334554251774769,False,control,0.25,1428,162,1428,0,1300,1300,0.9103641456582633,0.9103641456582633,1.0,1.946078431372549,2.0,0,0,1428,212,77,3
sues,control_25_290937,aps_raw,0.1,matched_reachable_oracle,384,347,1.1334554251774769,False,control,0.25,1428,162,1428,0,1300,1300,0.9103641456582633,0.9103641456582633,1.0,1.946078431372549,2.0,0,0,1428,212,77,3
sues,control_25_290937,fixed_k,0.01,full_frozen,384,381,18.0,False,control,0.25,1428,162,1428,0,1407,1407,0.9852941176470589,0.9852941176470589,1.0,18.0,18.0,0,0,1428,212,0,0
sues,control_25_290937,fixed_k,0.01,matched_all_extended,384,381,15.0,False,control,0.25,1428,162,1428,0,1405,1405,0.9838935574229691,0.9838935574229691,1.0,15.0,15.0,0,0,1428,212,0,0
sues,control_25_290937,fixed_k,0.01,matched_reachable_oracle,384,381,15.0,False,control,0.25,1428,162,1428,0,1405,1405,0.9838935574229691,0.9838935574229691,1.0,15.0,15.0,0,0,1428,212,0,0
sues,control_25_290937,fixed_k,0.05,full_frozen,384,365,5.0,False,control,0.25,1428,162,1428,0,1369,1369,0.9586834733893558,0.9586834733893558,1.0,5.0,5.0,0,0,1428,212,0,0
sues,control_25_290937,fixed_k,0.05,matched_all_extended,384,365,4.0,False,control,0.25,1428,162,1428,0,1357,1357,0.9502801120448179,0.9502801120448179,1.0,4.0,4.0,0,0,1428,212,0,0
sues,control_25_290937,fixed_k,0.05,matched_reachable_oracle,384,365,4.0,False,control,0.25,1428,162,1428,0,1357,1357,0.9502801120448179,0.9502801120448179,1.0,4.0,4.0,0,0,1428,212,0,0
sues,control_25_290937,fixed_k,0.1,full_frozen,384,346,3.0,False,control,0.25,1428,162,1428,0,1341,1341,0.9390756302521008,0.9390756302521008,1.0,3.0,3.0,0,0,1428,212,0,0
sues,control_25_290937,fixed_k,0.1,matched_all_extended,384,346,2.0,False,control,0.25,1428,162,1428,0,1303,1303,0.9124649859943977,0.9124649859943977,1.0,2.0,2.0,0,0,1428,212,0,0
sues,control_25_290937,fixed_k,0.1,matched_reachable_oracle,384,346,2.0,False,control,0.25,1428,162,1428,0,1303,1303,0.9124649859943977,0.9124649859943977,1.0,2.0,2.0,0,0,1428,212,0,0
sues,target_25_290938,distance,0.01,full_frozen,384,382,1.0745146531470176,False,target,0.25,1428,162,1068,360,1067,1067,0.7471988795518207,0.9990636704119851,0.7478991596638656,58.63935574229692,60.0,13,0,1415,499,2,2
sues,target_25_290938,distance,0.01,matched_all_extended,384,382,,True,target,0.25,1428,162,1068,360,1068,1068,0.7478991596638656,1.0,0.7478991596638656,162.0,162.0,0,1428,1428,512,0,0
sues,target_25_290938,distance,0.01,matched_reachable_oracle,288,287,1.0821092020443175,False,target,0.25,1428,162,1068,360,1067,1067,0.7471988795518207,0.9990636704119851,0.7478991596638656,66.46708683473389,69.0,10,0,1418,502,3,3
sues,target_25_290938,distance,0.05,full_frozen,384,366,1.0039368035385787,False,target,0.25,1428,162,1068,360,1056,1056,0.7394957983193278,0.9887640449438202,0.7478991596638656,14.706582633053221,13.0,41,0,1387,472,54,8
sues,target_25_290938,distance,0.05,matched_all_extended,384,366,,True,target,0.25,1428,162,1068,360,1068,1068,0.7478991596638656,1.0,0.7478991596638656,162.0,162.0,0,1428,1428,512,0,0
sues,target_25_290938,distance,0.05,matched_reachable_oracle,288,275,1.020591627067046,False,target,0.25,1428,162,1068,360,1062,1062,0.7436974789915967,0.9943820224719101,0.7478991596638656,20.822128851540615,19.0,30,0,1398,483,34,8
sues,target_25_290938,distance,0.1,full_frozen,384,347,0.9648130374432573,False,target,0.25,1428,162,1068,360,1027,1027,0.719187675070028,0.9616104868913857,0.7478991596638656,6.331932773109243,5.0,101,0,1327,420,218,52
sues,target_25_290938,distance,0.1,matched_all_extended,384,347,,True,target,0.25,1428,162,1068,360,1068,1068,0.7478991596638656,1.0,0.7478991596638656,162.0,162.0,0,1428,1428,512,0,0
sues,target_25_290938,distance,0.1,matched_reachable_oracle,288,261,0.9560308328339227,False,target,0.25,1428,162,1068,360,1015,1015,0.7107843137254902,0.950374531835206,0.7478991596638656,5.207983193277311,4.0,134,0,1294,392,269,56
sues,target_25_290938,aps_raw,0.01,full_frozen,384,382,10.18556222022997,False,target,0.25,1428,162,1068,360,1055,1055,0.738795518207283,0.9878277153558053,0.7478991596638656,19.699579831932773,20.0,0,0,1428,512,0,0
sues,target_25_290938,aps_raw,0.01,matched_all_extended,384,382,,True,target,0.25,1428,162,1068,360,1068,1068,0.7478991596638656,1.0,0.7478991596638656,162.0,162.0,0,1428,1428,512,0,0
sues,target_25_290938,aps_raw,0.01,matched_reachable_oracle,288,287,7.273351882182991,False,target,0.25,1428,162,1068,360,1052,1052,0.7366946778711485,0.9850187265917603,0.7478991596638656,13.865546218487395,14.0,0,0,1428,512,0,0
sues,target_25_290938,aps_raw,0.05,full_frozen,384,366,2.5621897846746147,False,target,0.25,1428,162,1068,360,1020,1020,0.7142857142857143,0.9550561797752809,0.7478991596638656,4.292016806722689,4.0,0,0,1428,512,0,0
sues,target_25_290938,aps_raw,0.05,matched_all_extended,384,366,,True,target,0.25,1428,162,1068,360,1068,1068,0.7478991596638656,1.0,0.7478991596638656,162.0,162.0,0,1428,1428,512,0,0
sues,target_25_290938,aps_raw,0.05,matched_reachable_oracle,288,275,1.5932185073677887,False,target,0.25,1428,162,1068,360,999,999,0.6995798319327731,0.9353932584269663,0.7478991596638656,2.607142857142857,3.0,0,0,1428,512,0,0
sues,target_25_290938,aps_raw,0.1,full_frozen,384,347,1.5631376229375706,False,target,0.25,1428,162,1068,360,995,995,0.6967787114845938,0.9316479400749064,0.7478991596638656,2.3641456582633054,2.0,0,0,1428,512,0,0
sues,target_25_290938,aps_raw,0.1,matched_all_extended,384,347,,True,target,0.25,1428,162,1068,360,1068,1068,0.7478991596638656,1.0,0.7478991596638656,162.0,162.0,0,1428,1428,512,0,0
sues,target_25_290938,aps_raw,0.1,matched_reachable_oracle,288,261,1.060652985648169,False,target,0.25,1428,162,1068,360,941,941,0.6589635854341737,0.8810861423220974,0.7478991596638656,1.468487394957983,1.0,0,0,1428,512,759,136
sues,target_25_290938,fixed_k,0.01,full_frozen,384,381,18.0,False,target,0.25,1428,162,1068,360,1055,1055,0.738795518207283,0.9878277153558053,0.7478991596638656,18.0,18.0,0,0,1428,512,0,0
sues,target_25_290938,fixed_k,0.01,matched_all_extended,384,381,,True,target,0.25,1428,162,1068,360,1068,1068,0.7478991596638656,1.0,0.7478991596638656,162.0,162.0,0,1428,1428,512,0,0
sues,target_25_290938,fixed_k,0.01,matched_reachable_oracle,288,286,13.0,False,target,0.25,1428,162,1068,360,1052,1052,0.7366946778711485,0.9850187265917603,0.7478991596638656,13.0,13.0,0,0,1428,512,0,0
sues,target_25_290938,fixed_k,0.05,full_frozen,384,365,5.0,False,target,0.25,1428,162,1068,360,1030,1030,0.7212885154061625,0.9644194756554307,0.7478991596638656,5.0,5.0,0,0,1428,512,0,0
sues,target_25_290938,fixed_k,0.05,matched_all_extended,384,365,,True,target,0.25,1428,162,1068,360,1068,1068,0.7478991596638656,1.0,0.7478991596638656,162.0,162.0,0,1428,1428,512,0,0
sues,target_25_290938,fixed_k,0.05,matched_reachable_oracle,288,274,3.0,False,target,0.25,1428,162,1068,360,1005,1005,0.7037815126050421,0.9410112359550562,0.7478991596638656,3.0,3.0,0,0,1428,512,0,0
sues,target_25_290938,fixed_k,0.1,full_frozen,384,346,3.0,False,target,0.25,1428,162,1068,360,1005,1005,0.7037815126050421,0.9410112359550562,0.7478991596638656,3.0,3.0,0,0,1428,512,0,0
sues,target_25_290938,fixed_k,0.1,matched_all_extended,384,346,,True,target,0.25,1428,162,1068,360,1068,1068,0.7478991596638656,1.0,0.7478991596638656,162.0,162.0,0,1428,1428,512,0,0
sues,target_25_290938,fixed_k,0.1,matched_reachable_oracle,288,260,2.0,False,target,0.25,1428,162,1068,360,987,987,0.6911764705882353,0.9241573033707865,0.7478991596638656,2.0,2.0,0,0,1428,512,0,0
sues,target_50_290938,distance,0.01,full_frozen,384,382,1.0745146531470176,False,target,0.5,1428,124,708,720,707,707,0.4950980392156863,0.998587570621469,0.4957983193277311,43.70658263305322,45.0,14,0,1414,815,1,1
sues,target_50_290938,distance,0.01,matched_all_extended,384,382,,True,target,0.5,1428,124,708,720,708,708,0.4957983193277311,1.0,0.4957983193277311,124.0,124.0,0,1428,1428,829,0,0
sues,target_50_290938,distance,0.01,matched_reachable_oracle,192,192,1.0573269670660215,False,target,0.5,1428,124,708,720,707,707,0.4950980392156863,0.998587570621469,0.4957983193277311,31.98389355742297,31.0,22,0,1406,807,4,1
sues,target_50_290938,distance,0.05,full_frozen,384,366,1.0039368035385787,False,target,0.5,1428,124,708,720,696,696,0.48739495798319327,0.9830508474576272,0.4957983193277311,10.86484593837535,9.0,52,0,1376,778,66,28
sues,target_50_290938,distance,0.05,matched_all_extended,384,366,,True,target,0.5,1428,124,708,720,708,708,0.4957983193277311,1.0,0.4957983193277311,124.0,124.0,0,1428,1428,829,0,0
sues,target_50_290938,distance,0.05,matched_reachable_oracle,192,184,1.000407446433007,False,target,0.5,1428,124,708,720,694,694,0.48599439775910364,0.980225988700565,0.4957983193277311,10.07563025210084,8.0,57,0,1371,773,74,32
sues,target_50_290938,distance,0.1,full_frozen,384,347,0.9648130374432573,False,target,0.5,1428,124,708,720,672,672,0.47058823529411764,0.9491525423728814,0.4957983193277311,4.607843137254902,3.0,164,0,1264,674,245,113
sues,target_50_290938,distance,0.1,matched_all_extended,384,347,,True,target,0.5,1428,124,708,720,708,708,0.4957983193277311,1.0,0.4957983193277311,124.0,124.0,0,1428,1428,829,0,0
sues,target_50_290938,distance,0.1,matched_reachable_oracle,192,174,0.9423336101465254,False,target,0.5,1428,124,708,720,652,652,0.4565826330532213,0.9209039548022598,0.4957983193277311,2.7717086834733893,2.0,299,0,1129,548,360,142
sues,target_50_290938,aps_raw,0.01,full_frozen,384,382,10.18556222022997,False,target,0.5,1428,124,708,720,698,698,0.4887955182072829,0.9858757062146892,0.4957983193277311,19.841036414565828,20.0,0,0,1428,829,0,0
sues,target_50_290938,aps_raw,0.01,matched_all_extended,384,382,,True,target,0.5,1428,124,708,720,708,708,0.4957983193277311,1.0,0.4957983193277311,124.0,124.0,0,1428,1428,829,0,0
sues,target_50_290938,aps_raw,0.01,matched_reachable_oracle,192,192,2.1278819610046016,False,target,0.5,1428,124,708,720,673,673,0.47128851540616246,0.9505649717514124,0.4957983193277311,3.8256302521008405,4.0,0,0,1428,829,0,0
sues,target_50_290938,aps_raw,0.05,full_frozen,384,366,2.5621897846746147,False,target,0.5,1428,124,708,720,675,675,0.4726890756302521,0.9533898305084746,0.4957983193277311,4.399159663865547,4.0,0,0,1428,829,0,0
sues,target_50_290938,aps_raw,0.05,matched_all_extended,384,366,,True,target,0.5,1428,124,708,720,708,708,0.4957983193277311,1.0,0.4957983193277311,124.0,124.0,0,1428,1428,829,0,0
sues,target_50_290938,aps_raw,0.05,matched_reachable_oracle,192,184,1.0938678085020401,False,target,0.5,1428,124,708,720,633,633,0.4432773109243697,0.8940677966101694,0.4957983193277311,1.8494397759103642,2.0,0,0,1428,829,215,33
sues,target_50_290938,aps_raw,0.1,full_frozen,384,347,1.5631376229375706,False,target,0.5,1428,124,708,720,654,654,0.4579831932773109,0.923728813559322,0.4957983193277311,2.499299719887955,2.0,0,0,1428,829,0,0
sues,target_50_290938,aps_raw,0.1,matched_all_extended,384,347,,True,target,0.5,1428,124,708,720,708,708,0.4957983193277311,1.0,0.4957983193277311,124.0,124.0,0,1428,1428,829,0,0
sues,target_50_290938,aps_raw,0.1,matched_reachable_oracle,192,174,1.032244076619874,False,target,0.5,1428,124,708,720,604,604,0.42296918767507,0.8531073446327684,0.4957983193277311,1.3018207282913166,1.0,0,0,1428,829,997,458
sues,target_50_290938,fixed_k,0.01,full_frozen,384,381,18.0,False,target,0.5,1428,124,708,720,696,696,0.48739495798319327,0.9830508474576272,0.4957983193277311,18.0,18.0,0,0,1428,829,0,0
sues,target_50_290938,fixed_k,0.01,matched_all_extended,384,381,,True,target,0.5,1428,124,708,720,708,708,0.4957983193277311,1.0,0.4957983193277311,124.0,124.0,0,1428,1428,829,0,0
sues,target_50_290938,fixed_k,0.01,matched_reachable_oracle,192,191,4.0,False,target,0.5,1428,124,708,720,675,675,0.4726890756302521,0.9533898305084746,0.4957983193277311,4.0,4.0,0,0,1428,829,0,0
sues,target_50_290938,fixed_k,0.05,full_frozen,384,365,5.0,False,target,0.5,1428,124,708,720,680,680,0.47619047619047616,0.96045197740113,0.4957983193277311,5.0,5.0,0,0,1428,829,0,0
sues,target_50_290938,fixed_k,0.05,matched_all_extended,384,365,,True,target,0.5,1428,124,708,720,708,708,0.4957983193277311,1.0,0.4957983193277311,124.0,124.0,0,1428,1428,829,0,0
sues,target_50_290938,fixed_k,0.05,matched_reachable_oracle,192,183,2.0,False,target,0.5,1428,124,708,720,651,651,0.45588235294117646,0.9194915254237288,0.4957983193277311,2.0,2.0,0,0,1428,829,0,0
sues,target_50_290938,fixed_k,0.1,full_frozen,384,346,3.0,False,target,0.5,1428,124,708,720,665,665,0.46568627450980393,0.9392655367231638,0.4957983193277311,3.0,3.0,0,0,1428,829,0,0
sues,target_50_290938,fixed_k,0.1,matched_all_extended,384,346,,True,target,0.5,1428,124,708,720,708,708,0.4957983193277311,1.0,0.4957983193277311,124.0,124.0,0,1428,1428,829,0,0
sues,target_50_290938,fixed_k,0.1,matched_reachable_oracle,192,173,2.0,False,target,0.5,1428,124,708,720,651,651,0.45588235294117646,0.9194915254237288,0.4957983193277311,2.0,2.0,0,0,1428,829,0,0
sues,control_25_290938,distance,0.01,full_frozen,384,382,1.0745146531470176,False,control,0.25,1428,162,1428,0,1427,1427,0.9992997198879552,0.9992997198879552,1.0,55.175070028011206,56.0,0,0,1428,199,11,0
sues,control_25_290938,distance,0.01,matched_all_extended,384,382,1.0745146531470176,False,control,0.25,1428,162,1428,0,1427,1427,0.9992997198879552,0.9992997198879552,1.0,55.175070028011206,56.0,0,0,1428,199,11,0
sues,control_25_290938,distance,0.01,matched_reachable_oracle,384,382,1.0745146531470176,False,control,0.25,1428,162,1428,0,1427,1427,0.9992997198879552,0.9992997198879552,1.0,55.175070028011206,56.0,0,0,1428,199,11,0
sues,control_25_290938,distance,0.05,full_frozen,384,366,1.0039368035385787,False,control,0.25,1428,162,1428,0,1395,1395,0.976890756302521,0.976890756302521,1.0,13.303221288515406,12.0,5,0,1423,198,97,5
sues,control_25_290938,distance,0.05,matched_all_extended,384,366,1.0039368035385787,False,control,0.25,1428,162,1428,0,1395,1395,0.976890756302521,0.976890756302521,1.0,13.303221288515406,12.0,5,0,1423,198,97,5
sues,control_25_290938,distance,0.05,matched_reachable_oracle,384,366,1.0039368035385787,False,control,0.25,1428,162,1428,0,1395,1395,0.976890756302521,0.976890756302521,1.0,13.303221288515406,12.0,5,0,1423,198,97,5
sues,control_25_290938,distance,0.1,full_frozen,384,347,0.9648130374432573,False,control,0.25,1428,162,1428,0,1344,1344,0.9411764705882353,0.9411764705882353,1.0,5.831932773109243,4.0,39,0,1389,183,287,10
sues,control_25_290938,distance,0.1,matched_all_extended,384,347,0.9648130374432573,False,control,0.25,1428,162,1428,0,1344,1344,0.9411764705882353,0.9411764705882353,1.0,5.831932773109243,4.0,39,0,1389,183,287,10
sues,control_25_290938,distance,0.1,matched_reachable_oracle,384,347,0.9648130374432573,False,control,0.25,1428,162,1428,0,1344,1344,0.9411764705882353,0.9411764705882353,1.0,5.831932773109243,4.0,39,0,1389,183,287,10
sues,control_25_290938,aps_raw,0.01,full_frozen,384,382,10.18556222022997,False,control,0.25,1428,162,1428,0,1408,1408,0.9859943977591037,0.9859943977591037,1.0,19.717787114845937,20.0,0,0,1428,199,0,0
sues,control_25_290938,aps_raw,0.01,matched_all_extended,384,382,7.288323579163588,False,control,0.25,1428,162,1428,0,1404,1404,0.9831932773109243,0.9831932773109243,1.0,13.911764705882353,14.0,0,0,1428,199,0,0
sues,control_25_290938,aps_raw,0.01,matched_reachable_oracle,384,382,7.288323579163588,False,control,0.25,1428,162,1428,0,1404,1404,0.9831932773109243,0.9831932773109243,1.0,13.911764705882353,14.0,0,0,1428,199,0,0
sues,control_25_290938,aps_raw,0.05,full_frozen,384,366,2.5621897846746147,False,control,0.25,1428,162,1428,0,1366,1366,0.9565826330532213,0.9565826330532213,1.0,4.249299719887955,4.0,0,0,1428,199,0,0
sues,control_25_290938,aps_raw,0.05,matched_all_extended,384,366,2.048357404914834,False,control,0.25,1428,162,1428,0,1349,1349,0.9446778711484594,0.9446778711484594,1.0,3.1855742296918765,3.0,0,0,1428,199,0,0
sues,control_25_290938,aps_raw,0.05,matched_reachable_oracle,384,366,2.048357404914834,False,control,0.25,1428,162,1428,0,1349,1349,0.9446778711484594,0.9446778711484594,1.0,3.1855742296918765,3.0,0,0,1428,199,0,0
sues,control_25_290938,aps_raw,0.1,full_frozen,384,347,1.5631376229375706,False,control,0.25,1428,162,1428,0,1322,1322,0.9257703081232493,0.9257703081232493,1.0,2.3018207282913163,2.0,0,0,1428,199,0,0
sues,control_25_290938,aps_raw,0.1,matched_all_extended,384,347,1.0651638584476162,False,control,0.25,1428,162,1428,0,1261,1261,0.8830532212885154,0.8830532212885154,1.0,1.4404761904761905,1.0,0,0,1428,199,799,76
sues,control_25_290938,aps_raw,0.1,matched_reachable_oracle,384,347,1.0651638584476162,False,control,0.25,1428,162,1428,0,1261,1261,0.8830532212885154,0.8830532212885154,1.0,1.4404761904761905,1.0,0,0,1428,199,799,76
sues,control_25_290938,fixed_k,0.01,full_frozen,384,381,18.0,False,control,0.25,1428,162,1428,0,1407,1407,0.9852941176470589,0.9852941176470589,1.0,18.0,18.0,0,0,1428,199,0,0
sues,control_25_290938,fixed_k,0.01,matched_all_extended,384,381,15.0,False,control,0.25,1428,162,1428,0,1404,1404,0.9831932773109243,0.9831932773109243,1.0,15.0,15.0,0,0,1428,199,0,0
sues,control_25_290938,fixed_k,0.01,matched_reachable_oracle,384,381,15.0,False,control,0.25,1428,162,1428,0,1404,1404,0.9831932773109243,0.9831932773109243,1.0,15.0,15.0,0,0,1428,199,0,0
sues,control_25_290938,fixed_k,0.05,full_frozen,384,365,5.0,False,control,0.25,1428,162,1428,0,1372,1372,0.9607843137254902,0.9607843137254902,1.0,5.0,5.0,0,0,1428,199,0,0
sues,control_25_290938,fixed_k,0.05,matched_all_extended,384,365,3.0,False,control,0.25,1428,162,1428,0,1344,1344,0.9411764705882353,0.9411764705882353,1.0,3.0,3.0,0,0,1428,199,0,0
sues,control_25_290938,fixed_k,0.05,matched_reachable_oracle,384,365,3.0,False,control,0.25,1428,162,1428,0,1344,1344,0.9411764705882353,0.9411764705882353,1.0,3.0,3.0,0,0,1428,199,0,0
sues,control_25_290938,fixed_k,0.1,full_frozen,384,346,3.0,False,control,0.25,1428,162,1428,0,1344,1344,0.9411764705882353,0.9411764705882353,1.0,3.0,3.0,0,0,1428,199,0,0
sues,control_25_290938,fixed_k,0.1,matched_all_extended,384,346,2.0,False,control,0.25,1428,162,1428,0,1308,1308,0.9159663865546218,0.9159663865546218,1.0,2.0,2.0,0,0,1428,199,0,0
sues,control_25_290938,fixed_k,0.1,matched_reachable_oracle,384,346,2.0,False,control,0.25,1428,162,1428,0,1308,1308,0.9159663865546218,0.9159663865546218,1.0,2.0,2.0,0,0,1428,199,0,0
sues,target_25_290939,distance,0.01,full_frozen,384,382,1.0745146531470176,False,target,0.25,1428,162,1068,360,1068,1068,0.7478991596638656,1.0,0.7478991596638656,56.61134453781513,58.0,0,0,1428,504,11,0
sues,target_25_290939,distance,0.01,matched_all_extended,384,382,,True,target,0.25,1428,162,1068,360,1068,1068,0.7478991596638656,1.0,0.7478991596638656,162.0,162.0,0,1428,1428,504,0,0
sues,target_25_290939,distance,0.01,matched_reachable_oracle,288,287,1.0821092020443175,False,target,0.25,1428,162,1068,360,1068,1068,0.7478991596638656,1.0,0.7478991596638656,64.30812324929973,66.0,0,0,1428,504,8,0
sues,target_25_290939,distance,0.05,full_frozen,384,366,1.0039368035385787,False,target,0.25,1428,162,1068,360,1048,1048,0.7338935574229691,0.9812734082397003,0.7478991596638656,13.6890756302521,12.0,22,0,1406,483,70,25
sues,target_25_290939,distance,0.05,matched_all_extended,384,366,,True,target,0.25,1428,162,1068,360,1068,1068,0.7478991596638656,1.0,0.7478991596638656,162.0,162.0,0,1428,1428,504,0,0
sues,target_25_290939,distance,0.05,matched_reachable_oracle,288,275,0.9937222367011745,False,target,0.25,1428,162,1068,360,1044,1044,0.7310924369747899,0.9775280898876404,0.7478991596638656,10.852240896358543,9.0,35,0,1393,470,84,26
sues,target_25_290939,distance,0.1,full_frozen,384,347,0.9648130374432573,False,target,0.25,1428,162,1068,360,1018,1018,0.7128851540616247,0.9531835205992509,0.7478991596638656,5.699579831932773,4.0,81,0,1347,429,222,56
sues,target_25_290939,distance,0.1,matched_all_extended,384,347,,True,target,0.25,1428,162,1068,360,1068,1068,0.7478991596638656,1.0,0.7478991596638656,162.0,162.0,0,1428,1428,504,0,0
sues,target_25_290939,distance,0.1,matched_reachable_oracle,288,261,0.9598186001536033,False,target,0.25,1428,162,1068,360,1009,1009,0.7065826330532213,0.9447565543071161,0.7478991596638656,5.071428571428571,4.0,94,0,1334,418,279,64
sues,target_25_290939,aps_raw,0.01,full_frozen,384,382,10.18556222022997,False,target,0.25,1428,162,1068,360,1054,1054,0.7380952380952381,0.9868913857677902,0.7478991596638656,19.74859943977591,20.0,0,0,1428,504,0,0
sues,target_25_290939,aps_raw,0.01,matched_all_extended,384,382,,True,target,0.25,1428,162,1068,360,1068,1068,0.7478991596638656,1.0,0.7478991596638656,162.0,162.0,0,1428,1428,504,0,0
sues,target_25_290939,aps_raw,0.01,matched_reachable_oracle,288,287,12.508836228293147,False,target,0.25,1428,162,1068,360,1060,1060,0.742296918767507,0.9925093632958801,0.7478991596638656,24.43487394957983,24.0,0,0,1428,504,0,0
sues,target_25_290939,aps_raw,0.05,full_frozen,384,366,2.5621897846746147,False,target,0.25,1428,162,1068,360,1022,1022,0.7156862745098039,0.9569288389513109,0.7478991596638656,4.28641456582633,4.0,0,0,1428,504,0,0
sues,target_25_290939,aps_raw,0.05,matched_all_extended,384,366,,True,target,0.25,1428,162,1068,360,1068,1068,0.7478991596638656,1.0,0.7478991596638656,162.0,162.0,0,1428,1428,504,0,0
sues,target_25_290939,aps_raw,0.05,matched_reachable_oracle,288,275,2.6034964567083234,False,target,0.25,1428,162,1068,360,1026,1026,0.7184873949579832,0.9606741573033708,0.7478991596638656,4.534313725490196,5.0,0,0,1428,504,0,0
sues,target_25_290939,aps_raw,0.1,full_frozen,384,347,1.5631376229375706,False,target,0.25,1428,162,1068,360,997,997,0.6981792717086834,0.9335205992509363,0.7478991596638656,2.3627450980392157,2.0,0,0,1428,504,0,0
sues,target_25_290939,aps_raw,0.1,matched_all_extended,384,347,,True,target,0.25,1428,162,1068,360,1068,1068,0.7478991596638656,1.0,0.7478991596638656,162.0,162.0,0,1428,1428,504,0,0
sues,target_25_290939,aps_raw,0.1,matched_reachable_oracle,288,261,1.5820353184766247,False,target,0.25,1428,162,1068,360,1000,1000,0.7002801120448179,0.9363295880149812,0.7478991596638656,2.5392156862745097,3.0,0,0,1428,504,0,0
sues,target_25_290939,fixed_k,0.01,full_frozen,384,381,18.0,False,target,0.25,1428,162,1068,360,1054,1054,0.7380952380952381,0.9868913857677902,0.7478991596638656,18.0,18.0,0,0,1428,504,0,0
sues,target_25_290939,fixed_k,0.01,matched_all_extended,384,381,,True,target,0.25,1428,162,1068,360,1068,1068,0.7478991596638656,1.0,0.7478991596638656,162.0,162.0,0,1428,1428,504,0,0
sues,target_25_290939,fixed_k,0.01,matched_reachable_oracle,288,286,18.0,False,target,0.25,1428,162,1068,360,1054,1054,0.7380952380952381,0.9868913857677902,0.7478991596638656,18.0,18.0,0,0,1428,504,0,0
sues,target_25_290939,fixed_k,0.05,full_frozen,384,365,5.0,False,target,0.25,1428,162,1068,360,1026,1026,0.7184873949579832,0.9606741573033708,0.7478991596638656,5.0,5.0,0,0,1428,504,0,0
sues,target_25_290939,fixed_k,0.05,matched_all_extended,384,365,,True,target,0.25,1428,162,1068,360,1068,1068,0.7478991596638656,1.0,0.7478991596638656,162.0,162.0,0,1428,1428,504,0,0
sues,target_25_290939,fixed_k,0.05,matched_reachable_oracle,288,274,5.0,False,target,0.25,1428,162,1068,360,1026,1026,0.7184873949579832,0.9606741573033708,0.7478991596638656,5.0,5.0,0,0,1428,504,0,0
sues,target_25_290939,fixed_k,0.1,full_frozen,384,346,3.0,False,target,0.25,1428,162,1068,360,1007,1007,0.7051820728291317,0.9428838951310862,0.7478991596638656,3.0,3.0,0,0,1428,504,0,0
sues,target_25_290939,fixed_k,0.1,matched_all_extended,384,346,,True,target,0.25,1428,162,1068,360,1068,1068,0.7478991596638656,1.0,0.7478991596638656,162.0,162.0,0,1428,1428,504,0,0
sues,target_25_290939,fixed_k,0.1,matched_reachable_oracle,288,260,3.0,False,target,0.25,1428,162,1068,360,1007,1007,0.7051820728291317,0.9428838951310862,0.7478991596638656,3.0,3.0,0,0,1428,504,0,0
sues,target_50_290939,distance,0.01,full_frozen,384,382,1.0745146531470176,False,target,0.5,1428,124,708,720,708,708,0.4957983193277311,1.0,0.4957983193277311,43.32703081232493,44.0,9,0,1419,800,6,3
sues,target_50_290939,distance,0.01,matched_all_extended,384,382,,True,target,0.5,1428,124,708,720,708,708,0.4957983193277311,1.0,0.4957983193277311,124.0,124.0,0,1428,1428,809,0,0
sues,target_50_290939,distance,0.01,matched_reachable_oracle,192,192,1.1034752932091096,False,target,0.5,1428,124,708,720,708,708,0.4957983193277311,1.0,0.4957983193277311,67.69187675070027,71.0,3,0,1425,806,4,4
sues,target_50_290939,distance,0.05,full_frozen,384,366,1.0039368035385787,False,target,0.5,1428,124,708,720,688,688,0.48179271708683474,0.9717514124293786,0.4957983193277311,10.492296918767506,9.0,63,0,1365,747,95,64
sues,target_50_290939,distance,0.05,matched_all_extended,384,366,,True,target,0.5,1428,124,708,720,708,708,0.4957983193277311,1.0,0.4957983193277311,124.0,124.0,0,1428,1428,809,0,0
sues,target_50_290939,distance,0.05,matched_reachable_oracle,192,184,1.0097572112271818,False,target,0.5,1428,124,708,720,690,690,0.4831932773109244,0.9745762711864406,0.4957983193277311,11.96218487394958,11.0,44,0,1384,766,75,46
sues,target_50_290939,distance,0.1,full_frozen,384,347,0.9648130374432573,False,target,0.5,1428,124,708,720,664,664,0.4649859943977591,0.9378531073446328,0.4957983193277311,4.307422969187675,3.0,210,0,1218,605,217,116
sues,target_50_290939,distance,0.1,matched_all_extended,384,347,,True,target,0.5,1428,124,708,720,708,708,0.4957983193277311,1.0,0.4957983193277311,124.0,124.0,0,1428,1428,809,0,0
sues,target_50_290939,distance,0.1,matched_reachable_oracle,192,174,0.9617738112971261,False,target,0.5,1428,124,708,720,661,661,0.46288515406162467,0.9336158192090396,0.4957983193277311,4.00140056022409,3.0,230,0,1198,586,230,116
sues,target_50_290939,aps_raw,0.01,full_frozen,384,382,10.18556222022997,False,target,0.5,1428,124,708,720,700,700,0.49019607843137253,0.9887005649717514,0.4957983193277311,19.87535014005602,20.0,0,0,1428,809,0,0
sues,target_50_290939,aps_raw,0.01,matched_all_extended,384,382,,True,target,0.5,1428,124,708,720,708,708,0.4957983193277311,1.0,0.4957983193277311,124.0,124.0,0,1428,1428,809,0,0
sues,target_50_290939,aps_raw,0.01,matched_reachable_oracle,192,192,9.13296867580548,False,target,0.5,1428,124,708,720,696,696,0.48739495798319327,0.9830508474576272,0.4957983193277311,17.72829131652661,18.0,0,0,1428,809,0,0
sues,target_50_290939,aps_raw,0.05,full_frozen,384,366,2.5621897846746147,False,target,0.5,1428,124,708,720,681,681,0.47689075630252103,0.961864406779661,0.4957983193277311,4.417366946778712,4.0,0,0,1428,809,0,0
sues,target_50_290939,aps_raw,0.05,matched_all_extended,384,366,,True,target,0.5,1428,124,708,720,708,708,0.4957983193277311,1.0,0.4957983193277311,124.0,124.0,0,1428,1428,809,0,0
sues,target_50_290939,aps_raw,0.05,matched_reachable_oracle,192,184,2.53802516286843,False,target,0.5,1428,124,708,720,680,680,0.47619047619047616,0.96045197740113,0.4957983193277311,4.288515406162465,4.0,0,0,1428,809,0,0
sues,target_50_290939,aps_raw,0.1,full_frozen,384,347,1.5631376229375706,False,target,0.5,1428,124,708,720,662,662,0.4635854341736695,0.9350282485875706,0.4957983193277311,2.508403361344538,3.0,0,0,1428,809,0,0
sues,target_50_290939,aps_raw,0.1,matched_all_extended,384,347,,True,target,0.5,1428,124,708,720,708,708,0.4957983193277311,1.0,0.4957983193277311,124.0,124.0,0,1428,1428,809,0,0
sues,target_50_290939,aps_raw,0.1,matched_reachable_oracle,192,174,1.0736642393249112,False,target,0.5,1428,124,708,720,650,650,0.45518207282913165,0.9180790960451978,0.4957983193277311,1.7191876750700281,2.0,0,0,1428,809,401,62
sues,target_50_290939,fixed_k,0.01,full_frozen,384,381,18.0,False,target,0.5,1428,124,708,720,697,697,0.4880952380952381,0.9844632768361582,0.4957983193277311,18.0,18.0,0,0,1428,809,0,0
sues,target_50_290939,fixed_k,0.01,matched_all_extended,384,381,,True,target,0.5,1428,124,708,720,708,708,0.4957983193277311,1.0,0.4957983193277311,124.0,124.0,0,1428,1428,809,0,0
sues,target_50_290939,fixed_k,0.01,matched_reachable_oracle,192,191,14.0,False,target,0.5,1428,124,708,720,692,692,0.484593837535014,0.9774011299435028,0.4957983193277311,14.0,14.0,0,0,1428,809,0,0
sues,target_50_290939,fixed_k,0.05,full_frozen,384,365,5.0,False,target,0.5,1428,124,708,720,681,681,0.47689075630252103,0.961864406779661,0.4957983193277311,5.0,5.0,0,0,1428,809,0,0
sues,target_50_290939,fixed_k,0.05,matched_all_extended,384,365,,True,target,0.5,1428,124,708,720,708,708,0.4957983193277311,1.0,0.4957983193277311,124.0,124.0,0,1428,1428,809,0,0
sues,target_50_290939,fixed_k,0.05,matched_reachable_oracle,192,183,5.0,False,target,0.5,1428,124,708,720,681,681,0.47689075630252103,0.961864406779661,0.4957983193277311,5.0,5.0,0,0,1428,809,0,0
sues,target_50_290939,fixed_k,0.1,full_frozen,384,346,3.0,False,target,0.5,1428,124,708,720,671,671,0.4698879551820728,0.9477401129943502,0.4957983193277311,3.0,3.0,0,0,1428,809,0,0
sues,target_50_290939,fixed_k,0.1,matched_all_extended,384,346,,True,target,0.5,1428,124,708,720,708,708,0.4957983193277311,1.0,0.4957983193277311,124.0,124.0,0,1428,1428,809,0,0
sues,target_50_290939,fixed_k,0.1,matched_reachable_oracle,192,173,2.0,False,target,0.5,1428,124,708,720,658,658,0.46078431372549017,0.9293785310734464,0.4957983193277311,2.0,2.0,0,0,1428,809,0,0
sues,control_25_290939,distance,0.01,full_frozen,384,382,1.0745146531470176,False,control,0.25,1428,162,1428,0,1427,1427,0.9992997198879552,0.9992997198879552,1.0,54.877450980392155,55.0,0,0,1428,202,11,0
sues,control_25_290939,distance,0.01,matched_all_extended,384,382,1.0745146531470176,False,control,0.25,1428,162,1428,0,1427,1427,0.9992997198879552,0.9992997198879552,1.0,54.877450980392155,55.0,0,0,1428,202,11,0
sues,control_25_290939,distance,0.01,matched_reachable_oracle,384,382,1.0745146531470176,False,control,0.25,1428,162,1428,0,1427,1427,0.9992997198879552,0.9992997198879552,1.0,54.877450980392155,55.0,0,0,1428,202,11,0
sues,control_25_290939,distance,0.05,full_frozen,384,366,1.0039368035385787,False,control,0.25,1428,162,1428,0,1395,1395,0.976890756302521,0.976890756302521,1.0,13.168767507002801,12.0,5,0,1423,201,93,5
sues,control_25_290939,distance,0.05,matched_all_extended,384,366,1.0039368035385787,False,control,0.25,1428,162,1428,0,1395,1395,0.976890756302521,0.976890756302521,1.0,13.168767507002801,12.0,5,0,1423,201,93,5
sues,control_25_290939,distance,0.05,matched_reachable_oracle,384,366,1.0039368035385787,False,control,0.25,1428,162,1428,0,1395,1395,0.976890756302521,0.976890756302521,1.0,13.168767507002801,12.0,5,0,1423,201,93,5
sues,control_25_290939,distance,0.1,full_frozen,384,347,0.9648130374432573,False,control,0.25,1428,162,1428,0,1344,1344,0.9411764705882353,0.9411764705882353,1.0,5.778011204481793,4.0,39,0,1389,186,272,11
sues,control_25_290939,distance,0.1,matched_all_extended,384,347,0.9648130374432573,False,control,0.25,1428,162,1428,0,1344,1344,0.9411764705882353,0.9411764705882353,1.0,5.778011204481793,4.0,39,0,1389,186,272,11
sues,control_25_290939,distance,0.1,matched_reachable_oracle,384,347,0.9648130374432573,False,control,0.25,1428,162,1428,0,1344,1344,0.9411764705882353,0.9411764705882353,1.0,5.778011204481793,4.0,39,0,1389,186,272,11
sues,control_25_290939,aps_raw,0.01,full_frozen,384,382,10.18556222022997,False,control,0.25,1428,162,1428,0,1409,1409,0.9866946778711485,0.9866946778711485,1.0,19.724789915966387,20.0,0,0,1428,202,0,0
sues,control_25_290939,aps_raw,0.01,matched_all_extended,384,382,8.23190628182332,False,control,0.25,1428,162,1428,0,1404,1404,0.9831932773109243,0.9831932773109243,1.0,15.794117647058824,16.0,0,0,1428,202,0,0
sues,control_25_290939,aps_raw,0.01,matched_reachable_oracle,384,382,8.23190628182332,False,control,0.25,1428,162,1428,0,1404,1404,0.9831932773109243,0.9831932773109243,1.0,15.794117647058824,16.0,0,0,1428,202,0,0
sues,control_25_290939,aps_raw,0.05,full_frozen,384,366,2.5621897846746147,False,control,0.25,1428,162,1428,0,1364,1364,0.9551820728291317,0.9551820728291317,1.0,4.246498599439776,4.0,0,0,1428,202,0,0
sues,control_25_290939,aps_raw,0.05,matched_all_extended,384,366,2.048357404914834,False,control,0.25,1428,162,1428,0,1349,1349,0.9446778711484594,0.9446778711484594,1.0,3.1827731092436973,3.0,0,0,1428,202,0,0
sues,control_25_290939,aps_raw,0.05,matched_reachable_oracle,384,366,2.048357404914834,False,control,0.25,1428,162,1428,0,1349,1349,0.9446778711484594,0.9446778711484594,1.0,3.1827731092436973,3.0,0,0,1428,202,0,0
sues,control_25_290939,aps_raw,0.1,full_frozen,384,347,1.5631376229375706,False,control,0.25,1428,162,1428,0,1322,1322,0.9257703081232493,0.9257703081232493,1.0,2.3004201680672267,2.0,0,0,1428,202,0,0
sues,control_25_290939,aps_raw,0.1,matched_all_extended,384,347,1.0753600264319494,False,control,0.25,1428,162,1428,0,1272,1272,0.8907563025210085,0.8907563025210085,1.0,1.55812324929972,2.0,0,0,1428,202,631,49
sues,control_25_290939,aps_raw,0.1,matched_reachable_oracle,384,347,1.0753600264319494,False,control,0.25,1428,162,1428,0,1272,1272,0.8907563025210085,0.8907563025210085,1.0,1.55812324929972,2.0,0,0,1428,202,631,49
sues,control_25_290939,fixed_k,0.01,full_frozen,384,381,18.0,False,control,0.25,1428,162,1428,0,1408,1408,0.9859943977591037,0.9859943977591037,1.0,18.0,18.0,0,0,1428,202,0,0
sues,control_25_290939,fixed_k,0.01,matched_all_extended,384,381,15.0,False,control,0.25,1428,162,1428,0,1404,1404,0.9831932773109243,0.9831932773109243,1.0,15.0,15.0,0,0,1428,202,0,0
sues,control_25_290939,fixed_k,0.01,matched_reachable_oracle,384,381,15.0,False,control,0.25,1428,162,1428,0,1404,1404,0.9831932773109243,0.9831932773109243,1.0,15.0,15.0,0,0,1428,202,0,0
sues,control_25_290939,fixed_k,0.05,full_frozen,384,365,5.0,False,control,0.25,1428,162,1428,0,1372,1372,0.9607843137254902,0.9607843137254902,1.0,5.0,5.0,0,0,1428,202,0,0
sues,control_25_290939,fixed_k,0.05,matched_all_extended,384,365,3.0,False,control,0.25,1428,162,1428,0,1343,1343,0.9404761904761905,0.9404761904761905,1.0,3.0,3.0,0,0,1428,202,0,0
sues,control_25_290939,fixed_k,0.05,matched_reachable_oracle,384,365,3.0,False,control,0.25,1428,162,1428,0,1343,1343,0.9404761904761905,0.9404761904761905,1.0,3.0,3.0,0,0,1428,202,0,0
sues,control_25_290939,fixed_k,0.1,full_frozen,384,346,3.0,False,control,0.25,1428,162,1428,0,1343,1343,0.9404761904761905,0.9404761904761905,1.0,3.0,3.0,0,0,1428,202,0,0
sues,control_25_290939,fixed_k,0.1,matched_all_extended,384,346,2.0,False,control,0.25,1428,162,1428,0,1309,1309,0.9166666666666666,0.9166666666666666,1.0,2.0,2.0,0,0,1428,202,0,0
sues,control_25_290939,fixed_k,0.1,matched_reachable_oracle,384,346,2.0,False,control,0.25,1428,162,1428,0,1309,1309,0.9166666666666666,0.9166666666666666,1.0,2.0,2.0,0,0,1428,202,0,0
sues,target_25_290940,distance,0.01,full_frozen,384,382,1.0745146531470176,False,target,0.25,1428,162,1068,360,1067,1067,0.7471988795518207,0.9990636704119851,0.7478991596638656,58.30182072829132,60.0,0,0,1428,498,11,0
sues,target_25_290940,distance,0.01,matched_all_extended,384,382,,True,target,0.25,1428,162,1068,360,1068,1068,0.7478991596638656,1.0,0.7478991596638656,162.0,162.0,0,1428,1428,498,0,0
sues,target_25_290940,distance,0.01,matched_reachable_oracle,288,287,1.0821092020443175,False,target,0.25,1428,162,1068,360,1067,1067,0.7471988795518207,0.9990636704119851,0.7478991596638656,65.98459383753502,68.0,0,0,1428,498,8,0
sues,target_25_290940,distance,0.05,full_frozen,384,366,1.0039368035385787,False,target,0.25,1428,162,1068,360,1048,1048,0.7338935574229691,0.9812734082397003,0.7478991596638656,14.945378151260504,13.0,9,0,1419,492,90,25
sues,target_25_290940,distance,0.05,matched_all_extended,384,366,,True,target,0.25,1428,162,1068,360,1068,1068,0.7478991596638656,1.0,0.7478991596638656,162.0,162.0,0,1428,1428,498,0,0
sues,target_25_290940,distance,0.05,matched_reachable_oracle,288,275,0.9724213729448694,False,target,0.25,1428,162,1068,360,1018,1018,0.7128851540616247,0.9531835205992509,0.7478991596638656,7.516106442577031,6.0,54,0,1374,456,190,43
sues,target_25_290940,distance,0.1,full_frozen,384,347,0.9648130374432573,False,target,0.25,1428,162,1068,360,1014,1014,0.7100840336134454,0.949438202247191,0.7478991596638656,6.38655462184874,5.0,71,0,1357,440,247,56
sues,target_25_290940,distance,0.1,matched_all_extended,384,347,,True,target,0.25,1428,162,1068,360,1068,1068,0.7478991596638656,1.0,0.7478991596638656,162.0,162.0,0,1428,1428,498,0,0
sues,target_25_290940,distance,0.1,matched_reachable_oracle,288,261,0.9421097644222186,False,target,0.25,1428,162,1068,360,981,981,0.6869747899159664,0.9185393258426966,0.7478991596638656,3.8004201680672267,2.0,155,0,1273,376,381,70
sues,target_25_290940,aps_raw,0.01,full_frozen,384,382,10.18556222022997,False,target,0.25,1428,162,1068,360,1053,1053,0.7373949579831933,0.9859550561797753,0.7478991596638656,19.71078431372549,20.0,0,0,1428,498,0,0
sues,target_25_290940,aps_raw,0.01,matched_all_extended,384,382,,True,target,0.25,1428,162,1068,360,1068,1068,0.7478991596638656,1.0,0.7478991596638656,162.0,162.0,0,1428,1428,498,0,0
sues,target_25_290940,aps_raw,0.01,matched_reachable_oracle,288,287,8.728508283903611,False,target,0.25,1428,162,1068,360,1050,1050,0.7352941176470589,0.9831460674157303,0.7478991596638656,16.777310924369747,17.0,0,0,1428,498,0,0
sues,target_25_290940,aps_raw,0.05,full_frozen,384,366,2.5621897846746147,False,target,0.25,1428,162,1068,360,1025,1025,0.7177871148459384,0.9597378277153558,0.7478991596638656,4.294117647058823,4.0,0,0,1428,498,0,0
sues,target_25_290940,aps_raw,0.05,matched_all_extended,384,366,,True,target,0.25,1428,162,1068,360,1068,1068,0.7478991596638656,1.0,0.7478991596638656,162.0,162.0,0,1428,1428,498,0,0
sues,target_25_290940,aps_raw,0.05,matched_reachable_oracle,288,275,1.5916363870069565,False,target,0.25,1428,162,1068,360,1008,1008,0.7058823529411765,0.9438202247191011,0.7478991596638656,2.5791316526610646,3.0,0,0,1428,498,0,0
sues,target_25_290940,aps_raw,0.1,full_frozen,384,347,1.5631376229375706,False,target,0.25,1428,162,1068,360,1005,1005,0.7037815126050421,0.9410112359550562,0.7478991596638656,2.372549019607843,2.0,0,0,1428,498,0,0
sues,target_25_290940,aps_raw,0.1,matched_all_extended,384,347,,True,target,0.25,1428,162,1068,360,1068,1068,0.7478991596638656,1.0,0.7478991596638656,162.0,162.0,0,1428,1428,498,0,0
sues,target_25_290940,aps_raw,0.1,matched_reachable_oracle,288,261,1.0792484218842358,False,target,0.25,1428,162,1068,360,976,976,0.6834733893557423,0.9138576779026217,0.7478991596638656,1.6323529411764706,2.0,0,0,1428,498,525,64
sues,target_25_290940,fixed_k,0.01,full_frozen,384,381,18.0,False,target,0.25,1428,162,1068,360,1052,1052,0.7366946778711485,0.9850187265917603,0.7478991596638656,18.0,18.0,0,0,1428,498,0,0
sues,target_25_290940,fixed_k,0.01,matched_all_extended,384,381,,True,target,0.25,1428,162,1068,360,1068,1068,0.7478991596638656,1.0,0.7478991596638656,162.0,162.0,0,1428,1428,498,0,0
sues,target_25_290940,fixed_k,0.01,matched_reachable_oracle,288,286,17.0,False,target,0.25,1428,162,1068,360,1051,1051,0.7359943977591037,0.9840823970037453,0.7478991596638656,17.0,17.0,0,0,1428,498,0,0
sues,target_25_290940,fixed_k,0.05,full_frozen,384,365,5.0,False,target,0.25,1428,162,1068,360,1031,1031,0.7219887955182073,0.9653558052434457,0.7478991596638656,5.0,5.0,0,0,1428,498,0,0
sues,target_25_290940,fixed_k,0.05,matched_all_extended,384,365,,True,target,0.25,1428,162,1068,360,1068,1068,0.7478991596638656,1.0,0.7478991596638656,162.0,162.0,0,1428,1428,498,0,0
sues,target_25_290940,fixed_k,0.05,matched_reachable_oracle,288,274,3.0,False,target,0.25,1428,162,1068,360,1012,1012,0.7086834733893558,0.947565543071161,0.7478991596638656,3.0,3.0,0,0,1428,498,0,0
sues,target_25_290940,fixed_k,0.1,full_frozen,384,346,3.0,False,target,0.25,1428,162,1068,360,1012,1012,0.7086834733893558,0.947565543071161,0.7478991596638656,3.0,3.0,0,0,1428,498,0,0
sues,target_25_290940,fixed_k,0.1,matched_all_extended,384,346,,True,target,0.25,1428,162,1068,360,1068,1068,0.7478991596638656,1.0,0.7478991596638656,162.0,162.0,0,1428,1428,498,0,0
sues,target_25_290940,fixed_k,0.1,matched_reachable_oracle,288,260,2.0,False,target,0.25,1428,162,1068,360,1000,1000,0.7002801120448179,0.9363295880149812,0.7478991596638656,2.0,2.0,0,0,1428,498,0,0
sues,target_50_290940,distance,0.01,full_frozen,384,382,1.0745146531470176,False,target,0.5,1428,124,708,720,708,708,0.4957983193277311,1.0,0.4957983193277311,44.10504201680672,45.0,9,0,1419,793,6,3
sues,target_50_290940,distance,0.01,matched_all_extended,384,382,,True,target,0.5,1428,124,708,720,708,708,0.4957983193277311,1.0,0.4957983193277311,124.0,124.0,0,1428,1428,802,0,0
sues,target_50_290940,distance,0.01,matched_reachable_oracle,192,192,1.1034752932091096,False,target,0.5,1428,124,708,720,708,708,0.4957983193277311,1.0,0.4957983193277311,68.26610644257703,72.0,1,0,1427,801,5,5
sues,target_50_290940,distance,0.05,full_frozen,384,366,1.0039368035385787,False,target,0.5,1428,124,708,720,696,696,0.48739495798319327,0.9830508474576272,0.4957983193277311,11.015406162464986,9.0,36,0,1392,767,104,46
sues,target_50_290940,distance,0.05,matched_all_extended,384,366,,True,target,0.5,1428,124,708,720,708,708,0.4957983193277311,1.0,0.4957983193277311,124.0,124.0,0,1428,1428,802,0,0
sues,target_50_290940,distance,0.05,matched_reachable_oracle,192,184,1.0039368035385787,False,target,0.5,1428,124,708,720,696,696,0.48739495798319327,0.9830508474576272,0.4957983193277311,11.015406162464986,9.0,36,0,1392,767,104,46
sues,target_50_290940,distance,0.1,full_frozen,384,347,0.9648130374432573,False,target,0.5,1428,124,708,720,678,678,0.47478991596638653,0.9576271186440678,0.4957983193277311,4.595238095238095,3.0,156,0,1272,652,277,122
sues,target_50_290940,distance,0.1,matched_all_extended,384,347,,True,target,0.5,1428,124,708,720,708,708,0.4957983193277311,1.0,0.4957983193277311,124.0,124.0,0,1428,1428,802,0,0
sues,target_50_290940,distance,0.1,matched_reachable_oracle,192,174,0.9556942872972222,False,target,0.5,1428,124,708,720,670,670,0.469187675070028,0.9463276836158192,0.4957983193277311,3.719187675070028,2.0,206,0,1222,604,337,142
sues,target_50_290940,aps_raw,0.01,full_frozen,384,382,10.18556222022997,False,target,0.5,1428,124,708,720,702,702,0.49159663865546216,0.9915254237288136,0.4957983193277311,19.850840336134453,20.0,0,0,1428,802,0,0
sues,target_50_290940,aps_raw,0.01,matched_all_extended,384,382,,True,target,0.5,1428,124,708,720,708,708,0.4957983193277311,1.0,0.4957983193277311,124.0,124.0,0,1428,1428,802,0,0
sues,target_50_290940,aps_raw,0.01,matched_reachable_oracle,192,192,8.680354578092626,False,target,0.5,1428,124,708,720,700,700,0.49019607843137253,0.9887005649717514,0.4957983193277311,16.817927170868348,17.0,0,0,1428,802,0,0
sues,target_50_290940,aps_raw,0.05,full_frozen,384,366,2.5621897846746147,False,target,0.5,1428,124,708,720,682,682,0.47759103641456585,0.963276836158192,0.4957983193277311,4.411764705882353,4.0,0,0,1428,802,0,0
sues,target_50_290940,aps_raw,0.05,matched_all_extended,384,366,,True,target,0.5,1428,124,708,720,708,708,0.4957983193277311,1.0,0.4957983193277311,124.0,124.0,0,1428,1428,802,0,0
sues,target_50_290940,aps_raw,0.05,matched_reachable_oracle,192,184,1.5736247941313235,False,target,0.5,1428,124,708,720,671,671,0.4698879551820728,0.9477401129943502,0.4957983193277311,2.6050420168067228,3.0,0,0,1428,802,0,0
sues,target_50_290940,aps_raw,0.1,full_frozen,384,347,1.5631376229375706,False,target,0.5,1428,124,708,720,671,671,0.4698879551820728,0.9477401129943502,0.4957983193277311,2.5175070028011204,3.0,0,0,1428,802,0,0
sues,target_50_290940,aps_raw,0.1,matched_all_extended,384,347,,True,target,0.5,1428,124,708,720,708,708,0.4957983193277311,1.0,0.4957983193277311,124.0,124.0,0,1428,1428,802,0,0
sues,target_50_290940,aps_raw,0.1,matched_reachable_oracle,192,174,1.0664291531686936,False,target,0.5,1428,124,708,720,648,648,0.453781512605042,0.9152542372881356,0.4957983193277311,1.6687675070028012,2.0,0,0,1428,802,473,95
sues,target_50_290940,fixed_k,0.01,full_frozen,384,381,18.0,False,target,0.5,1428,124,708,720,701,701,0.49089635854341734,0.9901129943502824,0.4957983193277311,18.0,18.0,0,0,1428,802,0,0
sues,target_50_290940,fixed_k,0.01,matched_all_extended,384,381,,True,target,0.5,1428,124,708,720,708,708,0.4957983193277311,1.0,0.4957983193277311,124.0,124.0,0,1428,1428,802,0,0
sues,target_50_290940,fixed_k,0.01,matched_reachable_oracle,192,191,15.0,False,target,0.5,1428,124,708,720,697,697,0.4880952380952381,0.9844632768361582,0.4957983193277311,15.0,15.0,0,0,1428,802,0,0
sues,target_50_290940,fixed_k,0.05,full_frozen,384,365,5.0,False,target,0.5,1428,124,708,720,687,687,0.4810924369747899,0.9703389830508474,0.4957983193277311,5.0,5.0,0,0,1428,802,0,0
sues,target_50_290940,fixed_k,0.05,matched_all_extended,384,365,,True,target,0.5,1428,124,708,720,708,708,0.4957983193277311,1.0,0.4957983193277311,124.0,124.0,0,1428,1428,802,0,0
sues,target_50_290940,fixed_k,0.05,matched_reachable_oracle,192,183,3.0,False,target,0.5,1428,124,708,720,673,673,0.47128851540616246,0.9505649717514124,0.4957983193277311,3.0,3.0,0,0,1428,802,0,0
sues,target_50_290940,fixed_k,0.1,full_frozen,384,346,3.0,False,target,0.5,1428,124,708,720,673,673,0.47128851540616246,0.9505649717514124,0.4957983193277311,3.0,3.0,0,0,1428,802,0,0
sues,target_50_290940,fixed_k,0.1,matched_all_extended,384,346,,True,target,0.5,1428,124,708,720,708,708,0.4957983193277311,1.0,0.4957983193277311,124.0,124.0,0,1428,1428,802,0,0
sues,target_50_290940,fixed_k,0.1,matched_reachable_oracle,192,173,2.0,False,target,0.5,1428,124,708,720,669,669,0.4684873949579832,0.9449152542372882,0.4957983193277311,2.0,2.0,0,0,1428,802,0,0
sues,control_25_290940,distance,0.01,full_frozen,384,382,1.0745146531470176,False,control,0.25,1428,162,1428,0,1427,1427,0.9992997198879552,0.9992997198879552,1.0,56.95658263305322,58.0,0,0,1428,203,11,0
sues,control_25_290940,distance,0.01,matched_all_extended,384,382,1.0745146531470176,False,control,0.25,1428,162,1428,0,1427,1427,0.9992997198879552,0.9992997198879552,1.0,56.95658263305322,58.0,0,0,1428,203,11,0
sues,control_25_290940,distance,0.01,matched_reachable_oracle,384,382,1.0745146531470176,False,control,0.25,1428,162,1428,0,1427,1427,0.9992997198879552,0.9992997198879552,1.0,56.95658263305322,58.0,0,0,1428,203,11,0
sues,control_25_290940,distance,0.05,full_frozen,384,366,1.0039368035385787,False,control,0.25,1428,162,1428,0,1395,1395,0.976890756302521,0.976890756302521,1.0,14.106442577030812,12.0,5,0,1423,202,96,5
sues,control_25_290940,distance,0.05,matched_all_extended,384,366,1.0039368035385787,False,control,0.25,1428,162,1428,0,1395,1395,0.976890756302521,0.976890756302521,1.0,14.106442577030812,12.0,5,0,1423,202,96,5
sues,control_25_290940,distance,0.05,matched_reachable_oracle,384,366,1.0039368035385787,False,control,0.25,1428,162,1428,0,1395,1395,0.976890756302521,0.976890756302521,1.0,14.106442577030812,12.0,5,0,1423,202,96,5
sues,control_25_290940,distance,0.1,full_frozen,384,347,0.9648130374432573,False,control,0.25,1428,162,1428,0,1344,1344,0.9411764705882353,0.9411764705882353,1.0,6.132352941176471,5.0,38,0,1390,188,283,10
sues,control_25_290940,distance,0.1,matched_all_extended,384,347,0.9648130374432573,False,control,0.25,1428,162,1428,0,1344,1344,0.9411764705882353,0.9411764705882353,1.0,6.132352941176471,5.0,38,0,1390,188,283,10
sues,control_25_290940,distance,0.1,matched_reachable_oracle,384,347,0.9648130374432573,False,control,0.25,1428,162,1428,0,1344,1344,0.9411764705882353,0.9411764705882353,1.0,6.132352941176471,5.0,38,0,1390,188,283,10
sues,control_25_290940,aps_raw,0.01,full_frozen,384,382,10.18556222022997,False,control,0.25,1428,162,1428,0,1407,1407,0.9852941176470589,0.9852941176470589,1.0,19.698879551820728,20.0,0,0,1428,203,0,0
sues,control_25_290940,aps_raw,0.01,matched_all_extended,384,382,8.23190628182332,False,control,0.25,1428,162,1428,0,1404,1404,0.9831932773109243,0.9831932773109243,1.0,15.771008403361344,16.0,0,0,1428,203,0,0
sues,control_25_290940,aps_raw,0.01,matched_reachable_oracle,384,382,8.23190628182332,False,control,0.25,1428,162,1428,0,1404,1404,0.9831932773109243,0.9831932773109243,1.0,15.771008403361344,16.0,0,0,1428,203,0,0
sues,control_25_290940,aps_raw,0.05,full_frozen,384,366,2.5621897846746147,False,control,0.25,1428,162,1428,0,1362,1362,0.9537815126050421,0.9537815126050421,1.0,4.2478991596638656,4.0,0,0,1428,203,0,0
sues,control_25_290940,aps_raw,0.05,matched_all_extended,384,366,2.048357404914834,False,control,0.25,1428,162,1428,0,1341,1341,0.9390756302521008,0.9390756302521008,1.0,3.1862745098039214,3.0,0,0,1428,203,0,0
sues,control_25_290940,aps_raw,0.05,matched_reachable_oracle,384,366,2.048357404914834,False,control,0.25,1428,162,1428,0,1341,1341,0.9390756302521008,0.9390756302521008,1.0,3.1862745098039214,3.0,0,0,1428,203,0,0
sues,control_25_290940,aps_raw,0.1,full_frozen,384,347,1.5631376229375706,False,control,0.25,1428,162,1428,0,1313,1313,0.9194677871148459,0.9194677871148459,1.0,2.2983193277310923,2.0,0,0,1428,203,0,0
sues,control_25_290940,aps_raw,0.1,matched_all_extended,384,347,1.1315845311147004,False,control,0.25,1428,162,1428,0,1298,1298,0.9089635854341737,0.9089635854341737,1.0,1.9369747899159664,2.0,0,0,1428,203,90,4
sues,control_25_290940,aps_raw,0.1,matched_reachable_oracle,384,347,1.1315845311147004,False,control,0.25,1428,162,1428,0,1298,1298,0.9089635854341737,0.9089635854341737,1.0,1.9369747899159664,2.0,0,0,1428,203,90,4
sues,control_25_290940,fixed_k,0.01,full_frozen,384,381,18.0,False,control,0.25,1428,162,1428,0,1406,1406,0.9845938375350141,0.9845938375350141,1.0,18.0,18.0,0,0,1428,203,0,0
sues,control_25_290940,fixed_k,0.01,matched_all_extended,384,381,15.0,False,control,0.25,1428,162,1428,0,1404,1404,0.9831932773109243,0.9831932773109243,1.0,15.0,15.0,0,0,1428,203,0,0
sues,control_25_290940,fixed_k,0.01,matched_reachable_oracle,384,381,15.0,False,control,0.25,1428,162,1428,0,1404,1404,0.9831932773109243,0.9831932773109243,1.0,15.0,15.0,0,0,1428,203,0,0
sues,control_25_290940,fixed_k,0.05,full_frozen,384,365,5.0,False,control,0.25,1428,162,1428,0,1366,1366,0.9565826330532213,0.9565826330532213,1.0,5.0,5.0,0,0,1428,203,0,0
sues,control_25_290940,fixed_k,0.05,matched_all_extended,384,365,3.0,False,control,0.25,1428,162,1428,0,1337,1337,0.9362745098039216,0.9362745098039216,1.0,3.0,3.0,0,0,1428,203,0,0
sues,control_25_290940,fixed_k,0.05,matched_reachable_oracle,384,365,3.0,False,control,0.25,1428,162,1428,0,1337,1337,0.9362745098039216,0.9362745098039216,1.0,3.0,3.0,0,0,1428,203,0,0
sues,control_25_290940,fixed_k,0.1,full_frozen,384,346,3.0,False,control,0.25,1428,162,1428,0,1337,1337,0.9362745098039216,0.9362745098039216,1.0,3.0,3.0,0,0,1428,203,0,0
sues,control_25_290940,fixed_k,0.1,matched_all_extended,384,346,2.0,False,control,0.25,1428,162,1428,0,1302,1302,0.9117647058823529,0.9117647058823529,1.0,2.0,2.0,0,0,1428,203,0,0
sues,control_25_290940,fixed_k,0.1,matched_reachable_oracle,384,346,2.0,False,control,0.25,1428,162,1428,0,1302,1302,0.9117647058823529,0.9117647058823529,1.0,2.0,2.0,0,0,1428,203,0,0
sues,target_25_290941,distance,0.01,full_frozen,384,382,1.0745146531470176,False,target,0.25,1428,162,1068,360,1067,1067,0.7471988795518207,0.9990636704119851,0.7478991596638656,56.65266106442577,58.0,0,0,1428,535,11,0
sues,target_25_290941,distance,0.01,matched_all_extended,384,382,,True,target,0.25,1428,162,1068,360,1068,1068,0.7478991596638656,1.0,0.7478991596638656,162.0,162.0,0,1428,1428,535,0,0
sues,target_25_290941,distance,0.01,matched_reachable_oracle,288,287,1.0570667156131563,False,target,0.25,1428,162,1068,360,1065,1065,0.7457983193277311,0.9971910112359551,0.7478991596638656,41.21568627450981,41.0,1,0,1427,534,23,2
sues,target_25_290941,distance,0.05,full_frozen,384,366,1.0039368035385787,False,target,0.25,1428,162,1068,360,1042,1042,0.7296918767507002,0.9756554307116105,0.7478991596638656,13.88375350140056,13.0,9,0,1419,528,76,18
sues,target_25_290941,distance,0.05,matched_all_extended,384,366,,True,target,0.25,1428,162,1068,360,1068,1068,0.7478991596638656,1.0,0.7478991596638656,162.0,162.0,0,1428,1428,535,0,0
sues,target_25_290941,distance,0.05,matched_reachable_oracle,288,275,1.000407446433007,False,target,0.25,1428,162,1068,360,1039,1039,0.7275910364145658,0.9728464419475655,0.7478991596638656,12.849439775910364,11.0,13,0,1415,524,85,21
sues,target_25_290941,distance,0.1,full_frozen,384,347,0.9648130374432573,False,target,0.25,1428,162,1068,360,1002,1002,0.7016806722689075,0.9382022471910112,0.7478991596638656,5.876050420168068,4.0,90,0,1338,459,223,53
sues,target_25_290941,distance,0.1,matched_all_extended,384,347,,True,target,0.25,1428,162,1068,360,1068,1068,0.7478991596638656,1.0,0.7478991596638656,162.0,162.0,0,1428,1428,535,0,0
sues,target_25_290941,distance,0.1,matched_reachable_oracle,288,261,0.9598186001536033,False,target,0.25,1428,162,1068,360,994,994,0.696078431372549,0.9307116104868914,0.7478991596638656,5.239495798319328,4.0,110,0,1318,441,254,51
sues,target_25_290941,aps_raw,0.01,full_frozen,384,382,10.18556222022997,False,target,0.25,1428,162,1068,360,1051,1051,0.7359943977591037,0.9840823970037453,0.7478991596638656,19.723389355742295,20.0,0,0,1428,535,0,0
sues,target_25_290941,aps_raw,0.01,matched_all_extended,384,382,,True,target,0.25,1428,162,1068,360,1068,1068,0.7478991596638656,1.0,0.7478991596638656,162.0,162.0,0,1428,1428,535,0,0
sues,target_25_290941,aps_raw,0.01,matched_reachable_oracle,288,287,8.076780393691616,False,target,0.25,1428,162,1068,360,1048,1048,0.7338935574229691,0.9812734082397003,0.7478991596638656,15.42296918767507,15.0,0,0,1428,535,0,0
sues,target_25_290941,aps_raw,0.05,full_frozen,384,366,2.5621897846746147,False,target,0.25,1428,162,1068,360,1007,1007,0.7051820728291317,0.9428838951310862,0.7478991596638656,4.3200280112044815,4.0,0,0,1428,535,0,0
sues,target_25_290941,aps_raw,0.05,matched_all_extended,384,366,,True,target,0.25,1428,162,1068,360,1068,1068,0.7478991596638656,1.0,0.7478991596638656,162.0,162.0,0,1428,1428,535,0,0
sues,target_25_290941,aps_raw,0.05,matched_reachable_oracle,288,275,2.0944311489066743,False,target,0.25,1428,162,1068,360,1003,1003,0.7023809523809523,0.9391385767790262,0.7478991596638656,3.5252100840336134,4.0,0,0,1428,535,0,0
sues,target_25_290941,aps_raw,0.1,full_frozen,384,347,1.5631376229375706,False,target,0.25,1428,162,1068,360,978,978,0.6848739495798319,0.9157303370786517,0.7478991596638656,2.3865546218487395,2.0,0,0,1428,535,0,0
sues,target_25_290941,aps_raw,0.1,matched_all_extended,384,347,,True,target,0.25,1428,162,1068,360,1068,1068,0.7478991596638656,1.0,0.7478991596638656,162.0,162.0,0,1428,1428,535,0,0
sues,target_25_290941,aps_raw,0.1,matched_reachable_oracle,288,261,1.4948020530301473,False,target,0.25,1428,162,1068,360,969,969,0.6785714285714286,0.9073033707865169,0.7478991596638656,2.0217086834733893,2.0,0,0,1428,535,0,0
sues,target_25_290941,fixed_k,0.01,full_frozen,384,381,18.0,False,target,0.25,1428,162,1068,360,1051,1051,0.7359943977591037,0.9840823970037453,0.7478991596638656,18.0,18.0,0,0,1428,535,0,0
sues,target_25_290941,fixed_k,0.01,matched_all_extended,384,381,,True,target,0.25,1428,162,1068,360,1068,1068,0.7478991596638656,1.0,0.7478991596638656,162.0,162.0,0,1428,1428,535,0,0
sues,target_25_290941,fixed_k,0.01,matched_reachable_oracle,288,286,14.0,False,target,0.25,1428,162,1068,360,1047,1047,0.7331932773109243,0.9803370786516854,0.7478991596638656,14.0,14.0,0,0,1428,535,0,0
sues,target_25_290941,fixed_k,0.05,full_frozen,384,365,5.0,False,target,0.25,1428,162,1068,360,1015,1015,0.7107843137254902,0.950374531835206,0.7478991596638656,5.0,5.0,0,0,1428,535,0,0
sues,target_25_290941,fixed_k,0.05,matched_all_extended,384,365,,True,target,0.25,1428,162,1068,360,1068,1068,0.7478991596638656,1.0,0.7478991596638656,162.0,162.0,0,1428,1428,535,0,0
sues,target_25_290941,fixed_k,0.05,matched_reachable_oracle,288,274,4.0,False,target,0.25,1428,162,1068,360,1006,1006,0.7044817927170869,0.9419475655430711,0.7478991596638656,4.0,4.0,0,0,1428,535,0,0
sues,target_25_290941,fixed_k,0.1,full_frozen,384,346,3.0,False,target,0.25,1428,162,1068,360,994,994,0.696078431372549,0.9307116104868914,0.7478991596638656,3.0,3.0,0,0,1428,535,0,0
sues,target_25_290941,fixed_k,0.1,matched_all_extended,384,346,,True,target,0.25,1428,162,1068,360,1068,1068,0.7478991596638656,1.0,0.7478991596638656,162.0,162.0,0,1428,1428,535,0,0
sues,target_25_290941,fixed_k,0.1,matched_reachable_oracle,288,260,3.0,False,target,0.25,1428,162,1068,360,994,994,0.696078431372549,0.9307116104868914,0.7478991596638656,3.0,3.0,0,0,1428,535,0,0
sues,target_50_290941,distance,0.01,full_frozen,384,382,1.0745146531470176,False,target,0.5,1428,124,708,720,707,707,0.4950980392156863,0.998587570621469,0.4957983193277311,43.67016806722689,44.0,0,0,1428,817,14,0
sues,target_50_290941,distance,0.01,matched_all_extended,384,382,,True,target,0.5,1428,124,708,720,708,708,0.4957983193277311,1.0,0.4957983193277311,124.0,124.0,0,1428,1428,817,0,0
sues,target_50_290941,distance,0.01,matched_reachable_oracle,192,192,1.0573269670660215,False,target,0.5,1428,124,708,720,705,705,0.49369747899159666,0.9957627118644068,0.4957983193277311,32.03501400560224,32.0,2,0,1426,815,24,1
sues,target_50_290941,distance,0.05,full_frozen,384,366,1.0039368035385787,False,target,0.5,1428,124,708,720,689,689,0.48249299719887956,0.9731638418079096,0.4957983193277311,10.925070028011204,9.0,24,0,1404,795,87,26
sues,target_50_290941,distance,0.05,matched_all_extended,384,366,,True,target,0.5,1428,124,708,720,708,708,0.4957983193277311,1.0,0.4957983193277311,124.0,124.0,0,1428,1428,817,0,0
sues,target_50_290941,distance,0.05,matched_reachable_oracle,192,184,1.01726006663229,False,target,0.5,1428,124,708,720,694,694,0.48599439775910364,0.980225988700565,0.4957983193277311,14.410364145658264,13.0,7,0,1421,810,60,16
sues,target_50_290941,distance,0.1,full_frozen,384,347,0.9648130374432573,False,target,0.5,1428,124,708,720,663,663,0.4642857142857143,0.9364406779661016,0.4957983193277311,4.630252100840337,3.0,145,0,1283,685,260,112
sues,target_50_290941,distance,0.1,matched_all_extended,384,347,,True,target,0.5,1428,124,708,720,708,708,0.4957983193277311,1.0,0.4957983193277311,124.0,124.0,0,1428,1428,817,0,0
sues,target_50_290941,distance,0.1,matched_reachable_oracle,192,174,0.9817341751860371,False,target,0.5,1428,124,708,720,672,672,0.47058823529411764,0.9491525423728814,0.4957983193277311,6.7366946778711485,5.0,83,0,1345,744,175,80
sues,target_50_290941,aps_raw,0.01,full_frozen,384,382,10.18556222022997,False,target,0.5,1428,124,708,720,700,700,0.49019607843137253,0.9887005649717514,0.4957983193277311,19.836834733893557,20.0,0,0,1428,817,0,0
sues,target_50_290941,aps_raw,0.01,matched_all_extended,384,382,,True,target,0.5,1428,124,708,720,708,708,0.4957983193277311,1.0,0.4957983193277311,124.0,124.0,0,1428,1428,817,0,0
sues,target_50_290941,aps_raw,0.01,matched_reachable_oracle,192,192,11.520112987598052,False,target,0.5,1428,124,708,720,701,701,0.49089635854341734,0.9901129943502824,0.4957983193277311,22.545518207282914,23.0,0,0,1428,817,0,0
sues,target_50_290941,aps_raw,0.05,full_frozen,384,366,2.5621897846746147,False,target,0.5,1428,124,708,720,681,681,0.47689075630252103,0.961864406779661,0.4957983193277311,4.418067226890757,4.0,0,0,1428,817,0,0
sues,target_50_290941,aps_raw,0.05,matched_all_extended,384,366,,True,target,0.5,1428,124,708,720,708,708,0.4957983193277311,1.0,0.4957983193277311,124.0,124.0,0,1428,1428,817,0,0
sues,target_50_290941,aps_raw,0.05,matched_reachable_oracle,192,184,2.537942644529431,False,target,0.5,1428,124,708,720,681,681,0.47689075630252103,0.961864406779661,0.4957983193277311,4.257703081232493,4.0,0,0,1428,817,0,0
sues,target_50_290941,aps_raw,0.1,full_frozen,384,347,1.5631376229375706,False,target,0.5,1428,124,708,720,661,661,0.46288515406162467,0.9336158192090396,0.4957983193277311,2.5056022408963585,3.0,0,0,1428,817,0,0
sues,target_50_290941,aps_raw,0.1,matched_all_extended,384,347,,True,target,0.5,1428,124,708,720,708,708,0.4957983193277311,1.0,0.4957983193277311,124.0,124.0,0,1428,1428,817,0,0
sues,target_50_290941,aps_raw,0.1,matched_reachable_oracle,192,174,1.5606230861157881,False,target,0.5,1428,124,708,720,661,661,0.46288515406162467,0.9336158192090396,0.4957983193277311,2.484593837535014,2.0,0,0,1428,817,0,0
sues,target_50_290941,fixed_k,0.01,full_frozen,384,381,18.0,False,target,0.5,1428,124,708,720,698,698,0.4887955182072829,0.9858757062146892,0.4957983193277311,18.0,18.0,0,0,1428,817,0,0
sues,target_50_290941,fixed_k,0.01,matched_all_extended,384,381,,True,target,0.5,1428,124,708,720,708,708,0.4957983193277311,1.0,0.4957983193277311,124.0,124.0,0,1428,1428,817,0,0
sues,target_50_290941,fixed_k,0.01,matched_reachable_oracle,192,191,13.0,False,target,0.5,1428,124,708,720,697,697,0.4880952380952381,0.9844632768361582,0.4957983193277311,13.0,13.0,0,0,1428,817,0,0
sues,target_50_290941,fixed_k,0.05,full_frozen,384,365,5.0,False,target,0.5,1428,124,708,720,685,685,0.4796918767507003,0.9675141242937854,0.4957983193277311,5.0,5.0,0,0,1428,817,0,0
sues,target_50_290941,fixed_k,0.05,matched_all_extended,384,365,,True,target,0.5,1428,124,708,720,708,708,0.4957983193277311,1.0,0.4957983193277311,124.0,124.0,0,1428,1428,817,0,0
sues,target_50_290941,fixed_k,0.05,matched_reachable_oracle,192,183,4.0,False,target,0.5,1428,124,708,720,681,681,0.47689075630252103,0.961864406779661,0.4957983193277311,4.0,4.0,0,0,1428,817,0,0
sues,target_50_290941,fixed_k,0.1,full_frozen,384,346,3.0,False,target,0.5,1428,124,708,720,670,670,0.469187675070028,0.9463276836158192,0.4957983193277311,3.0,3.0,0,0,1428,817,0,0
sues,target_50_290941,fixed_k,0.1,matched_all_extended,384,346,,True,target,0.5,1428,124,708,720,708,708,0.4957983193277311,1.0,0.4957983193277311,124.0,124.0,0,1428,1428,817,0,0
sues,target_50_290941,fixed_k,0.1,matched_reachable_oracle,192,173,3.0,False,target,0.5,1428,124,708,720,670,670,0.469187675070028,0.9463276836158192,0.4957983193277311,3.0,3.0,0,0,1428,817,0,0
sues,control_25_290941,distance,0.01,full_frozen,384,382,1.0745146531470176,False,control,0.25,1428,162,1428,0,1427,1427,0.9992997198879552,0.9992997198879552,1.0,55.81652661064426,57.0,0,0,1428,209,11,0
sues,control_25_290941,distance,0.01,matched_all_extended,384,382,1.0745146531470176,False,control,0.25,1428,162,1428,0,1427,1427,0.9992997198879552,0.9992997198879552,1.0,55.81652661064426,57.0,0,0,1428,209,11,0
sues,control_25_290941,distance,0.01,matched_reachable_oracle,384,382,1.0745146531470176,False,control,0.25,1428,162,1428,0,1427,1427,0.9992997198879552,0.9992997198879552,1.0,55.81652661064426,57.0,0,0,1428,209,11,0
sues,control_25_290941,distance,0.05,full_frozen,384,366,1.0039368035385787,False,control,0.25,1428,162,1428,0,1395,1395,0.976890756302521,0.976890756302521,1.0,13.796218487394958,12.0,4,0,1424,208,74,3
sues,control_25_290941,distance,0.05,matched_all_extended,384,366,1.0039368035385787,False,control,0.25,1428,162,1428,0,1395,1395,0.976890756302521,0.976890756302521,1.0,13.796218487394958,12.0,4,0,1424,208,74,3
sues,control_25_290941,distance,0.05,matched_reachable_oracle,384,366,1.0039368035385787,False,control,0.25,1428,162,1428,0,1395,1395,0.976890756302521,0.976890756302521,1.0,13.796218487394958,12.0,4,0,1424,208,74,3
sues,control_25_290941,distance,0.1,full_frozen,384,347,0.9648130374432573,False,control,0.25,1428,162,1428,0,1344,1344,0.9411764705882353,0.9411764705882353,1.0,6.079831932773109,4.0,34,0,1394,194,267,15
sues,control_25_290941,distance,0.1,matched_all_extended,384,347,0.9648130374432573,False,control,0.25,1428,162,1428,0,1344,1344,0.9411764705882353,0.9411764705882353,1.0,6.079831932773109,4.0,34,0,1394,194,267,15
sues,control_25_290941,distance,0.1,matched_reachable_oracle,384,347,0.9648130374432573,False,control,0.25,1428,162,1428,0,1344,1344,0.9411764705882353,0.9411764705882353,1.0,6.079831932773109,4.0,34,0,1394,194,267,15
sues,control_25_290941,aps_raw,0.01,full_frozen,384,382,10.18556222022997,False,control,0.25,1428,162,1428,0,1406,1406,0.9845938375350141,0.9845938375350141,1.0,19.705882352941178,20.0,0,0,1428,209,0,0
sues,control_25_290941,aps_raw,0.01,matched_all_extended,384,382,7.748027635004337,False,control,0.25,1428,162,1428,0,1404,1404,0.9831932773109243,0.9831932773109243,1.0,14.814425770308123,15.0,0,0,1428,209,0,0
sues,control_25_290941,aps_raw,0.01,matched_reachable_oracle,384,382,7.748027635004337,False,control,0.25,1428,162,1428,0,1404,1404,0.9831932773109243,0.9831932773109243,1.0,14.814425770308123,15.0,0,0,1428,209,0,0
sues,control_25_290941,aps_raw,0.05,full_frozen,384,366,2.5621897846746147,False,control,0.25,1428,162,1428,0,1365,1365,0.9558823529411765,0.9558823529411765,1.0,4.245098039215686,4.0,0,0,1428,209,0,0
sues,control_25_290941,aps_raw,0.05,matched_all_extended,384,366,2.048357404914834,False,control,0.25,1428,162,1428,0,1344,1344,0.9411764705882353,0.9411764705882353,1.0,3.1785714285714284,3.0,0,0,1428,209,0,0
sues,control_25_290941,aps_raw,0.05,matched_reachable_oracle,384,366,2.048357404914834,False,control,0.25,1428,162,1428,0,1344,1344,0.9411764705882353,0.9411764705882353,1.0,3.1785714285714284,3.0,0,0,1428,209,0,0
sues,control_25_290941,aps_raw,0.1,full_frozen,384,347,1.5631376229375706,False,control,0.25,1428,162,1428,0,1312,1312,0.9187675070028011,0.9187675070028011,1.0,2.2983193277310923,2.0,0,0,1428,209,0,0
sues,control_25_290941,aps_raw,0.1,matched_all_extended,384,347,1.0714996370936414,False,control,0.25,1428,162,1428,0,1259,1259,0.8816526610644257,0.8816526610644257,1.0,1.5133053221288515,2.0,0,0,1428,209,695,63
sues,control_25_290941,aps_raw,0.1,matched_reachable_oracle,384,347,1.0714996370936414,False,control,0.25,1428,162,1428,0,1259,1259,0.8816526610644257,0.8816526610644257,1.0,1.5133053221288515,2.0,0,0,1428,209,695,63
sues,control_25_290941,fixed_k,0.01,full_frozen,384,381,18.0,False,control,0.25,1428,162,1428,0,1406,1406,0.9845938375350141,0.9845938375350141,1.0,18.0,18.0,0,0,1428,209,0,0
sues,control_25_290941,fixed_k,0.01,matched_all_extended,384,381,14.0,False,control,0.25,1428,162,1428,0,1403,1403,0.9824929971988795,0.9824929971988795,1.0,14.0,14.0,0,0,1428,209,0,0
sues,control_25_290941,fixed_k,0.01,matched_reachable_oracle,384,381,14.0,False,control,0.25,1428,162,1428,0,1403,1403,0.9824929971988795,0.9824929971988795,1.0,14.0,14.0,0,0,1428,209,0,0
sues,control_25_290941,fixed_k,0.05,full_frozen,384,365,5.0,False,control,0.25,1428,162,1428,0,1371,1371,0.9600840336134454,0.9600840336134454,1.0,5.0,5.0,0,0,1428,209,0,0
sues,control_25_290941,fixed_k,0.05,matched_all_extended,384,365,4.0,False,control,0.25,1428,162,1428,0,1360,1360,0.9523809523809523,0.9523809523809523,1.0,4.0,4.0,0,0,1428,209,0,0
sues,control_25_290941,fixed_k,0.05,matched_reachable_oracle,384,365,4.0,False,control,0.25,1428,162,1428,0,1360,1360,0.9523809523809523,0.9523809523809523,1.0,4.0,4.0,0,0,1428,209,0,0
sues,control_25_290941,fixed_k,0.1,full_frozen,384,346,3.0,False,control,0.25,1428,162,1428,0,1336,1336,0.9355742296918768,0.9355742296918768,1.0,3.0,3.0,0,0,1428,209,0,0
sues,control_25_290941,fixed_k,0.1,matched_all_extended,384,346,2.0,False,control,0.25,1428,162,1428,0,1299,1299,0.9096638655462185,0.9096638655462185,1.0,2.0,2.0,0,0,1428,209,0,0
sues,control_25_290941,fixed_k,0.1,matched_reachable_oracle,384,346,2.0,False,control,0.25,1428,162,1428,0,1299,1299,0.9096638655462185,0.9096638655462185,1.0,2.0,2.0,0,0,1428,209,0,0
sues,target_25_290942,distance,0.01,full_frozen,384,382,1.0745146531470176,False,target,0.25,1428,162,1068,360,1067,1067,0.7471988795518207,0.9990636704119851,0.7478991596638656,55.72408963585434,57.0,9,0,1419,511,4,2
sues,target_25_290942,distance,0.01,matched_all_extended,384,382,,True,target,0.25,1428,162,1068,360,1068,1068,0.7478991596638656,1.0,0.7478991596638656,162.0,162.0,0,1428,1428,520,0,0
sues,target_25_290942,distance,0.01,matched_reachable_oracle,288,287,1.0821092020443175,False,target,0.25,1428,162,1068,360,1067,1067,0.7471988795518207,0.9990636704119851,0.7478991596638656,63.450280112044815,66.0,8,0,1420,512,2,2
sues,target_25_290942,distance,0.05,full_frozen,384,366,1.0039368035385787,False,target,0.25,1428,162,1068,360,1042,1042,0.7296918767507002,0.9756554307116105,0.7478991596638656,13.642156862745098,12.0,30,0,1398,491,54,15
sues,target_25_290942,distance,0.05,matched_all_extended,384,366,,True,target,0.25,1428,162,1068,360,1068,1068,0.7478991596638656,1.0,0.7478991596638656,162.0,162.0,0,1428,1428,520,0,0
sues,target_25_290942,distance,0.05,matched_reachable_oracle,288,275,1.0222899531094072,False,target,0.25,1428,162,1068,360,1050,1050,0.7352941176470589,0.9831460674157303,0.7478991596638656,20.064425770308123,19.0,20,0,1408,501,26,6
sues,target_25_290942,distance,0.1,full_frozen,384,347,0.9648130374432573,False,target,0.25,1428,162,1068,360,1001,1001,0.7009803921568627,0.9372659176029963,0.7478991596638656,5.88655462184874,5.0,93,0,1335,437,199,45
sues,target_25_290942,distance,0.1,matched_all_extended,384,347,,True,target,0.25,1428,162,1068,360,1068,1068,0.7478991596638656,1.0,0.7478991596638656,162.0,162.0,0,1428,1428,520,0,0
sues,target_25_290942,distance,0.1,matched_reachable_oracle,288,261,0.9761605728216652,False,target,0.25,1428,162,1068,360,1015,1015,0.7107843137254902,0.950374531835206,0.7478991596638656,7.552521008403361,6.0,71,0,1357,455,122,32
sues,target_25_290942,aps_raw,0.01,full_frozen,384,382,10.18556222022997,False,target,0.25,1428,162,1068,360,1048,1048,0.7338935574229691,0.9812734082397003,0.7478991596638656,19.733193277310924,20.0,0,0,1428,520,0,0
sues,target_25_290942,aps_raw,0.01,matched_all_extended,384,382,,True,target,0.25,1428,162,1068,360,1068,1068,0.7478991596638656,1.0,0.7478991596638656,162.0,162.0,0,1428,1428,520,0,0
sues,target_25_290942,aps_raw,0.01,matched_reachable_oracle,288,287,12.025767960566235,False,target,0.25,1428,162,1068,360,1052,1052,0.7366946778711485,0.9850187265917603,0.7478991596638656,23.445378151260503,23.0,0,0,1428,520,0,0
sues,target_25_290942,aps_raw,0.05,full_frozen,384,366,2.5621897846746147,False,target,0.25,1428,162,1068,360,1007,1007,0.7051820728291317,0.9428838951310862,0.7478991596638656,4.299719887955182,4.0,0,0,1428,520,0,0
sues,target_25_290942,aps_raw,0.05,matched_all_extended,384,366,,True,target,0.25,1428,162,1068,360,1068,1068,0.7478991596638656,1.0,0.7478991596638656,162.0,162.0,0,1428,1428,520,0,0
sues,target_25_290942,aps_raw,0.05,matched_reachable_oracle,288,275,2.5621897846746147,False,target,0.25,1428,162,1068,360,1007,1007,0.7051820728291317,0.9428838951310862,0.7478991596638656,4.299719887955182,4.0,0,0,1428,520,0,0
sues,target_25_290942,aps_raw,0.1,full_frozen,384,347,1.5631376229375706,False,target,0.25,1428,162,1068,360,979,979,0.6855742296918768,0.9166666666666666,0.7478991596638656,2.380952380952381,2.0,0,0,1428,520,0,0
sues,target_25_290942,aps_raw,0.1,matched_all_extended,384,347,,True,target,0.25,1428,162,1068,360,1068,1068,0.7478991596638656,1.0,0.7478991596638656,162.0,162.0,0,1428,1428,520,0,0
sues,target_25_290942,aps_raw,0.1,matched_reachable_oracle,288,261,1.5931615388125282,False,target,0.25,1428,162,1068,360,982,982,0.6876750700280112,0.9194756554307116,0.7478991596638656,2.6204481792717087,3.0,0,0,1428,520,0,0
sues,target_25_290942,fixed_k,0.01,full_frozen,384,381,18.0,False,target,0.25,1428,162,1068,360,1047,1047,0.7331932773109243,0.9803370786516854,0.7478991596638656,18.0,18.0,0,0,1428,520,0,0
sues,target_25_290942,fixed_k,0.01,matched_all_extended,384,381,,True,target,0.25,1428,162,1068,360,1068,1068,0.7478991596638656,1.0,0.7478991596638656,162.0,162.0,0,1428,1428,520,0,0
sues,target_25_290942,fixed_k,0.01,matched_reachable_oracle,288,286,19.0,False,target,0.25,1428,162,1068,360,1048,1048,0.7338935574229691,0.9812734082397003,0.7478991596638656,19.0,19.0,0,0,1428,520,0,0
sues,target_25_290942,fixed_k,0.05,full_frozen,384,365,5.0,False,target,0.25,1428,162,1068,360,1015,1015,0.7107843137254902,0.950374531835206,0.7478991596638656,5.0,5.0,0,0,1428,520,0,0
sues,target_25_290942,fixed_k,0.05,matched_all_extended,384,365,,True,target,0.25,1428,162,1068,360,1068,1068,0.7478991596638656,1.0,0.7478991596638656,162.0,162.0,0,1428,1428,520,0,0
sues,target_25_290942,fixed_k,0.05,matched_reachable_oracle,288,274,4.0,False,target,0.25,1428,162,1068,360,1004,1004,0.7030812324929971,0.9400749063670412,0.7478991596638656,4.0,4.0,0,0,1428,520,0,0
sues,target_25_290942,fixed_k,0.1,full_frozen,384,346,3.0,False,target,0.25,1428,162,1068,360,993,993,0.6953781512605042,0.9297752808988764,0.7478991596638656,3.0,3.0,0,0,1428,520,0,0
sues,target_25_290942,fixed_k,0.1,matched_all_extended,384,346,,True,target,0.25,1428,162,1068,360,1068,1068,0.7478991596638656,1.0,0.7478991596638656,162.0,162.0,0,1428,1428,520,0,0
sues,target_25_290942,fixed_k,0.1,matched_reachable_oracle,288,260,3.0,False,target,0.25,1428,162,1068,360,993,993,0.6953781512605042,0.9297752808988764,0.7478991596638656,3.0,3.0,0,0,1428,520,0,0
sues,target_50_290942,distance,0.01,full_frozen,384,382,1.0745146531470176,False,target,0.5,1428,124,708,720,707,707,0.4950980392156863,0.998587570621469,0.4957983193277311,43.48529411764706,44.0,11,0,1417,787,4,2
sues,target_50_290942,distance,0.01,matched_all_extended,384,382,,True,target,0.5,1428,124,708,720,708,708,0.4957983193277311,1.0,0.4957983193277311,124.0,124.0,0,1428,1428,798,0,0
sues,target_50_290942,distance,0.01,matched_reachable_oracle,192,192,1.0573269670660215,False,target,0.5,1428,124,708,720,706,706,0.4943977591036415,0.9971751412429378,0.4957983193277311,31.722689075630253,32.0,12,0,1416,786,18,9
sues,target_50_290942,distance,0.05,full_frozen,384,366,1.0039368035385787,False,target,0.5,1428,124,708,720,693,693,0.4852941176470588,0.9788135593220338,0.4957983193277311,10.63795518207283,9.0,54,0,1374,745,90,51
sues,target_50_290942,distance,0.05,matched_all_extended,384,366,,True,target,0.5,1428,124,708,720,708,708,0.4957983193277311,1.0,0.4957983193277311,124.0,124.0,0,1428,1428,798,0,0
sues,target_50_290942,distance,0.05,matched_reachable_oracle,192,184,1.01726006663229,False,target,0.5,1428,124,708,720,698,698,0.4887955182072829,0.9858757062146892,0.4957983193277311,14.109243697478991,13.0,36,0,1392,763,61,36
sues,target_50_290942,distance,0.1,full_frozen,384,347,0.9648130374432573,False,target,0.5,1428,124,708,720,665,665,0.46568627450980393,0.9392655367231638,0.4957983193277311,4.579131652661064,3.0,167,0,1261,639,239,88
sues,target_50_290942,distance,0.1,matched_all_extended,384,347,,True,target,0.5,1428,124,708,720,708,708,0.4957983193277311,1.0,0.4957983193277311,124.0,124.0,0,1428,1428,798,0,0
sues,target_50_290942,distance,0.1,matched_reachable_oracle,192,174,0.9702934089454813,False,target,0.5,1428,124,708,720,668,668,0.4677871148459384,0.943502824858757,0.4957983193277311,5.152661064425771,4.0,149,0,1279,656,210,82
sues,target_50_290942,aps_raw,0.01,full_frozen,384,382,10.18556222022997,False,target,0.5,1428,124,708,720,705,705,0.49369747899159666,0.9957627118644068,0.4957983193277311,19.863445378151262,20.0,0,0,1428,798,0,0
sues,target_50_290942,aps_raw,0.01,matched_all_extended,384,382,,True,target,0.5,1428,124,708,720,708,708,0.4957983193277311,1.0,0.4957983193277311,124.0,124.0,0,1428,1428,798,0,0
sues,target_50_290942,aps_raw,0.01,matched_reachable_oracle,192,192,11.527226073392736,False,target,0.5,1428,124,708,720,705,705,0.49369747899159666,0.9957627118644068,0.4957983193277311,22.557422969187677,23.0,0,0,1428,798,0,0
sues,target_50_290942,aps_raw,0.05,full_frozen,384,366,2.5621897846746147,False,target,0.5,1428,124,708,720,684,684,0.4789915966386555,0.9661016949152542,0.4957983193277311,4.402661064425771,4.0,0,0,1428,798,0,0
sues,target_50_290942,aps_raw,0.05,matched_all_extended,384,366,,True,target,0.5,1428,124,708,720,708,708,0.4957983193277311,1.0,0.4957983193277311,124.0,124.0,0,1428,1428,798,0,0
sues,target_50_290942,aps_raw,0.05,matched_reachable_oracle,192,184,2.0944311489066743,False,target,0.5,1428,124,708,720,677,677,0.4740896358543417,0.9562146892655368,0.4957983193277311,3.6624649859943976,4.0,0,0,1428,798,0,0
sues,target_50_290942,aps_raw,0.1,full_frozen,384,347,1.5631376229375706,False,target,0.5,1428,124,708,720,666,666,0.46638655462184875,0.940677966101695,0.4957983193277311,2.507002801120448,3.0,0,0,1428,798,0,0
sues,target_50_290942,aps_raw,0.1,matched_all_extended,384,347,,True,target,0.5,1428,124,708,720,708,708,0.4957983193277311,1.0,0.4957983193277311,124.0,124.0,0,1428,1428,798,0,0
sues,target_50_290942,aps_raw,0.1,matched_reachable_oracle,192,174,1.1007643906567135,False,target,0.5,1428,124,708,720,662,662,0.4635854341736695,0.9350282485875706,0.4957983193277311,1.9068627450980393,2.0,0,0,1428,798,133,13
sues,target_50_290942,fixed_k,0.01,full_frozen,384,381,18.0,False,target,0.5,1428,124,708,720,703,703,0.49229691876750703,0.9929378531073446,0.4957983193277311,18.0,18.0,0,0,1428,798,0,0
sues,target_50_290942,fixed_k,0.01,matched_all_extended,384,381,,True,target,0.5,1428,124,708,720,708,708,0.4957983193277311,1.0,0.4957983193277311,124.0,124.0,0,1428,1428,798,0,0
sues,target_50_290942,fixed_k,0.01,matched_reachable_oracle,192,191,14.0,False,target,0.5,1428,124,708,720,701,701,0.49089635854341734,0.9901129943502824,0.4957983193277311,14.0,14.0,0,0,1428,798,0,0
sues,target_50_290942,fixed_k,0.05,full_frozen,384,365,5.0,False,target,0.5,1428,124,708,720,687,687,0.4810924369747899,0.9703389830508474,0.4957983193277311,5.0,5.0,0,0,1428,798,0,0
sues,target_50_290942,fixed_k,0.05,matched_all_extended,384,365,,True,target,0.5,1428,124,708,720,708,708,0.4957983193277311,1.0,0.4957983193277311,124.0,124.0,0,1428,1428,798,0,0
sues,target_50_290942,fixed_k,0.05,matched_reachable_oracle,192,183,4.0,False,target,0.5,1428,124,708,720,680,680,0.47619047619047616,0.96045197740113,0.4957983193277311,4.0,4.0,0,0,1428,798,0,0
sues,target_50_290942,fixed_k,0.1,full_frozen,384,346,3.0,False,target,0.5,1428,124,708,720,672,672,0.47058823529411764,0.9491525423728814,0.4957983193277311,3.0,3.0,0,0,1428,798,0,0
sues,target_50_290942,fixed_k,0.1,matched_all_extended,384,346,,True,target,0.5,1428,124,708,720,708,708,0.4957983193277311,1.0,0.4957983193277311,124.0,124.0,0,1428,1428,798,0,0
sues,target_50_290942,fixed_k,0.1,matched_reachable_oracle,192,173,2.0,False,target,0.5,1428,124,708,720,662,662,0.4635854341736695,0.9350282485875706,0.4957983193277311,2.0,2.0,0,0,1428,798,0,0
sues,control_25_290942,distance,0.01,full_frozen,384,382,1.0745146531470176,False,control,0.25,1428,162,1428,0,1427,1427,0.9992997198879552,0.9992997198879552,1.0,55.76890756302521,57.0,0,0,1428,203,11,0
sues,control_25_290942,distance,0.01,matched_all_extended,384,382,1.0745146531470176,False,control,0.25,1428,162,1428,0,1427,1427,0.9992997198879552,0.9992997198879552,1.0,55.76890756302521,57.0,0,0,1428,203,11,0
sues,control_25_290942,distance,0.01,matched_reachable_oracle,384,382,1.0745146531470176,False,control,0.25,1428,162,1428,0,1427,1427,0.9992997198879552,0.9992997198879552,1.0,55.76890756302521,57.0,0,0,1428,203,11,0
sues,control_25_290942,distance,0.05,full_frozen,384,366,1.0039368035385787,False,control,0.25,1428,162,1428,0,1395,1395,0.976890756302521,0.976890756302521,1.0,13.544117647058824,12.0,4,0,1424,202,91,4
sues,control_25_290942,distance,0.05,matched_all_extended,384,366,1.0039368035385787,False,control,0.25,1428,162,1428,0,1395,1395,0.976890756302521,0.976890756302521,1.0,13.544117647058824,12.0,4,0,1424,202,91,4
sues,control_25_290942,distance,0.05,matched_reachable_oracle,384,366,1.0039368035385787,False,control,0.25,1428,162,1428,0,1395,1395,0.976890756302521,0.976890756302521,1.0,13.544117647058824,12.0,4,0,1424,202,91,4
sues,control_25_290942,distance,0.1,full_frozen,384,347,0.9648130374432573,False,control,0.25,1428,162,1428,0,1344,1344,0.9411764705882353,0.9411764705882353,1.0,5.927170868347339,4.0,37,0,1391,188,268,13
sues,control_25_290942,distance,0.1,matched_all_extended,384,347,0.9648130374432573,False,control,0.25,1428,162,1428,0,1344,1344,0.9411764705882353,0.9411764705882353,1.0,5.927170868347339,4.0,37,0,1391,188,268,13
sues,control_25_290942,distance,0.1,matched_reachable_oracle,384,347,0.9648130374432573,False,control,0.25,1428,162,1428,0,1344,1344,0.9411764705882353,0.9411764705882353,1.0,5.927170868347339,4.0,37,0,1391,188,268,13
sues,control_25_290942,aps_raw,0.01,full_frozen,384,382,10.18556222022997,False,control,0.25,1428,162,1428,0,1408,1408,0.9859943977591037,0.9859943977591037,1.0,19.71358543417367,20.0,0,0,1428,203,0,0
sues,control_25_290942,aps_raw,0.01,matched_all_extended,384,382,7.265519272291141,False,control,0.25,1428,162,1428,0,1403,1403,0.9824929971988795,0.9824929971988795,1.0,13.86484593837535,14.0,0,0,1428,203,0,0
sues,control_25_290942,aps_raw,0.01,matched_reachable_oracle,384,382,7.265519272291141,False,control,0.25,1428,162,1428,0,1403,1403,0.9824929971988795,0.9824929971988795,1.0,13.86484593837535,14.0,0,0,1428,203,0,0
sues,control_25_290942,aps_raw,0.05,full_frozen,384,366,2.5621897846746147,False,control,0.25,1428,162,1428,0,1366,1366,0.9565826330532213,0.9565826330532213,1.0,4.2443977591036415,4.0,0,0,1428,203,0,0
sues,control_25_290942,aps_raw,0.05,matched_all_extended,384,366,2.071523904007738,False,control,0.25,1428,162,1428,0,1346,1346,0.9425770308123249,0.9425770308123249,1.0,3.3116246498599438,3.0,0,0,1428,203,0,0
sues,control_25_290942,aps_raw,0.05,matched_reachable_oracle,384,366,2.071523904007738,False,control,0.25,1428,162,1428,0,1346,1346,0.9425770308123249,0.9425770308123249,1.0,3.3116246498599438,3.0,0,0,1428,203,0,0
sues,control_25_290942,aps_raw,0.1,full_frozen,384,347,1.5631376229375706,False,control,0.25,1428,162,1428,0,1312,1312,0.9187675070028011,0.9187675070028011,1.0,2.2969187675070026,2.0,0,0,1428,203,0,0
sues,control_25_290942,aps_raw,0.1,matched_all_extended,384,347,1.0792484218842358,False,control,0.25,1428,162,1428,0,1271,1271,0.8900560224089635,0.8900560224089635,1.0,1.5854341736694677,2.0,0,0,1428,203,592,51
sues,control_25_290942,aps_raw,0.1,matched_reachable_oracle,384,347,1.0792484218842358,False,control,0.25,1428,162,1428,0,1271,1271,0.8900560224089635,0.8900560224089635,1.0,1.5854341736694677,2.0,0,0,1428,203,592,51
sues,control_25_290942,fixed_k,0.01,full_frozen,384,381,18.0,False,control,0.25,1428,162,1428,0,1406,1406,0.9845938375350141,0.9845938375350141,1.0,18.0,18.0,0,0,1428,203,0,0
sues,control_25_290942,fixed_k,0.01,matched_all_extended,384,381,14.0,False,control,0.25,1428,162,1428,0,1403,1403,0.9824929971988795,0.9824929971988795,1.0,14.0,14.0,0,0,1428,203,0,0
sues,control_25_290942,fixed_k,0.01,matched_reachable_oracle,384,381,14.0,False,control,0.25,1428,162,1428,0,1403,1403,0.9824929971988795,0.9824929971988795,1.0,14.0,14.0,0,0,1428,203,0,0
sues,control_25_290942,fixed_k,0.05,full_frozen,384,365,5.0,False,control,0.25,1428,162,1428,0,1371,1371,0.9600840336134454,0.9600840336134454,1.0,5.0,5.0,0,0,1428,203,0,0
sues,control_25_290942,fixed_k,0.05,matched_all_extended,384,365,4.0,False,control,0.25,1428,162,1428,0,1361,1361,0.9530812324929971,0.9530812324929971,1.0,4.0,4.0,0,0,1428,203,0,0
sues,control_25_290942,fixed_k,0.05,matched_reachable_oracle,384,365,4.0,False,control,0.25,1428,162,1428,0,1361,1361,0.9530812324929971,0.9530812324929971,1.0,4.0,4.0,0,0,1428,203,0,0
sues,control_25_290942,fixed_k,0.1,full_frozen,384,346,3.0,False,control,0.25,1428,162,1428,0,1336,1336,0.9355742296918768,0.9355742296918768,1.0,3.0,3.0,0,0,1428,203,0,0
sues,control_25_290942,fixed_k,0.1,matched_all_extended,384,346,2.0,False,control,0.25,1428,162,1428,0,1303,1303,0.9124649859943977,0.9124649859943977,1.0,2.0,2.0,0,0,1428,203,0,0
sues,control_25_290942,fixed_k,0.1,matched_reachable_oracle,384,346,2.0,False,control,0.25,1428,162,1428,0,1303,1303,0.9124649859943977,0.9124649859943977,1.0,2.0,2.0,0,0,1428,203,0,0
sues,target_25_290943,distance,0.01,full_frozen,384,382,1.0745146531470176,False,target,0.25,1428,162,1068,360,1067,1067,0.7471988795518207,0.9990636704119851,0.7478991596638656,56.95378151260504,59.0,2,0,1426,517,10,1
sues,target_25_290943,distance,0.01,matched_all_extended,384,382,,True,target,0.25,1428,162,1068,360,1068,1068,0.7478991596638656,1.0,0.7478991596638656,162.0,162.0,0,1428,1428,519,0,0
sues,target_25_290943,distance,0.01,matched_reachable_oracle,288,287,1.0821092020443175,False,target,0.25,1428,162,1068,360,1067,1067,0.7471988795518207,0.9990636704119851,0.7478991596638656,64.61274509803921,67.5,0,0,1428,519,9,1
sues,target_25_290943,distance,0.05,full_frozen,384,366,1.0039368035385787,False,target,0.25,1428,162,1068,360,1035,1035,0.7247899159663865,0.9691011235955056,0.7478991596638656,13.981092436974789,12.0,30,0,1398,492,53,14
sues,target_25_290943,distance,0.05,matched_all_extended,384,366,,True,target,0.25,1428,162,1068,360,1068,1068,0.7478991596638656,1.0,0.7478991596638656,162.0,162.0,0,1428,1428,519,0,0
sues,target_25_290943,distance,0.05,matched_reachable_oracle,288,275,1.0222899531094072,False,target,0.25,1428,162,1068,360,1046,1046,0.7324929971988795,0.9794007490636704,0.7478991596638656,20.65546218487395,19.0,20,0,1408,500,26,4
sues,target_25_290943,distance,0.1,full_frozen,384,347,0.9648130374432573,False,target,0.25,1428,162,1068,360,992,992,0.6946778711484594,0.9288389513108615,0.7478991596638656,5.932072829131653,4.0,95,0,1333,438,194,51
sues,target_25_290943,distance,0.1,matched_all_extended,384,347,,True,target,0.25,1428,162,1068,360,1068,1068,0.7478991596638656,1.0,0.7478991596638656,162.0,162.0,0,1428,1428,519,0,0
sues,target_25_290943,distance,0.1,matched_reachable_oracle,288,261,0.9761605728216652,False,target,0.25,1428,162,1068,360,1004,1004,0.7030812324929971,0.9400749063670412,0.7478991596638656,7.583333333333333,6.0,71,0,1357,459,127,39
sues,target_25_290943,aps_raw,0.01,full_frozen,384,382,10.18556222022997,False,target,0.25,1428,162,1068,360,1046,1046,0.7324929971988795,0.9794007490636704,0.7478991596638656,19.73389355742297,20.0,0,0,1428,519,0,0
sues,target_25_290943,aps_raw,0.01,matched_all_extended,384,382,,True,target,0.25,1428,162,1068,360,1068,1068,0.7478991596638656,1.0,0.7478991596638656,162.0,162.0,0,1428,1428,519,0,0
sues,target_25_290943,aps_raw,0.01,matched_reachable_oracle,288,287,11.551015495441382,False,target,0.25,1428,162,1068,360,1049,1049,0.7345938375350141,0.9822097378277154,0.7478991596638656,22.47689075630252,22.0,0,0,1428,519,0,0
sues,target_25_290943,aps_raw,0.05,full_frozen,384,366,2.5621897846746147,False,target,0.25,1428,162,1068,360,1009,1009,0.7065826330532213,0.9447565543071161,0.7478991596638656,4.299019607843137,4.0,0,0,1428,519,0,0
sues,target_25_290943,aps_raw,0.05,matched_all_extended,384,366,,True,target,0.25,1428,162,1068,360,1068,1068,0.7478991596638656,1.0,0.7478991596638656,162.0,162.0,0,1428,1428,519,0,0
sues,target_25_290943,aps_raw,0.05,matched_reachable_oracle,288,275,2.582944454834146,False,target,0.25,1428,162,1068,360,1011,1011,0.707983193277311,0.9466292134831461,0.7478991596638656,4.392156862745098,4.0,0,0,1428,519,0,0
sues,target_25_290943,aps_raw,0.1,full_frozen,384,347,1.5631376229375706,False,target,0.25,1428,162,1068,360,980,980,0.6862745098039216,0.9176029962546817,0.7478991596638656,2.3564425770308124,2.0,0,0,1428,519,0,0
sues,target_25_290943,aps_raw,0.1,matched_all_extended,384,347,,True,target,0.25,1428,162,1068,360,1068,1068,0.7478991596638656,1.0,0.7478991596638656,162.0,162.0,0,1428,1428,519,0,0
sues,target_25_290943,aps_raw,0.1,matched_reachable_oracle,288,261,1.5935840449188299,False,target,0.25,1428,162,1068,360,986,986,0.6904761904761905,0.9232209737827716,0.7478991596638656,2.6316526610644257,3.0,0,0,1428,519,0,0
sues,target_25_290943,fixed_k,0.01,full_frozen,384,381,18.0,False,target,0.25,1428,162,1068,360,1046,1046,0.7324929971988795,0.9794007490636704,0.7478991596638656,18.0,18.0,0,0,1428,519,0,0
sues,target_25_290943,fixed_k,0.01,matched_all_extended,384,381,,True,target,0.25,1428,162,1068,360,1068,1068,0.7478991596638656,1.0,0.7478991596638656,162.0,162.0,0,1428,1428,519,0,0
sues,target_25_290943,fixed_k,0.01,matched_reachable_oracle,288,286,16.0,False,target,0.25,1428,162,1068,360,1043,1043,0.7303921568627451,0.9765917602996255,0.7478991596638656,16.0,16.0,0,0,1428,519,0,0
sues,target_25_290943,fixed_k,0.05,full_frozen,384,365,5.0,False,target,0.25,1428,162,1068,360,1015,1015,0.7107843137254902,0.950374531835206,0.7478991596638656,5.0,5.0,0,0,1428,519,0,0
sues,target_25_290943,fixed_k,0.05,matched_all_extended,384,365,,True,target,0.25,1428,162,1068,360,1068,1068,0.7478991596638656,1.0,0.7478991596638656,162.0,162.0,0,1428,1428,519,0,0
sues,target_25_290943,fixed_k,0.05,matched_reachable_oracle,288,274,5.0,False,target,0.25,1428,162,1068,360,1015,1015,0.7107843137254902,0.950374531835206,0.7478991596638656,5.0,5.0,0,0,1428,519,0,0
sues,target_25_290943,fixed_k,0.1,full_frozen,384,346,3.0,False,target,0.25,1428,162,1068,360,989,989,0.6925770308123249,0.9260299625468165,0.7478991596638656,3.0,3.0,0,0,1428,519,0,0
sues,target_25_290943,fixed_k,0.1,matched_all_extended,384,346,,True,target,0.25,1428,162,1068,360,1068,1068,0.7478991596638656,1.0,0.7478991596638656,162.0,162.0,0,1428,1428,519,0,0
sues,target_25_290943,fixed_k,0.1,matched_reachable_oracle,288,260,3.0,False,target,0.25,1428,162,1068,360,989,989,0.6925770308123249,0.9260299625468165,0.7478991596638656,3.0,3.0,0,0,1428,519,0,0
sues,target_50_290943,distance,0.01,full_frozen,384,382,1.0745146531470176,False,target,0.5,1428,124,708,720,708,708,0.4957983193277311,1.0,0.4957983193277311,42.906162464986,44.0,2,0,1426,809,13,2
sues,target_50_290943,distance,0.01,matched_all_extended,384,382,,True,target,0.5,1428,124,708,720,708,708,0.4957983193277311,1.0,0.4957983193277311,124.0,124.0,0,1428,1428,811,0,0
sues,target_50_290943,distance,0.01,matched_reachable_oracle,192,192,1.1034752932091096,False,target,0.5,1428,124,708,720,708,708,0.4957983193277311,1.0,0.4957983193277311,67.14005602240897,70.0,0,0,1428,811,1,0
sues,target_50_290943,distance,0.05,full_frozen,384,366,1.0039368035385787,False,target,0.5,1428,124,708,720,687,687,0.4810924369747899,0.9703389830508474,0.4957983193277311,10.443277310924369,9.0,44,0,1384,769,99,43
sues,target_50_290943,distance,0.05,matched_all_extended,384,366,,True,target,0.5,1428,124,708,720,708,708,0.4957983193277311,1.0,0.4957983193277311,124.0,124.0,0,1428,1428,811,0,0
sues,target_50_290943,distance,0.05,matched_reachable_oracle,192,184,1.040265541447891,False,target,0.5,1428,124,708,720,701,701,0.49089635854341734,0.9901129943502824,0.4957983193277311,22.37044817927171,22.0,15,0,1413,796,35,18
sues,target_50_290943,distance,0.1,full_frozen,384,347,0.9648130374432573,False,target,0.5,1428,124,708,720,664,664,0.4649859943977591,0.9378531073446328,0.4957983193277311,4.4033613445378155,3.0,139,0,1289,681,288,126
sues,target_50_290943,distance,0.1,matched_all_extended,384,347,,True,target,0.5,1428,124,708,720,708,708,0.4957983193277311,1.0,0.4957983193277311,124.0,124.0,0,1428,1428,811,0,0
sues,target_50_290943,distance,0.1,matched_reachable_oracle,192,174,1.0017508893292049,False,target,0.5,1428,124,708,720,687,687,0.4810924369747899,0.9703389830508474,0.4957983193277311,9.939775910364146,9.0,46,0,1382,767,103,44
sues,target_50_290943,aps_raw,0.01,full_frozen,384,382,10.18556222022997,False,target,0.5,1428,124,708,720,703,703,0.49229691876750703,0.9929378531073446,0.4957983193277311,19.883053221288517,20.0,0,0,1428,811,0,0
sues,target_50_290943,aps_raw,0.01,matched_all_extended,384,382,,True,target,0.5,1428,124,708,720,708,708,0.4957983193277311,1.0,0.4957983193277311,124.0,124.0,0,1428,1428,811,0,0
sues,target_50_290943,aps_raw,0.01,matched_reachable_oracle,192,192,10.500599496267485,False,target,0.5,1428,124,708,720,703,703,0.49229691876750703,0.9929378531073446,0.4957983193277311,20.469887955182074,20.0,0,0,1428,811,0,0
sues,target_50_290943,aps_raw,0.05,full_frozen,384,366,2.5621897846746147,False,target,0.5,1428,124,708,720,681,681,0.47689075630252103,0.961864406779661,0.4957983193277311,4.4033613445378155,4.0,0,0,1428,811,0,0
sues,target_50_290943,aps_raw,0.05,matched_all_extended,384,366,,True,target,0.5,1428,124,708,720,708,708,0.4957983193277311,1.0,0.4957983193277311,124.0,124.0,0,1428,1428,811,0,0
sues,target_50_290943,aps_raw,0.05,matched_reachable_oracle,192,184,3.039046374543895,False,target,0.5,1428,124,708,720,685,685,0.4796918767507003,0.9675141242937854,0.4957983193277311,5.28641456582633,5.0,0,0,1428,811,0,0
sues,target_50_290943,aps_raw,0.1,full_frozen,384,347,1.5631376229375706,False,target,0.5,1428,124,708,720,663,663,0.4642857142857143,0.9364406779661016,0.4957983193277311,2.4971988795518207,2.0,0,0,1428,811,0,0
sues,target_50_290943,aps_raw,0.1,matched_all_extended,384,347,,True,target,0.5,1428,124,708,720,708,708,0.4957983193277311,1.0,0.4957983193277311,124.0,124.0,0,1428,1428,811,0,0
sues,target_50_290943,aps_raw,0.1,matched_reachable_oracle,192,174,1.5606230861157881,False,target,0.5,1428,124,708,720,663,663,0.4642857142857143,0.9364406779661016,0.4957983193277311,2.472689075630252,2.0,0,0,1428,811,0,0
sues,target_50_290943,fixed_k,0.01,full_frozen,384,381,18.0,False,target,0.5,1428,124,708,720,700,700,0.49019607843137253,0.9887005649717514,0.4957983193277311,18.0,18.0,0,0,1428,811,0,0
sues,target_50_290943,fixed_k,0.01,matched_all_extended,384,381,,True,target,0.5,1428,124,708,720,708,708,0.4957983193277311,1.0,0.4957983193277311,124.0,124.0,0,1428,1428,811,0,0
sues,target_50_290943,fixed_k,0.01,matched_reachable_oracle,192,191,17.0,False,target,0.5,1428,124,708,720,700,700,0.49019607843137253,0.9887005649717514,0.4957983193277311,17.0,17.0,0,0,1428,811,0,0
sues,target_50_290943,fixed_k,0.05,full_frozen,384,365,5.0,False,target,0.5,1428,124,708,720,683,683,0.47829131652661067,0.9646892655367232,0.4957983193277311,5.0,5.0,0,0,1428,811,0,0
sues,target_50_290943,fixed_k,0.05,matched_all_extended,384,365,,True,target,0.5,1428,124,708,720,708,708,0.4957983193277311,1.0,0.4957983193277311,124.0,124.0,0,1428,1428,811,0,0
sues,target_50_290943,fixed_k,0.05,matched_reachable_oracle,192,183,6.0,False,target,0.5,1428,124,708,720,687,687,0.4810924369747899,0.9703389830508474,0.4957983193277311,6.0,6.0,0,0,1428,811,0,0
sues,target_50_290943,fixed_k,0.1,full_frozen,384,346,3.0,False,target,0.5,1428,124,708,720,670,670,0.469187675070028,0.9463276836158192,0.4957983193277311,3.0,3.0,0,0,1428,811,0,0
sues,target_50_290943,fixed_k,0.1,matched_all_extended,384,346,,True,target,0.5,1428,124,708,720,708,708,0.4957983193277311,1.0,0.4957983193277311,124.0,124.0,0,1428,1428,811,0,0
sues,target_50_290943,fixed_k,0.1,matched_reachable_oracle,192,173,3.0,False,target,0.5,1428,124,708,720,670,670,0.469187675070028,0.9463276836158192,0.4957983193277311,3.0,3.0,0,0,1428,811,0,0
sues,control_25_290943,distance,0.01,full_frozen,384,382,1.0745146531470176,False,control,0.25,1428,162,1428,0,1427,1427,0.9992997198879552,0.9992997198879552,1.0,56.15756302521008,57.0,0,0,1428,204,11,0
sues,control_25_290943,distance,0.01,matched_all_extended,384,382,1.0745146531470176,False,control,0.25,1428,162,1428,0,1427,1427,0.9992997198879552,0.9992997198879552,1.0,56.15756302521008,57.0,0,0,1428,204,11,0
sues,control_25_290943,distance,0.01,matched_reachable_oracle,384,382,1.0745146531470176,False,control,0.25,1428,162,1428,0,1427,1427,0.9992997198879552,0.9992997198879552,1.0,56.15756302521008,57.0,0,0,1428,204,11,0
sues,control_25_290943,distance,0.05,full_frozen,384,366,1.0039368035385787,False,control,0.25,1428,162,1428,0,1395,1395,0.976890756302521,0.976890756302521,1.0,13.622549019607844,12.0,4,0,1424,203,97,6
sues,control_25_290943,distance,0.05,matched_all_extended,384,366,1.0039368035385787,False,control,0.25,1428,162,1428,0,1395,1395,0.976890756302521,0.976890756302521,1.0,13.622549019607844,12.0,4,0,1424,203,97,6
sues,control_25_290943,distance,0.05,matched_reachable_oracle,384,366,1.0039368035385787,False,control,0.25,1428,162,1428,0,1395,1395,0.976890756302521,0.976890756302521,1.0,13.622549019607844,12.0,4,0,1424,203,97,6
sues,control_25_290943,distance,0.1,full_frozen,384,347,0.9648130374432573,False,control,0.25,1428,162,1428,0,1344,1344,0.9411764705882353,0.9411764705882353,1.0,5.923669467787115,5.0,37,0,1391,189,271,10
sues,control_25_290943,distance,0.1,matched_all_extended,384,347,0.9648130374432573,False,control,0.25,1428,162,1428,0,1344,1344,0.9411764705882353,0.9411764705882353,1.0,5.923669467787115,5.0,37,0,1391,189,271,10
sues,control_25_290943,distance,0.1,matched_reachable_oracle,384,347,0.9648130374432573,False,control,0.25,1428,162,1428,0,1344,1344,0.9411764705882353,0.9411764705882353,1.0,5.923669467787115,5.0,37,0,1391,189,271,10
sues,control_25_290943,aps_raw,0.01,full_frozen,384,382,10.18556222022997,False,control,0.25,1428,162,1428,0,1408,1408,0.9859943977591037,0.9859943977591037,1.0,19.712885154061624,20.0,0,0,1428,204,0,0
sues,control_25_290943,aps_raw,0.01,matched_all_extended,384,382,7.7507406023818355,False,control,0.25,1428,162,1428,0,1403,1403,0.9824929971988795,0.9824929971988795,1.0,14.834033613445378,15.0,0,0,1428,204,0,0
sues,control_25_290943,aps_raw,0.01,matched_reachable_oracle,384,382,7.7507406023818355,False,control,0.25,1428,162,1428,0,1403,1403,0.9824929971988795,0.9824929971988795,1.0,14.834033613445378,15.0,0,0,1428,204,0,0
sues,control_25_290943,aps_raw,0.05,full_frozen,384,366,2.5621897846746147,False,control,0.25,1428,162,1428,0,1364,1364,0.9551820728291317,0.9551820728291317,1.0,4.246498599439776,4.0,0,0,1428,204,0,0
sues,control_25_290943,aps_raw,0.05,matched_all_extended,384,366,2.048357404914834,False,control,0.25,1428,162,1428,0,1344,1344,0.9411764705882353,0.9411764705882353,1.0,3.183473389355742,3.0,0,0,1428,204,0,0
sues,control_25_290943,aps_raw,0.05,matched_reachable_oracle,384,366,2.048357404914834,False,control,0.25,1428,162,1428,0,1344,1344,0.9411764705882353,0.9411764705882353,1.0,3.183473389355742,3.0,0,0,1428,204,0,0
sues,control_25_290943,aps_raw,0.1,full_frozen,384,347,1.5631376229375706,False,control,0.25,1428,162,1428,0,1318,1318,0.9229691876750701,0.9229691876750701,1.0,2.296218487394958,2.0,0,0,1428,204,0,0
sues,control_25_290943,aps_raw,0.1,matched_all_extended,384,347,1.1315845311147004,False,control,0.25,1428,162,1428,0,1303,1303,0.9124649859943977,0.9124649859943977,1.0,1.9369747899159664,2.0,0,0,1428,204,90,4
sues,control_25_290943,aps_raw,0.1,matched_reachable_oracle,384,347,1.1315845311147004,False,control,0.25,1428,162,1428,0,1303,1303,0.9124649859943977,0.9124649859943977,1.0,1.9369747899159664,2.0,0,0,1428,204,90,4
sues,control_25_290943,fixed_k,0.01,full_frozen,384,381,18.0,False,control,0.25,1428,162,1428,0,1407,1407,0.9852941176470589,0.9852941176470589,1.0,18.0,18.0,0,0,1428,204,0,0
sues,control_25_290943,fixed_k,0.01,matched_all_extended,384,381,15.0,False,control,0.25,1428,162,1428,0,1404,1404,0.9831932773109243,0.9831932773109243,1.0,15.0,15.0,0,0,1428,204,0,0
sues,control_25_290943,fixed_k,0.01,matched_reachable_oracle,384,381,15.0,False,control,0.25,1428,162,1428,0,1404,1404,0.9831932773109243,0.9831932773109243,1.0,15.0,15.0,0,0,1428,204,0,0
sues,control_25_290943,fixed_k,0.05,full_frozen,384,365,5.0,False,control,0.25,1428,162,1428,0,1372,1372,0.9607843137254902,0.9607843137254902,1.0,5.0,5.0,0,0,1428,204,0,0
sues,control_25_290943,fixed_k,0.05,matched_all_extended,384,365,3.0,False,control,0.25,1428,162,1428,0,1340,1340,0.938375350140056,0.938375350140056,1.0,3.0,3.0,0,0,1428,204,0,0
sues,control_25_290943,fixed_k,0.05,matched_reachable_oracle,384,365,3.0,False,control,0.25,1428,162,1428,0,1340,1340,0.938375350140056,0.938375350140056,1.0,3.0,3.0,0,0,1428,204,0,0
sues,control_25_290943,fixed_k,0.1,full_frozen,384,346,3.0,False,control,0.25,1428,162,1428,0,1340,1340,0.938375350140056,0.938375350140056,1.0,3.0,3.0,0,0,1428,204,0,0
sues,control_25_290943,fixed_k,0.1,matched_all_extended,384,346,2.0,False,control,0.25,1428,162,1428,0,1307,1307,0.915266106442577,0.915266106442577,1.0,2.0,2.0,0,0,1428,204,0,0
sues,control_25_290943,fixed_k,0.1,matched_reachable_oracle,384,346,2.0,False,control,0.25,1428,162,1428,0,1307,1307,0.915266106442577,0.915266106442577,1.0,2.0,2.0,0,0,1428,204,0,0
sues,target_25_290944,distance,0.01,full_frozen,384,382,1.0745146531470176,False,target,0.25,1428,162,1068,360,1067,1067,0.7471988795518207,0.9990636704119851,0.7478991596638656,56.377450980392155,58.0,0,0,1428,521,13,0
sues,target_25_290944,distance,0.01,matched_all_extended,384,382,,True,target,0.25,1428,162,1068,360,1068,1068,0.7478991596638656,1.0,0.7478991596638656,162.0,162.0,0,1428,1428,521,0,0
sues,target_25_290944,distance,0.01,matched_reachable_oracle,288,287,1.0821092020443175,False,target,0.25,1428,162,1068,360,1067,1067,0.7471988795518207,0.9990636704119851,0.7478991596638656,63.996498599439775,66.0,0,0,1428,521,10,0
sues,target_25_290944,distance,0.05,full_frozen,384,366,1.0039368035385787,False,target,0.25,1428,162,1068,360,1036,1036,0.7254901960784313,0.9700374531835206,0.7478991596638656,13.836834733893557,12.0,18,0,1410,506,70,17
sues,target_25_290944,distance,0.05,matched_all_extended,384,366,,True,target,0.25,1428,162,1068,360,1068,1068,0.7478991596638656,1.0,0.7478991596638656,162.0,162.0,0,1428,1428,521,0,0
sues,target_25_290944,distance,0.05,matched_reachable_oracle,288,275,0.9918642627882184,False,target,0.25,1428,162,1068,360,1024,1024,0.7170868347338936,0.9588014981273408,0.7478991596638656,10.59593837535014,9.0,29,0,1399,497,90,20
sues,target_25_290944,distance,0.1,full_frozen,384,347,0.9648130374432573,False,target,0.25,1428,162,1068,360,992,992,0.6946778711484594,0.9288389513108615,0.7478991596638656,5.800420168067227,4.0,78,0,1350,457,219,42
sues,target_25_290944,distance,0.1,matched_all_extended,384,347,,True,target,0.25,1428,162,1068,360,1068,1068,0.7478991596638656,1.0,0.7478991596638656,162.0,162.0,0,1428,1428,521,0,0
sues,target_25_290944,distance,0.1,matched_reachable_oracle,288,261,0.9560308328339227,False,target,0.25,1428,162,1068,360,977,977,0.6841736694677871,0.9147940074906367,0.7478991596638656,4.753501400560224,3.0,100,0,1328,439,299,62
sues,target_25_290944,aps_raw,0.01,full_frozen,384,382,10.18556222022997,False,target,0.25,1428,162,1068,360,1046,1046,0.7324929971988795,0.9794007490636704,0.7478991596638656,19.73949579831933,20.0,0,0,1428,521,0,0
sues,target_25_290944,aps_raw,0.01,matched_all_extended,384,382,,True,target,0.25,1428,162,1068,360,1068,1068,0.7478991596638656,1.0,0.7478991596638656,162.0,162.0,0,1428,1428,521,0,0
sues,target_25_290944,aps_raw,0.01,matched_reachable_oracle,288,287,9.218936595020509,False,target,0.25,1428,162,1068,360,1045,1045,0.7317927170868347,0.9784644194756554,0.7478991596638656,17.787114845938376,18.0,0,0,1428,521,0,0
sues,target_25_290944,aps_raw,0.05,full_frozen,384,366,2.5621897846746147,False,target,0.25,1428,162,1068,360,1013,1013,0.7093837535014006,0.9485018726591761,0.7478991596638656,4.303921568627451,4.0,0,0,1428,521,0,0
sues,target_25_290944,aps_raw,0.05,matched_all_extended,384,366,,True,target,0.25,1428,162,1068,360,1068,1068,0.7478991596638656,1.0,0.7478991596638656,162.0,162.0,0,1428,1428,521,0,0
sues,target_25_290944,aps_raw,0.05,matched_reachable_oracle,288,275,2.537942644529431,False,target,0.25,1428,162,1068,360,1011,1011,0.707983193277311,0.9466292134831461,0.7478991596638656,4.173669467787115,4.0,0,0,1428,521,0,0
sues,target_25_290944,aps_raw,0.1,full_frozen,384,347,1.5631376229375706,False,target,0.25,1428,162,1068,360,989,989,0.6925770308123249,0.9260299625468165,0.7478991596638656,2.3935574229691876,2.0,0,0,1428,521,0,0
sues,target_25_290944,aps_raw,0.1,matched_all_extended,384,347,,True,target,0.25,1428,162,1068,360,1068,1068,0.7478991596638656,1.0,0.7478991596638656,162.0,162.0,0,1428,1428,521,0,0
sues,target_25_290944,aps_raw,0.1,matched_reachable_oracle,288,261,1.57935677225745,False,target,0.25,1428,162,1068,360,990,990,0.6932773109243697,0.9269662921348315,0.7478991596638656,2.522408963585434,3.0,0,0,1428,521,0,0
sues,target_25_290944,fixed_k,0.01,full_frozen,384,381,18.0,False,target,0.25,1428,162,1068,360,1045,1045,0.7317927170868347,0.9784644194756554,0.7478991596638656,18.0,18.0,0,0,1428,521,0,0
sues,target_25_290944,fixed_k,0.01,matched_all_extended,384,381,,True,target,0.25,1428,162,1068,360,1068,1068,0.7478991596638656,1.0,0.7478991596638656,162.0,162.0,0,1428,1428,521,0,0
sues,target_25_290944,fixed_k,0.01,matched_reachable_oracle,288,286,17.0,False,target,0.25,1428,162,1068,360,1044,1044,0.7310924369747899,0.9775280898876404,0.7478991596638656,17.0,17.0,0,0,1428,521,0,0
sues,target_25_290944,fixed_k,0.05,full_frozen,384,365,5.0,False,target,0.25,1428,162,1068,360,1016,1016,0.711484593837535,0.951310861423221,0.7478991596638656,5.0,5.0,0,0,1428,521,0,0
sues,target_25_290944,fixed_k,0.05,matched_all_extended,384,365,,True,target,0.25,1428,162,1068,360,1068,1068,0.7478991596638656,1.0,0.7478991596638656,162.0,162.0,0,1428,1428,521,0,0
sues,target_25_290944,fixed_k,0.05,matched_reachable_oracle,288,274,5.0,False,target,0.25,1428,162,1068,360,1016,1016,0.711484593837535,0.951310861423221,0.7478991596638656,5.0,5.0,0,0,1428,521,0,0
sues,target_25_290944,fixed_k,0.1,full_frozen,384,346,3.0,False,target,0.25,1428,162,1068,360,993,993,0.6953781512605042,0.9297752808988764,0.7478991596638656,3.0,3.0,0,0,1428,521,0,0
sues,target_25_290944,fixed_k,0.1,matched_all_extended,384,346,,True,target,0.25,1428,162,1068,360,1068,1068,0.7478991596638656,1.0,0.7478991596638656,162.0,162.0,0,1428,1428,521,0,0
sues,target_25_290944,fixed_k,0.1,matched_reachable_oracle,288,260,3.0,False,target,0.25,1428,162,1068,360,993,993,0.6953781512605042,0.9297752808988764,0.7478991596638656,3.0,3.0,0,0,1428,521,0,0
sues,target_50_290944,distance,0.01,full_frozen,384,382,1.0745146531470176,False,target,0.5,1428,124,708,720,707,707,0.4950980392156863,0.998587570621469,0.4957983193277311,44.80252100840336,46.0,2,0,1426,828,13,2
sues,target_50_290944,distance,0.01,matched_all_extended,384,382,,True,target,0.5,1428,124,708,720,708,708,0.4957983193277311,1.0,0.4957983193277311,124.0,124.0,0,1428,1428,830,0,0
sues,target_50_290944,distance,0.01,matched_reachable_oracle,192,192,1.01726006663229,False,target,0.5,1428,124,708,720,689,689,0.48249299719887956,0.9731638418079096,0.4957983193277311,14.72689075630252,13.0,28,0,1400,802,63,32
sues,target_50_290944,distance,0.05,full_frozen,384,366,1.0039368035385787,False,target,0.5,1428,124,708,720,680,680,0.47619047619047616,0.96045197740113,0.4957983193277311,11.084733893557424,9.0,44,0,1384,788,93,49
sues,target_50_290944,distance,0.05,matched_all_extended,384,366,,True,target,0.5,1428,124,708,720,708,708,0.4957983193277311,1.0,0.4957983193277311,124.0,124.0,0,1428,1428,830,0,0
sues,target_50_290944,distance,0.05,matched_reachable_oracle,192,184,0.9697255717048302,False,target,0.5,1428,124,708,720,651,651,0.45588235294117646,0.9194915254237288,0.4957983193277311,5.100140056022409,4.0,144,0,1284,696,240,121
sues,target_50_290944,distance,0.1,full_frozen,384,347,0.9648130374432573,False,target,0.5,1428,124,708,720,646,646,0.4523809523809524,0.9124293785310734,0.4957983193277311,4.55812324929972,3.0,177,0,1251,665,252,118
sues,target_50_290944,distance,0.1,matched_all_extended,384,347,,True,target,0.5,1428,124,708,720,708,708,0.4957983193277311,1.0,0.4957983193277311,124.0,124.0,0,1428,1428,830,0,0
sues,target_50_290944,distance,0.1,matched_reachable_oracle,192,174,0.9446939183145243,False,target,0.5,1428,124,708,720,622,622,0.43557422969187676,0.8785310734463276,0.4957983193277311,2.8256302521008405,2.0,303,0,1125,553,363,151
sues,target_50_290944,aps_raw,0.01,full_frozen,384,382,10.18556222022997,False,target,0.5,1428,124,708,720,688,688,0.48179271708683474,0.9717514124293786,0.4957983193277311,19.850140056022408,20.0,0,0,1428,830,0,0
sues,target_50_290944,aps_raw,0.01,matched_all_extended,384,382,,True,target,0.5,1428,124,708,720,708,708,0.4957983193277311,1.0,0.4957983193277311,124.0,124.0,0,1428,1428,830,0,0
sues,target_50_290944,aps_raw,0.01,matched_reachable_oracle,192,192,4.026019195850512,False,target,0.5,1428,124,708,720,676,676,0.4733893557422969,0.9548022598870056,0.4957983193277311,7.257703081232493,7.0,0,0,1428,830,0,0
sues,target_50_290944,aps_raw,0.05,full_frozen,384,366,2.5621897846746147,False,target,0.5,1428,124,708,720,662,662,0.4635854341736695,0.9350282485875706,0.4957983193277311,4.416666666666667,4.0,0,0,1428,830,0,0
sues,target_50_290944,aps_raw,0.05,matched_all_extended,384,366,,True,target,0.5,1428,124,708,720,708,708,0.4957983193277311,1.0,0.4957983193277311,124.0,124.0,0,1428,1428,830,0,0
sues,target_50_290944,aps_raw,0.05,matched_reachable_oracle,192,184,2.0737992616973866,False,target,0.5,1428,124,708,720,657,657,0.46008403361344535,0.9279661016949152,0.4957983193277311,3.525910364145658,4.0,0,0,1428,830,0,0
sues,target_50_290944,aps_raw,0.1,full_frozen,384,347,1.5631376229375706,False,target,0.5,1428,124,708,720,647,647,0.4530812324929972,0.9138418079096046,0.4957983193277311,2.5203081232492996,3.0,0,0,1428,830,0,0
sues,target_50_290944,aps_raw,0.1,matched_all_extended,384,347,,True,target,0.5,1428,124,708,720,708,708,0.4957983193277311,1.0,0.4957983193277311,124.0,124.0,0,1428,1428,830,0,0
sues,target_50_290944,aps_raw,0.1,matched_reachable_oracle,192,174,1.5235817305769794,False,target,0.5,1428,124,708,720,644,644,0.45098039215686275,0.9096045197740112,0.4957983193277311,2.2023809523809526,2.0,0,0,1428,830,0,0
sues,target_50_290944,fixed_k,0.01,full_frozen,384,381,18.0,False,target,0.5,1428,124,708,720,686,686,0.4803921568627451,0.9689265536723164,0.4957983193277311,18.0,18.0,0,0,1428,830,0,0
sues,target_50_290944,fixed_k,0.01,matched_all_extended,384,381,,True,target,0.5,1428,124,708,720,708,708,0.4957983193277311,1.0,0.4957983193277311,124.0,124.0,0,1428,1428,830,0,0
sues,target_50_290944,fixed_k,0.01,matched_reachable_oracle,192,191,7.0,False,target,0.5,1428,124,708,720,675,675,0.4726890756302521,0.9533898305084746,0.4957983193277311,7.0,7.0,0,0,1428,830,0,0
sues,target_50_290944,fixed_k,0.05,full_frozen,384,365,5.0,False,target,0.5,1428,124,708,720,664,664,0.4649859943977591,0.9378531073446328,0.4957983193277311,5.0,5.0,0,0,1428,830,0,0
sues,target_50_290944,fixed_k,0.05,matched_all_extended,384,365,,True,target,0.5,1428,124,708,720,708,708,0.4957983193277311,1.0,0.4957983193277311,124.0,124.0,0,1428,1428,830,0,0
sues,target_50_290944,fixed_k,0.05,matched_reachable_oracle,192,183,4.0,False,target,0.5,1428,124,708,720,661,661,0.46288515406162467,0.9336158192090396,0.4957983193277311,4.0,4.0,0,0,1428,830,0,0
sues,target_50_290944,fixed_k,0.1,full_frozen,384,346,3.0,False,target,0.5,1428,124,708,720,653,653,0.4572829131652661,0.922316384180791,0.4957983193277311,3.0,3.0,0,0,1428,830,0,0
sues,target_50_290944,fixed_k,0.1,matched_all_extended,384,346,,True,target,0.5,1428,124,708,720,708,708,0.4957983193277311,1.0,0.4957983193277311,124.0,124.0,0,1428,1428,830,0,0
sues,target_50_290944,fixed_k,0.1,matched_reachable_oracle,192,173,2.0,False,target,0.5,1428,124,708,720,643,643,0.45028011204481794,0.9081920903954802,0.4957983193277311,2.0,2.0,0,0,1428,830,0,0
sues,control_25_290944,distance,0.01,full_frozen,384,382,1.0745146531470176,False,control,0.25,1428,162,1428,0,1427,1427,0.9992997198879552,0.9992997198879552,1.0,55.29551820728291,56.0,0,0,1428,211,11,0
sues,control_25_290944,distance,0.01,matched_all_extended,384,382,1.0745146531470176,False,control,0.25,1428,162,1428,0,1427,1427,0.9992997198879552,0.9992997198879552,1.0,55.29551820728291,56.0,0,0,1428,211,11,0
sues,control_25_290944,distance,0.01,matched_reachable_oracle,384,382,1.0745146531470176,False,control,0.25,1428,162,1428,0,1427,1427,0.9992997198879552,0.9992997198879552,1.0,55.29551820728291,56.0,0,0,1428,211,11,0
sues,control_25_290944,distance,0.05,full_frozen,384,366,1.0039368035385787,False,control,0.25,1428,162,1428,0,1395,1395,0.976890756302521,0.976890756302521,1.0,13.486694677871148,12.0,4,0,1424,210,74,3
sues,control_25_290944,distance,0.05,matched_all_extended,384,366,1.0039368035385787,False,control,0.25,1428,162,1428,0,1395,1395,0.976890756302521,0.976890756302521,1.0,13.486694677871148,12.0,4,0,1424,210,74,3
sues,control_25_290944,distance,0.05,matched_reachable_oracle,384,366,1.0039368035385787,False,control,0.25,1428,162,1428,0,1395,1395,0.976890756302521,0.976890756302521,1.0,13.486694677871148,12.0,4,0,1424,210,74,3
sues,control_25_290944,distance,0.1,full_frozen,384,347,0.9648130374432573,False,control,0.25,1428,162,1428,0,1344,1344,0.9411764705882353,0.9411764705882353,1.0,5.898459383753502,4.0,34,0,1394,196,270,16
sues,control_25_290944,distance,0.1,matched_all_extended,384,347,0.9648130374432573,False,control,0.25,1428,162,1428,0,1344,1344,0.9411764705882353,0.9411764705882353,1.0,5.898459383753502,4.0,34,0,1394,196,270,16
sues,control_25_290944,distance,0.1,matched_reachable_oracle,384,347,0.9648130374432573,False,control,0.25,1428,162,1428,0,1344,1344,0.9411764705882353,0.9411764705882353,1.0,5.898459383753502,4.0,34,0,1394,196,270,16
sues,control_25_290944,aps_raw,0.01,full_frozen,384,382,10.18556222022997,False,control,0.25,1428,162,1428,0,1408,1408,0.9859943977591037,0.9859943977591037,1.0,19.711484593837536,20.0,0,0,1428,211,0,0
sues,control_25_290944,aps_raw,0.01,matched_all_extended,384,382,7.748027635004337,False,control,0.25,1428,162,1428,0,1404,1404,0.9831932773109243,0.9831932773109243,1.0,14.818627450980392,15.0,0,0,1428,211,0,0
sues,control_25_290944,aps_raw,0.01,matched_reachable_oracle,384,382,7.748027635004337,False,control,0.25,1428,162,1428,0,1404,1404,0.9831932773109243,0.9831932773109243,1.0,14.818627450980392,15.0,0,0,1428,211,0,0
sues,control_25_290944,aps_raw,0.05,full_frozen,384,366,2.5621897846746147,False,control,0.25,1428,162,1428,0,1365,1365,0.9558823529411765,0.9558823529411765,1.0,4.24859943977591,4.0,0,0,1428,211,0,0
sues,control_25_290944,aps_raw,0.05,matched_all_extended,384,366,2.048357404914834,False,control,0.25,1428,162,1428,0,1345,1345,0.9418767507002801,0.9418767507002801,1.0,3.1785714285714284,3.0,0,0,1428,211,0,0
sues,control_25_290944,aps_raw,0.05,matched_reachable_oracle,384,366,2.048357404914834,False,control,0.25,1428,162,1428,0,1345,1345,0.9418767507002801,0.9418767507002801,1.0,3.1785714285714284,3.0,0,0,1428,211,0,0
sues,control_25_290944,aps_raw,0.1,full_frozen,384,347,1.5631376229375706,False,control,0.25,1428,162,1428,0,1314,1314,0.9201680672268907,0.9201680672268907,1.0,2.299719887955182,2.0,0,0,1428,211,0,0
sues,control_25_290944,aps_raw,0.1,matched_all_extended,384,347,1.0677580154704118,False,control,0.25,1428,162,1428,0,1257,1257,0.8802521008403361,0.8802521008403361,1.0,1.4670868347338935,1.0,0,0,1428,211,761,75
sues,control_25_290944,aps_raw,0.1,matched_reachable_oracle,384,347,1.0677580154704118,False,control,0.25,1428,162,1428,0,1257,1257,0.8802521008403361,0.8802521008403361,1.0,1.4670868347338935,1.0,0,0,1428,211,761,75
sues,control_25_290944,fixed_k,0.01,full_frozen,384,381,18.0,False,control,0.25,1428,162,1428,0,1407,1407,0.9852941176470589,0.9852941176470589,1.0,18.0,18.0,0,0,1428,211,0,0
sues,control_25_290944,fixed_k,0.01,matched_all_extended,384,381,14.0,False,control,0.25,1428,162,1428,0,1403,1403,0.9824929971988795,0.9824929971988795,1.0,14.0,14.0,0,0,1428,211,0,0
sues,control_25_290944,fixed_k,0.01,matched_reachable_oracle,384,381,14.0,False,control,0.25,1428,162,1428,0,1403,1403,0.9824929971988795,0.9824929971988795,1.0,14.0,14.0,0,0,1428,211,0,0
sues,control_25_290944,fixed_k,0.05,full_frozen,384,365,5.0,False,control,0.25,1428,162,1428,0,1371,1371,0.9600840336134454,0.9600840336134454,1.0,5.0,5.0,0,0,1428,211,0,0
sues,control_25_290944,fixed_k,0.05,matched_all_extended,384,365,4.0,False,control,0.25,1428,162,1428,0,1361,1361,0.9530812324929971,0.9530812324929971,1.0,4.0,4.0,0,0,1428,211,0,0
sues,control_25_290944,fixed_k,0.05,matched_reachable_oracle,384,365,4.0,False,control,0.25,1428,162,1428,0,1361,1361,0.9530812324929971,0.9530812324929971,1.0,4.0,4.0,0,0,1428,211,0,0
sues,control_25_290944,fixed_k,0.1,full_frozen,384,346,3.0,False,control,0.25,1428,162,1428,0,1338,1338,0.9369747899159664,0.9369747899159664,1.0,3.0,3.0,0,0,1428,211,0,0
sues,control_25_290944,fixed_k,0.1,matched_all_extended,384,346,2.0,False,control,0.25,1428,162,1428,0,1300,1300,0.9103641456582633,0.9103641456582633,1.0,2.0,2.0,0,0,1428,211,0,0
sues,control_25_290944,fixed_k,0.1,matched_reachable_oracle,384,346,2.0,False,control,0.25,1428,162,1428,0,1300,1300,0.9103641456582633,0.9103641456582633,1.0,2.0,2.0,0,0,1428,211,0,0
sues,target_25_290945,distance,0.01,full_frozen,384,382,1.0745146531470176,False,target,0.25,1428,162,1068,360,1067,1067,0.7471988795518207,0.9990636704119851,0.7478991596638656,56.785714285714285,59.0,0,0,1428,550,11,0
sues,target_25_290945,distance,0.01,matched_all_extended,384,382,,True,target,0.25,1428,162,1068,360,1068,1068,0.7478991596638656,1.0,0.7478991596638656,162.0,162.0,0,1428,1428,550,0,0
sues,target_25_290945,distance,0.01,matched_reachable_oracle,288,287,1.0821092020443175,False,target,0.25,1428,162,1068,360,1067,1067,0.7471988795518207,0.9990636704119851,0.7478991596638656,64.46498599439776,67.0,0,0,1428,550,8,0
sues,target_25_290945,distance,0.05,full_frozen,384,366,1.0039368035385787,False,target,0.25,1428,162,1068,360,1038,1038,0.726890756302521,0.9719101123595506,0.7478991596638656,14.048319327731093,12.0,17,0,1411,536,86,28
sues,target_25_290945,distance,0.05,matched_all_extended,384,366,,True,target,0.25,1428,162,1068,360,1068,1068,0.7478991596638656,1.0,0.7478991596638656,162.0,162.0,0,1428,1428,550,0,0
sues,target_25_290945,distance,0.05,matched_reachable_oracle,288,275,1.0222899531094072,False,target,0.25,1428,162,1068,360,1048,1048,0.7338935574229691,0.9812734082397003,0.7478991596638656,20.681372549019606,20.0,1,0,1427,550,52,10
sues,target_25_290945,distance,0.1,full_frozen,384,347,0.9648130374432573,False,target,0.25,1428,162,1068,360,991,991,0.6939775910364145,0.9279026217228464,0.7478991596638656,6.025210084033613,4.0,94,0,1334,473,240,70
sues,target_25_290945,distance,0.1,matched_all_extended,384,347,,True,target,0.25,1428,162,1068,360,1068,1068,0.7478991596638656,1.0,0.7478991596638656,162.0,162.0,0,1428,1428,550,0,0
sues,target_25_290945,distance,0.1,matched_reachable_oracle,288,261,0.9724213729448694,False,target,0.25,1428,162,1068,360,999,999,0.6995798319327731,0.9353932584269663,0.7478991596638656,7.07703081232493,5.5,75,0,1353,488,196,60
sues,target_25_290945,aps_raw,0.01,full_frozen,384,382,10.18556222022997,False,target,0.25,1428,162,1068,360,1047,1047,0.7331932773109243,0.9803370786516854,0.7478991596638656,19.71358543417367,20.0,0,0,1428,550,0,0
sues,target_25_290945,aps_raw,0.01,matched_all_extended,384,382,,True,target,0.25,1428,162,1068,360,1068,1068,0.7478991596638656,1.0,0.7478991596638656,162.0,162.0,0,1428,1428,550,0,0
sues,target_25_290945,aps_raw,0.01,matched_reachable_oracle,288,287,10.59375086116829,False,target,0.25,1428,162,1068,360,1049,1049,0.7345938375350141,0.9822097378277154,0.7478991596638656,20.528011204481793,21.0,0,0,1428,550,0,0
sues,target_25_290945,aps_raw,0.05,full_frozen,384,366,2.5621897846746147,False,target,0.25,1428,162,1068,360,1005,1005,0.7037815126050421,0.9410112359550562,0.7478991596638656,4.314425770308123,4.0,0,0,1428,550,0,0
sues,target_25_290945,aps_raw,0.05,matched_all_extended,384,366,,True,target,0.25,1428,162,1068,360,1068,1068,0.7478991596638656,1.0,0.7478991596638656,162.0,162.0,0,1428,1428,550,0,0
sues,target_25_290945,aps_raw,0.05,matched_reachable_oracle,288,275,2.1271819197564907,False,target,0.25,1428,162,1068,360,999,999,0.6995798319327731,0.9353932584269663,0.7478991596638656,3.723389355742297,4.0,0,0,1428,550,0,0
sues,target_25_290945,aps_raw,0.1,full_frozen,384,347,1.5631376229375706,False,target,0.25,1428,162,1068,360,967,967,0.677170868347339,0.9054307116104869,0.7478991596638656,2.3746498599439776,2.0,0,0,1428,550,0,0
sues,target_25_290945,aps_raw,0.1,matched_all_extended,384,347,,True,target,0.25,1428,162,1068,360,1068,1068,0.7478991596638656,1.0,0.7478991596638656,162.0,162.0,0,1428,1428,550,0,0
sues,target_25_290945,aps_raw,0.1,matched_reachable_oracle,288,261,1.0753600264319494,False,target,0.25,1428,162,1068,360,929,929,0.6505602240896359,0.8698501872659176,0.7478991596638656,1.6239495798319328,2.0,0,0,1428,550,537,99
sues,target_25_290945,fixed_k,0.01,full_frozen,384,381,18.0,False,target,0.25,1428,162,1068,360,1047,1047,0.7331932773109243,0.9803370786516854,0.7478991596638656,18.0,18.0,0,0,1428,550,0,0
sues,target_25_290945,fixed_k,0.01,matched_all_extended,384,381,,True,target,0.25,1428,162,1068,360,1068,1068,0.7478991596638656,1.0,0.7478991596638656,162.0,162.0,0,1428,1428,550,0,0
sues,target_25_290945,fixed_k,0.01,matched_reachable_oracle,288,286,18.0,False,target,0.25,1428,162,1068,360,1047,1047,0.7331932773109243,0.9803370786516854,0.7478991596638656,18.0,18.0,0,0,1428,550,0,0
sues,target_25_290945,fixed_k,0.05,full_frozen,384,365,5.0,False,target,0.25,1428,162,1068,360,1010,1010,0.7072829131652661,0.9456928838951311,0.7478991596638656,5.0,5.0,0,0,1428,550,0,0
sues,target_25_290945,fixed_k,0.05,matched_all_extended,384,365,,True,target,0.25,1428,162,1068,360,1068,1068,0.7478991596638656,1.0,0.7478991596638656,162.0,162.0,0,1428,1428,550,0,0
sues,target_25_290945,fixed_k,0.05,matched_reachable_oracle,288,274,4.0,False,target,0.25,1428,162,1068,360,1001,1001,0.7009803921568627,0.9372659176029963,0.7478991596638656,4.0,4.0,0,0,1428,550,0,0
sues,target_25_290945,fixed_k,0.1,full_frozen,384,346,3.0,False,target,0.25,1428,162,1068,360,988,988,0.6918767507002801,0.9250936329588015,0.7478991596638656,3.0,3.0,0,0,1428,550,0,0
sues,target_25_290945,fixed_k,0.1,matched_all_extended,384,346,,True,target,0.25,1428,162,1068,360,1068,1068,0.7478991596638656,1.0,0.7478991596638656,162.0,162.0,0,1428,1428,550,0,0
sues,target_25_290945,fixed_k,0.1,matched_reachable_oracle,288,260,2.0,False,target,0.25,1428,162,1068,360,959,959,0.6715686274509803,0.8979400749063671,0.7478991596638656,2.0,2.0,0,0,1428,550,0,0
sues,target_50_290945,distance,0.01,full_frozen,384,382,1.0745146531470176,False,target,0.5,1428,124,708,720,708,708,0.4957983193277311,1.0,0.4957983193277311,42.995098039215684,44.0,9,0,1419,836,4,2
sues,target_50_290945,distance,0.01,matched_all_extended,384,382,,True,target,0.5,1428,124,708,720,708,708,0.4957983193277311,1.0,0.4957983193277311,124.0,124.0,0,1428,1428,845,0,0
sues,target_50_290945,distance,0.01,matched_reachable_oracle,192,192,1.0573269670660215,False,target,0.5,1428,124,708,720,705,705,0.49369747899159666,0.9957627118644068,0.4957983193277311,31.52871148459384,32.0,13,0,1415,832,10,2
sues,target_50_290945,distance,0.05,full_frozen,384,366,1.0039368035385787,False,target,0.5,1428,124,708,720,692,692,0.484593837535014,0.9774011299435028,0.4957983193277311,10.871848739495798,9.0,52,0,1376,795,74,30
sues,target_50_290945,distance,0.05,matched_all_extended,384,366,,True,target,0.5,1428,124,708,720,708,708,0.4957983193277311,1.0,0.4957983193277311,124.0,124.0,0,1428,1428,845,0,0
sues,target_50_290945,distance,0.05,matched_reachable_oracle,192,184,1.020591627067046,False,target,0.5,1428,124,708,720,698,698,0.4887955182072829,0.9858757062146892,0.4957983193277311,15.277310924369749,14.0,30,0,1398,815,42,15
sues,target_50_290945,distance,0.1,full_frozen,384,347,0.9648130374432573,False,target,0.5,1428,124,708,720,663,663,0.4642857142857143,0.9364406779661016,0.4957983193277311,4.6379551820728295,3.0,170,0,1258,686,259,118
sues,target_50_290945,distance,0.1,matched_all_extended,384,347,,True,target,0.5,1428,124,708,720,708,708,0.4957983193277311,1.0,0.4957983193277311,124.0,124.0,0,1428,1428,845,0,0
sues,target_50_290945,distance,0.1,matched_reachable_oracle,192,174,0.9702934089454813,False,target,0.5,1428,124,708,720,666,666,0.46638655462184875,0.940677966101695,0.4957983193277311,5.2366946778711485,4.0,145,0,1283,710,234,106
sues,target_50_290945,aps_raw,0.01,full_frozen,384,382,10.18556222022997,False,target,0.5,1428,124,708,720,698,698,0.4887955182072829,0.9858757062146892,0.4957983193277311,19.83893557422969,20.0,0,0,1428,845,0,0
sues,target_50_290945,aps_raw,0.01,matched_all_extended,384,382,,True,target,0.5,1428,124,708,720,708,708,0.4957983193277311,1.0,0.4957983193277311,124.0,124.0,0,1428,1428,845,0,0
sues,target_50_290945,aps_raw,0.01,matched_reachable_oracle,192,192,10.508456014813857,False,target,0.5,1428,124,708,720,698,698,0.4887955182072829,0.9858757062146892,0.4957983193277311,20.48949579831933,20.0,0,0,1428,845,0,0
sues,target_50_290945,aps_raw,0.05,full_frozen,384,366,2.5621897846746147,False,target,0.5,1428,124,708,720,677,677,0.4740896358543417,0.9562146892655368,0.4957983193277311,4.411764705882353,4.0,0,0,1428,845,0,0
sues,target_50_290945,aps_raw,0.05,matched_all_extended,384,366,,True,target,0.5,1428,124,708,720,708,708,0.4957983193277311,1.0,0.4957983193277311,124.0,124.0,0,1428,1428,845,0,0
sues,target_50_290945,aps_raw,0.05,matched_reachable_oracle,192,184,1.62854219487514,False,target,0.5,1428,124,708,720,660,660,0.46218487394957986,0.9322033898305084,0.4957983193277311,2.906862745098039,3.0,0,0,1428,845,0,0
sues,target_50_290945,aps_raw,0.1,full_frozen,384,347,1.5631376229375706,False,target,0.5,1428,124,708,720,650,650,0.45518207282913165,0.9180790960451978,0.4957983193277311,2.5161064425770308,3.0,0,0,1428,845,0,0
sues,target_50_290945,aps_raw,0.1,matched_all_extended,384,347,,True,target,0.5,1428,124,708,720,708,708,0.4957983193277311,1.0,0.4957983193277311,124.0,124.0,0,1428,1428,845,0,0
sues,target_50_290945,aps_raw,0.1,matched_reachable_oracle,192,174,1.0736642393249112,False,target,0.5,1428,124,708,720,622,622,0.43557422969187676,0.8785310734463276,0.4957983193277311,1.723389355742297,2.0,0,0,1428,845,395,101
sues,target_50_290945,fixed_k,0.01,full_frozen,384,381,18.0,False,target,0.5,1428,124,708,720,695,695,0.48669467787114845,0.981638418079096,0.4957983193277311,18.0,18.0,0,0,1428,845,0,0
sues,target_50_290945,fixed_k,0.01,matched_all_extended,384,381,,True,target,0.5,1428,124,708,720,708,708,0.4957983193277311,1.0,0.4957983193277311,124.0,124.0,0,1428,1428,845,0,0
sues,target_50_290945,fixed_k,0.01,matched_reachable_oracle,192,191,13.0,False,target,0.5,1428,124,708,720,691,691,0.4838935574229692,0.9759887005649718,0.4957983193277311,13.0,13.0,0,0,1428,845,0,0
sues,target_50_290945,fixed_k,0.05,full_frozen,384,365,5.0,False,target,0.5,1428,124,708,720,678,678,0.47478991596638653,0.9576271186440678,0.4957983193277311,5.0,5.0,0,0,1428,845,0,0
sues,target_50_290945,fixed_k,0.05,matched_all_extended,384,365,,True,target,0.5,1428,124,708,720,708,708,0.4957983193277311,1.0,0.4957983193277311,124.0,124.0,0,1428,1428,845,0,0
sues,target_50_290945,fixed_k,0.05,matched_reachable_oracle,192,183,3.0,False,target,0.5,1428,124,708,720,663,663,0.4642857142857143,0.9364406779661016,0.4957983193277311,3.0,3.0,0,0,1428,845,0,0
sues,target_50_290945,fixed_k,0.1,full_frozen,384,346,3.0,False,target,0.5,1428,124,708,720,663,663,0.4642857142857143,0.9364406779661016,0.4957983193277311,3.0,3.0,0,0,1428,845,0,0
sues,target_50_290945,fixed_k,0.1,matched_all_extended,384,346,,True,target,0.5,1428,124,708,720,708,708,0.4957983193277311,1.0,0.4957983193277311,124.0,124.0,0,1428,1428,845,0,0
sues,target_50_290945,fixed_k,0.1,matched_reachable_oracle,192,173,2.0,False,target,0.5,1428,124,708,720,645,645,0.45168067226890757,0.9110169491525424,0.4957983193277311,2.0,2.0,0,0,1428,845,0,0
sues,control_25_290945,distance,0.01,full_frozen,384,382,1.0745146531470176,False,control,0.25,1428,162,1428,0,1427,1427,0.9992997198879552,0.9992997198879552,1.0,55.83543417366947,57.0,0,0,1428,214,11,0
sues,control_25_290945,distance,0.01,matched_all_extended,384,382,1.0745146531470176,False,control,0.25,1428,162,1428,0,1427,1427,0.9992997198879552,0.9992997198879552,1.0,55.83543417366947,57.0,0,0,1428,214,11,0
sues,control_25_290945,distance,0.01,matched_reachable_oracle,384,382,1.0745146531470176,False,control,0.25,1428,162,1428,0,1427,1427,0.9992997198879552,0.9992997198879552,1.0,55.83543417366947,57.0,0,0,1428,214,11,0
sues,control_25_290945,distance,0.05,full_frozen,384,366,1.0039368035385787,False,control,0.25,1428,162,1428,0,1395,1395,0.976890756302521,0.976890756302521,1.0,13.815126050420169,12.0,4,0,1424,213,74,4
sues,control_25_290945,distance,0.05,matched_all_extended,384,366,1.0039368035385787,False,control,0.25,1428,162,1428,0,1395,1395,0.976890756302521,0.976890756302521,1.0,13.815126050420169,12.0,4,0,1424,213,74,4
sues,control_25_290945,distance,0.05,matched_reachable_oracle,384,366,1.0039368035385787,False,control,0.25,1428,162,1428,0,1395,1395,0.976890756302521,0.976890756302521,1.0,13.815126050420169,12.0,4,0,1424,213,74,4
sues,control_25_290945,distance,0.1,full_frozen,384,347,0.9648130374432573,False,control,0.25,1428,162,1428,0,1344,1344,0.9411764705882353,0.9411764705882353,1.0,6.091736694677871,5.0,36,0,1392,197,245,13
sues,control_25_290945,distance,0.1,matched_all_extended,384,347,0.9648130374432573,False,control,0.25,1428,162,1428,0,1344,1344,0.9411764705882353,0.9411764705882353,1.0,6.091736694677871,5.0,36,0,1392,197,245,13
sues,control_25_290945,distance,0.1,matched_reachable_oracle,384,347,0.9648130374432573,False,control,0.25,1428,162,1428,0,1344,1344,0.9411764705882353,0.9411764705882353,1.0,6.091736694677871,5.0,36,0,1392,197,245,13
sues,control_25_290945,aps_raw,0.01,full_frozen,384,382,10.18556222022997,False,control,0.25,1428,162,1428,0,1408,1408,0.9859943977591037,0.9859943977591037,1.0,19.699579831932773,20.0,0,0,1428,214,0,0
sues,control_25_290945,aps_raw,0.01,matched_all_extended,384,382,8.719517442617303,False,control,0.25,1428,162,1428,0,1404,1404,0.9831932773109243,0.9831932773109243,1.0,16.74579831932773,17.0,0,0,1428,214,0,0
sues,control_25_290945,aps_raw,0.01,matched_reachable_oracle,384,382,8.719517442617303,False,control,0.25,1428,162,1428,0,1404,1404,0.9831932773109243,0.9831932773109243,1.0,16.74579831932773,17.0,0,0,1428,214,0,0
sues,control_25_290945,aps_raw,0.05,full_frozen,384,366,2.5621897846746147,False,control,0.25,1428,162,1428,0,1361,1361,0.9530812324929971,0.9530812324929971,1.0,4.238095238095238,4.0,0,0,1428,214,0,0
sues,control_25_290945,aps_raw,0.05,matched_all_extended,384,366,2.048357404914834,False,control,0.25,1428,162,1428,0,1344,1344,0.9411764705882353,0.9411764705882353,1.0,3.1743697478991595,3.0,0,0,1428,214,0,0
sues,control_25_290945,aps_raw,0.05,matched_reachable_oracle,384,366,2.048357404914834,False,control,0.25,1428,162,1428,0,1344,1344,0.9411764705882353,0.9411764705882353,1.0,3.1743697478991595,3.0,0,0,1428,214,0,0
sues,control_25_290945,aps_raw,0.1,full_frozen,384,347,1.5631376229375706,False,control,0.25,1428,162,1428,0,1317,1317,0.9222689075630253,0.9222689075630253,1.0,2.2927170868347337,2.0,0,0,1428,214,0,0
sues,control_25_290945,aps_raw,0.1,matched_all_extended,384,347,1.0714996370936414,False,control,0.25,1428,162,1428,0,1256,1256,0.8795518207282913,0.8795518207282913,1.0,1.5021008403361344,2.0,0,0,1428,214,711,64
sues,control_25_290945,aps_raw,0.1,matched_reachable_oracle,384,347,1.0714996370936414,False,control,0.25,1428,162,1428,0,1256,1256,0.8795518207282913,0.8795518207282913,1.0,1.5021008403361344,2.0,0,0,1428,214,711,64
sues,control_25_290945,fixed_k,0.01,full_frozen,384,381,18.0,False,control,0.25,1428,162,1428,0,1406,1406,0.9845938375350141,0.9845938375350141,1.0,18.0,18.0,0,0,1428,214,0,0
sues,control_25_290945,fixed_k,0.01,matched_all_extended,384,381,15.0,False,control,0.25,1428,162,1428,0,1404,1404,0.9831932773109243,0.9831932773109243,1.0,15.0,15.0,0,0,1428,214,0,0
sues,control_25_290945,fixed_k,0.01,matched_reachable_oracle,384,381,15.0,False,control,0.25,1428,162,1428,0,1404,1404,0.9831932773109243,0.9831932773109243,1.0,15.0,15.0,0,0,1428,214,0,0
sues,control_25_290945,fixed_k,0.05,full_frozen,384,365,5.0,False,control,0.25,1428,162,1428,0,1369,1369,0.9586834733893558,0.9586834733893558,1.0,5.0,5.0,0,0,1428,214,0,0
sues,control_25_290945,fixed_k,0.05,matched_all_extended,384,365,4.0,False,control,0.25,1428,162,1428,0,1357,1357,0.9502801120448179,0.9502801120448179,1.0,4.0,4.0,0,0,1428,214,0,0
sues,control_25_290945,fixed_k,0.05,matched_reachable_oracle,384,365,4.0,False,control,0.25,1428,162,1428,0,1357,1357,0.9502801120448179,0.9502801120448179,1.0,4.0,4.0,0,0,1428,214,0,0
sues,control_25_290945,fixed_k,0.1,full_frozen,384,346,3.0,False,control,0.25,1428,162,1428,0,1339,1339,0.9376750700280112,0.9376750700280112,1.0,3.0,3.0,0,0,1428,214,0,0
sues,control_25_290945,fixed_k,0.1,matched_all_extended,384,346,2.0,False,control,0.25,1428,162,1428,0,1301,1301,0.9110644257703081,0.9110644257703081,1.0,2.0,2.0,0,0,1428,214,0,0
sues,control_25_290945,fixed_k,0.1,matched_reachable_oracle,384,346,2.0,False,control,0.25,1428,162,1428,0,1301,1301,0.9110644257703081,0.9110644257703081,1.0,2.0,2.0,0,0,1428,214,0,0
sues,target_25_290946,distance,0.01,full_frozen,384,382,1.0745146531470176,False,target,0.25,1428,162,1068,360,1068,1068,0.7478991596638656,1.0,0.7478991596638656,57.19607843137255,59.0,0,0,1428,521,12,0
sues,target_25_290946,distance,0.01,matched_all_extended,384,382,,True,target,0.25,1428,162,1068,360,1068,1068,0.7478991596638656,1.0,0.7478991596638656,162.0,162.0,0,1428,1428,521,0,0
sues,target_25_290946,distance,0.01,matched_reachable_oracle,288,287,1.0821092020443175,False,target,0.25,1428,162,1068,360,1068,1068,0.7478991596638656,1.0,0.7478991596638656,64.843837535014,68.0,0,0,1428,521,9,0
sues,target_25_290946,distance,0.05,full_frozen,384,366,1.0039368035385787,False,target,0.25,1428,162,1068,360,1046,1046,0.7324929971988795,0.9794007490636704,0.7478991596638656,14.341736694677872,12.0,21,0,1407,503,81,26
sues,target_25_290946,distance,0.05,matched_all_extended,384,366,,True,target,0.25,1428,162,1068,360,1068,1068,0.7478991596638656,1.0,0.7478991596638656,162.0,162.0,0,1428,1428,521,0,0
sues,target_25_290946,distance,0.05,matched_reachable_oracle,288,275,0.9937222367011745,False,target,0.25,1428,162,1068,360,1038,1038,0.726890756302521,0.9719101123595506,0.7478991596638656,11.462885154061624,9.0,38,0,1390,488,91,30
sues,target_25_290946,distance,0.1,full_frozen,384,347,0.9648130374432573,False,target,0.25,1428,162,1068,360,1010,1010,0.7072829131652661,0.9456928838951311,0.7478991596638656,6.147759103641457,4.0,91,0,1337,445,237,60
sues,target_25_290946,distance,0.1,matched_all_extended,384,347,,True,target,0.25,1428,162,1068,360,1068,1068,0.7478991596638656,1.0,0.7478991596638656,162.0,162.0,0,1428,1428,521,0,0
sues,target_25_290946,distance,0.1,matched_reachable_oracle,288,261,0.9598186001536033,False,target,0.25,1428,162,1068,360,1001,1001,0.7009803921568627,0.9372659176029963,0.7478991596638656,5.515406162464986,4.0,112,0,1316,427,266,59
sues,target_25_290946,aps_raw,0.01,full_frozen,384,382,10.18556222022997,False,target,0.25,1428,162,1068,360,1053,1053,0.7373949579831933,0.9859550561797753,0.7478991596638656,19.72408963585434,20.0,0,0,1428,521,0,0
sues,target_25_290946,aps_raw,0.01,matched_all_extended,384,382,,True,target,0.25,1428,162,1068,360,1068,1068,0.7478991596638656,1.0,0.7478991596638656,162.0,162.0,0,1428,1428,521,0,0
sues,target_25_290946,aps_raw,0.01,matched_reachable_oracle,288,287,11.518717201415633,False,target,0.25,1428,162,1068,360,1055,1055,0.738795518207283,0.9878277153558053,0.7478991596638656,22.390056022408963,22.0,0,0,1428,521,0,0
sues,target_25_290946,aps_raw,0.05,full_frozen,384,366,2.5621897846746147,False,target,0.25,1428,162,1068,360,1025,1025,0.7177871148459384,0.9597378277153558,0.7478991596638656,4.292717086834734,4.0,0,0,1428,521,0,0
sues,target_25_290946,aps_raw,0.05,matched_all_extended,384,366,,True,target,0.25,1428,162,1068,360,1068,1068,0.7478991596638656,1.0,0.7478991596638656,162.0,162.0,0,1428,1428,521,0,0
sues,target_25_290946,aps_raw,0.05,matched_reachable_oracle,288,275,2.5842351463053532,False,target,0.25,1428,162,1068,360,1025,1025,0.7177871148459384,0.9597378277153558,0.7478991596638656,4.394257703081233,4.0,0,0,1428,521,0,0
sues,target_25_290946,aps_raw,0.1,full_frozen,384,347,1.5631376229375706,False,target,0.25,1428,162,1068,360,987,987,0.6911764705882353,0.9241573033707865,0.7478991596638656,2.3634453781512605,2.0,0,0,1428,521,0,0
sues,target_25_290946,aps_raw,0.1,matched_all_extended,384,347,,True,target,0.25,1428,162,1068,360,1068,1068,0.7478991596638656,1.0,0.7478991596638656,162.0,162.0,0,1428,1428,521,0,0
sues,target_25_290946,aps_raw,0.1,matched_reachable_oracle,288,261,1.62854219487514,False,target,0.25,1428,162,1068,360,1005,1005,0.7037815126050421,0.9410112359550562,0.7478991596638656,2.8529411764705883,3.0,0,0,1428,521,0,0
sues,target_25_290946,fixed_k,0.01,full_frozen,384,381,18.0,False,target,0.25,1428,162,1068,360,1053,1053,0.7373949579831933,0.9859550561797753,0.7478991596638656,18.0,18.0,0,0,1428,521,0,0
sues,target_25_290946,fixed_k,0.01,matched_all_extended,384,381,,True,target,0.25,1428,162,1068,360,1068,1068,0.7478991596638656,1.0,0.7478991596638656,162.0,162.0,0,1428,1428,521,0,0
sues,target_25_290946,fixed_k,0.01,matched_reachable_oracle,288,286,17.0,False,target,0.25,1428,162,1068,360,1053,1053,0.7373949579831933,0.9859550561797753,0.7478991596638656,17.0,17.0,0,0,1428,521,0,0
sues,target_25_290946,fixed_k,0.05,full_frozen,384,365,5.0,False,target,0.25,1428,162,1068,360,1028,1028,0.7198879551820728,0.9625468164794008,0.7478991596638656,5.0,5.0,0,0,1428,521,0,0
sues,target_25_290946,fixed_k,0.05,matched_all_extended,384,365,,True,target,0.25,1428,162,1068,360,1068,1068,0.7478991596638656,1.0,0.7478991596638656,162.0,162.0,0,1428,1428,521,0,0
sues,target_25_290946,fixed_k,0.05,matched_reachable_oracle,288,274,5.0,False,target,0.25,1428,162,1068,360,1028,1028,0.7198879551820728,0.9625468164794008,0.7478991596638656,5.0,5.0,0,0,1428,521,0,0
sues,target_25_290946,fixed_k,0.1,full_frozen,384,346,3.0,False,target,0.25,1428,162,1068,360,1009,1009,0.7065826330532213,0.9447565543071161,0.7478991596638656,3.0,3.0,0,0,1428,521,0,0
sues,target_25_290946,fixed_k,0.1,matched_all_extended,384,346,,True,target,0.25,1428,162,1068,360,1068,1068,0.7478991596638656,1.0,0.7478991596638656,162.0,162.0,0,1428,1428,521,0,0
sues,target_25_290946,fixed_k,0.1,matched_reachable_oracle,288,260,3.0,False,target,0.25,1428,162,1068,360,1009,1009,0.7065826330532213,0.9447565543071161,0.7478991596638656,3.0,3.0,0,0,1428,521,0,0
sues,target_50_290946,distance,0.01,full_frozen,384,382,1.0745146531470176,False,target,0.5,1428,124,708,720,708,708,0.4957983193277311,1.0,0.4957983193277311,43.16596638655462,44.0,12,0,1416,781,2,2
sues,target_50_290946,distance,0.01,matched_all_extended,384,382,,True,target,0.5,1428,124,708,720,708,708,0.4957983193277311,1.0,0.4957983193277311,124.0,124.0,0,1428,1428,793,0,0
sues,target_50_290946,distance,0.01,matched_reachable_oracle,192,192,1.01726006663229,False,target,0.5,1428,124,708,720,701,701,0.49089635854341734,0.9901129943502824,0.4957983193277311,13.96078431372549,13.0,38,0,1390,756,50,33
sues,target_50_290946,distance,0.05,full_frozen,384,366,1.0039368035385787,False,target,0.5,1428,124,708,720,699,699,0.4894957983193277,0.9872881355932204,0.4957983193277311,10.586834733893557,9.0,55,0,1373,739,78,50
sues,target_50_290946,distance,0.05,matched_all_extended,384,366,,True,target,0.5,1428,124,708,720,708,708,0.4957983193277311,1.0,0.4957983193277311,124.0,124.0,0,1428,1428,793,0,0
sues,target_50_290946,distance,0.05,matched_reachable_oracle,192,184,0.9617738112971261,False,target,0.5,1428,124,708,720,682,682,0.47759103641456585,0.963276836158192,0.4957983193277311,4.21078431372549,3.0,178,0,1250,625,248,95
sues,target_50_290946,distance,0.1,full_frozen,384,347,0.9648130374432573,False,target,0.5,1428,124,708,720,684,684,0.4789915966386555,0.9661016949152542,0.4957983193277311,4.5021008403361344,3.0,165,0,1263,636,236,91
sues,target_50_290946,distance,0.1,matched_all_extended,384,347,,True,target,0.5,1428,124,708,720,708,708,0.4957983193277311,1.0,0.4957983193277311,124.0,124.0,0,1428,1428,793,0,0
sues,target_50_290946,distance,0.1,matched_reachable_oracle,192,174,0.9423336101465254,False,target,0.5,1428,124,708,720,670,670,0.469187675070028,0.9463276836158192,0.4957983193277311,2.727591036414566,2.0,270,0,1158,541,385,129
sues,target_50_290946,aps_raw,0.01,full_frozen,384,382,10.18556222022997,False,target,0.5,1428,124,708,720,708,708,0.4957983193277311,1.0,0.4957983193277311,19.86904761904762,20.0,0,0,1428,793,0,0
sues,target_50_290946,aps_raw,0.01,matched_all_extended,384,382,,True,target,0.5,1428,124,708,720,708,708,0.4957983193277311,1.0,0.4957983193277311,124.0,124.0,0,1428,1428,793,0,0
sues,target_50_290946,aps_raw,0.01,matched_reachable_oracle,192,192,5.047933170846434,False,target,0.5,1428,124,708,720,706,706,0.4943977591036415,0.9971751412429378,0.4957983193277311,9.341736694677872,9.0,0,0,1428,793,0,0
sues,target_50_290946,aps_raw,0.05,full_frozen,384,366,2.5621897846746147,False,target,0.5,1428,124,708,720,696,696,0.48739495798319327,0.9830508474576272,0.4957983193277311,4.375350140056023,4.0,0,0,1428,793,0,0
sues,target_50_290946,aps_raw,0.05,matched_all_extended,384,366,,True,target,0.5,1428,124,708,720,708,708,0.4957983193277311,1.0,0.4957983193277311,124.0,124.0,0,1428,1428,793,0,0
sues,target_50_290946,aps_raw,0.05,matched_reachable_oracle,192,184,1.5935840449188299,False,target,0.5,1428,124,708,720,677,677,0.4740896358543417,0.9562146892655368,0.4957983193277311,2.7338935574229692,3.0,0,0,1428,793,0,0
sues,target_50_290946,aps_raw,0.1,full_frozen,384,347,1.5631376229375706,False,target,0.5,1428,124,708,720,671,671,0.4698879551820728,0.9477401129943502,0.4957983193277311,2.4719887955182074,2.0,0,0,1428,793,0,0
sues,target_50_290946,aps_raw,0.1,matched_all_extended,384,347,,True,target,0.5,1428,124,708,720,708,708,0.4957983193277311,1.0,0.4957983193277311,124.0,124.0,0,1428,1428,793,0,0
sues,target_50_290946,aps_raw,0.1,matched_reachable_oracle,192,174,1.1315845311147004,False,target,0.5,1428,124,708,720,669,669,0.4684873949579832,0.9449152542372882,0.4957983193277311,1.9866946778711485,2.0,0,0,1428,793,19,1
sues,target_50_290946,fixed_k,0.01,full_frozen,384,381,18.0,False,target,0.5,1428,124,708,720,708,708,0.4957983193277311,1.0,0.4957983193277311,18.0,18.0,0,0,1428,793,0,0
sues,target_50_290946,fixed_k,0.01,matched_all_extended,384,381,,True,target,0.5,1428,124,708,720,708,708,0.4957983193277311,1.0,0.4957983193277311,124.0,124.0,0,1428,1428,793,0,0
sues,target_50_290946,fixed_k,0.01,matched_reachable_oracle,192,191,9.0,False,target,0.5,1428,124,708,720,705,705,0.49369747899159666,0.9957627118644068,0.4957983193277311,9.0,9.0,0,0,1428,793,0,0
sues,target_50_290946,fixed_k,0.05,full_frozen,384,365,5.0,False,target,0.5,1428,124,708,720,697,697,0.4880952380952381,0.9844632768361582,0.4957983193277311,5.0,5.0,0,0,1428,793,0,0
sues,target_50_290946,fixed_k,0.05,matched_all_extended,384,365,,True,target,0.5,1428,124,708,720,708,708,0.4957983193277311,1.0,0.4957983193277311,124.0,124.0,0,1428,1428,793,0,0
sues,target_50_290946,fixed_k,0.05,matched_reachable_oracle,192,183,3.0,False,target,0.5,1428,124,708,720,688,688,0.48179271708683474,0.9717514124293786,0.4957983193277311,3.0,3.0,0,0,1428,793,0,0
sues,target_50_290946,fixed_k,0.1,full_frozen,384,346,3.0,False,target,0.5,1428,124,708,720,688,688,0.48179271708683474,0.9717514124293786,0.4957983193277311,3.0,3.0,0,0,1428,793,0,0
sues,target_50_290946,fixed_k,0.1,matched_all_extended,384,346,,True,target,0.5,1428,124,708,720,708,708,0.4957983193277311,1.0,0.4957983193277311,124.0,124.0,0,1428,1428,793,0,0
sues,target_50_290946,fixed_k,0.1,matched_reachable_oracle,192,173,2.0,False,target,0.5,1428,124,708,720,670,670,0.469187675070028,0.9463276836158192,0.4957983193277311,2.0,2.0,0,0,1428,793,0,0
sues,control_25_290946,distance,0.01,full_frozen,384,382,1.0745146531470176,False,control,0.25,1428,162,1428,0,1427,1427,0.9992997198879552,0.9992997198879552,1.0,55.25560224089636,56.0,0,0,1428,206,11,0
sues,control_25_290946,distance,0.01,matched_all_extended,384,382,1.0745146531470176,False,control,0.25,1428,162,1428,0,1427,1427,0.9992997198879552,0.9992997198879552,1.0,55.25560224089636,56.0,0,0,1428,206,11,0
sues,control_25_290946,distance,0.01,matched_reachable_oracle,384,382,1.0745146531470176,False,control,0.25,1428,162,1428,0,1427,1427,0.9992997198879552,0.9992997198879552,1.0,55.25560224089636,56.0,0,0,1428,206,11,0
sues,control_25_290946,distance,0.05,full_frozen,384,366,1.0039368035385787,False,control,0.25,1428,162,1428,0,1395,1395,0.976890756302521,0.976890756302521,1.0,13.175070028011204,12.0,4,0,1424,205,93,6
sues,control_25_290946,distance,0.05,matched_all_extended,384,366,1.0039368035385787,False,control,0.25,1428,162,1428,0,1395,1395,0.976890756302521,0.976890756302521,1.0,13.175070028011204,12.0,4,0,1424,205,93,6
sues,control_25_290946,distance,0.05,matched_reachable_oracle,384,366,1.0039368035385787,False,control,0.25,1428,162,1428,0,1395,1395,0.976890756302521,0.976890756302521,1.0,13.175070028011204,12.0,4,0,1424,205,93,6
sues,control_25_290946,distance,0.1,full_frozen,384,347,0.9648130374432573,False,control,0.25,1428,162,1428,0,1344,1344,0.9411764705882353,0.9411764705882353,1.0,5.743697478991597,4.0,37,0,1391,191,269,13
sues,control_25_290946,distance,0.1,matched_all_extended,384,347,0.9648130374432573,False,control,0.25,1428,162,1428,0,1344,1344,0.9411764705882353,0.9411764705882353,1.0,5.743697478991597,4.0,37,0,1391,191,269,13
sues,control_25_290946,distance,0.1,matched_reachable_oracle,384,347,0.9648130374432573,False,control,0.25,1428,162,1428,0,1344,1344,0.9411764705882353,0.9411764705882353,1.0,5.743697478991597,4.0,37,0,1391,191,269,13
sues,control_25_290946,aps_raw,0.01,full_frozen,384,382,10.18556222022997,False,control,0.25,1428,162,1428,0,1410,1410,0.9873949579831933,0.9873949579831933,1.0,19.721988795518207,20.0,0,0,1428,206,0,0
sues,control_25_290946,aps_raw,0.01,matched_all_extended,384,382,7.746684951732626,False,control,0.25,1428,162,1428,0,1404,1404,0.9831932773109243,0.9831932773109243,1.0,14.834733893557424,15.0,0,0,1428,206,0,0
sues,control_25_290946,aps_raw,0.01,matched_reachable_oracle,384,382,7.746684951732626,False,control,0.25,1428,162,1428,0,1404,1404,0.9831932773109243,0.9831932773109243,1.0,14.834733893557424,15.0,0,0,1428,206,0,0
sues,control_25_290946,aps_raw,0.05,full_frozen,384,366,2.5621897846746147,False,control,0.25,1428,162,1428,0,1364,1364,0.9551820728291317,0.9551820728291317,1.0,4.247198879551821,4.0,0,0,1428,206,0,0
sues,control_25_290946,aps_raw,0.05,matched_all_extended,384,366,2.048357404914834,False,control,0.25,1428,162,1428,0,1346,1346,0.9425770308123249,0.9425770308123249,1.0,3.183473389355742,3.0,0,0,1428,206,0,0
sues,control_25_290946,aps_raw,0.05,matched_reachable_oracle,384,366,2.048357404914834,False,control,0.25,1428,162,1428,0,1346,1346,0.9425770308123249,0.9425770308123249,1.0,3.183473389355742,3.0,0,0,1428,206,0,0
sues,control_25_290946,aps_raw,0.1,full_frozen,384,347,1.5631376229375706,False,control,0.25,1428,162,1428,0,1319,1319,0.9236694677871149,0.9236694677871149,1.0,2.299719887955182,2.0,0,0,1428,206,0,0
sues,control_25_290946,aps_raw,0.1,matched_all_extended,384,347,1.0651638584476162,False,control,0.25,1428,162,1428,0,1258,1258,0.8809523809523809,0.8809523809523809,1.0,1.434873949579832,1.0,0,0,1428,206,807,80
sues,control_25_290946,aps_raw,0.1,matched_reachable_oracle,384,347,1.0651638584476162,False,control,0.25,1428,162,1428,0,1258,1258,0.8809523809523809,0.8809523809523809,1.0,1.434873949579832,1.0,0,0,1428,206,807,80
sues,control_25_290946,fixed_k,0.01,full_frozen,384,381,18.0,False,control,0.25,1428,162,1428,0,1408,1408,0.9859943977591037,0.9859943977591037,1.0,18.0,18.0,0,0,1428,206,0,0
sues,control_25_290946,fixed_k,0.01,matched_all_extended,384,381,15.0,False,control,0.25,1428,162,1428,0,1404,1404,0.9831932773109243,0.9831932773109243,1.0,15.0,15.0,0,0,1428,206,0,0
sues,control_25_290946,fixed_k,0.01,matched_reachable_oracle,384,381,15.0,False,control,0.25,1428,162,1428,0,1404,1404,0.9831932773109243,0.9831932773109243,1.0,15.0,15.0,0,0,1428,206,0,0
sues,control_25_290946,fixed_k,0.05,full_frozen,384,365,5.0,False,control,0.25,1428,162,1428,0,1371,1371,0.9600840336134454,0.9600840336134454,1.0,5.0,5.0,0,0,1428,206,0,0
sues,control_25_290946,fixed_k,0.05,matched_all_extended,384,365,3.0,False,control,0.25,1428,162,1428,0,1341,1341,0.9390756302521008,0.9390756302521008,1.0,3.0,3.0,0,0,1428,206,0,0
sues,control_25_290946,fixed_k,0.05,matched_reachable_oracle,384,365,3.0,False,control,0.25,1428,162,1428,0,1341,1341,0.9390756302521008,0.9390756302521008,1.0,3.0,3.0,0,0,1428,206,0,0
sues,control_25_290946,fixed_k,0.1,full_frozen,384,346,3.0,False,control,0.25,1428,162,1428,0,1341,1341,0.9390756302521008,0.9390756302521008,1.0,3.0,3.0,0,0,1428,206,0,0
sues,control_25_290946,fixed_k,0.1,matched_all_extended,384,346,2.0,False,control,0.25,1428,162,1428,0,1308,1308,0.9159663865546218,0.9159663865546218,1.0,2.0,2.0,0,0,1428,206,0,0
sues,control_25_290946,fixed_k,0.1,matched_reachable_oracle,384,346,2.0,False,control,0.25,1428,162,1428,0,1308,1308,0.9159663865546218,0.9159663865546218,1.0,2.0,2.0,0,0,1428,206,0,0
sues,target_25_290947,distance,0.01,full_frozen,384,382,1.0745146531470176,False,target,0.25,1428,162,1068,360,1068,1068,0.7478991596638656,1.0,0.7478991596638656,56.65966386554622,58.0,0,0,1428,497,14,0
sues,target_25_290947,distance,0.01,matched_all_extended,384,382,,True,target,0.25,1428,162,1068,360,1068,1068,0.7478991596638656,1.0,0.7478991596638656,162.0,162.0,0,1428,1428,497,0,0
sues,target_25_290947,distance,0.01,matched_reachable_oracle,288,287,1.0821092020443175,False,target,0.25,1428,162,1068,360,1068,1068,0.7478991596638656,1.0,0.7478991596638656,64.22689075630252,66.0,0,0,1428,497,12,0
sues,target_25_290947,distance,0.05,full_frozen,384,366,1.0039368035385787,False,target,0.25,1428,162,1068,360,1050,1050,0.7352941176470589,0.9831460674157303,0.7478991596638656,14.311624649859944,12.0,17,0,1411,483,75,15
sues,target_25_290947,distance,0.05,matched_all_extended,384,366,,True,target,0.25,1428,162,1068,360,1068,1068,0.7478991596638656,1.0,0.7478991596638656,162.0,162.0,0,1428,1428,497,0,0
sues,target_25_290947,distance,0.05,matched_reachable_oracle,288,275,1.0222899531094072,False,target,0.25,1428,162,1068,360,1057,1057,0.7401960784313726,0.9897003745318352,0.7478991596638656,21.007703081232492,20.0,2,0,1426,496,47,5
sues,target_25_290947,distance,0.1,full_frozen,384,347,0.9648130374432573,False,target,0.25,1428,162,1068,360,1013,1013,0.7093837535014006,0.9485018726591761,0.7478991596638656,6.186274509803922,4.0,84,0,1344,429,233,57
sues,target_25_290947,distance,0.1,matched_all_extended,384,347,,True,target,0.25,1428,162,1068,360,1068,1068,0.7478991596638656,1.0,0.7478991596638656,162.0,162.0,0,1428,1428,497,0,0
sues,target_25_290947,distance,0.1,matched_reachable_oracle,288,261,0.9724942666726297,False,target,0.25,1428,162,1068,360,1020,1020,0.7142857142857143,0.9550561797752809,0.7478991596638656,7.277310924369748,5.0,66,0,1362,442,186,44
sues,target_25_290947,aps_raw,0.01,full_frozen,384,382,10.18556222022997,False,target,0.25,1428,162,1068,360,1057,1057,0.7401960784313726,0.9897003745318352,0.7478991596638656,19.69747899159664,20.0,0,0,1428,497,0,0
sues,target_25_290947,aps_raw,0.01,matched_all_extended,384,382,,True,target,0.25,1428,162,1068,360,1068,1068,0.7478991596638656,1.0,0.7478991596638656,162.0,162.0,0,1428,1428,497,0,0
sues,target_25_290947,aps_raw,0.01,matched_reachable_oracle,288,287,9.14484615184094,False,target,0.25,1428,162,1068,360,1056,1056,0.7394957983193278,0.9887640449438202,0.7478991596638656,17.607142857142858,18.0,0,0,1428,497,0,0
sues,target_25_290947,aps_raw,0.05,full_frozen,384,366,2.5621897846746147,False,target,0.25,1428,162,1068,360,1026,1026,0.7184873949579832,0.9606741573033708,0.7478991596638656,4.314425770308123,4.0,0,0,1428,497,0,0
sues,target_25_290947,aps_raw,0.05,matched_all_extended,384,366,,True,target,0.25,1428,162,1068,360,1068,1068,0.7478991596638656,1.0,0.7478991596638656,162.0,162.0,0,1428,1428,497,0,0
sues,target_25_290947,aps_raw,0.05,matched_reachable_oracle,288,275,2.070824901634343,False,target,0.25,1428,162,1068,360,1016,1016,0.711484593837535,0.951310861423221,0.7478991596638656,3.387955182072829,3.0,0,0,1428,497,0,0
sues,target_25_290947,aps_raw,0.1,full_frozen,384,347,1.5631376229375706,False,target,0.25,1428,162,1068,360,1003,1003,0.7023809523809523,0.9391385767790262,0.7478991596638656,2.38375350140056,2.0,0,0,1428,497,0,0
sues,target_25_290947,aps_raw,0.1,matched_all_extended,384,347,,True,target,0.25,1428,162,1068,360,1068,1068,0.7478991596638656,1.0,0.7478991596638656,162.0,162.0,0,1428,1428,497,0,0
sues,target_25_290947,aps_raw,0.1,matched_reachable_oracle,288,261,1.0685940216369638,False,target,0.25,1428,162,1068,360,966,966,0.6764705882352942,0.9044943820224719,0.7478991596638656,1.5532212885154062,2.0,0,0,1428,497,638,87
sues,target_25_290947,fixed_k,0.01,full_frozen,384,381,18.0,False,target,0.25,1428,162,1068,360,1056,1056,0.7394957983193278,0.9887640449438202,0.7478991596638656,18.0,18.0,0,0,1428,497,0,0
sues,target_25_290947,fixed_k,0.01,matched_all_extended,384,381,,True,target,0.25,1428,162,1068,360,1068,1068,0.7478991596638656,1.0,0.7478991596638656,162.0,162.0,0,1428,1428,497,0,0
sues,target_25_290947,fixed_k,0.01,matched_reachable_oracle,288,286,16.0,False,target,0.25,1428,162,1068,360,1055,1055,0.738795518207283,0.9878277153558053,0.7478991596638656,16.0,16.0,0,0,1428,497,0,0
sues,target_25_290947,fixed_k,0.05,full_frozen,384,365,5.0,False,target,0.25,1428,162,1068,360,1032,1032,0.7226890756302521,0.9662921348314607,0.7478991596638656,5.0,5.0,0,0,1428,497,0,0
sues,target_25_290947,fixed_k,0.05,matched_all_extended,384,365,,True,target,0.25,1428,162,1068,360,1068,1068,0.7478991596638656,1.0,0.7478991596638656,162.0,162.0,0,1428,1428,497,0,0
sues,target_25_290947,fixed_k,0.05,matched_reachable_oracle,288,274,4.0,False,target,0.25,1428,162,1068,360,1024,1024,0.7170868347338936,0.9588014981273408,0.7478991596638656,4.0,4.0,0,0,1428,497,0,0
sues,target_25_290947,fixed_k,0.1,full_frozen,384,346,3.0,False,target,0.25,1428,162,1068,360,1012,1012,0.7086834733893558,0.947565543071161,0.7478991596638656,3.0,3.0,0,0,1428,497,0,0
sues,target_25_290947,fixed_k,0.1,matched_all_extended,384,346,,True,target,0.25,1428,162,1068,360,1068,1068,0.7478991596638656,1.0,0.7478991596638656,162.0,162.0,0,1428,1428,497,0,0
sues,target_25_290947,fixed_k,0.1,matched_reachable_oracle,288,260,2.0,False,target,0.25,1428,162,1068,360,995,995,0.6967787114845938,0.9316479400749064,0.7478991596638656,2.0,2.0,0,0,1428,497,0,0
sues,target_50_290947,distance,0.01,full_frozen,384,382,1.0745146531470176,False,target,0.5,1428,124,708,720,708,708,0.4957983193277311,1.0,0.4957983193277311,42.61484593837535,44.0,0,0,1428,779,14,0
sues,target_50_290947,distance,0.01,matched_all_extended,384,382,,True,target,0.5,1428,124,708,720,708,708,0.4957983193277311,1.0,0.4957983193277311,124.0,124.0,0,1428,1428,779,0,0
sues,target_50_290947,distance,0.01,matched_reachable_oracle,192,192,1.1034752932091096,False,target,0.5,1428,124,708,720,708,708,0.4957983193277311,1.0,0.4957983193277311,66.59033613445378,70.0,0,0,1428,779,6,0
sues,target_50_290947,distance,0.05,full_frozen,384,366,1.0039368035385787,False,target,0.5,1428,124,708,720,696,696,0.48739495798319327,0.9830508474576272,0.4957983193277311,10.614145658263306,9.0,23,0,1405,759,111,41
sues,target_50_290947,distance,0.05,matched_all_extended,384,366,,True,target,0.5,1428,124,708,720,708,708,0.4957983193277311,1.0,0.4957983193277311,124.0,124.0,0,1428,1428,779,0,0
sues,target_50_290947,distance,0.05,matched_reachable_oracle,192,184,1.040265541447891,False,target,0.5,1428,124,708,720,706,706,0.4943977591036415,0.9971751412429378,0.4957983193277311,22.383053221288517,22.0,4,0,1424,776,42,13
sues,target_50_290947,distance,0.1,full_frozen,384,347,0.9648130374432573,False,target,0.5,1428,124,708,720,673,673,0.47128851540616246,0.9505649717514124,0.4957983193277311,4.593837535014005,3.0,133,0,1295,662,303,129
sues,target_50_290947,distance,0.1,matched_all_extended,384,347,,True,target,0.5,1428,124,708,720,708,708,0.4957983193277311,1.0,0.4957983193277311,124.0,124.0,0,1428,1428,779,0,0
sues,target_50_290947,distance,0.1,matched_reachable_oracle,192,174,0.9928784908740045,False,target,0.5,1428,124,708,720,690,690,0.4831932773109244,0.9745762711864406,0.4957983193277311,8.395658263305322,6.0,37,0,1391,748,152,60
sues,target_50_290947,aps_raw,0.01,full_frozen,384,382,10.18556222022997,False,target,0.5,1428,124,708,720,708,708,0.4957983193277311,1.0,0.4957983193277311,19.849439775910366,20.0,0,0,1428,779,0,0
sues,target_50_290947,aps_raw,0.01,matched_all_extended,384,382,,True,target,0.5,1428,124,708,720,708,708,0.4957983193277311,1.0,0.4957983193277311,124.0,124.0,0,1428,1428,779,0,0
sues,target_50_290947,aps_raw,0.01,matched_reachable_oracle,192,192,13.029842108510596,False,target,0.5,1428,124,708,720,708,708,0.4957983193277311,1.0,0.4957983193277311,25.670868347338935,26.0,0,0,1428,779,0,0
sues,target_50_290947,aps_raw,0.05,full_frozen,384,366,2.5621897846746147,False,target,0.5,1428,124,708,720,698,698,0.4887955182072829,0.9858757062146892,0.4957983193277311,4.434173669467787,4.0,0,0,1428,779,0,0
sues,target_50_290947,aps_raw,0.05,matched_all_extended,384,366,,True,target,0.5,1428,124,708,720,708,708,0.4957983193277311,1.0,0.4957983193277311,124.0,124.0,0,1428,1428,779,0,0
sues,target_50_290947,aps_raw,0.05,matched_reachable_oracle,192,184,2.0479927073521274,False,target,0.5,1428,124,708,720,693,693,0.4852941176470588,0.9788135593220338,0.4957983193277311,3.357843137254902,3.0,0,0,1428,779,0,0
sues,target_50_290947,aps_raw,0.1,full_frozen,384,347,1.5631376229375706,False,target,0.5,1428,124,708,720,684,684,0.4789915966386555,0.9661016949152542,0.4957983193277311,2.514705882352941,3.0,0,0,1428,779,0,0
sues,target_50_290947,aps_raw,0.1,matched_all_extended,384,347,,True,target,0.5,1428,124,708,720,708,708,0.4957983193277311,1.0,0.4957983193277311,124.0,124.0,0,1428,1428,779,0,0
sues,target_50_290947,aps_raw,0.1,matched_reachable_oracle,192,174,1.5304598133531262,False,target,0.5,1428,124,708,720,682,682,0.47759103641456585,0.963276836158192,0.4957983193277311,2.2394957983193278,2.0,0,0,1428,779,0,0
sues,target_50_290947,fixed_k,0.01,full_frozen,384,381,18.0,False,target,0.5,1428,124,708,720,707,707,0.4950980392156863,0.998587570621469,0.4957983193277311,18.0,18.0,0,0,1428,779,0,0
sues,target_50_290947,fixed_k,0.01,matched_all_extended,384,381,,True,target,0.5,1428,124,708,720,708,708,0.4957983193277311,1.0,0.4957983193277311,124.0,124.0,0,1428,1428,779,0,0
sues,target_50_290947,fixed_k,0.01,matched_reachable_oracle,192,191,15.0,False,target,0.5,1428,124,708,720,706,706,0.4943977591036415,0.9971751412429378,0.4957983193277311,15.0,15.0,0,0,1428,779,0,0
sues,target_50_290947,fixed_k,0.05,full_frozen,384,365,5.0,False,target,0.5,1428,124,708,720,699,699,0.4894957983193277,0.9872881355932204,0.4957983193277311,5.0,5.0,0,0,1428,779,0,0
sues,target_50_290947,fixed_k,0.05,matched_all_extended,384,365,,True,target,0.5,1428,124,708,720,708,708,0.4957983193277311,1.0,0.4957983193277311,124.0,124.0,0,1428,1428,779,0,0
sues,target_50_290947,fixed_k,0.05,matched_reachable_oracle,192,183,3.0,False,target,0.5,1428,124,708,720,687,687,0.4810924369747899,0.9703389830508474,0.4957983193277311,3.0,3.0,0,0,1428,779,0,0
sues,target_50_290947,fixed_k,0.1,full_frozen,384,346,3.0,False,target,0.5,1428,124,708,720,687,687,0.4810924369747899,0.9703389830508474,0.4957983193277311,3.0,3.0,0,0,1428,779,0,0
sues,target_50_290947,fixed_k,0.1,matched_all_extended,384,346,,True,target,0.5,1428,124,708,720,708,708,0.4957983193277311,1.0,0.4957983193277311,124.0,124.0,0,1428,1428,779,0,0
sues,target_50_290947,fixed_k,0.1,matched_reachable_oracle,192,173,3.0,False,target,0.5,1428,124,708,720,687,687,0.4810924369747899,0.9703389830508474,0.4957983193277311,3.0,3.0,0,0,1428,779,0,0
sues,control_25_290947,distance,0.01,full_frozen,384,382,1.0745146531470176,False,control,0.25,1428,162,1428,0,1427,1427,0.9992997198879552,0.9992997198879552,1.0,55.07422969187675,56.0,0,0,1428,205,11,0
sues,control_25_290947,distance,0.01,matched_all_extended,384,382,1.0745146531470176,False,control,0.25,1428,162,1428,0,1427,1427,0.9992997198879552,0.9992997198879552,1.0,55.07422969187675,56.0,0,0,1428,205,11,0
sues,control_25_290947,distance,0.01,matched_reachable_oracle,384,382,1.0745146531470176,False,control,0.25,1428,162,1428,0,1427,1427,0.9992997198879552,0.9992997198879552,1.0,55.07422969187675,56.0,0,0,1428,205,11,0
sues,control_25_290947,distance,0.05,full_frozen,384,366,1.0039368035385787,False,control,0.25,1428,162,1428,0,1395,1395,0.976890756302521,0.976890756302521,1.0,13.134453781512605,12.0,3,0,1425,205,94,4
sues,control_25_290947,distance,0.05,matched_all_extended,384,366,1.0039368035385787,False,control,0.25,1428,162,1428,0,1395,1395,0.976890756302521,0.976890756302521,1.0,13.134453781512605,12.0,3,0,1425,205,94,4
sues,control_25_290947,distance,0.05,matched_reachable_oracle,384,366,1.0039368035385787,False,control,0.25,1428,162,1428,0,1395,1395,0.976890756302521,0.976890756302521,1.0,13.134453781512605,12.0,3,0,1425,205,94,4
sues,control_25_290947,distance,0.1,full_frozen,384,347,0.9648130374432573,False,control,0.25,1428,162,1428,0,1344,1344,0.9411764705882353,0.9411764705882353,1.0,5.742296918767507,4.0,36,0,1392,188,283,12
sues,control_25_290947,distance,0.1,matched_all_extended,384,347,0.9648130374432573,False,control,0.25,1428,162,1428,0,1344,1344,0.9411764705882353,0.9411764705882353,1.0,5.742296918767507,4.0,36,0,1392,188,283,12
sues,control_25_290947,distance,0.1,matched_reachable_oracle,384,347,0.9648130374432573,False,control,0.25,1428,162,1428,0,1344,1344,0.9411764705882353,0.9411764705882353,1.0,5.742296918767507,4.0,36,0,1392,188,283,12
sues,control_25_290947,aps_raw,0.01,full_frozen,384,382,10.18556222022997,False,control,0.25,1428,162,1428,0,1409,1409,0.9866946778711485,0.9866946778711485,1.0,19.719887955182074,20.0,0,0,1428,205,0,0
sues,control_25_290947,aps_raw,0.01,matched_all_extended,384,382,8.243569770896455,False,control,0.25,1428,162,1428,0,1405,1405,0.9838935574229691,0.9838935574229691,1.0,15.821428571428571,16.0,0,0,1428,205,0,0
sues,control_25_290947,aps_raw,0.01,matched_reachable_oracle,384,382,8.243569770896455,False,control,0.25,1428,162,1428,0,1405,1405,0.9838935574229691,0.9838935574229691,1.0,15.821428571428571,16.0,0,0,1428,205,0,0
sues,control_25_290947,aps_raw,0.05,full_frozen,384,366,2.5621897846746147,False,control,0.25,1428,162,1428,0,1365,1365,0.9558823529411765,0.9558823529411765,1.0,4.2478991596638656,4.0,0,0,1428,205,0,0
sues,control_25_290947,aps_raw,0.05,matched_all_extended,384,366,2.5621897846746147,False,control,0.25,1428,162,1428,0,1365,1365,0.9558823529411765,0.9558823529411765,1.0,4.2478991596638656,4.0,0,0,1428,205,0,0
sues,control_25_290947,aps_raw,0.05,matched_reachable_oracle,384,366,2.5621897846746147,False,control,0.25,1428,162,1428,0,1365,1365,0.9558823529411765,0.9558823529411765,1.0,4.2478991596638656,4.0,0,0,1428,205,0,0
sues,control_25_290947,aps_raw,0.1,full_frozen,384,347,1.5631376229375706,False,control,0.25,1428,162,1428,0,1320,1320,0.9243697478991597,0.9243697478991597,1.0,2.3011204481792715,2.0,0,0,1428,205,0,0
sues,control_25_290947,aps_raw,0.1,matched_all_extended,384,347,1.1315845311147004,False,control,0.25,1428,162,1428,0,1303,1303,0.9124649859943977,0.9124649859943977,1.0,1.9376750700280112,2.0,0,0,1428,205,89,4
sues,control_25_290947,aps_raw,0.1,matched_reachable_oracle,384,347,1.1315845311147004,False,control,0.25,1428,162,1428,0,1303,1303,0.9124649859943977,0.9124649859943977,1.0,1.9376750700280112,2.0,0,0,1428,205,89,4
sues,control_25_290947,fixed_k,0.01,full_frozen,384,381,18.0,False,control,0.25,1428,162,1428,0,1407,1407,0.9852941176470589,0.9852941176470589,1.0,18.0,18.0,0,0,1428,205,0,0
sues,control_25_290947,fixed_k,0.01,matched_all_extended,384,381,16.0,False,control,0.25,1428,162,1428,0,1405,1405,0.9838935574229691,0.9838935574229691,1.0,16.0,16.0,0,0,1428,205,0,0
sues,control_25_290947,fixed_k,0.01,matched_reachable_oracle,384,381,16.0,False,control,0.25,1428,162,1428,0,1405,1405,0.9838935574229691,0.9838935574229691,1.0,16.0,16.0,0,0,1428,205,0,0
sues,control_25_290947,fixed_k,0.05,full_frozen,384,365,5.0,False,control,0.25,1428,162,1428,0,1372,1372,0.9607843137254902,0.9607843137254902,1.0,5.0,5.0,0,0,1428,205,0,0
sues,control_25_290947,fixed_k,0.05,matched_all_extended,384,365,4.0,False,control,0.25,1428,162,1428,0,1359,1359,0.9516806722689075,0.9516806722689075,1.0,4.0,4.0,0,0,1428,205,0,0
sues,control_25_290947,fixed_k,0.05,matched_reachable_oracle,384,365,4.0,False,control,0.25,1428,162,1428,0,1359,1359,0.9516806722689075,0.9516806722689075,1.0,4.0,4.0,0,0,1428,205,0,0
sues,control_25_290947,fixed_k,0.1,full_frozen,384,346,3.0,False,control,0.25,1428,162,1428,0,1342,1342,0.9397759103641457,0.9397759103641457,1.0,3.0,3.0,0,0,1428,205,0,0
sues,control_25_290947,fixed_k,0.1,matched_all_extended,384,346,2.0,False,control,0.25,1428,162,1428,0,1307,1307,0.915266106442577,0.915266106442577,1.0,2.0,2.0,0,0,1428,205,0,0
sues,control_25_290947,fixed_k,0.1,matched_reachable_oracle,384,346,2.0,False,control,0.25,1428,162,1428,0,1307,1307,0.915266106442577,0.915266106442577,1.0,2.0,2.0,0,0,1428,205,0,0
