dataset,case_id,arm,fraction,method,k,effective_k,queries,reachable,correct,retrieval_coverage,mean_confidence,grid_unresolved,empty_at_selected_alpha,wrong_topk_with_empty,ece10
university,full,full,0.0,distance,1,1,852,852,773,0.9072769953051644,0.8978521126760564,0,28,16,0.04909624413145543
university,full,full,0.0,distance,20,20,852,852,844,0.9906103286384976,0.9794600938967138,0,0,0,0.011150234741783782
university,full,full,0.0,distance,50,50,852,852,845,0.9917840375586855,0.9874647887323945,0,0,0,0.004319248826290978
university,full,full,0.0,distance,100,100,852,852,846,0.9929577464788732,0.9898474178403758,0,0,0,0.0031103286384974727
university,full,full,0.0,distance,200,200,852,852,849,0.9964788732394366,0.99,0,0,0,0.006478873239436633
university,full,full,0.0,aps_raw,1,1,852,852,773,0.9072769953051644,0.9405985915492955,0,0,0,0.03332159624413111
university,full,full,0.0,aps_raw,20,20,852,852,844,0.9906103286384976,0.9800000000000003,0,0,0,0.010610328638497313
university,full,full,0.0,aps_raw,50,50,852,852,845,0.9917840375586855,0.9800000000000003,0,0,0,0.011784037558685179
university,full,full,0.0,aps_raw,100,100,852,852,846,0.9929577464788732,0.99,0,0,0,0.0029577464788732577
university,full,full,0.0,aps_raw,200,200,852,852,849,0.9964788732394366,0.99,0,0,0,0.006478873239436633
university,target_71_3407,target,0.25,distance,1,1,852,639,591,0.6936619718309859,0.9214788732394367,0,71,66,0.25563380281690146
university,target_71_3407,target,0.25,distance,20,20,852,639,635,0.7453051643192489,0.9814201877934274,0,0,0,0.23611502347417856
university,target_71_3407,target,0.25,distance,50,50,852,639,635,0.7453051643192489,0.9887910798122066,0,0,0,0.24348591549295773
university,target_71_3407,target,0.25,distance,100,100,852,639,636,0.7464788732394366,0.9899647887323945,0,0,0,0.24348591549295784
university,target_71_3407,target,0.25,distance,200,200,852,639,638,0.7488262910798122,0.99,0,0,0,0.24117370892018775
university,target_71_3407,target,0.25,aps_raw,1,1,852,639,591,0.6936619718309859,0.9383920187793424,0,0,0,0.24473004694835654
university,target_71_3407,target,0.25,aps_raw,20,20,852,639,635,0.7453051643192489,0.9800000000000003,0,0,0,0.23469483568075145
university,target_71_3407,target,0.25,aps_raw,50,50,852,639,635,0.7453051643192489,0.9800000000000003,0,0,0,0.23469483568075145
university,target_71_3407,target,0.25,aps_raw,100,100,852,639,636,0.7464788732394366,0.99,0,0,0,0.24352112676056337
university,target_71_3407,target,0.25,aps_raw,200,200,852,639,638,0.7488262910798122,0.99,0,0,0,0.24117370892018775
university,control_71_3407,control,0.25,distance,1,1,852,852,777,0.9119718309859155,0.9033802816901406,0,28,16,0.04185446009389665
university,control_71_3407,control,0.25,distance,20,20,852,852,845,0.9917840375586855,0.980985915492958,0,0,0,0.0107981220657275
university,control_71_3407,control,0.25,distance,50,50,852,852,845,0.9917840375586855,0.9885093896713616,0,0,0,0.0032746478873239004
university,control_71_3407,control,0.25,distance,100,100,852,852,848,0.9953051643192489,0.9899530516431926,0,0,0,0.0053521126760562865
university,control_71_3407,control,0.25,distance,200,200,852,852,849,0.9964788732394366,0.99,0,0,0,0.006478873239436633
university,control_71_3407,control,0.25,aps_raw,1,1,852,852,777,0.9119718309859155,0.9403755868544599,0,0,0,0.028403755868544378
university,control_71_3407,control,0.25,aps_raw,20,20,852,852,845,0.9917840375586855,0.9800000000000003,0,0,0,0.011784037558685179
university,control_71_3407,control,0.25,aps_raw,50,50,852,852,845,0.9917840375586855,0.9800000000000003,0,0,0,0.011784037558685179
university,control_71_3407,control,0.25,aps_raw,100,100,852,852,848,0.9953051643192489,0.99,0,0,0,0.0053051643192488784
university,control_71_3407,control,0.25,aps_raw,200,200,852,852,849,0.9964788732394366,0.99,0,0,0,0.006478873239436633
university,target_142_3407,target,0.5,distance,1,1,852,426,395,0.4636150234741784,0.9380633802816901,0,145,141,0.4832511737089201
university,target_142_3407,target,0.5,distance,20,20,852,426,423,0.4964788732394366,0.9841314553990612,0,0,0,0.4876525821596246
university,target_142_3407,target,0.5,distance,50,50,852,426,423,0.4964788732394366,0.9895774647887325,0,0,0,0.4930985915492959
university,target_142_3407,target,0.5,distance,100,100,852,426,424,0.49765258215962443,0.99,0,0,0,0.49234741784037556
university,target_142_3407,target,0.5,distance,200,200,852,426,425,0.4988262910798122,0.99,0,0,0,0.4911737089201878
university,target_142_3407,target,0.5,aps_raw,1,1,852,426,395,0.4636150234741784,0.9360211267605631,0,0,0,0.47240610328638477
university,target_142_3407,target,0.5,aps_raw,20,20,852,426,423,0.4964788732394366,0.9800000000000003,0,0,0,0.4835211267605637
university,target_142_3407,target,0.5,aps_raw,50,50,852,426,423,0.4964788732394366,0.9800000000000003,0,0,0,0.4835211267605637
university,target_142_3407,target,0.5,aps_raw,100,100,852,426,424,0.49765258215962443,0.99,0,0,0,0.49234741784037556
university,target_142_3407,target,0.5,aps_raw,200,200,852,426,425,0.4988262910798122,0.99,0,0,0,0.4911737089201878
university,target_71_3408,target,0.25,distance,1,1,852,639,581,0.681924882629108,0.9200234741784038,0,91,84,0.26100938967136145
university,target_71_3408,target,0.25,distance,20,20,852,639,632,0.7417840375586855,0.9814906103286388,0,0,0,0.23970657276995333
university,target_71_3408,target,0.25,distance,50,50,852,639,632,0.7417840375586855,0.9887676056338028,0,0,0,0.24698356807511734
university,target_71_3408,target,0.25,distance,100,100,852,639,634,0.744131455399061,0.9899765258215962,0,0,0,0.24584507042253523
university,target_71_3408,target,0.25,distance,200,200,852,639,636,0.7464788732394366,0.99,0,0,0,0.24352112676056337
university,target_71_3408,target,0.25,aps_raw,1,1,852,639,581,0.681924882629108,0.9383215962441313,0,0,0,0.25639671361502325
university,target_71_3408,target,0.25,aps_raw,20,20,852,639,632,0.7417840375586855,0.9800000000000003,0,0,0,0.23821596244131482
university,target_71_3408,target,0.25,aps_raw,50,50,852,639,632,0.7417840375586855,0.9800000000000003,0,0,0,0.23821596244131482
university,target_71_3408,target,0.25,aps_raw,100,100,852,639,634,0.744131455399061,0.99,0,0,0,0.245868544600939
university,target_71_3408,target,0.25,aps_raw,200,200,852,639,636,0.7464788732394366,0.99,0,0,0,0.24352112676056337
university,control_71_3408,control,0.25,distance,1,1,852,852,782,0.9178403755868545,0.9039671361502347,0,28,16,0.042112676056337936
university,control_71_3408,control,0.25,distance,20,20,852,852,845,0.9917840375586855,0.9810446009389673,0,0,0,0.010739436619718212
university,control_71_3408,control,0.25,distance,50,50,852,852,845,0.9917840375586855,0.9886032863849766,0,0,0,0.0031807511737088623
university,control_71_3408,control,0.25,distance,100,100,852,852,848,0.9953051643192489,0.9899295774647888,0,0,0,0.005375586854460046
university,control_71_3408,control,0.25,distance,200,200,852,852,849,0.9964788732394366,0.99,0,0,0,0.006478873239436633
university,control_71_3408,control,0.25,aps_raw,1,1,852,852,782,0.9178403755868545,0.9403873239436618,0,0,0,0.02254694835680726
university,control_71_3408,control,0.25,aps_raw,20,20,852,852,845,0.9917840375586855,0.9800000000000003,0,0,0,0.011784037558685179
university,control_71_3408,control,0.25,aps_raw,50,50,852,852,845,0.9917840375586855,0.9800000000000003,0,0,0,0.011784037558685179
university,control_71_3408,control,0.25,aps_raw,100,100,852,852,848,0.9953051643192489,0.99,0,0,0,0.0053051643192488784
university,control_71_3408,control,0.25,aps_raw,200,200,852,852,849,0.9964788732394366,0.99,0,0,0,0.006478873239436633
university,target_142_3408,target,0.5,distance,1,1,852,426,393,0.4612676056338028,0.9345422535211267,0,158,154,0.4827582159624414
university,target_142_3408,target,0.5,distance,20,20,852,426,423,0.4964788732394366,0.98424882629108,0,0,0,0.4877699530516434
university,target_142_3408,target,0.5,distance,50,50,852,426,423,0.4964788732394366,0.9896361502347418,0,0,0,0.4931572769953052
university,target_142_3408,target,0.5,distance,100,100,852,426,424,0.49765258215962443,0.99,0,0,0,0.49234741784037556
university,target_142_3408,target,0.5,distance,200,200,852,426,424,0.49765258215962443,0.99,0,0,0,0.49234741784037556
university,target_142_3408,target,0.5,aps_raw,1,1,852,426,393,0.4612676056338028,0.9361267605633801,0,0,0,0.47485915492957725
university,target_142_3408,target,0.5,aps_raw,20,20,852,426,423,0.4964788732394366,0.9800000000000003,0,0,0,0.4835211267605637
university,target_142_3408,target,0.5,aps_raw,50,50,852,426,423,0.4964788732394366,0.9800000000000003,0,0,0,0.4835211267605637
university,target_142_3408,target,0.5,aps_raw,100,100,852,426,424,0.49765258215962443,0.99,0,0,0,0.49234741784037556
university,target_142_3408,target,0.5,aps_raw,200,200,852,426,424,0.49765258215962443,0.99,0,0,0,0.49234741784037556
university,target_71_3409,target,0.25,distance,1,1,852,639,578,0.6784037558685446,0.9113732394366197,0,85,76,0.2575234741784037
university,target_71_3409,target,0.25,distance,20,20,852,639,632,0.7417840375586855,0.9814906103286386,0,0,0,0.2397065727699531
university,target_71_3409,target,0.25,distance,50,50,852,639,632,0.7417840375586855,0.9888380281690141,0,0,0,0.24705399061032862
university,target_71_3409,target,0.25,distance,100,100,852,639,634,0.744131455399061,0.9899882629107981,0,0,0,0.2458568075117371
university,target_71_3409,target,0.25,distance,200,200,852,639,636,0.7464788732394366,0.99,0,0,0,0.24352112676056337
university,target_71_3409,target,0.25,aps_raw,1,1,852,639,578,0.6784037558685446,0.9385446009389669,0,0,0,0.26014084507042223
university,target_71_3409,target,0.25,aps_raw,20,20,852,639,632,0.7417840375586855,0.9800000000000003,0,0,0,0.23821596244131482
university,target_71_3409,target,0.25,aps_raw,50,50,852,639,632,0.7417840375586855,0.9800000000000003,0,0,0,0.23821596244131482
university,target_71_3409,target,0.25,aps_raw,100,100,852,639,634,0.744131455399061,0.99,0,0,0,0.245868544600939
university,target_71_3409,target,0.25,aps_raw,200,200,852,639,636,0.7464788732394366,0.99,0,0,0,0.24352112676056337
university,control_71_3409,control,0.25,distance,1,1,852,852,783,0.9190140845070423,0.9015492957746477,0,29,17,0.045751173708920116
university,control_71_3409,control,0.25,distance,20,20,852,852,845,0.9917840375586855,0.9810446009389673,0,0,0,0.010739436619718212
university,control_71_3409,control,0.25,distance,50,50,852,852,845,0.9917840375586855,0.988556338028169,0,0,0,0.0032276995305164924
university,control_71_3409,control,0.25,distance,100,100,852,852,848,0.9953051643192489,0.9899295774647888,0,0,0,0.005375586854460046
university,control_71_3409,control,0.25,distance,200,200,852,852,849,0.9964788732394366,0.99,0,0,0,0.006478873239436633
university,control_71_3409,control,0.25,aps_raw,1,1,852,852,783,0.9190140845070423,0.9404577464788729,0,0,0,0.021443661971830674
university,control_71_3409,control,0.25,aps_raw,20,20,852,852,845,0.9917840375586855,0.9800000000000003,0,0,0,0.011784037558685179
university,control_71_3409,control,0.25,aps_raw,50,50,852,852,845,0.9917840375586855,0.9800000000000003,0,0,0,0.011784037558685179
university,control_71_3409,control,0.25,aps_raw,100,100,852,852,848,0.9953051643192489,0.99,0,0,0,0.0053051643192488784
university,control_71_3409,control,0.25,aps_raw,200,200,852,852,849,0.9964788732394366,0.99,0,0,0,0.006478873239436633
university,target_142_3409,target,0.5,distance,1,1,852,426,381,0.4471830985915493,0.9269835680751175,0,160,156,0.49947183098591547
university,target_142_3409,target,0.5,distance,20,20,852,426,419,0.49178403755868544,0.9840610328638499,0,1,1,0.4922769953051645
university,target_142_3409,target,0.5,distance,50,50,852,426,419,0.49178403755868544,0.9896126760563382,0,0,0,0.49782863849765274
university,target_142_3409,target,0.5,distance,100,100,852,426,422,0.4953051643192488,0.99,0,0,0,0.4946948356807512
university,target_142_3409,target,0.5,distance,200,200,852,426,423,0.4964788732394366,0.99,0,0,0,0.49352112676056337
university,target_142_3409,target,0.5,aps_raw,1,1,852,426,381,0.4471830985915493,0.9363849765258213,0,0,0,0.489201877934272
university,target_142_3409,target,0.5,aps_raw,20,20,852,426,419,0.49178403755868544,0.9800000000000003,0,0,0,0.4882159624413149
university,target_142_3409,target,0.5,aps_raw,50,50,852,426,419,0.49178403755868544,0.9800000000000003,0,0,0,0.4882159624413149
university,target_142_3409,target,0.5,aps_raw,100,100,852,426,422,0.4953051643192488,0.99,0,0,0,0.4946948356807512
university,target_142_3409,target,0.5,aps_raw,200,200,852,426,423,0.4964788732394366,0.99,0,0,0,0.49352112676056337
university,target_71_3410,target,0.25,distance,1,1,852,639,583,0.6842723004694836,0.9209859154929577,0,79,72,0.2461502347417839
university,target_71_3410,target,0.25,distance,20,20,852,639,632,0.7417840375586855,0.981455399061033,0,0,0,0.23967136150234747
university,target_71_3410,target,0.25,distance,50,50,852,639,632,0.7417840375586855,0.9887676056338028,0,0,0,0.24698356807511734
university,target_71_3410,target,0.25,distance,100,100,852,639,634,0.744131455399061,0.9899882629107981,0,0,0,0.2458568075117371
university,target_71_3410,target,0.25,distance,200,200,852,639,636,0.7464788732394366,0.99,0,0,0,0.24352112676056337
university,target_71_3410,target,0.25,aps_raw,1,1,852,639,583,0.6842723004694836,0.9384859154929576,0,0,0,0.25421361502347395
university,target_71_3410,target,0.25,aps_raw,20,20,852,639,632,0.7417840375586855,0.9800000000000003,0,0,0,0.23821596244131482
university,target_71_3410,target,0.25,aps_raw,50,50,852,639,632,0.7417840375586855,0.9800000000000003,0,0,0,0.23821596244131482
university,target_71_3410,target,0.25,aps_raw,100,100,852,639,634,0.744131455399061,0.99,0,0,0,0.245868544600939
university,target_71_3410,target,0.25,aps_raw,200,200,852,639,636,0.7464788732394366,0.99,0,0,0,0.24352112676056337
university,control_71_3410,control,0.25,distance,1,1,852,852,777,0.9119718309859155,0.9034037558685445,0,28,16,0.04225352112676053
university,control_71_3410,control,0.25,distance,20,20,852,852,845,0.9917840375586855,0.9811150234741784,0,0,0,0.010669014084507045
university,control_71_3410,control,0.25,distance,50,50,852,852,845,0.9917840375586855,0.988556338028169,0,0,0,0.0032276995305164924
university,control_71_3410,control,0.25,distance,100,100,852,852,848,0.9953051643192489,0.9899413145539907,0,0,0,0.005363849765258166
university,control_71_3410,control,0.25,distance,200,200,852,852,849,0.9964788732394366,0.99,0,0,0,0.006478873239436633
university,control_71_3410,control,0.25,aps_raw,1,1,852,852,777,0.9119718309859155,0.940363849765258,0,0,0,0.0283920187793425
university,control_71_3410,control,0.25,aps_raw,20,20,852,852,845,0.9917840375586855,0.9800000000000003,0,0,0,0.011784037558685179
university,control_71_3410,control,0.25,aps_raw,50,50,852,852,845,0.9917840375586855,0.9800000000000003,0,0,0,0.011784037558685179
university,control_71_3410,control,0.25,aps_raw,100,100,852,852,848,0.9953051643192489,0.99,0,0,0,0.0053051643192488784
university,control_71_3410,control,0.25,aps_raw,200,200,852,852,849,0.9964788732394366,0.99,0,0,0,0.006478873239436633
university,target_142_3410,target,0.5,distance,1,1,852,426,388,0.45539906103286387,0.9350586854460093,0,156,151,0.4860680751173708
university,target_142_3410,target,0.5,distance,20,20,852,426,419,0.49178403755868544,0.9843192488262913,0,1,1,0.49253521126760585
university,target_142_3410,target,0.5,distance,50,50,852,426,419,0.49178403755868544,0.9896009389671363,0,0,0,0.49781690140845086
university,target_142_3410,target,0.5,distance,100,100,852,426,422,0.4953051643192488,0.99,0,0,0,0.4946948356807512
university,target_142_3410,target,0.5,distance,200,200,852,426,423,0.4964788732394366,0.99,0,0,0,0.49352112676056337
university,target_142_3410,target,0.5,aps_raw,1,1,852,426,388,0.45539906103286387,0.9359859154929575,0,0,0,0.48058685446009364
university,target_142_3410,target,0.5,aps_raw,20,20,852,426,419,0.49178403755868544,0.9800000000000003,0,0,0,0.4882159624413149
university,target_142_3410,target,0.5,aps_raw,50,50,852,426,419,0.49178403755868544,0.9800000000000003,0,0,0,0.4882159624413149
university,target_142_3410,target,0.5,aps_raw,100,100,852,426,422,0.4953051643192488,0.99,0,0,0,0.4946948356807512
university,target_142_3410,target,0.5,aps_raw,200,200,852,426,423,0.4964788732394366,0.99,0,0,0,0.49352112676056337
university,target_71_3411,target,0.25,distance,1,1,852,639,585,0.6866197183098591,0.9205868544600939,0,91,88,0.2574882629107981
university,target_71_3411,target,0.25,distance,20,20,852,639,633,0.7429577464788732,0.9814201877934274,0,1,1,0.23846244131455419
university,target_71_3411,target,0.25,distance,50,50,852,639,633,0.7429577464788732,0.9887676056338028,0,0,0,0.2458098591549296
university,target_71_3411,target,0.25,distance,100,100,852,639,635,0.7453051643192489,0.9899647887323945,0,0,0,0.2446596244131456
university,target_71_3411,target,0.25,distance,200,200,852,639,636,0.7464788732394366,0.99,0,0,0,0.24352112676056337
university,target_71_3411,target,0.25,aps_raw,1,1,852,639,585,0.6866197183098591,0.9384507042253518,0,0,0,0.2518309859154927
university,target_71_3411,target,0.25,aps_raw,20,20,852,639,633,0.7429577464788732,0.9800000000000003,0,0,0,0.23704225352112707
university,target_71_3411,target,0.25,aps_raw,50,50,852,639,633,0.7429577464788732,0.9800000000000003,0,0,0,0.23704225352112707
university,target_71_3411,target,0.25,aps_raw,100,100,852,639,635,0.7453051643192489,0.99,0,0,0,0.24469483568075112
university,target_71_3411,target,0.25,aps_raw,200,200,852,639,636,0.7464788732394366,0.99,0,0,0,0.24352112676056337
university,control_71_3411,control,0.25,distance,1,1,852,852,781,0.9166666666666666,0.904518779342723,0,28,17,0.04257042253521129
university,control_71_3411,control,0.25,distance,20,20,852,852,845,0.9917840375586855,0.9809272300469486,0,0,0,0.010856807511736899
university,control_71_3411,control,0.25,distance,50,50,852,852,845,0.9917840375586855,0.9884859154929578,0,0,0,0.00329812206572766
university,control_71_3411,control,0.25,distance,100,100,852,852,848,0.9953051643192489,0.9899413145539907,0,0,0,0.005363849765258166
university,control_71_3411,control,0.25,distance,200,200,852,852,849,0.9964788732394366,0.99,0,0,0,0.006478873239436633
university,control_71_3411,control,0.25,aps_raw,1,1,852,852,781,0.9166666666666666,0.940352112676056,0,0,0,0.023685446009389377
university,control_71_3411,control,0.25,aps_raw,20,20,852,852,845,0.9917840375586855,0.9800000000000003,0,0,0,0.011784037558685179
university,control_71_3411,control,0.25,aps_raw,50,50,852,852,845,0.9917840375586855,0.9800000000000003,0,0,0,0.011784037558685179
university,control_71_3411,control,0.25,aps_raw,100,100,852,852,848,0.9953051643192489,0.99,0,0,0,0.0053051643192488784
university,control_71_3411,control,0.25,aps_raw,200,200,852,852,849,0.9964788732394366,0.99,0,0,0,0.006478873239436633
university,target_142_3411,target,0.5,distance,1,1,852,426,392,0.460093896713615,0.9353169014084507,0,158,157,0.4859507042253522
university,target_142_3411,target,0.5,distance,20,20,852,426,423,0.4964788732394366,0.9842840375586855,0,1,1,0.4878051643192489
university,target_142_3411,target,0.5,distance,50,50,852,426,423,0.4964788732394366,0.9895539906103288,0,0,0,0.49307511737089216
university,target_142_3411,target,0.5,distance,100,100,852,426,424,0.49765258215962443,0.99,0,0,0,0.49234741784037556
university,target_142_3411,target,0.5,distance,200,200,852,426,424,0.49765258215962443,0.99,0,0,0,0.49234741784037556
university,target_142_3411,target,0.5,aps_raw,1,1,852,426,392,0.460093896713615,0.9359507042253519,0,0,0,0.47585680751173687
university,target_142_3411,target,0.5,aps_raw,20,20,852,426,423,0.4964788732394366,0.9800000000000003,0,0,0,0.4835211267605637
university,target_142_3411,target,0.5,aps_raw,50,50,852,426,423,0.4964788732394366,0.9800000000000003,0,0,0,0.4835211267605637
university,target_142_3411,target,0.5,aps_raw,100,100,852,426,424,0.49765258215962443,0.99,0,0,0,0.49234741784037556
university,target_142_3411,target,0.5,aps_raw,200,200,852,426,424,0.49765258215962443,0.99,0,0,0,0.49234741784037556
university,target_71_3412,target,0.25,distance,1,1,852,639,584,0.6854460093896714,0.9191901408450704,0,86,80,0.24909624413145554
university,target_71_3412,target,0.25,distance,20,20,852,639,632,0.7417840375586855,0.9814201877934274,0,1,1,0.23963615023474194
university,target_71_3412,target,0.25,distance,50,50,852,639,632,0.7417840375586855,0.9888380281690142,0,0,0,0.24705399061032873
university,target_71_3412,target,0.25,distance,100,100,852,639,634,0.744131455399061,0.9899882629107981,0,0,0,0.2458568075117371
university,target_71_3412,target,0.25,distance,200,200,852,639,636,0.7464788732394366,0.99,0,0,0,0.24352112676056337
university,target_71_3412,target,0.25,aps_raw,1,1,852,639,584,0.6854460093896714,0.9384859154929573,0,0,0,0.25303990610328597
university,target_71_3412,target,0.25,aps_raw,20,20,852,639,632,0.7417840375586855,0.9800000000000003,0,0,0,0.23821596244131482
university,target_71_3412,target,0.25,aps_raw,50,50,852,639,632,0.7417840375586855,0.9800000000000003,0,0,0,0.23821596244131482
university,target_71_3412,target,0.25,aps_raw,100,100,852,639,634,0.744131455399061,0.99,0,0,0,0.245868544600939
university,target_71_3412,target,0.25,aps_raw,200,200,852,639,636,0.7464788732394366,0.99,0,0,0,0.24352112676056337
university,control_71_3412,control,0.25,distance,1,1,852,852,782,0.9178403755868545,0.9043427230046949,0,31,18,0.04349765258215965
university,control_71_3412,control,0.25,distance,20,20,852,852,845,0.9917840375586855,0.9809272300469485,0,0,0,0.01085680751173701
university,control_71_3412,control,0.25,distance,50,50,852,852,845,0.9917840375586855,0.9884859154929578,0,0,0,0.00329812206572766
university,control_71_3412,control,0.25,distance,100,100,852,852,848,0.9953051643192489,0.9899178403755869,0,0,0,0.005387323943661926
university,control_71_3412,control,0.25,distance,200,200,852,852,849,0.9964788732394366,0.99,0,0,0,0.006478873239436633
university,control_71_3412,control,0.25,aps_raw,1,1,852,852,782,0.9178403755868545,0.9403521126760561,0,0,0,0.022511737089201622
university,control_71_3412,control,0.25,aps_raw,20,20,852,852,845,0.9917840375586855,0.9800000000000003,0,0,0,0.011784037558685179
university,control_71_3412,control,0.25,aps_raw,50,50,852,852,845,0.9917840375586855,0.9800000000000003,0,0,0,0.011784037558685179
university,control_71_3412,control,0.25,aps_raw,100,100,852,852,848,0.9953051643192489,0.99,0,0,0,0.0053051643192488784
university,control_71_3412,control,0.25,aps_raw,200,200,852,852,849,0.9964788732394366,0.99,0,0,0,0.006478873239436633
university,target_142_3412,target,0.5,distance,1,1,852,426,392,0.460093896713615,0.9334037558685446,0,165,161,0.4848826291079813
university,target_142_3412,target,0.5,distance,20,20,852,426,419,0.49178403755868544,0.9842253521126763,0,1,0,0.4924413145539908
university,target_142_3412,target,0.5,distance,50,50,852,426,419,0.49178403755868544,0.9896948356807512,0,0,0,0.4979107981220658
university,target_142_3412,target,0.5,distance,100,100,852,426,422,0.4953051643192488,0.99,0,0,0,0.4946948356807512
university,target_142_3412,target,0.5,distance,200,200,852,426,423,0.4964788732394366,0.99,0,0,0,0.49352112676056337
university,target_142_3412,target,0.5,aps_raw,1,1,852,426,392,0.460093896713615,0.9359272300469482,0,0,0,0.4758333333333332
university,target_142_3412,target,0.5,aps_raw,20,20,852,426,419,0.49178403755868544,0.9800000000000003,0,0,0,0.4882159624413149
university,target_142_3412,target,0.5,aps_raw,50,50,852,426,419,0.49178403755868544,0.9800000000000003,0,0,0,0.4882159624413149
university,target_142_3412,target,0.5,aps_raw,100,100,852,426,422,0.4953051643192488,0.99,0,0,0,0.4946948356807512
university,target_142_3412,target,0.5,aps_raw,200,200,852,426,423,0.4964788732394366,0.99,0,0,0,0.49352112676056337
university,target_71_3413,target,0.25,distance,1,1,852,639,590,0.6924882629107981,0.9148826291079812,0,80,68,0.24107981220657265
university,target_71_3413,target,0.25,distance,20,20,852,639,633,0.7429577464788732,0.9816079812206575,0,0,0,0.23865023474178426
university,target_71_3413,target,0.25,distance,50,50,852,639,633,0.7429577464788732,0.9887558685446011,0,0,0,0.24579812206572782
university,target_71_3413,target,0.25,distance,100,100,852,639,635,0.7453051643192489,0.9899647887323945,0,0,0,0.2446596244131456
university,target_71_3413,target,0.25,distance,200,200,852,639,636,0.7464788732394366,0.99,0,0,0,0.24352112676056337
university,target_71_3413,target,0.25,aps_raw,1,1,852,639,590,0.6924882629107981,0.9386032863849764,0,0,0,0.24611502347417824
university,target_71_3413,target,0.25,aps_raw,20,20,852,639,633,0.7429577464788732,0.9800000000000003,0,0,0,0.23704225352112707
university,target_71_3413,target,0.25,aps_raw,50,50,852,639,633,0.7429577464788732,0.9800000000000003,0,0,0,0.23704225352112707
university,target_71_3413,target,0.25,aps_raw,100,100,852,639,635,0.7453051643192489,0.99,0,0,0,0.24469483568075112
university,target_71_3413,target,0.25,aps_raw,200,200,852,639,636,0.7464788732394366,0.99,0,0,0,0.24352112676056337
university,control_71_3413,control,0.25,distance,1,1,852,852,781,0.9166666666666666,0.9049178403755869,0,29,17,0.04196009389671344
university,control_71_3413,control,0.25,distance,20,20,852,852,845,0.9917840375586855,0.9809037558685448,0,0,0,0.010880281690140658
university,control_71_3413,control,0.25,distance,50,50,852,852,845,0.9917840375586855,0.9885211267605634,0,0,0,0.0032629107981221317
university,control_71_3413,control,0.25,distance,100,100,852,852,848,0.9953051643192489,0.9899530516431926,0,0,0,0.0053521126760562865
university,control_71_3413,control,0.25,distance,200,200,852,852,849,0.9964788732394366,0.99,0,0,0,0.006478873239436633
university,control_71_3413,control,0.25,aps_raw,1,1,852,852,781,0.9166666666666666,0.940352112676056,0,0,0,0.023685446009389377
university,control_71_3413,control,0.25,aps_raw,20,20,852,852,845,0.9917840375586855,0.9800000000000003,0,0,0,0.011784037558685179
university,control_71_3413,control,0.25,aps_raw,50,50,852,852,845,0.9917840375586855,0.9800000000000003,0,0,0,0.011784037558685179
university,control_71_3413,control,0.25,aps_raw,100,100,852,852,848,0.9953051643192489,0.99,0,0,0,0.0053051643192488784
university,control_71_3413,control,0.25,aps_raw,200,200,852,852,849,0.9964788732394366,0.99,0,0,0,0.006478873239436633
university,target_142_3413,target,0.5,distance,1,1,852,426,408,0.4788732394366197,0.9404577464788733,0,136,133,0.46235915492957735
university,target_142_3413,target,0.5,distance,20,20,852,426,423,0.4964788732394366,0.9844248826291083,0,0,0,0.4879460093896717
university,target_142_3413,target,0.5,distance,50,50,852,426,423,0.4964788732394366,0.9895657276995307,0,0,0,0.49308685446009404
university,target_142_3413,target,0.5,distance,100,100,852,426,424,0.49765258215962443,0.99,0,0,0,0.49234741784037556
university,target_142_3413,target,0.5,distance,200,200,852,426,425,0.4988262910798122,0.99,0,0,0,0.4911737089201878
university,target_142_3413,target,0.5,aps_raw,1,1,852,426,408,0.4788732394366197,0.9360093896713613,0,0,0,0.4571361502347416
university,target_142_3413,target,0.5,aps_raw,20,20,852,426,423,0.4964788732394366,0.9800000000000003,0,0,0,0.4835211267605637
university,target_142_3413,target,0.5,aps_raw,50,50,852,426,423,0.4964788732394366,0.9800000000000003,0,0,0,0.4835211267605637
university,target_142_3413,target,0.5,aps_raw,100,100,852,426,424,0.49765258215962443,0.99,0,0,0,0.49234741784037556
university,target_142_3413,target,0.5,aps_raw,200,200,852,426,425,0.4988262910798122,0.99,0,0,0,0.4911737089201878
university,target_71_3414,target,0.25,distance,1,1,852,639,584,0.6854460093896714,0.9196478873239438,0,82,74,0.24652582159624406
university,target_71_3414,target,0.25,distance,20,20,852,639,633,0.7429577464788732,0.981549295774648,0,0,0,0.23859154929577475
university,target_71_3414,target,0.25,distance,50,50,852,639,633,0.7429577464788732,0.9887793427230047,0,0,0,0.24582159624413147
university,target_71_3414,target,0.25,distance,100,100,852,639,635,0.7453051643192489,0.9899647887323945,0,0,0,0.2446596244131456
university,target_71_3414,target,0.25,distance,200,200,852,639,636,0.7464788732394366,0.99,0,0,0,0.24352112676056337
university,target_71_3414,target,0.25,aps_raw,1,1,852,639,584,0.6854460093896714,0.9382511737089198,0,0,0,0.2528051643192484
university,target_71_3414,target,0.25,aps_raw,20,20,852,639,633,0.7429577464788732,0.9800000000000003,0,0,0,0.23704225352112707
university,target_71_3414,target,0.25,aps_raw,50,50,852,639,633,0.7429577464788732,0.9800000000000003,0,0,0,0.23704225352112707
university,target_71_3414,target,0.25,aps_raw,100,100,852,639,635,0.7453051643192489,0.99,0,0,0,0.24469483568075112
university,target_71_3414,target,0.25,aps_raw,200,200,852,639,636,0.7464788732394366,0.99,0,0,0,0.24352112676056337
university,control_71_3414,control,0.25,distance,1,1,852,852,779,0.9143192488262911,0.9037206572769952,0,29,17,0.040410798122065834
university,control_71_3414,control,0.25,distance,20,20,852,852,845,0.9917840375586855,0.9810211267605635,0,0,0,0.010762910798121972
university,control_71_3414,control,0.25,distance,50,50,852,852,845,0.9917840375586855,0.9885328638497652,0,0,0,0.003251173708920252
university,control_71_3414,control,0.25,distance,100,100,852,852,848,0.9953051643192489,0.9899413145539907,0,0,0,0.005363849765258166
university,control_71_3414,control,0.25,distance,200,200,852,852,849,0.9964788732394366,0.99,0,0,0,0.006478873239436633
university,control_71_3414,control,0.25,aps_raw,1,1,852,852,779,0.9143192488262911,0.9403990610328636,0,0,0,0.026079812206572517
university,control_71_3414,control,0.25,aps_raw,20,20,852,852,845,0.9917840375586855,0.9800000000000003,0,0,0,0.011784037558685179
university,control_71_3414,control,0.25,aps_raw,50,50,852,852,845,0.9917840375586855,0.9800000000000003,0,0,0,0.011784037558685179
university,control_71_3414,control,0.25,aps_raw,100,100,852,852,848,0.9953051643192489,0.99,0,0,0,0.0053051643192488784
university,control_71_3414,control,0.25,aps_raw,200,200,852,852,849,0.9964788732394366,0.99,0,0,0,0.006478873239436633
university,target_142_3414,target,0.5,distance,1,1,852,426,398,0.4671361502347418,0.9339084507042255,0,174,168,0.47580985915492957
university,target_142_3414,target,0.5,distance,20,20,852,426,423,0.4964788732394366,0.9840610328638498,0,1,1,0.4875821596244132
university,target_142_3414,target,0.5,distance,50,50,852,426,423,0.4964788732394366,0.9895892018779344,0,1,1,0.4931103286384978
university,target_142_3414,target,0.5,distance,100,100,852,426,424,0.49765258215962443,0.99,0,1,1,0.49234741784037556
university,target_142_3414,target,0.5,distance,200,200,852,426,424,0.49765258215962443,0.99,0,1,1,0.49234741784037556
university,target_142_3414,target,0.5,aps_raw,1,1,852,426,398,0.4671361502347418,0.9361032863849762,0,0,0,0.4689671361502344
university,target_142_3414,target,0.5,aps_raw,20,20,852,426,423,0.4964788732394366,0.9800000000000003,0,0,0,0.4835211267605637
university,target_142_3414,target,0.5,aps_raw,50,50,852,426,423,0.4964788732394366,0.9800000000000003,0,0,0,0.4835211267605637
university,target_142_3414,target,0.5,aps_raw,100,100,852,426,424,0.49765258215962443,0.99,0,0,0,0.49234741784037556
university,target_142_3414,target,0.5,aps_raw,200,200,852,426,424,0.49765258215962443,0.99,0,0,0,0.49234741784037556
university,target_71_3415,target,0.25,distance,1,1,852,639,583,0.6842723004694836,0.9118896713615021,0,94,86,0.25233568075117374
university,target_71_3415,target,0.25,distance,20,20,852,639,636,0.7464788732394366,0.9814201877934273,0,1,1,0.2349413145539907
university,target_71_3415,target,0.25,distance,50,50,852,639,636,0.7464788732394366,0.9887206572769954,0,0,0,0.2422417840375588
university,target_71_3415,target,0.25,distance,100,100,852,639,637,0.7476525821596244,0.9899647887323945,0,0,0,0.24231220657277008
university,target_71_3415,target,0.25,distance,200,200,852,639,638,0.7488262910798122,0.99,0,0,0,0.24117370892018775
university,target_71_3415,target,0.25,aps_raw,1,1,852,639,583,0.6842723004694836,0.9383920187793424,0,0,0,0.2541197183098588
university,target_71_3415,target,0.25,aps_raw,20,20,852,639,636,0.7464788732394366,0.9800000000000003,0,0,0,0.2335211267605637
university,target_71_3415,target,0.25,aps_raw,50,50,852,639,636,0.7464788732394366,0.9800000000000003,0,0,0,0.2335211267605637
university,target_71_3415,target,0.25,aps_raw,100,100,852,639,637,0.7476525821596244,0.99,0,0,0,0.2423474178403756
university,target_71_3415,target,0.25,aps_raw,200,200,852,639,638,0.7488262910798122,0.99,0,0,0,0.24117370892018775
university,control_71_3415,control,0.25,distance,1,1,852,852,783,0.9190140845070423,0.9016666666666667,0,28,16,0.04551643192488264
university,control_71_3415,control,0.25,distance,20,20,852,852,845,0.9917840375586855,0.9809741784037561,0,0,0,0.01080985915492938
university,control_71_3415,control,0.25,distance,50,50,852,852,845,0.9917840375586855,0.9884624413145541,0,0,0,0.0033215962441314195
university,control_71_3415,control,0.25,distance,100,100,852,852,848,0.9953051643192489,0.9899295774647888,0,0,0,0.005375586854460046
university,control_71_3415,control,0.25,distance,200,200,852,852,849,0.9964788732394366,0.99,0,0,0,0.006478873239436633
university,control_71_3415,control,0.25,aps_raw,1,1,852,852,783,0.9190140845070423,0.9404342723004692,0,0,0,0.021420187793426915
university,control_71_3415,control,0.25,aps_raw,20,20,852,852,845,0.9917840375586855,0.9800000000000003,0,0,0,0.011784037558685179
university,control_71_3415,control,0.25,aps_raw,50,50,852,852,845,0.9917840375586855,0.9800000000000003,0,0,0,0.011784037558685179
university,control_71_3415,control,0.25,aps_raw,100,100,852,852,848,0.9953051643192489,0.99,0,0,0,0.0053051643192488784
university,control_71_3415,control,0.25,aps_raw,200,200,852,852,849,0.9964788732394366,0.99,0,0,0,0.006478873239436633
university,target_142_3415,target,0.5,distance,1,1,852,426,392,0.460093896713615,0.9258568075117372,0,193,183,0.4854107981220656
university,target_142_3415,target,0.5,distance,20,20,852,426,423,0.4964788732394366,0.9840727699530517,0,1,1,0.4875938967136151
university,target_142_3415,target,0.5,distance,50,50,852,426,423,0.4964788732394366,0.9895422535211269,0,1,1,0.4930633802816903
university,target_142_3415,target,0.5,distance,100,100,852,426,424,0.49765258215962443,0.99,0,1,1,0.49234741784037556
university,target_142_3415,target,0.5,distance,200,200,852,426,425,0.4988262910798122,0.99,0,1,1,0.4911737089201878
university,target_142_3415,target,0.5,aps_raw,1,1,852,426,392,0.460093896713615,0.9361032863849762,0,0,0,0.4760093896713612
university,target_142_3415,target,0.5,aps_raw,20,20,852,426,423,0.4964788732394366,0.9800000000000003,0,0,0,0.4835211267605637
university,target_142_3415,target,0.5,aps_raw,50,50,852,426,423,0.4964788732394366,0.9800000000000003,0,0,0,0.4835211267605637
university,target_142_3415,target,0.5,aps_raw,100,100,852,426,424,0.49765258215962443,0.99,0,0,0,0.49234741784037556
university,target_142_3415,target,0.5,aps_raw,200,200,852,426,425,0.4988262910798122,0.99,0,0,0,0.4911737089201878
university,target_71_3416,target,0.25,distance,1,1,852,639,585,0.6866197183098591,0.9128169014084507,0,84,74,0.25805164319248824
university,target_71_3416,target,0.25,distance,20,20,852,639,633,0.7429577464788732,0.9815962441314556,0,0,0,0.23863849765258238
university,target_71_3416,target,0.25,distance,50,50,852,639,633,0.7429577464788732,0.9887910798122066,0,0,0,0.24583333333333335
university,target_71_3416,target,0.25,distance,100,100,852,639,635,0.7453051643192489,0.9899647887323945,0,0,0,0.2446596244131456
university,target_71_3416,target,0.25,distance,200,200,852,639,636,0.7464788732394366,0.99,0,0,0,0.24352112676056337
university,target_71_3416,target,0.25,aps_raw,1,1,852,639,585,0.6866197183098591,0.9385211267605631,0,0,0,0.25190140845070397
university,target_71_3416,target,0.25,aps_raw,20,20,852,639,633,0.7429577464788732,0.9800000000000003,0,0,0,0.23704225352112707
university,target_71_3416,target,0.25,aps_raw,50,50,852,639,633,0.7429577464788732,0.9800000000000003,0,0,0,0.23704225352112707
university,target_71_3416,target,0.25,aps_raw,100,100,852,639,635,0.7453051643192489,0.99,0,0,0,0.24469483568075112
university,target_71_3416,target,0.25,aps_raw,200,200,852,639,636,0.7464788732394366,0.99,0,0,0,0.24352112676056337
university,control_71_3416,control,0.25,distance,1,1,852,852,781,0.9166666666666666,0.9045070422535211,0,29,16,0.04234741784037562
university,control_71_3416,control,0.25,distance,20,20,852,852,845,0.9917840375586855,0.9809154929577467,0,0,0,0.010868544600938779
university,control_71_3416,control,0.25,distance,50,50,852,852,845,0.9917840375586855,0.9885563380281691,0,0,0,0.0032276995305163814
university,control_71_3416,control,0.25,distance,100,100,852,852,848,0.9953051643192489,0.9899295774647888,0,0,0,0.005375586854460046
university,control_71_3416,control,0.25,distance,200,200,852,852,849,0.9964788732394366,0.99,0,0,0,0.006478873239436633
university,control_71_3416,control,0.25,aps_raw,1,1,852,852,781,0.9166666666666666,0.9403286384976524,0,0,0,0.02366197183098573
university,control_71_3416,control,0.25,aps_raw,20,20,852,852,845,0.9917840375586855,0.9800000000000003,0,0,0,0.011784037558685179
university,control_71_3416,control,0.25,aps_raw,50,50,852,852,845,0.9917840375586855,0.9800000000000003,0,0,0,0.011784037558685179
university,control_71_3416,control,0.25,aps_raw,100,100,852,852,848,0.9953051643192489,0.99,0,0,0,0.0053051643192488784
university,control_71_3416,control,0.25,aps_raw,200,200,852,852,849,0.9964788732394366,0.99,0,0,0,0.006478873239436633
university,target_142_3416,target,0.5,distance,1,1,852,426,394,0.4624413145539906,0.9407159624413146,0,158,153,0.48768779342722995
university,target_142_3416,target,0.5,distance,20,20,852,426,420,0.49295774647887325,0.9843427230046949,0,0,0,0.4913849765258217
university,target_142_3416,target,0.5,distance,50,50,852,426,420,0.49295774647887325,0.9895422535211269,0,0,0,0.49658450704225365
university,target_142_3416,target,0.5,distance,100,100,852,426,422,0.4953051643192488,0.99,0,0,0,0.4946948356807512
university,target_142_3416,target,0.5,distance,200,200,852,426,423,0.4964788732394366,0.99,0,0,0,0.49352112676056337
university,target_142_3416,target,0.5,aps_raw,1,1,852,426,394,0.4624413145539906,0.9358333333333331,0,0,0,0.47339201877934245
university,target_142_3416,target,0.5,aps_raw,20,20,852,426,420,0.49295774647887325,0.9800000000000003,0,0,0,0.48704225352112707
university,target_142_3416,target,0.5,aps_raw,50,50,852,426,420,0.49295774647887325,0.9800000000000003,0,0,0,0.48704225352112707
university,target_142_3416,target,0.5,aps_raw,100,100,852,426,422,0.4953051643192488,0.99,0,0,0,0.4946948356807512
university,target_142_3416,target,0.5,aps_raw,200,200,852,426,423,0.4964788732394366,0.99,0,0,0,0.49352112676056337
university,target_71_3417,target,0.25,distance,1,1,852,639,582,0.6830985915492958,0.9171244131455397,0,95,83,0.26137323943661966
university,target_71_3417,target,0.25,distance,20,20,852,639,632,0.7417840375586855,0.9812323943661975,0,0,0,0.23944835680751198
university,target_71_3417,target,0.25,distance,50,50,852,639,632,0.7417840375586855,0.9887558685446011,0,0,0,0.24697183098591557
university,target_71_3417,target,0.25,distance,100,100,852,639,633,0.7429577464788732,0.9899647887323945,0,0,0,0.24700704225352121
university,target_71_3417,target,0.25,distance,200,200,852,639,636,0.7464788732394366,0.99,0,0,0,0.24352112676056337
university,target_71_3417,target,0.25,aps_raw,1,1,852,639,582,0.6830985915492958,0.9383215962441313,0,0,0,0.2552230046948355
university,target_71_3417,target,0.25,aps_raw,20,20,852,639,632,0.7417840375586855,0.9800000000000003,0,0,0,0.23821596244131482
university,target_71_3417,target,0.25,aps_raw,50,50,852,639,632,0.7417840375586855,0.9800000000000003,0,0,0,0.23821596244131482
university,target_71_3417,target,0.25,aps_raw,100,100,852,639,633,0.7429577464788732,0.99,0,0,0,0.24704225352112674
university,target_71_3417,target,0.25,aps_raw,200,200,852,639,636,0.7464788732394366,0.99,0,0,0,0.24352112676056337
university,control_71_3417,control,0.25,distance,1,1,852,852,779,0.9143192488262911,0.9014553990610328,0,27,16,0.047981220657277016
university,control_71_3417,control,0.25,distance,20,20,852,852,845,0.9917840375586855,0.9807394366197185,0,0,0,0.011044600938966975
university,control_71_3417,control,0.25,distance,50,50,852,852,845,0.9917840375586855,0.9884624413145541,0,0,0,0.0033215962441314195
university,control_71_3417,control,0.25,distance,100,100,852,852,848,0.9953051643192489,0.9899530516431926,0,0,0,0.0053521126760562865
university,control_71_3417,control,0.25,distance,200,200,852,852,849,0.9964788732394366,0.99,0,0,0,0.006478873239436633
university,control_71_3417,control,0.25,aps_raw,1,1,852,852,779,0.9143192488262911,0.9404225352112672,0,0,0,0.026103286384976054
university,control_71_3417,control,0.25,aps_raw,20,20,852,852,845,0.9917840375586855,0.9800000000000003,0,0,0,0.011784037558685179
university,control_71_3417,control,0.25,aps_raw,50,50,852,852,845,0.9917840375586855,0.9800000000000003,0,0,0,0.011784037558685179
university,control_71_3417,control,0.25,aps_raw,100,100,852,852,848,0.9953051643192489,0.99,0,0,0,0.0053051643192488784
university,control_71_3417,control,0.25,aps_raw,200,200,852,852,849,0.9964788732394366,0.99,0,0,0,0.006478873239436633
university,target_142_3417,target,0.5,distance,1,1,852,426,397,0.465962441314554,0.931431924882629,0,154,144,0.4771830985915492
university,target_142_3417,target,0.5,distance,20,20,852,426,423,0.4964788732394366,0.9838380281690142,0,1,1,0.4873591549295776
university,target_142_3417,target,0.5,distance,50,50,852,426,423,0.4964788732394366,0.989530516431925,0,0,0,0.4930516431924884
university,target_142_3417,target,0.5,distance,100,100,852,426,424,0.49765258215962443,0.99,0,0,0,0.49234741784037556
university,target_142_3417,target,0.5,distance,200,200,852,426,424,0.49765258215962443,0.99,0,0,0,0.49234741784037556
university,target_142_3417,target,0.5,aps_raw,1,1,852,426,397,0.465962441314554,0.9363028169014082,0,0,0,0.47034037558685415
university,target_142_3417,target,0.5,aps_raw,20,20,852,426,423,0.4964788732394366,0.9800000000000003,0,0,0,0.4835211267605637
university,target_142_3417,target,0.5,aps_raw,50,50,852,426,423,0.4964788732394366,0.9800000000000003,0,0,0,0.4835211267605637
university,target_142_3417,target,0.5,aps_raw,100,100,852,426,424,0.49765258215962443,0.99,0,0,0,0.49234741784037556
university,target_142_3417,target,0.5,aps_raw,200,200,852,426,424,0.49765258215962443,0.99,0,0,0,0.49234741784037556
university,target_71_3418,target,0.25,distance,1,1,852,639,578,0.6784037558685446,0.9213145539906102,0,82,77,0.2504694835680752
university,target_71_3418,target,0.25,distance,20,20,852,639,633,0.7429577464788732,0.9815845070422538,0,1,1,0.2386267605633805
university,target_71_3418,target,0.25,distance,50,50,852,639,633,0.7429577464788732,0.988849765258216,0,0,0,0.24589201877934275
university,target_71_3418,target,0.25,distance,100,100,852,639,635,0.7453051643192489,0.9899765258215962,0,0,0,0.24467136150234736
university,target_71_3418,target,0.25,distance,200,200,852,639,636,0.7464788732394366,0.99,0,0,0,0.24352112676056337
university,target_71_3418,target,0.25,aps_raw,1,1,852,639,578,0.6784037558685446,0.9384154929577462,0,0,0,0.26001173708920156
university,target_71_3418,target,0.25,aps_raw,20,20,852,639,633,0.7429577464788732,0.9800000000000003,0,0,0,0.23704225352112707
university,target_71_3418,target,0.25,aps_raw,50,50,852,639,633,0.7429577464788732,0.9800000000000003,0,0,0,0.23704225352112707
university,target_71_3418,target,0.25,aps_raw,100,100,852,639,635,0.7453051643192489,0.99,0,0,0,0.24469483568075112
university,target_71_3418,target,0.25,aps_raw,200,200,852,639,636,0.7464788732394366,0.99,0,0,0,0.24352112676056337
university,control_71_3418,control,0.25,distance,1,1,852,852,782,0.9178403755868545,0.9012910798122065,0,29,17,0.047370892018779365
university,control_71_3418,control,0.25,distance,20,20,852,852,845,0.9917840375586855,0.980985915492958,0,0,0,0.0107981220657275
university,control_71_3418,control,0.25,distance,50,50,852,852,845,0.9917840375586855,0.9885446009389671,0,0,0,0.003239436619718372
university,control_71_3418,control,0.25,distance,100,100,852,852,848,0.9953051643192489,0.9899295774647888,0,0,0,0.005375586854460046
university,control_71_3418,control,0.25,distance,200,200,852,852,849,0.9964788732394366,0.99,0,0,0,0.006478873239436633
university,control_71_3418,control,0.25,aps_raw,1,1,852,852,782,0.9178403755868545,0.9404577464788729,0,0,0,0.02261737089201843
university,control_71_3418,control,0.25,aps_raw,20,20,852,852,845,0.9917840375586855,0.9800000000000003,0,0,0,0.011784037558685179
university,control_71_3418,control,0.25,aps_raw,50,50,852,852,845,0.9917840375586855,0.9800000000000003,0,0,0,0.011784037558685179
university,control_71_3418,control,0.25,aps_raw,100,100,852,852,848,0.9953051643192489,0.99,0,0,0,0.0053051643192488784
university,control_71_3418,control,0.25,aps_raw,200,200,852,852,849,0.9964788732394366,0.99,0,0,0,0.006478873239436633
university,target_142_3418,target,0.5,distance,1,1,852,426,396,0.4647887323943662,0.9405281690140844,0,165,163,0.47573943661971835
university,target_142_3418,target,0.5,distance,20,20,852,426,423,0.4964788732394366,0.9841901408450706,0,0,0,0.487711267605634
university,target_142_3418,target,0.5,distance,50,50,852,426,423,0.4964788732394366,0.9895657276995307,0,0,0,0.49308685446009404
university,target_142_3418,target,0.5,distance,100,100,852,426,424,0.49765258215962443,0.99,0,0,0,0.49234741784037556
university,target_142_3418,target,0.5,distance,200,200,852,426,424,0.49765258215962443,0.99,0,0,0,0.49234741784037556
university,target_142_3418,target,0.5,aps_raw,1,1,852,426,396,0.4647887323943662,0.9357746478873238,0,0,0,0.4709859154929576
university,target_142_3418,target,0.5,aps_raw,20,20,852,426,423,0.4964788732394366,0.9800000000000003,0,0,0,0.4835211267605637
university,target_142_3418,target,0.5,aps_raw,50,50,852,426,423,0.4964788732394366,0.9800000000000003,0,0,0,0.4835211267605637
university,target_142_3418,target,0.5,aps_raw,100,100,852,426,424,0.49765258215962443,0.99,0,0,0,0.49234741784037556
university,target_142_3418,target,0.5,aps_raw,200,200,852,426,424,0.49765258215962443,0.99,0,0,0,0.49234741784037556
university,target_71_3419,target,0.25,distance,1,1,852,639,578,0.6784037558685446,0.9156220657276996,0,75,69,0.24853286384976525
university,target_71_3419,target,0.25,distance,20,20,852,639,632,0.7417840375586855,0.9815140845070425,0,0,0,0.23973004694835698
university,target_71_3419,target,0.25,distance,50,50,852,639,632,0.7417840375586855,0.9888849765258217,0,0,0,0.24710093896713625
university,target_71_3419,target,0.25,distance,100,100,852,639,634,0.744131455399061,0.9899882629107981,0,0,0,0.2458568075117371
university,target_71_3419,target,0.25,distance,200,200,852,639,636,0.7464788732394366,0.99,0,0,0,0.24352112676056337
university,target_71_3419,target,0.25,aps_raw,1,1,852,639,578,0.6784037558685446,0.93862676056338,0,0,0,0.2602230046948354
university,target_71_3419,target,0.25,aps_raw,20,20,852,639,632,0.7417840375586855,0.9800000000000003,0,0,0,0.23821596244131482
university,target_71_3419,target,0.25,aps_raw,50,50,852,639,632,0.7417840375586855,0.9800000000000003,0,0,0,0.23821596244131482
university,target_71_3419,target,0.25,aps_raw,100,100,852,639,634,0.744131455399061,0.99,0,0,0,0.245868544600939
university,target_71_3419,target,0.25,aps_raw,200,200,852,639,636,0.7464788732394366,0.99,0,0,0,0.24352112676056337
university,control_71_3419,control,0.25,distance,1,1,852,852,782,0.9178403755868545,0.9044835680751174,0,29,17,0.04340375586854456
university,control_71_3419,control,0.25,distance,20,20,852,852,845,0.9917840375586855,0.9809389671361505,0,0,0,0.01084507042253502
university,control_71_3419,control,0.25,distance,50,50,852,852,845,0.9917840375586855,0.9885446009389671,0,0,0,0.003239436619718372
university,control_71_3419,control,0.25,distance,100,100,852,852,848,0.9953051643192489,0.9899530516431926,0,0,0,0.0053521126760562865
university,control_71_3419,control,0.25,distance,200,200,852,852,849,0.9964788732394366,0.99,0,0,0,0.006478873239436633
university,control_71_3419,control,0.25,aps_raw,1,1,852,852,782,0.9178403755868545,0.9403873239436618,0,0,0,0.02254694835680726
university,control_71_3419,control,0.25,aps_raw,20,20,852,852,845,0.9917840375586855,0.9800000000000003,0,0,0,0.011784037558685179
university,control_71_3419,control,0.25,aps_raw,50,50,852,852,845,0.9917840375586855,0.9800000000000003,0,0,0,0.011784037558685179
university,control_71_3419,control,0.25,aps_raw,100,100,852,852,848,0.9953051643192489,0.99,0,0,0,0.0053051643192488784
university,control_71_3419,control,0.25,aps_raw,200,200,852,852,849,0.9964788732394366,0.99,0,0,0,0.006478873239436633
university,target_142_3419,target,0.5,distance,1,1,852,426,388,0.45539906103286387,0.9385915492957747,0,140,138,0.4894131455399061
university,target_142_3419,target,0.5,distance,20,20,852,426,422,0.4953051643192488,0.984448356807512,0,0,0,0.48914319248826316
university,target_142_3419,target,0.5,distance,50,50,852,426,422,0.4953051643192488,0.9896009389671363,0,0,0,0.4942957746478875
university,target_142_3419,target,0.5,distance,100,100,852,426,424,0.49765258215962443,0.99,0,0,0,0.49234741784037556
university,target_142_3419,target,0.5,distance,200,200,852,426,424,0.49765258215962443,0.99,0,0,0,0.49234741784037556
university,target_142_3419,target,0.5,aps_raw,1,1,852,426,388,0.45539906103286387,0.9361502347417838,0,0,0,0.48075117370891995
university,target_142_3419,target,0.5,aps_raw,20,20,852,426,422,0.4953051643192488,0.9800000000000003,0,0,0,0.4846948356807515
university,target_142_3419,target,0.5,aps_raw,50,50,852,426,422,0.4953051643192488,0.9800000000000003,0,0,0,0.4846948356807515
university,target_142_3419,target,0.5,aps_raw,100,100,852,426,424,0.49765258215962443,0.99,0,0,0,0.49234741784037556
university,target_142_3419,target,0.5,aps_raw,200,200,852,426,424,0.49765258215962443,0.99,0,0,0,0.49234741784037556
university,target_71_3420,target,0.25,distance,1,1,852,639,592,0.6948356807511737,0.9230164319248826,0,72,67,0.24252347417840378
university,target_71_3420,target,0.25,distance,20,20,852,639,635,0.7453051643192489,0.9815375586854462,0,0,0,0.23623239436619736
university,target_71_3420,target,0.25,distance,50,50,852,639,635,0.7453051643192489,0.9888145539906104,0,0,0,0.2435093896713615
university,target_71_3420,target,0.25,distance,100,100,852,639,637,0.7476525821596244,0.9899765258215962,0,0,0,0.24232394366197185
university,target_71_3420,target,0.25,distance,200,200,852,639,638,0.7488262910798122,0.99,0,0,0,0.24117370892018775
university,target_71_3420,target,0.25,aps_raw,1,1,852,639,592,0.6948356807511737,0.9383802816901405,0,0,0,0.2435446009389668
university,target_71_3420,target,0.25,aps_raw,20,20,852,639,635,0.7453051643192489,0.9800000000000003,0,0,0,0.23469483568075145
university,target_71_3420,target,0.25,aps_raw,50,50,852,639,635,0.7453051643192489,0.9800000000000003,0,0,0,0.23469483568075145
university,target_71_3420,target,0.25,aps_raw,100,100,852,639,637,0.7476525821596244,0.99,0,0,0,0.2423474178403756
university,target_71_3420,target,0.25,aps_raw,200,200,852,639,638,0.7488262910798122,0.99,0,0,0,0.24117370892018775
university,control_71_3420,control,0.25,distance,1,1,852,852,782,0.9178403755868545,0.9018192488262909,0,28,16,0.04700704225352097
university,control_71_3420,control,0.25,distance,20,20,852,852,845,0.9917840375586855,0.9809624413145542,0,0,0,0.01082159624413126
university,control_71_3420,control,0.25,distance,50,50,852,852,845,0.9917840375586855,0.9885680751173709,0,0,0,0.0032159624413146126
university,control_71_3420,control,0.25,distance,100,100,852,852,848,0.9953051643192489,0.9899530516431926,0,0,0,0.0053521126760562865
university,control_71_3420,control,0.25,distance,200,200,852,852,849,0.9964788732394366,0.99,0,0,0,0.006478873239436633
university,control_71_3420,control,0.25,aps_raw,1,1,852,852,782,0.9178403755868545,0.9403990610328636,0,0,0,0.02255868544600914
university,control_71_3420,control,0.25,aps_raw,20,20,852,852,845,0.9917840375586855,0.9800000000000003,0,0,0,0.011784037558685179
university,control_71_3420,control,0.25,aps_raw,50,50,852,852,845,0.9917840375586855,0.9800000000000003,0,0,0,0.011784037558685179
university,control_71_3420,control,0.25,aps_raw,100,100,852,852,848,0.9953051643192489,0.99,0,0,0,0.0053051643192488784
university,control_71_3420,control,0.25,aps_raw,200,200,852,852,849,0.9964788732394366,0.99,0,0,0,0.006478873239436633
university,target_142_3420,target,0.5,distance,1,1,852,426,394,0.4624413145539906,0.9377112676056337,0,160,159,0.48362676056338033
university,target_142_3420,target,0.5,distance,20,20,852,426,425,0.4988262910798122,0.9841314553990613,0,0,0,0.48530516431924914
university,target_142_3420,target,0.5,distance,50,50,852,426,425,0.4988262910798122,0.9895422535211269,0,0,0,0.4907159624413147
university,target_142_3420,target,0.5,distance,100,100,852,426,426,0.5,0.99,0,0,0,0.49
university,target_142_3420,target,0.5,distance,200,200,852,426,426,0.5,0.99,0,0,0,0.49
university,target_142_3420,target,0.5,aps_raw,1,1,852,426,394,0.4624413145539906,0.9358802816901407,0,0,0,0.4734389671361501
university,target_142_3420,target,0.5,aps_raw,20,20,852,426,425,0.4988262910798122,0.9800000000000003,0,0,0,0.4811737089201881
university,target_142_3420,target,0.5,aps_raw,50,50,852,426,425,0.4988262910798122,0.9800000000000003,0,0,0,0.4811737089201881
university,target_142_3420,target,0.5,aps_raw,100,100,852,426,426,0.5,0.99,0,0,0,0.49
university,target_142_3420,target,0.5,aps_raw,200,200,852,426,426,0.5,0.99,0,0,0,0.49
university,target_71_3421,target,0.25,distance,1,1,852,639,587,0.6889671361502347,0.9188967136150235,0,72,65,0.24300469483568077
university,target_71_3421,target,0.25,distance,20,20,852,639,638,0.7488262910798122,0.9815140845070425,0,0,0,0.23268779342723023
university,target_71_3421,target,0.25,distance,50,50,852,639,638,0.7488262910798122,0.9888028169014085,0,0,0,0.23997652582159623
university,target_71_3421,target,0.25,distance,100,100,852,639,638,0.7488262910798122,0.9899647887323945,0,0,0,0.24113849765258222
university,target_71_3421,target,0.25,distance,200,200,852,639,639,0.75,0.99,0,0,0,0.24
university,target_71_3421,target,0.25,aps_raw,1,1,852,639,587,0.6889671361502347,0.9383215962441313,0,0,0,0.2493544600938965
university,target_71_3421,target,0.25,aps_raw,20,20,852,639,638,0.7488262910798122,0.9800000000000003,0,0,0,0.23117370892018807
university,target_71_3421,target,0.25,aps_raw,50,50,852,639,638,0.7488262910798122,0.9800000000000003,0,0,0,0.23117370892018807
university,target_71_3421,target,0.25,aps_raw,100,100,852,639,638,0.7488262910798122,0.99,0,0,0,0.24117370892018775
university,target_71_3421,target,0.25,aps_raw,200,200,852,639,639,0.75,0.99,0,0,0,0.24
university,control_71_3421,control,0.25,distance,1,1,852,852,776,0.9107981220657277,0.9029225352112675,0,29,17,0.04231220657277003
university,control_71_3421,control,0.25,distance,20,20,852,852,845,0.9917840375586855,0.9809272300469486,0,0,0,0.010856807511736899
university,control_71_3421,control,0.25,distance,50,50,852,852,845,0.9917840375586855,0.9885446009389672,0,0,0,0.003239436619718261
university,control_71_3421,control,0.25,distance,100,100,852,852,848,0.9953051643192489,0.9899178403755869,0,0,0,0.005387323943661926
university,control_71_3421,control,0.25,distance,200,200,852,852,849,0.9964788732394366,0.99,0,0,0,0.006478873239436633
university,control_71_3421,control,0.25,aps_raw,1,1,852,852,776,0.9107981220657277,0.9404107981220655,0,0,0,0.029612676056337772
university,control_71_3421,control,0.25,aps_raw,20,20,852,852,845,0.9917840375586855,0.9800000000000003,0,0,0,0.011784037558685179
university,control_71_3421,control,0.25,aps_raw,50,50,852,852,845,0.9917840375586855,0.9800000000000003,0,0,0,0.011784037558685179
university,control_71_3421,control,0.25,aps_raw,100,100,852,852,848,0.9953051643192489,0.99,0,0,0,0.0053051643192488784
university,control_71_3421,control,0.25,aps_raw,200,200,852,852,849,0.9964788732394366,0.99,0,0,0,0.006478873239436633
university,target_142_3421,target,0.5,distance,1,1,852,426,392,0.460093896713615,0.9310798122065728,0,147,143,0.48192488262910804
university,target_142_3421,target,0.5,distance,20,20,852,426,425,0.4988262910798122,0.9841431924882632,0,0,0,0.485316901408451
university,target_142_3421,target,0.5,distance,50,50,852,426,425,0.4988262910798122,0.9895892018779344,0,0,0,0.49076291079812223
university,target_142_3421,target,0.5,distance,100,100,852,426,426,0.5,0.99,0,0,0,0.49
university,target_142_3421,target,0.5,distance,200,200,852,426,426,0.5,0.99,0,0,0,0.49
university,target_142_3421,target,0.5,aps_raw,1,1,852,426,392,0.460093896713615,0.9362558685446007,0,0,0,0.47616197183098574
university,target_142_3421,target,0.5,aps_raw,20,20,852,426,425,0.4988262910798122,0.9800000000000003,0,0,0,0.4811737089201881
university,target_142_3421,target,0.5,aps_raw,50,50,852,426,425,0.4988262910798122,0.9800000000000003,0,0,0,0.4811737089201881
university,target_142_3421,target,0.5,aps_raw,100,100,852,426,426,0.5,0.99,0,0,0,0.49
university,target_142_3421,target,0.5,aps_raw,200,200,852,426,426,0.5,0.99,0,0,0,0.49
university,target_71_3422,target,0.25,distance,1,1,852,639,584,0.6854460093896714,0.9141666666666667,0,95,85,0.25329812206572766
university,target_71_3422,target,0.25,distance,20,20,852,639,635,0.7453051643192489,0.9813849765258218,0,0,0,0.23607981220657293
university,target_71_3422,target,0.25,distance,50,50,852,639,635,0.7453051643192489,0.9887441314553992,0,0,0,0.24343896713615032
university,target_71_3422,target,0.25,distance,100,100,852,639,637,0.7476525821596244,0.9899647887323945,0,0,0,0.24231220657277008
university,target_71_3422,target,0.25,distance,200,200,852,639,637,0.7476525821596244,0.99,0,0,0,0.2423474178403756
university,target_71_3422,target,0.25,aps_raw,1,1,852,639,584,0.6854460093896714,0.9381807511737087,0,0,0,0.2527347417840373
university,target_71_3422,target,0.25,aps_raw,20,20,852,639,635,0.7453051643192489,0.9800000000000003,0,0,0,0.23469483568075145
university,target_71_3422,target,0.25,aps_raw,50,50,852,639,635,0.7453051643192489,0.9800000000000003,0,0,0,0.23469483568075145
university,target_71_3422,target,0.25,aps_raw,100,100,852,639,637,0.7476525821596244,0.99,0,0,0,0.2423474178403756
university,target_71_3422,target,0.25,aps_raw,200,200,852,639,637,0.7476525821596244,0.99,0,0,0,0.2423474178403756
university,control_71_3422,control,0.25,distance,1,1,852,852,779,0.9143192488262911,0.9006572769953051,0,29,17,0.04424882629107983
university,control_71_3422,control,0.25,distance,20,20,852,852,845,0.9917840375586855,0.9808802816901411,0,0,0,0.010903755868544418
university,control_71_3422,control,0.25,distance,50,50,852,852,845,0.9917840375586855,0.9885093896713616,0,0,0,0.0032746478873239004
university,control_71_3422,control,0.25,distance,100,100,852,852,848,0.9953051643192489,0.9899413145539907,0,0,0,0.005363849765258166
university,control_71_3422,control,0.25,distance,200,200,852,852,849,0.9964788732394366,0.99,0,0,0,0.006478873239436633
university,control_71_3422,control,0.25,aps_raw,1,1,852,852,779,0.9143192488262911,0.940446009389671,0,0,0,0.026126760563379925
university,control_71_3422,control,0.25,aps_raw,20,20,852,852,845,0.9917840375586855,0.9800000000000003,0,0,0,0.011784037558685179
university,control_71_3422,control,0.25,aps_raw,50,50,852,852,845,0.9917840375586855,0.9800000000000003,0,0,0,0.011784037558685179
university,control_71_3422,control,0.25,aps_raw,100,100,852,852,848,0.9953051643192489,0.99,0,0,0,0.0053051643192488784
university,control_71_3422,control,0.25,aps_raw,200,200,852,852,849,0.9964788732394366,0.99,0,0,0,0.006478873239436633
university,target_142_3422,target,0.5,distance,1,1,852,426,393,0.4612676056338028,0.930762910798122,0,176,170,0.48125586854460095
university,target_142_3422,target,0.5,distance,20,20,852,426,423,0.4964788732394366,0.9842253521126763,0,0,0,0.48774647887323963
university,target_142_3422,target,0.5,distance,50,50,852,426,423,0.4964788732394366,0.9896009389671363,0,0,0,0.4931220657276997
university,target_142_3422,target,0.5,distance,100,100,852,426,424,0.49765258215962443,0.99,0,0,0,0.49234741784037556
university,target_142_3422,target,0.5,distance,200,200,852,426,424,0.49765258215962443,0.99,0,0,0,0.49234741784037556
university,target_142_3422,target,0.5,aps_raw,1,1,852,426,393,0.4612676056338028,0.9358802816901407,0,0,0,0.4746126760563379
university,target_142_3422,target,0.5,aps_raw,20,20,852,426,423,0.4964788732394366,0.9800000000000003,0,0,0,0.4835211267605637
university,target_142_3422,target,0.5,aps_raw,50,50,852,426,423,0.4964788732394366,0.9800000000000003,0,0,0,0.4835211267605637
university,target_142_3422,target,0.5,aps_raw,100,100,852,426,424,0.49765258215962443,0.99,0,0,0,0.49234741784037556
university,target_142_3422,target,0.5,aps_raw,200,200,852,426,424,0.49765258215962443,0.99,0,0,0,0.49234741784037556
university,target_71_3423,target,0.25,distance,1,1,852,639,593,0.6960093896713615,0.9145070422535212,0,82,76,0.23647887323943664
university,target_71_3423,target,0.25,distance,20,20,852,639,636,0.7464788732394366,0.9815727699530519,0,0,0,0.23509389671361525
university,target_71_3423,target,0.25,distance,50,50,852,639,636,0.7464788732394366,0.9888262910798122,0,0,0,0.2423474178403756
university,target_71_3423,target,0.25,distance,100,100,852,639,637,0.7476525821596244,0.9899765258215962,0,0,0,0.24232394366197185
university,target_71_3423,target,0.25,distance,200,200,852,639,638,0.7488262910798122,0.99,0,0,0,0.24117370892018775
university,target_71_3423,target,0.25,aps_raw,1,1,852,639,593,0.6960093896713615,0.9386150234741782,0,0,0,0.24260563380281674
university,target_71_3423,target,0.25,aps_raw,20,20,852,639,636,0.7464788732394366,0.9800000000000003,0,0,0,0.2335211267605637
university,target_71_3423,target,0.25,aps_raw,50,50,852,639,636,0.7464788732394366,0.9800000000000003,0,0,0,0.2335211267605637
university,target_71_3423,target,0.25,aps_raw,100,100,852,639,637,0.7476525821596244,0.99,0,0,0,0.2423474178403756
university,target_71_3423,target,0.25,aps_raw,200,200,852,639,638,0.7488262910798122,0.99,0,0,0,0.24117370892018775
university,control_71_3423,control,0.25,distance,1,1,852,852,780,0.9154929577464789,0.904330985915493,0,28,17,0.041420187793427134
university,control_71_3423,control,0.25,distance,20,20,852,852,845,0.9917840375586855,0.9809624413145542,0,0,0,0.01082159624413126
university,control_71_3423,control,0.25,distance,50,50,852,852,845,0.9917840375586855,0.9885446009389671,0,0,0,0.003239436619718372
university,control_71_3423,control,0.25,distance,100,100,852,852,848,0.9953051643192489,0.9899178403755869,0,0,0,0.005387323943661926
university,control_71_3423,control,0.25,distance,200,200,852,852,849,0.9964788732394366,0.99,0,0,0,0.006478873239436633
university,control_71_3423,control,0.25,aps_raw,1,1,852,852,780,0.9154929577464789,0.9403638497652579,0,0,0,0.02487089201877901
university,control_71_3423,control,0.25,aps_raw,20,20,852,852,845,0.9917840375586855,0.9800000000000003,0,0,0,0.011784037558685179
university,control_71_3423,control,0.25,aps_raw,50,50,852,852,845,0.9917840375586855,0.9800000000000003,0,0,0,0.011784037558685179
university,control_71_3423,control,0.25,aps_raw,100,100,852,852,848,0.9953051643192489,0.99,0,0,0,0.0053051643192488784
university,control_71_3423,control,0.25,aps_raw,200,200,852,852,849,0.9964788732394366,0.99,0,0,0,0.006478873239436633
university,target_142_3423,target,0.5,distance,1,1,852,426,399,0.46830985915492956,0.9315727699530517,0,149,141,0.48046948356807506
university,target_142_3423,target,0.5,distance,20,20,852,426,423,0.4964788732394366,0.9841314553990613,0,0,0,0.4876525821596247
university,target_142_3423,target,0.5,distance,50,50,852,426,423,0.4964788732394366,0.9896009389671363,0,0,0,0.4931220657276997
university,target_142_3423,target,0.5,distance,100,100,852,426,424,0.49765258215962443,0.99,0,0,0,0.49234741784037556
university,target_142_3423,target,0.5,distance,200,200,852,426,425,0.4988262910798122,0.99,0,0,0,0.4911737089201878
university,target_142_3423,target,0.5,aps_raw,1,1,852,426,399,0.46830985915492956,0.9362676056338026,0,0,0,0.46795774647887306
university,target_142_3423,target,0.5,aps_raw,20,20,852,426,423,0.4964788732394366,0.9800000000000003,0,0,0,0.4835211267605637
university,target_142_3423,target,0.5,aps_raw,50,50,852,426,423,0.4964788732394366,0.9800000000000003,0,0,0,0.4835211267605637
university,target_142_3423,target,0.5,aps_raw,100,100,852,426,424,0.49765258215962443,0.99,0,0,0,0.49234741784037556
university,target_142_3423,target,0.5,aps_raw,200,200,852,426,425,0.4988262910798122,0.99,0,0,0,0.4911737089201878
university,target_71_3424,target,0.25,distance,1,1,852,639,588,0.6901408450704225,0.92056338028169,0,89,80,0.2473943661971831
university,target_71_3424,target,0.25,distance,20,20,852,639,632,0.7417840375586855,0.9815962441314556,0,0,0,0.23981220657277014
university,target_71_3424,target,0.25,distance,50,50,852,639,632,0.7417840375586855,0.9887910798122066,0,0,0,0.2470070422535211
university,target_71_3424,target,0.25,distance,100,100,852,639,635,0.7453051643192489,0.9899765258215962,0,0,0,0.24467136150234736
university,target_71_3424,target,0.25,distance,200,200,852,639,636,0.7464788732394366,0.99,0,0,0,0.24352112676056337
university,target_71_3424,target,0.25,aps_raw,1,1,852,639,588,0.6901408450704225,0.9384507042253518,0,0,0,0.2483098591549293
university,target_71_3424,target,0.25,aps_raw,20,20,852,639,632,0.7417840375586855,0.9800000000000003,0,0,0,0.23821596244131482
university,target_71_3424,target,0.25,aps_raw,50,50,852,639,632,0.7417840375586855,0.9800000000000003,0,0,0,0.23821596244131482
university,target_71_3424,target,0.25,aps_raw,100,100,852,639,635,0.7453051643192489,0.99,0,0,0,0.24469483568075112
university,target_71_3424,target,0.25,aps_raw,200,200,852,639,636,0.7464788732394366,0.99,0,0,0,0.24352112676056337
university,control_71_3424,control,0.25,distance,1,1,852,852,782,0.9178403755868545,0.9014436619718309,0,29,17,0.04644366197183093
university,control_71_3424,control,0.25,distance,20,20,852,852,845,0.9917840375586855,0.9807981220657279,0,0,0,0.010985915492957576
university,control_71_3424,control,0.25,distance,50,50,852,852,845,0.9917840375586855,0.9884389671361503,0,0,0,0.003345070422535179
university,control_71_3424,control,0.25,distance,100,100,852,852,848,0.9953051643192489,0.9899413145539907,0,0,0,0.005363849765258166
university,control_71_3424,control,0.25,distance,200,200,852,852,849,0.9964788732394366,0.99,0,0,0,0.006478873239436633
university,control_71_3424,control,0.25,aps_raw,1,1,852,852,782,0.9178403755868545,0.940446009389671,0,0,0,0.02260563380281655
university,control_71_3424,control,0.25,aps_raw,20,20,852,852,845,0.9917840375586855,0.9800000000000003,0,0,0,0.011784037558685179
university,control_71_3424,control,0.25,aps_raw,50,50,852,852,845,0.9917840375586855,0.9800000000000003,0,0,0,0.011784037558685179
university,control_71_3424,control,0.25,aps_raw,100,100,852,852,848,0.9953051643192489,0.99,0,0,0,0.0053051643192488784
university,control_71_3424,control,0.25,aps_raw,200,200,852,852,849,0.9964788732394366,0.99,0,0,0,0.006478873239436633
university,target_142_3424,target,0.5,distance,1,1,852,426,395,0.4636150234741784,0.941631455399061,0,155,150,0.4838380281690141
university,target_142_3424,target,0.5,distance,20,20,852,426,419,0.49178403755868544,0.9842136150234744,0,0,0,0.49242957746478894
university,target_142_3424,target,0.5,distance,50,50,852,426,419,0.49178403755868544,0.9895892018779344,0,0,0,0.497805164319249
university,target_142_3424,target,0.5,distance,100,100,852,426,422,0.4953051643192488,0.99,0,0,0,0.4946948356807512
university,target_142_3424,target,0.5,distance,200,200,852,426,423,0.4964788732394366,0.99,0,0,0,0.49352112676056337
university,target_142_3424,target,0.5,aps_raw,1,1,852,426,395,0.4636150234741784,0.9359507042253518,0,0,0,0.4723356807511734
university,target_142_3424,target,0.5,aps_raw,20,20,852,426,419,0.49178403755868544,0.9800000000000003,0,0,0,0.4882159624413149
university,target_142_3424,target,0.5,aps_raw,50,50,852,426,419,0.49178403755868544,0.9800000000000003,0,0,0,0.4882159624413149
university,target_142_3424,target,0.5,aps_raw,100,100,852,426,422,0.4953051643192488,0.99,0,0,0,0.4946948356807512
university,target_142_3424,target,0.5,aps_raw,200,200,852,426,423,0.4964788732394366,0.99,0,0,0,0.49352112676056337
university,target_71_3425,target,0.25,distance,1,1,852,639,584,0.6854460093896714,0.916537558685446,0,94,86,0.2528755868544602
university,target_71_3425,target,0.25,distance,20,20,852,639,632,0.7417840375586855,0.9813849765258217,0,0,0,0.2396009389671362
university,target_71_3425,target,0.25,distance,50,50,852,639,632,0.7417840375586855,0.9887910798122066,0,0,0,0.2470070422535211
university,target_71_3425,target,0.25,distance,100,100,852,639,634,0.744131455399061,0.9899413145539907,0,0,0,0.2458098591549297
university,target_71_3425,target,0.25,distance,200,200,852,639,636,0.7464788732394366,0.99,0,0,0,0.24352112676056337
university,target_71_3425,target,0.25,aps_raw,1,1,852,639,584,0.6854460093896714,0.938345070422535,0,0,0,0.25289906103286364
university,target_71_3425,target,0.25,aps_raw,20,20,852,639,632,0.7417840375586855,0.9800000000000003,0,0,0,0.23821596244131482
university,target_71_3425,target,0.25,aps_raw,50,50,852,639,632,0.7417840375586855,0.9800000000000003,0,0,0,0.23821596244131482
university,target_71_3425,target,0.25,aps_raw,100,100,852,639,634,0.744131455399061,0.99,0,0,0,0.245868544600939
university,target_71_3425,target,0.25,aps_raw,200,200,852,639,636,0.7464788732394366,0.99,0,0,0,0.24352112676056337
university,control_71_3425,control,0.25,distance,1,1,852,852,782,0.9178403755868545,0.9043544600938968,0,29,17,0.04318075117370891
university,control_71_3425,control,0.25,distance,20,20,852,852,845,0.9917840375586855,0.9809389671361505,0,0,0,0.01084507042253502
university,control_71_3425,control,0.25,distance,50,50,852,852,845,0.9917840375586855,0.9885798122065729,0,0,0,0.003204225352112622
university,control_71_3425,control,0.25,distance,100,100,852,852,848,0.9953051643192489,0.9899413145539907,0,0,0,0.005363849765258166
university,control_71_3425,control,0.25,distance,200,200,852,852,849,0.9964788732394366,0.99,0,0,0,0.006478873239436633
university,control_71_3425,control,0.25,aps_raw,1,1,852,852,782,0.9178403755868545,0.9403403755868542,0,0,0,0.022499999999999742
university,control_71_3425,control,0.25,aps_raw,20,20,852,852,845,0.9917840375586855,0.9800000000000003,0,0,0,0.011784037558685179
university,control_71_3425,control,0.25,aps_raw,50,50,852,852,845,0.9917840375586855,0.9800000000000003,0,0,0,0.011784037558685179
university,control_71_3425,control,0.25,aps_raw,100,100,852,852,848,0.9953051643192489,0.99,0,0,0,0.0053051643192488784
university,control_71_3425,control,0.25,aps_raw,200,200,852,852,849,0.9964788732394366,0.99,0,0,0,0.006478873239436633
university,target_142_3425,target,0.5,distance,1,1,852,426,398,0.4671361502347418,0.9384154929577464,0,175,173,0.48315727699530503
university,target_142_3425,target,0.5,distance,20,20,852,426,426,0.5,0.98424882629108,0,1,1,0.48424882629108
university,target_142_3425,target,0.5,distance,50,50,852,426,426,0.5,0.9895774647887325,0,1,1,0.48957746478873254
university,target_142_3425,target,0.5,distance,100,100,852,426,426,0.5,0.99,0,1,1,0.49
university,target_142_3425,target,0.5,distance,200,200,852,426,426,0.5,0.99,0,1,1,0.49
university,target_142_3425,target,0.5,aps_raw,1,1,852,426,398,0.4671361502347418,0.9359272300469482,0,0,0,0.4687910798122064
university,target_142_3425,target,0.5,aps_raw,20,20,852,426,426,0.5,0.9800000000000003,0,0,0,0.4800000000000003
university,target_142_3425,target,0.5,aps_raw,50,50,852,426,426,0.5,0.9800000000000003,0,0,0,0.4800000000000003
university,target_142_3425,target,0.5,aps_raw,100,100,852,426,426,0.5,0.99,0,0,0,0.49
university,target_142_3425,target,0.5,aps_raw,200,200,852,426,426,0.5,0.99,0,0,0,0.49
university,target_71_3426,target,0.25,distance,1,1,852,639,596,0.6995305164319249,0.9178169014084507,0,77,67,0.24929577464788724
university,target_71_3426,target,0.25,distance,20,20,852,639,632,0.7417840375586855,0.9814436619718311,0,1,1,0.2396596244131456
university,target_71_3426,target,0.25,distance,50,50,852,639,632,0.7417840375586855,0.9886737089201879,0,0,0,0.24688967136150242
university,target_71_3426,target,0.25,distance,100,100,852,639,634,0.744131455399061,0.9899765258215962,0,0,0,0.24584507042253523
university,target_71_3426,target,0.25,distance,200,200,852,639,636,0.7464788732394366,0.99,0,0,0,0.24352112676056337
university,target_71_3426,target,0.25,aps_raw,1,1,852,639,596,0.6995305164319249,0.9385446009389669,0,0,0,0.23901408450704198
university,target_71_3426,target,0.25,aps_raw,20,20,852,639,632,0.7417840375586855,0.9800000000000003,0,0,0,0.23821596244131482
university,target_71_3426,target,0.25,aps_raw,50,50,852,639,632,0.7417840375586855,0.9800000000000003,0,0,0,0.23821596244131482
university,target_71_3426,target,0.25,aps_raw,100,100,852,639,634,0.744131455399061,0.99,0,0,0,0.245868544600939
university,target_71_3426,target,0.25,aps_raw,200,200,852,639,636,0.7464788732394366,0.99,0,0,0,0.24352112676056337
university,control_71_3426,control,0.25,distance,1,1,852,852,776,0.9107981220657277,0.9001643192488262,0,29,17,0.04755868544600942
university,control_71_3426,control,0.25,distance,20,20,852,852,845,0.9917840375586855,0.9808333333333336,0,0,0,0.010950704225351937
university,control_71_3426,control,0.25,distance,50,50,852,852,845,0.9917840375586855,0.988474178403756,0,0,0,0.0033098591549295397
university,control_71_3426,control,0.25,distance,100,100,852,852,848,0.9953051643192489,0.9899295774647888,0,0,0,0.005375586854460046
university,control_71_3426,control,0.25,distance,200,200,852,852,849,0.9964788732394366,0.99,0,0,0,0.006478873239436633
university,control_71_3426,control,0.25,aps_raw,1,1,852,852,776,0.9107981220657277,0.9404812206572767,0,0,0,0.02968309859154894
university,control_71_3426,control,0.25,aps_raw,20,20,852,852,845,0.9917840375586855,0.9800000000000003,0,0,0,0.011784037558685179
university,control_71_3426,control,0.25,aps_raw,50,50,852,852,845,0.9917840375586855,0.9800000000000003,0,0,0,0.011784037558685179
university,control_71_3426,control,0.25,aps_raw,100,100,852,852,848,0.9953051643192489,0.99,0,0,0,0.0053051643192488784
university,control_71_3426,control,0.25,aps_raw,200,200,852,852,849,0.9964788732394366,0.99,0,0,0,0.006478873239436633
university,target_142_3426,target,0.5,distance,1,1,852,426,400,0.4694835680751174,0.9352816901408451,0,138,133,0.4736854460093897
university,target_142_3426,target,0.5,distance,20,20,852,426,423,0.4964788732394366,0.984154929577465,0,0,0,0.48767605633802835
university,target_142_3426,target,0.5,distance,50,50,852,426,423,0.4964788732394366,0.9895422535211269,0,0,0,0.4930633802816903
university,target_142_3426,target,0.5,distance,100,100,852,426,424,0.49765258215962443,0.99,0,0,0,0.49234741784037556
university,target_142_3426,target,0.5,distance,200,200,852,426,425,0.4988262910798122,0.99,0,0,0,0.4911737089201878
university,target_142_3426,target,0.5,aps_raw,1,1,852,426,400,0.4694835680751174,0.9359037558685444,0,0,0,0.466420187793427
university,target_142_3426,target,0.5,aps_raw,20,20,852,426,423,0.4964788732394366,0.9800000000000003,0,0,0,0.4835211267605637
university,target_142_3426,target,0.5,aps_raw,50,50,852,426,423,0.4964788732394366,0.9800000000000003,0,0,0,0.4835211267605637
university,target_142_3426,target,0.5,aps_raw,100,100,852,426,424,0.49765258215962443,0.99,0,0,0,0.49234741784037556
university,target_142_3426,target,0.5,aps_raw,200,200,852,426,425,0.4988262910798122,0.99,0,0,0,0.4911737089201878
sues,full,full,0.0,distance,1,1,1428,1428,1196,0.8375350140056023,0.7377731092436974,0,32,23,0.11036414565826336
sues,full,full,0.0,distance,20,20,1428,1428,1404,0.9831932773109243,0.9499649859943979,0,0,0,0.033228291316526756
sues,full,full,0.0,distance,50,50,1428,1428,1423,0.9964985994397759,0.9778851540616247,0,0,0,0.01861344537815124
sues,full,full,0.0,distance,100,100,1428,1428,1428,1.0,0.9883893557422969,0,0,0,0.011610644257703084
sues,full,full,0.0,distance,200,200,1428,1428,1428,1.0,0.9900000000000002,0,0,0,0.009999999999999787
sues,full,full,0.0,aps_raw,1,1,1428,1428,1196,0.8375350140056023,0.8443627450980392,0,0,0,0.0068277310924369445
sues,full,full,0.0,aps_raw,20,20,1428,1428,1404,0.9831932773109243,0.9897058823529413,0,0,0,0.006512605042017006
sues,full,full,0.0,aps_raw,50,50,1428,1428,1423,0.9964985994397759,0.9900000000000002,0,0,0,0.00649859943977571
sues,full,full,0.0,aps_raw,100,100,1428,1428,1428,1.0,0.9900000000000002,0,0,0,0.009999999999999787
sues,full,full,0.0,aps_raw,200,200,1428,1428,1428,1.0,0.9900000000000002,0,0,0,0.009999999999999787
sues,target_25_290928,target,0.25,distance,1,1,1428,1068,885,0.6197478991596639,0.7636834733893557,0,84,75,0.20317927170868355
sues,target_25_290928,target,0.25,distance,20,20,1428,1068,1050,0.7352941176470589,0.957296918767507,0,2,2,0.22200280112044818
sues,target_25_290928,target,0.25,distance,50,50,1428,1068,1066,0.7464985994397759,0.9817577030812327,0,2,2,0.23525910364145675
sues,target_25_290928,target,0.25,distance,100,100,1428,1068,1068,0.7478991596638656,0.9898109243697479,0,2,2,0.24191176470588238
sues,target_25_290928,target,0.25,distance,200,162,1428,1068,1068,0.7478991596638656,0.9900000000000002,0,2,2,0.24210084033613466
sues,target_25_290928,target,0.25,aps_raw,1,1,1428,1068,885,0.6197478991596639,0.8352941176470587,0,0,0,0.21554621848739483
sues,target_25_290928,target,0.25,aps_raw,20,20,1428,1068,1050,0.7352941176470589,0.9896288515406163,0,0,0,0.25433473389355743
sues,target_25_290928,target,0.25,aps_raw,50,50,1428,1068,1066,0.7464985994397759,0.9900000000000002,0,0,0,0.2435014005602243
sues,target_25_290928,target,0.25,aps_raw,100,100,1428,1068,1068,0.7478991596638656,0.9900000000000002,0,0,0,0.24210084033613466
sues,target_25_290928,target,0.25,aps_raw,200,162,1428,1068,1068,0.7478991596638656,0.9900000000000002,0,0,0,0.24210084033613466
sues,target_50_290928,target,0.5,distance,1,1,1428,708,620,0.4341736694677871,0.7901680672268908,0,87,84,0.3843697478991597
sues,target_50_290928,target,0.5,distance,20,20,1428,708,701,0.49089635854341734,0.9649509803921568,0,2,2,0.4740546218487396
sues,target_50_290928,target,0.5,distance,50,50,1428,708,708,0.4957983193277311,0.9858893557422972,0,2,2,0.4900910364145661
sues,target_50_290928,target,0.5,distance,100,100,1428,708,708,0.4957983193277311,0.9900000000000002,0,2,2,0.4942016806722691
sues,target_50_290928,target,0.5,distance,200,124,1428,708,708,0.4957983193277311,0.9900000000000002,0,2,2,0.4942016806722691
sues,target_50_290928,target,0.5,aps_raw,1,1,1428,708,620,0.4341736694677871,0.8264285714285713,0,0,0,0.39225490196078433
sues,target_50_290928,target,0.5,aps_raw,20,20,1428,708,701,0.49089635854341734,0.9895098039215686,0,0,0,0.4986134453781513
sues,target_50_290928,target,0.5,aps_raw,50,50,1428,708,708,0.4957983193277311,0.9900000000000002,0,0,0,0.4942016806722691
sues,target_50_290928,target,0.5,aps_raw,100,100,1428,708,708,0.4957983193277311,0.9900000000000002,0,0,0,0.4942016806722691
sues,target_50_290928,target,0.5,aps_raw,200,124,1428,708,708,0.4957983193277311,0.9900000000000002,0,0,0,0.4942016806722691
sues,control_25_290928,control,0.25,distance,1,1,1428,1428,1223,0.8564425770308123,0.7545658263305322,0,29,21,0.10739495798319322
sues,control_25_290928,control,0.25,distance,20,20,1428,1428,1412,0.988795518207283,0.9598599439775911,0,0,0,0.028935574229691795
sues,control_25_290928,control,0.25,distance,50,50,1428,1428,1427,0.9992997198879552,0.9824579831932775,0,0,0,0.0168417366946777
sues,control_25_290928,control,0.25,distance,100,100,1428,1428,1428,1.0,0.9898039215686275,0,0,0,0.01019607843137249
sues,control_25_290928,control,0.25,distance,200,162,1428,1428,1428,1.0,0.9900000000000002,0,0,0,0.009999999999999787
sues,control_25_290928,control,0.25,aps_raw,1,1,1428,1428,1223,0.8564425770308123,0.8426190476190476,0,0,0,0.013823529411764715
sues,control_25_290928,control,0.25,aps_raw,20,20,1428,1428,1412,0.988795518207283,0.9896708683473391,0,0,0,0.0008753501400561303
sues,control_25_290928,control,0.25,aps_raw,50,50,1428,1428,1427,0.9992997198879552,0.9900000000000002,0,0,0,0.009299719887954971
sues,control_25_290928,control,0.25,aps_raw,100,100,1428,1428,1428,1.0,0.9900000000000002,0,0,0,0.009999999999999787
sues,control_25_290928,control,0.25,aps_raw,200,162,1428,1428,1428,1.0,0.9900000000000002,0,0,0,0.009999999999999787
sues,target_25_290929,target,0.25,distance,1,1,1428,1068,902,0.6316526610644257,0.7667156862745097,0,68,64,0.1913095238095238
sues,target_25_290929,target,0.25,distance,20,20,1428,1068,1052,0.7366946778711485,0.9589915966386555,0,9,9,0.222296918767507
sues,target_25_290929,target,0.25,distance,50,50,1428,1068,1068,0.7478991596638656,0.9825070028011205,0,9,9,0.2346078431372549
sues,target_25_290929,target,0.25,distance,100,100,1428,1068,1068,0.7478991596638656,0.9898529411764707,0,9,9,0.24195378151260516
sues,target_25_290929,target,0.25,distance,200,162,1428,1068,1068,0.7478991596638656,0.9900000000000002,0,9,9,0.24210084033613466
sues,target_25_290929,target,0.25,aps_raw,1,1,1428,1068,902,0.6316526610644257,0.8358823529411764,0,0,0,0.20422969187675075
sues,target_25_290929,target,0.25,aps_raw,20,20,1428,1068,1052,0.7366946778711485,0.9896778711484595,0,0,0,0.252983193277311
sues,target_25_290929,target,0.25,aps_raw,50,50,1428,1068,1068,0.7478991596638656,0.9900000000000002,0,0,0,0.24210084033613466
sues,target_25_290929,target,0.25,aps_raw,100,100,1428,1068,1068,0.7478991596638656,0.9900000000000002,0,0,0,0.24210084033613466
sues,target_25_290929,target,0.25,aps_raw,200,162,1428,1068,1068,0.7478991596638656,0.9900000000000002,0,0,0,0.24210084033613466
sues,target_50_290929,target,0.5,distance,1,1,1428,708,601,0.4208683473389356,0.7996008403361344,0,102,99,0.4062394957983193
sues,target_50_290929,target,0.5,distance,20,20,1428,708,704,0.49299719887955185,0.9664425770308123,0,15,15,0.4756302521008402
sues,target_50_290929,target,0.5,distance,50,50,1428,708,708,0.4957983193277311,0.9860994397759104,0,15,15,0.4903011204481793
sues,target_50_290929,target,0.5,distance,100,100,1428,708,708,0.4957983193277311,0.9900000000000002,0,15,15,0.4942016806722691
sues,target_50_290929,target,0.5,distance,200,124,1428,708,708,0.4957983193277311,0.9900000000000002,0,15,15,0.4942016806722691
sues,target_50_290929,target,0.5,aps_raw,1,1,1428,708,601,0.4208683473389356,0.8259383753501401,0,0,0,0.4050700280112045
sues,target_50_290929,target,0.5,aps_raw,20,20,1428,708,704,0.49299719887955185,0.9894537815126051,0,0,0,0.49645658263305326
sues,target_50_290929,target,0.5,aps_raw,50,50,1428,708,708,0.4957983193277311,0.9900000000000002,0,0,0,0.4942016806722691
sues,target_50_290929,target,0.5,aps_raw,100,100,1428,708,708,0.4957983193277311,0.9900000000000002,0,0,0,0.4942016806722691
sues,target_50_290929,target,0.5,aps_raw,200,124,1428,708,708,0.4957983193277311,0.9900000000000002,0,0,0,0.4942016806722691
sues,control_25_290929,control,0.25,distance,1,1,1428,1428,1216,0.8515406162464986,0.754033613445378,0,29,21,0.11001400560224084
sues,control_25_290929,control,0.25,distance,20,20,1428,1428,1409,0.9866946778711485,0.9600840336134454,0,0,0,0.026610644257703146
sues,control_25_290929,control,0.25,distance,50,50,1428,1428,1426,0.9985994397759104,0.9824299719887958,0,0,0,0.01616946778711459
sues,control_25_290929,control,0.25,distance,100,100,1428,1428,1428,1.0,0.9898109243697479,0,0,0,0.010189075630252065
sues,control_25_290929,control,0.25,distance,200,162,1428,1428,1428,1.0,0.9900000000000002,0,0,0,0.009999999999999787
sues,control_25_290929,control,0.25,aps_raw,1,1,1428,1428,1216,0.8515406162464986,0.8428011204481792,0,0,0,0.013473389355742372
sues,control_25_290929,control,0.25,aps_raw,20,20,1428,1428,1409,0.9866946778711485,0.9896778711484595,0,0,0,0.0029831932773110026
sues,control_25_290929,control,0.25,aps_raw,50,50,1428,1428,1426,0.9985994397759104,0.9900000000000002,0,0,0,0.008599439775910156
sues,control_25_290929,control,0.25,aps_raw,100,100,1428,1428,1428,1.0,0.9900000000000002,0,0,0,0.009999999999999787
sues,control_25_290929,control,0.25,aps_raw,200,162,1428,1428,1428,1.0,0.9900000000000002,0,0,0,0.009999999999999787
sues,target_25_290930,target,0.25,distance,1,1,1428,1068,885,0.6197478991596639,0.7728221288515407,0,60,55,0.22455882352941178
sues,target_25_290930,target,0.25,distance,20,20,1428,1068,1050,0.7352941176470589,0.957983193277311,0,0,0,0.22268907563025217
sues,target_25_290930,target,0.25,distance,50,50,1428,1068,1067,0.7471988795518207,0.982198879551821,0,0,0,0.2350000000000002
sues,target_25_290930,target,0.25,distance,100,100,1428,1068,1068,0.7478991596638656,0.9898529411764707,0,0,0,0.24195378151260516
sues,target_25_290930,target,0.25,distance,200,162,1428,1068,1068,0.7478991596638656,0.9900000000000002,0,0,0,0.24210084033613466
sues,target_25_290930,target,0.25,aps_raw,1,1,1428,1068,885,0.6197478991596639,0.8338235294117647,0,0,0,0.2140756302521007
sues,target_25_290930,target,0.25,aps_raw,20,20,1428,1068,1050,0.7352941176470589,0.9896638655462187,0,0,0,0.2543697478991598
sues,target_25_290930,target,0.25,aps_raw,50,50,1428,1068,1067,0.7471988795518207,0.9900000000000002,0,0,0,0.24280112044817947
sues,target_25_290930,target,0.25,aps_raw,100,100,1428,1068,1068,0.7478991596638656,0.9900000000000002,0,0,0,0.24210084033613466
sues,target_25_290930,target,0.25,aps_raw,200,162,1428,1068,1068,0.7478991596638656,0.9900000000000002,0,0,0,0.24210084033613466
sues,target_50_290930,target,0.5,distance,1,1,1428,708,604,0.42296918767507,0.7982913165266107,0,94,90,0.405126050420168
sues,target_50_290930,target,0.5,distance,20,20,1428,708,692,0.484593837535014,0.9653431372549021,0,9,9,0.480749299719888
sues,target_50_290930,target,0.5,distance,50,50,1428,708,708,0.4957983193277311,0.9859103641456584,0,9,9,0.49011204481792725
sues,target_50_290930,target,0.5,distance,100,100,1428,708,708,0.4957983193277311,0.9900000000000002,0,9,9,0.4942016806722691
sues,target_50_290930,target,0.5,distance,200,124,1428,708,708,0.4957983193277311,0.9900000000000002,0,9,9,0.4942016806722691
sues,target_50_290930,target,0.5,aps_raw,1,1,1428,708,604,0.42296918767507,0.8260504201680672,0,0,0,0.4030812324929971
sues,target_50_290930,target,0.5,aps_raw,20,20,1428,708,692,0.484593837535014,0.9894887955182075,0,0,0,0.5048949579831934
sues,target_50_290930,target,0.5,aps_raw,50,50,1428,708,708,0.4957983193277311,0.9900000000000002,0,0,0,0.4942016806722691
sues,target_50_290930,target,0.5,aps_raw,100,100,1428,708,708,0.4957983193277311,0.9900000000000002,0,0,0,0.4942016806722691
sues,target_50_290930,target,0.5,aps_raw,200,124,1428,708,708,0.4957983193277311,0.9900000000000002,0,0,0,0.4942016806722691
sues,control_25_290930,control,0.25,distance,1,1,1428,1428,1217,0.8522408963585434,0.7491736694677871,0,32,23,0.1178851540616247
sues,control_25_290930,control,0.25,distance,20,20,1428,1428,1409,0.9866946778711485,0.9587394957983193,0,0,0,0.02795518207282915
sues,control_25_290930,control,0.25,distance,50,50,1428,1428,1425,0.9978991596638656,0.9821498599439777,0,0,0,0.01574929971988781
sues,control_25_290930,control,0.25,distance,100,100,1428,1428,1428,1.0,0.9897829131652661,0,0,0,0.01021708683473388
sues,control_25_290930,control,0.25,distance,200,162,1428,1428,1428,1.0,0.9900000000000002,0,0,0,0.009999999999999787
sues,control_25_290930,control,0.25,aps_raw,1,1,1428,1428,1217,0.8522408963585434,0.843312324929972,0,0,0,0.018116246498599456
sues,control_25_290930,control,0.25,aps_raw,20,20,1428,1428,1409,0.9866946778711485,0.9896848739495799,0,0,0,0.0029901960784314285
sues,control_25_290930,control,0.25,aps_raw,50,50,1428,1428,1425,0.9978991596638656,0.9900000000000002,0,0,0,0.00789915966386534
sues,control_25_290930,control,0.25,aps_raw,100,100,1428,1428,1428,1.0,0.9900000000000002,0,0,0,0.009999999999999787
sues,control_25_290930,control,0.25,aps_raw,200,162,1428,1428,1428,1.0,0.9900000000000002,0,0,0,0.009999999999999787
sues,target_25_290931,target,0.25,distance,1,1,1428,1068,899,0.6295518207282913,0.7730742296918768,0,59,53,0.18647759103641456
sues,target_25_290931,target,0.25,distance,20,20,1428,1068,1056,0.7394957983193278,0.9579481792717087,0,3,3,0.22150560224089644
sues,target_25_290931,target,0.25,distance,50,50,1428,1068,1068,0.7478991596638656,0.9821918767507004,0,3,3,0.23429271708683486
sues,target_25_290931,target,0.25,distance,100,100,1428,1068,1068,0.7478991596638656,0.9898319327731092,0,3,3,0.24193277310924366
sues,target_25_290931,target,0.25,distance,200,162,1428,1068,1068,0.7478991596638656,0.9900000000000002,0,3,3,0.24210084033613466
sues,target_25_290931,target,0.25,aps_raw,1,1,1428,1068,899,0.6295518207282913,0.8350840336134454,0,0,0,0.20553221288515408
sues,target_25_290931,target,0.25,aps_raw,20,20,1428,1068,1056,0.7394957983193278,0.989656862745098,0,0,0,0.25016106442577024
sues,target_25_290931,target,0.25,aps_raw,50,50,1428,1068,1068,0.7478991596638656,0.9900000000000002,0,0,0,0.24210084033613466
sues,target_25_290931,target,0.25,aps_raw,100,100,1428,1068,1068,0.7478991596638656,0.9900000000000002,0,0,0,0.24210084033613466
sues,target_25_290931,target,0.25,aps_raw,200,162,1428,1068,1068,0.7478991596638656,0.9900000000000002,0,0,0,0.24210084033613466
sues,target_50_290931,target,0.5,distance,1,1,1428,708,588,0.4117647058823529,0.8060434173669466,0,102,98,0.4029621848739495
sues,target_50_290931,target,0.5,distance,20,20,1428,708,701,0.49089635854341734,0.9675770308123249,0,3,3,0.47668067226890753
sues,target_50_290931,target,0.5,distance,50,50,1428,708,708,0.4957983193277311,0.9866526610644258,0,3,3,0.49085434173669473
sues,target_50_290931,target,0.5,distance,100,100,1428,708,708,0.4957983193277311,0.9900000000000002,0,3,3,0.4942016806722691
sues,target_50_290931,target,0.5,distance,200,124,1428,708,708,0.4957983193277311,0.9900000000000002,0,3,3,0.4942016806722691
sues,target_50_290931,target,0.5,aps_raw,1,1,1428,708,588,0.4117647058823529,0.8242927170868348,0,0,0,0.4125280112044819
sues,target_50_290931,target,0.5,aps_raw,20,20,1428,708,701,0.49089635854341734,0.9894537815126051,0,0,0,0.49855742296918776
sues,target_50_290931,target,0.5,aps_raw,50,50,1428,708,708,0.4957983193277311,0.9900000000000002,0,0,0,0.4942016806722691
sues,target_50_290931,target,0.5,aps_raw,100,100,1428,708,708,0.4957983193277311,0.9900000000000002,0,0,0,0.4942016806722691
sues,target_50_290931,target,0.5,aps_raw,200,124,1428,708,708,0.4957983193277311,0.9900000000000002,0,0,0,0.4942016806722691
sues,control_25_290931,control,0.25,distance,1,1,1428,1428,1221,0.8550420168067226,0.7578571428571427,0,29,21,0.11033613445378151
sues,control_25_290931,control,0.25,distance,20,20,1428,1428,1409,0.9866946778711485,0.9594817927170868,0,0,0,0.027212885154061582
sues,control_25_290931,control,0.25,distance,50,50,1428,1428,1426,0.9985994397759104,0.9824439775910366,0,0,0,0.016155462184873737
sues,control_25_290931,control,0.25,distance,100,100,1428,1428,1428,1.0,0.9898179271708684,0,0,0,0.010182072829131639
sues,control_25_290931,control,0.25,distance,200,162,1428,1428,1428,1.0,0.9900000000000002,0,0,0,0.009999999999999787
sues,control_25_290931,control,0.25,aps_raw,1,1,1428,1428,1221,0.8550420168067226,0.8427380952380953,0,0,0,0.020399159663865504
sues,control_25_290931,control,0.25,aps_raw,20,20,1428,1428,1409,0.9866946778711485,0.9896918767507005,0,0,0,0.0029971988795519655
sues,control_25_290931,control,0.25,aps_raw,50,50,1428,1428,1426,0.9985994397759104,0.9900000000000002,0,0,0,0.008599439775910156
sues,control_25_290931,control,0.25,aps_raw,100,100,1428,1428,1428,1.0,0.9900000000000002,0,0,0,0.009999999999999787
sues,control_25_290931,control,0.25,aps_raw,200,162,1428,1428,1428,1.0,0.9900000000000002,0,0,0,0.009999999999999787
sues,target_25_290932,target,0.25,distance,1,1,1428,1068,900,0.6302521008403361,0.7664215686274508,0,67,60,0.239264705882353
sues,target_25_290932,target,0.25,distance,20,20,1428,1068,1050,0.7352941176470589,0.9561904761904763,0,0,0,0.2208963585434173
sues,target_25_290932,target,0.25,distance,50,50,1428,1068,1066,0.7464985994397759,0.9816246498599441,0,0,0,0.2351260504201682
sues,target_25_290932,target,0.25,distance,100,100,1428,1068,1068,0.7478991596638656,0.989747899159664,0,0,0,0.24184873949579844
sues,target_25_290932,target,0.25,distance,200,162,1428,1068,1068,0.7478991596638656,0.9900000000000002,0,0,0,0.24210084033613466
sues,target_25_290932,target,0.25,aps_raw,1,1,1428,1068,900,0.6302521008403361,0.8359803921568627,0,0,0,0.20572829131652665
sues,target_25_290932,target,0.25,aps_raw,20,20,1428,1068,1050,0.7352941176470589,0.989670868347339,0,0,0,0.2543767507002801
sues,target_25_290932,target,0.25,aps_raw,50,50,1428,1068,1066,0.7464985994397759,0.9900000000000002,0,0,0,0.2435014005602243
sues,target_25_290932,target,0.25,aps_raw,100,100,1428,1068,1068,0.7478991596638656,0.9900000000000002,0,0,0,0.24210084033613466
sues,target_25_290932,target,0.25,aps_raw,200,162,1428,1068,1068,0.7478991596638656,0.9900000000000002,0,0,0,0.24210084033613466
sues,target_50_290932,target,0.5,distance,1,1,1428,708,578,0.40476190476190477,0.7939145658263306,0,106,100,0.430875350140056
sues,target_50_290932,target,0.5,distance,20,20,1428,708,697,0.4880952380952381,0.9656162464985995,0,0,0,0.47752100840336137
sues,target_50_290932,target,0.5,distance,50,50,1428,708,708,0.4957983193277311,0.9860924369747901,0,0,0,0.490294117647059
sues,target_50_290932,target,0.5,distance,100,100,1428,708,708,0.4957983193277311,0.9900000000000002,0,0,0,0.4942016806722691
sues,target_50_290932,target,0.5,distance,200,124,1428,708,708,0.4957983193277311,0.9900000000000002,0,0,0,0.4942016806722691
sues,target_50_290932,target,0.5,aps_raw,1,1,1428,708,578,0.40476190476190477,0.8245798319327731,0,0,0,0.41981792717086835
sues,target_50_290932,target,0.5,aps_raw,20,20,1428,708,697,0.4880952380952381,0.9893417366946781,0,0,0,0.50124649859944
sues,target_50_290932,target,0.5,aps_raw,50,50,1428,708,708,0.4957983193277311,0.9900000000000002,0,0,0,0.4942016806722691
sues,target_50_290932,target,0.5,aps_raw,100,100,1428,708,708,0.4957983193277311,0.9900000000000002,0,0,0,0.4942016806722691
sues,target_50_290932,target,0.5,aps_raw,200,124,1428,708,708,0.4957983193277311,0.9900000000000002,0,0,0,0.4942016806722691
sues,control_25_290932,control,0.25,distance,1,1,1428,1428,1226,0.8585434173669467,0.7599929971988796,0,28,21,0.11282212885154061
sues,control_25_290932,control,0.25,distance,20,20,1428,1428,1410,0.9873949579831933,0.9604481792717087,0,0,0,0.02694677871148455
sues,control_25_290932,control,0.25,distance,50,50,1428,1428,1426,0.9985994397759104,0.982591036414566,0,0,0,0.016008403361344348
sues,control_25_290932,control,0.25,distance,100,100,1428,1428,1428,1.0,0.9898179271708684,0,0,0,0.010182072829131639
sues,control_25_290932,control,0.25,distance,200,162,1428,1428,1428,1.0,0.9900000000000002,0,0,0,0.009999999999999787
sues,control_25_290932,control,0.25,aps_raw,1,1,1428,1428,1226,0.8585434173669467,0.8422268907563024,0,0,0,0.021820728291316604
sues,control_25_290932,control,0.25,aps_raw,20,20,1428,1428,1410,0.9873949579831933,0.9896708683473391,0,0,0,0.002275910364145761
sues,control_25_290932,control,0.25,aps_raw,50,50,1428,1428,1426,0.9985994397759104,0.9900000000000002,0,0,0,0.008599439775910156
sues,control_25_290932,control,0.25,aps_raw,100,100,1428,1428,1428,1.0,0.9900000000000002,0,0,0,0.009999999999999787
sues,control_25_290932,control,0.25,aps_raw,200,162,1428,1428,1428,1.0,0.9900000000000002,0,0,0,0.009999999999999787
sues,target_25_290933,target,0.25,distance,1,1,1428,1068,906,0.634453781512605,0.7651750700280112,0,65,57,0.2099929971988795
sues,target_25_290933,target,0.25,distance,20,20,1428,1068,1056,0.7394957983193278,0.9581022408963586,0,0,0,0.21860644257703085
sues,target_25_290933,target,0.25,distance,50,50,1428,1068,1068,0.7478991596638656,0.9821148459383755,0,0,0,0.23421568627450995
sues,target_25_290933,target,0.25,distance,100,100,1428,1068,1068,0.7478991596638656,0.9898669467787117,0,0,0,0.24196778711484612
sues,target_25_290933,target,0.25,distance,200,162,1428,1068,1068,0.7478991596638656,0.9900000000000002,0,0,0,0.24210084033613466
sues,target_25_290933,target,0.25,aps_raw,1,1,1428,1068,906,0.634453781512605,0.8361834733893557,0,0,0,0.20172969187675072
sues,target_25_290933,target,0.25,aps_raw,20,20,1428,1068,1056,0.7394957983193278,0.989656862745098,0,0,0,0.25016106442577024
sues,target_25_290933,target,0.25,aps_raw,50,50,1428,1068,1068,0.7478991596638656,0.9900000000000002,0,0,0,0.24210084033613466
sues,target_25_290933,target,0.25,aps_raw,100,100,1428,1068,1068,0.7478991596638656,0.9900000000000002,0,0,0,0.24210084033613466
sues,target_25_290933,target,0.25,aps_raw,200,162,1428,1068,1068,0.7478991596638656,0.9900000000000002,0,0,0,0.24210084033613466
sues,target_50_290933,target,0.5,distance,1,1,1428,708,600,0.42016806722689076,0.80406162464986,0,111,106,0.4211064425770308
sues,target_50_290933,target,0.5,distance,20,20,1428,708,702,0.49159663865546216,0.9666106442577032,0,11,11,0.47501400560224083
sues,target_50_290933,target,0.5,distance,50,50,1428,708,708,0.4957983193277311,0.9860504201680675,0,11,11,0.49025210084033644
sues,target_50_290933,target,0.5,distance,100,100,1428,708,708,0.4957983193277311,0.9900000000000002,0,11,11,0.4942016806722691
sues,target_50_290933,target,0.5,distance,200,124,1428,708,708,0.4957983193277311,0.9900000000000002,0,11,11,0.4942016806722691
sues,target_50_290933,target,0.5,aps_raw,1,1,1428,708,600,0.42016806722689076,0.8252240896358544,0,0,0,0.40505602240896355
sues,target_50_290933,target,0.5,aps_raw,20,20,1428,708,702,0.49159663865546216,0.9895028011204483,0,0,0,0.49790616246498615
sues,target_50_290933,target,0.5,aps_raw,50,50,1428,708,708,0.4957983193277311,0.9900000000000002,0,0,0,0.4942016806722691
sues,target_50_290933,target,0.5,aps_raw,100,100,1428,708,708,0.4957983193277311,0.9900000000000002,0,0,0,0.4942016806722691
sues,target_50_290933,target,0.5,aps_raw,200,124,1428,708,708,0.4957983193277311,0.9900000000000002,0,0,0,0.4942016806722691
sues,control_25_290933,control,0.25,distance,1,1,1428,1428,1225,0.8578431372549019,0.7615196078431373,0,26,18,0.10108543417366952
sues,control_25_290933,control,0.25,distance,20,20,1428,1428,1410,0.9873949579831933,0.9598809523809524,0,0,0,0.027514005602240967
sues,control_25_290933,control,0.25,distance,50,50,1428,1428,1427,0.9992997198879552,0.9823529411764708,0,0,0,0.016946778711484423
sues,control_25_290933,control,0.25,distance,100,100,1428,1428,1428,1.0,0.9897829131652661,0,0,0,0.01021708683473388
sues,control_25_290933,control,0.25,distance,200,162,1428,1428,1428,1.0,0.9900000000000002,0,0,0,0.009999999999999787
sues,control_25_290933,control,0.25,aps_raw,1,1,1428,1428,1225,0.8578431372549019,0.8422198879551821,0,0,0,0.015623249299719835
sues,control_25_290933,control,0.25,aps_raw,20,20,1428,1428,1410,0.9873949579831933,0.989656862745098,0,0,0,0.0022619047619046873
sues,control_25_290933,control,0.25,aps_raw,50,50,1428,1428,1427,0.9992997198879552,0.9900000000000002,0,0,0,0.009299719887954971
sues,control_25_290933,control,0.25,aps_raw,100,100,1428,1428,1428,1.0,0.9900000000000002,0,0,0,0.009999999999999787
sues,control_25_290933,control,0.25,aps_raw,200,162,1428,1428,1428,1.0,0.9900000000000002,0,0,0,0.009999999999999787
sues,target_25_290934,target,0.25,distance,1,1,1428,1068,941,0.6589635854341737,0.7670728291316528,0,63,59,0.21242296918767511
sues,target_25_290934,target,0.25,distance,20,20,1428,1068,1059,0.7415966386554622,0.9593557422969188,0,2,2,0.2177591036414565
sues,target_25_290934,target,0.25,distance,50,50,1428,1068,1068,0.7478991596638656,0.9822689075630254,0,2,2,0.23436974789915987
sues,target_25_290934,target,0.25,distance,100,100,1428,1068,1068,0.7478991596638656,0.9897829131652661,0,2,2,0.24188375350140057
sues,target_25_290934,target,0.25,distance,200,162,1428,1068,1068,0.7478991596638656,0.9900000000000002,0,2,2,0.24210084033613466
sues,target_25_290934,target,0.25,aps_raw,1,1,1428,1068,941,0.6589635854341737,0.8366526610644258,0,0,0,0.17768907563025213
sues,target_25_290934,target,0.25,aps_raw,20,20,1428,1068,1059,0.7415966386554622,0.9896638655462187,0,0,0,0.24806722689075644
sues,target_25_290934,target,0.25,aps_raw,50,50,1428,1068,1068,0.7478991596638656,0.9900000000000002,0,0,0,0.24210084033613466
sues,target_25_290934,target,0.25,aps_raw,100,100,1428,1068,1068,0.7478991596638656,0.9900000000000002,0,0,0,0.24210084033613466
sues,target_25_290934,target,0.25,aps_raw,200,162,1428,1068,1068,0.7478991596638656,0.9900000000000002,0,0,0,0.24210084033613466
sues,target_50_290934,target,0.5,distance,1,1,1428,708,637,0.44607843137254904,0.8028571428571428,0,96,94,0.3842296918767507
sues,target_50_290934,target,0.5,distance,20,20,1428,708,708,0.4957983193277311,0.9682703081232493,0,2,2,0.4724719887955182
sues,target_50_290934,target,0.5,distance,50,50,1428,708,708,0.4957983193277311,0.9863585434173671,0,2,2,0.49056022408963595
sues,target_50_290934,target,0.5,distance,100,100,1428,708,708,0.4957983193277311,0.9900000000000002,0,2,2,0.4942016806722691
sues,target_50_290934,target,0.5,distance,200,124,1428,708,708,0.4957983193277311,0.9900000000000002,0,2,2,0.4942016806722691
sues,target_50_290934,target,0.5,aps_raw,1,1,1428,708,637,0.44607843137254904,0.8250560224089636,0,0,0,0.37897759103641476
sues,target_50_290934,target,0.5,aps_raw,20,20,1428,708,708,0.4957983193277311,0.989544817927171,0,0,0,0.49374649859943986
sues,target_50_290934,target,0.5,aps_raw,50,50,1428,708,708,0.4957983193277311,0.9900000000000002,0,0,0,0.4942016806722691
sues,target_50_290934,target,0.5,aps_raw,100,100,1428,708,708,0.4957983193277311,0.9900000000000002,0,0,0,0.4942016806722691
sues,target_50_290934,target,0.5,aps_raw,200,124,1428,708,708,0.4957983193277311,0.9900000000000002,0,0,0,0.4942016806722691
sues,control_25_290934,control,0.25,distance,1,1,1428,1428,1222,0.8557422969187675,0.7598179271708684,0,27,19,0.10906162464985994
sues,control_25_290934,control,0.25,distance,20,20,1428,1428,1409,0.9866946778711485,0.9604341736694678,0,0,0,0.026260504201680586
sues,control_25_290934,control,0.25,distance,50,50,1428,1428,1426,0.9985994397759104,0.9827100840336136,0,0,0,0.015889355742296773
sues,control_25_290934,control,0.25,distance,100,100,1428,1428,1428,1.0,0.9898389355742298,0,0,0,0.01016106442577025
sues,control_25_290934,control,0.25,distance,200,162,1428,1428,1428,1.0,0.9900000000000002,0,0,0,0.009999999999999787
sues,control_25_290934,control,0.25,aps_raw,1,1,1428,1428,1222,0.8557422969187675,0.8425000000000001,0,0,0,0.022429971988795684
sues,control_25_290934,control,0.25,aps_raw,20,20,1428,1428,1409,0.9866946778711485,0.9896918767507005,0,0,0,0.0029971988795519655
sues,control_25_290934,control,0.25,aps_raw,50,50,1428,1428,1426,0.9985994397759104,0.9900000000000002,0,0,0,0.008599439775910156
sues,control_25_290934,control,0.25,aps_raw,100,100,1428,1428,1428,1.0,0.9900000000000002,0,0,0,0.009999999999999787
sues,control_25_290934,control,0.25,aps_raw,200,162,1428,1428,1428,1.0,0.9900000000000002,0,0,0,0.009999999999999787
sues,target_25_290935,target,0.25,distance,1,1,1428,1068,911,0.6379551820728291,0.7708963585434173,0,59,53,0.21443977591036417
sues,target_25_290935,target,0.25,distance,20,20,1428,1068,1055,0.738795518207283,0.9583613445378151,0,0,0,0.21956582633053204
sues,target_25_290935,target,0.25,distance,50,50,1428,1068,1067,0.7471988795518207,0.9821498599439777,0,0,0,0.234950980392157
sues,target_25_290935,target,0.25,distance,100,100,1428,1068,1068,0.7478991596638656,0.9898109243697479,0,0,0,0.24191176470588238
sues,target_25_290935,target,0.25,distance,200,162,1428,1068,1068,0.7478991596638656,0.9900000000000002,0,0,0,0.24210084033613466
sues,target_25_290935,target,0.25,aps_raw,1,1,1428,1068,911,0.6379551820728291,0.8349299719887957,0,0,0,0.19697478991596634
sues,target_25_290935,target,0.25,aps_raw,20,20,1428,1068,1055,0.738795518207283,0.989670868347339,0,0,0,0.250875350140056
sues,target_25_290935,target,0.25,aps_raw,50,50,1428,1068,1067,0.7471988795518207,0.9900000000000002,0,0,0,0.24280112044817947
sues,target_25_290935,target,0.25,aps_raw,100,100,1428,1068,1068,0.7478991596638656,0.9900000000000002,0,0,0,0.24210084033613466
sues,target_25_290935,target,0.25,aps_raw,200,162,1428,1068,1068,0.7478991596638656,0.9900000000000002,0,0,0,0.24210084033613466
sues,target_50_290935,target,0.5,distance,1,1,1428,708,618,0.4327731092436975,0.8011484593837535,0,100,96,0.38449579831932784
sues,target_50_290935,target,0.5,distance,20,20,1428,708,700,0.49019607843137253,0.9677661064425771,0,14,14,0.4775700280112044
sues,target_50_290935,target,0.5,distance,50,50,1428,708,708,0.4957983193277311,0.9864215686274511,0,14,14,0.49062324929972
sues,target_50_290935,target,0.5,distance,100,100,1428,708,708,0.4957983193277311,0.9900000000000002,0,14,14,0.4942016806722691
sues,target_50_290935,target,0.5,distance,200,124,1428,708,708,0.4957983193277311,0.9900000000000002,0,14,14,0.4942016806722691
sues,target_50_290935,target,0.5,aps_raw,1,1,1428,708,618,0.4327731092436975,0.8250350140056023,0,0,0,0.3922619047619048
sues,target_50_290935,target,0.5,aps_raw,20,20,1428,708,700,0.49019607843137253,0.9895868347338936,0,0,0,0.4993907563025211
sues,target_50_290935,target,0.5,aps_raw,50,50,1428,708,708,0.4957983193277311,0.9900000000000002,0,0,0,0.4942016806722691
sues,target_50_290935,target,0.5,aps_raw,100,100,1428,708,708,0.4957983193277311,0.9900000000000002,0,0,0,0.4942016806722691
sues,target_50_290935,target,0.5,aps_raw,200,124,1428,708,708,0.4957983193277311,0.9900000000000002,0,0,0,0.4942016806722691
sues,control_25_290935,control,0.25,distance,1,1,1428,1428,1227,0.8592436974789915,0.7599929971988796,0,26,19,0.1067857142857143
sues,control_25_290935,control,0.25,distance,20,20,1428,1428,1408,0.9859943977591037,0.9596148459383753,0,0,0,0.026379551820728216
sues,control_25_290935,control,0.25,distance,50,50,1428,1428,1426,0.9985994397759104,0.9823879551820729,0,0,0,0.016211484593837477
sues,control_25_290935,control,0.25,distance,100,100,1428,1428,1428,1.0,0.9898249299719888,0,0,0,0.010175070028011213
sues,control_25_290935,control,0.25,distance,200,162,1428,1428,1428,1.0,0.9900000000000002,0,0,0,0.009999999999999787
sues,control_25_290935,control,0.25,aps_raw,1,1,1428,1428,1227,0.8592436974789915,0.8423039215686275,0,0,0,0.016939775910364212
sues,control_25_290935,control,0.25,aps_raw,20,20,1428,1428,1408,0.9859943977591037,0.9896638655462187,0,0,0,0.003669467787114966
sues,control_25_290935,control,0.25,aps_raw,50,50,1428,1428,1426,0.9985994397759104,0.9900000000000002,0,0,0,0.008599439775910156
sues,control_25_290935,control,0.25,aps_raw,100,100,1428,1428,1428,1.0,0.9900000000000002,0,0,0,0.009999999999999787
sues,control_25_290935,control,0.25,aps_raw,200,162,1428,1428,1428,1.0,0.9900000000000002,0,0,0,0.009999999999999787
sues,target_25_290936,target,0.25,distance,1,1,1428,1068,907,0.6351540616246498,0.7689635854341736,0,71,66,0.18319327731092436
sues,target_25_290936,target,0.25,distance,20,20,1428,1068,1060,0.742296918767507,0.9581232492997198,0,2,2,0.21582633053221292
sues,target_25_290936,target,0.25,distance,50,50,1428,1068,1068,0.7478991596638656,0.9822549019607846,0,2,2,0.23435574229691902
sues,target_25_290936,target,0.25,distance,100,100,1428,1068,1068,0.7478991596638656,0.9898389355742299,0,2,2,0.2419397759103643
sues,target_25_290936,target,0.25,distance,200,162,1428,1068,1068,0.7478991596638656,0.9900000000000002,0,2,2,0.24210084033613466
sues,target_25_290936,target,0.25,aps_raw,1,1,1428,1068,907,0.6351540616246498,0.836358543417367,0,0,0,0.20120448179271716
sues,target_25_290936,target,0.25,aps_raw,20,20,1428,1068,1060,0.742296918767507,0.989656862745098,0,0,0,0.24735994397759098
sues,target_25_290936,target,0.25,aps_raw,50,50,1428,1068,1068,0.7478991596638656,0.9900000000000002,0,0,0,0.24210084033613466
sues,target_25_290936,target,0.25,aps_raw,100,100,1428,1068,1068,0.7478991596638656,0.9900000000000002,0,0,0,0.24210084033613466
sues,target_25_290936,target,0.25,aps_raw,200,162,1428,1068,1068,0.7478991596638656,0.9900000000000002,0,0,0,0.24210084033613466
sues,target_50_290936,target,0.5,distance,1,1,1428,708,621,0.43487394957983194,0.7971988795518208,0,111,110,0.369453781512605
sues,target_50_290936,target,0.5,distance,20,20,1428,708,704,0.49299719887955185,0.9662464985994398,0,11,11,0.47324929971988805
sues,target_50_290936,target,0.5,distance,50,50,1428,708,708,0.4957983193277311,0.9861834733893559,0,11,11,0.49038515406162475
sues,target_50_290936,target,0.5,distance,100,100,1428,708,708,0.4957983193277311,0.9900000000000002,0,11,11,0.4942016806722691
sues,target_50_290936,target,0.5,distance,200,124,1428,708,708,0.4957983193277311,0.9900000000000002,0,11,11,0.4942016806722691
sues,target_50_290936,target,0.5,aps_raw,1,1,1428,708,621,0.43487394957983194,0.8266246498599439,0,0,0,0.3917507002801121
sues,target_50_290936,target,0.5,aps_raw,20,20,1428,708,704,0.49299719887955185,0.9894327731092439,0,0,0,0.4964355742296921
sues,target_50_290936,target,0.5,aps_raw,50,50,1428,708,708,0.4957983193277311,0.9900000000000002,0,0,0,0.4942016806722691
sues,target_50_290936,target,0.5,aps_raw,100,100,1428,708,708,0.4957983193277311,0.9900000000000002,0,0,0,0.4942016806722691
sues,target_50_290936,target,0.5,aps_raw,200,124,1428,708,708,0.4957983193277311,0.9900000000000002,0,0,0,0.4942016806722691
sues,control_25_290936,control,0.25,distance,1,1,1428,1428,1224,0.8571428571428571,0.7534453781512606,0,32,24,0.11183473389355751
sues,control_25_290936,control,0.25,distance,20,20,1428,1428,1407,0.9852941176470589,0.9575700280112044,0,0,0,0.027724089635854248
sues,control_25_290936,control,0.25,distance,50,50,1428,1428,1426,0.9985994397759104,0.9820028011204484,0,0,0,0.016596638655462015
sues,control_25_290936,control,0.25,distance,100,100,1428,1428,1428,1.0,0.9898039215686275,0,0,0,0.01019607843137249
sues,control_25_290936,control,0.25,distance,200,162,1428,1428,1428,1.0,0.9900000000000002,0,0,0,0.009999999999999787
sues,control_25_290936,control,0.25,aps_raw,1,1,1428,1428,1224,0.8571428571428571,0.842717086834734,0,0,0,0.01572829131652647
sues,control_25_290936,control,0.25,aps_raw,20,20,1428,1428,1407,0.9852941176470589,0.989656862745098,0,0,0,0.004362745098039134
sues,control_25_290936,control,0.25,aps_raw,50,50,1428,1428,1426,0.9985994397759104,0.9900000000000002,0,0,0,0.008599439775910156
sues,control_25_290936,control,0.25,aps_raw,100,100,1428,1428,1428,1.0,0.9900000000000002,0,0,0,0.009999999999999787
sues,control_25_290936,control,0.25,aps_raw,200,162,1428,1428,1428,1.0,0.9900000000000002,0,0,0,0.009999999999999787
sues,target_25_290937,target,0.25,distance,1,1,1428,1068,891,0.6239495798319328,0.7638725490196078,0,73,68,0.20405462184873946
sues,target_25_290937,target,0.25,distance,20,20,1428,1068,1058,0.7408963585434174,0.9563795518207283,0,2,2,0.215483193277311
sues,target_25_290937,target,0.25,distance,50,50,1428,1068,1067,0.7471988795518207,0.9817436974789918,0,2,2,0.23454481792717108
sues,target_25_290937,target,0.25,distance,100,100,1428,1068,1068,0.7478991596638656,0.9898039215686275,0,2,2,0.24190476190476196
sues,target_25_290937,target,0.25,distance,200,162,1428,1068,1068,0.7478991596638656,0.9900000000000002,0,2,2,0.24210084033613466
sues,target_25_290937,target,0.25,aps_raw,1,1,1428,1068,891,0.6239495798319328,0.8367787114845937,0,0,0,0.2128291316526611
sues,target_25_290937,target,0.25,aps_raw,20,20,1428,1068,1058,0.7408963585434174,0.989656862745098,0,0,0,0.2487605042016806
sues,target_25_290937,target,0.25,aps_raw,50,50,1428,1068,1067,0.7471988795518207,0.9900000000000002,0,0,0,0.24280112044817947
sues,target_25_290937,target,0.25,aps_raw,100,100,1428,1068,1068,0.7478991596638656,0.9900000000000002,0,0,0,0.24210084033613466
sues,target_25_290937,target,0.25,aps_raw,200,162,1428,1068,1068,0.7478991596638656,0.9900000000000002,0,0,0,0.24210084033613466
sues,target_50_290937,target,0.5,distance,1,1,1428,708,586,0.4103641456582633,0.7956932773109243,0,103,100,0.4144467787114846
sues,target_50_290937,target,0.5,distance,20,20,1428,708,703,0.49229691876750703,0.9643907563025209,0,3,3,0.47209383753501416
sues,target_50_290937,target,0.5,distance,50,50,1428,708,708,0.4957983193277311,0.9858473389355744,0,3,3,0.4900490196078433
sues,target_50_290937,target,0.5,distance,100,100,1428,708,708,0.4957983193277311,0.9900000000000002,0,3,3,0.4942016806722691
sues,target_50_290937,target,0.5,distance,200,124,1428,708,708,0.4957983193277311,0.9900000000000002,0,3,3,0.4942016806722691
sues,target_50_290937,target,0.5,aps_raw,1,1,1428,708,586,0.4103641456582633,0.8258893557422968,0,0,0,0.41552521008403365
sues,target_50_290937,target,0.5,aps_raw,20,20,1428,708,703,0.49229691876750703,0.9894327731092437,0,0,0,0.4971358543417367
sues,target_50_290937,target,0.5,aps_raw,50,50,1428,708,708,0.4957983193277311,0.9900000000000002,0,0,0,0.4942016806722691
sues,target_50_290937,target,0.5,aps_raw,100,100,1428,708,708,0.4957983193277311,0.9900000000000002,0,0,0,0.4942016806722691
sues,target_50_290937,target,0.5,aps_raw,200,124,1428,708,708,0.4957983193277311,0.9900000000000002,0,0,0,0.4942016806722691
sues,control_25_290937,control,0.25,distance,1,1,1428,1428,1216,0.8515406162464986,0.7569327731092436,0,27,20,0.11105042016806722
sues,control_25_290937,control,0.25,distance,20,20,1428,1428,1410,0.9873949579831933,0.9599789915966386,0,0,0,0.027415966386554615
sues,control_25_290937,control,0.25,distance,50,50,1428,1428,1426,0.9985994397759104,0.982514005602241,0,0,0,0.016085434173669366
sues,control_25_290937,control,0.25,distance,100,100,1428,1428,1428,1.0,0.9898039215686275,0,0,0,0.01019607843137249
sues,control_25_290937,control,0.25,distance,200,162,1428,1428,1428,1.0,0.9900000000000002,0,0,0,0.009999999999999787
sues,control_25_290937,control,0.25,aps_raw,1,1,1428,1428,1216,0.8515406162464986,0.8427731092436975,0,0,0,0.020294117647058855
sues,control_25_290937,control,0.25,aps_raw,20,20,1428,1428,1410,0.9873949579831933,0.9896988795518209,0,0,0,0.002303921568627576
sues,control_25_290937,control,0.25,aps_raw,50,50,1428,1428,1426,0.9985994397759104,0.9900000000000002,0,0,0,0.008599439775910156
sues,control_25_290937,control,0.25,aps_raw,100,100,1428,1428,1428,1.0,0.9900000000000002,0,0,0,0.009999999999999787
sues,control_25_290937,control,0.25,aps_raw,200,162,1428,1428,1428,1.0,0.9900000000000002,0,0,0,0.009999999999999787
sues,target_25_290938,target,0.25,distance,1,1,1428,1068,916,0.6414565826330533,0.7606862745098039,0,88,83,0.2231512605042017
sues,target_25_290938,target,0.25,distance,20,20,1428,1068,1055,0.738795518207283,0.9561484593837534,0,13,13,0.2190756302521009
sues,target_25_290938,target,0.25,distance,50,50,1428,1068,1066,0.7464985994397759,0.9810574229691879,0,13,13,0.23455882352941193
sues,target_25_290938,target,0.25,distance,100,100,1428,1068,1068,0.7478991596638656,0.989670868347339,0,13,13,0.24177170868347342
sues,target_25_290938,target,0.25,distance,200,162,1428,1068,1068,0.7478991596638656,0.9900000000000002,0,13,13,0.24210084033613466
sues,target_25_290938,target,0.25,aps_raw,1,1,1428,1068,916,0.6414565826330533,0.8364915966386555,0,0,0,0.19503501400560236
sues,target_25_290938,target,0.25,aps_raw,20,20,1428,1068,1055,0.738795518207283,0.9896218487394959,0,0,0,0.2508263305322129
sues,target_25_290938,target,0.25,aps_raw,50,50,1428,1068,1066,0.7464985994397759,0.9900000000000002,0,0,0,0.2435014005602243
sues,target_25_290938,target,0.25,aps_raw,100,100,1428,1068,1068,0.7478991596638656,0.9900000000000002,0,0,0,0.24210084033613466
sues,target_25_290938,target,0.25,aps_raw,200,162,1428,1068,1068,0.7478991596638656,0.9900000000000002,0,0,0,0.24210084033613466
sues,target_50_290938,target,0.5,distance,1,1,1428,708,599,0.41946778711484595,0.7931442577030813,0,100,97,0.39329831932773107
sues,target_50_290938,target,0.5,distance,20,20,1428,708,698,0.4887955182072829,0.9662394957983192,0,14,14,0.47822829131652655
sues,target_50_290938,target,0.5,distance,50,50,1428,708,708,0.4957983193277311,0.9860014005602242,0,14,14,0.4902030812324931
sues,target_50_290938,target,0.5,distance,100,100,1428,708,708,0.4957983193277311,0.9900000000000002,0,14,14,0.4942016806722691
sues,target_50_290938,target,0.5,distance,200,124,1428,708,708,0.4957983193277311,0.9900000000000002,0,14,14,0.4942016806722691
sues,target_50_290938,target,0.5,aps_raw,1,1,1428,708,599,0.41946778711484595,0.8265686274509805,0,0,0,0.4071008403361345
sues,target_50_290938,target,0.5,aps_raw,20,20,1428,708,698,0.4887955182072829,0.9895238095238095,0,0,0,0.5007282913165265
sues,target_50_290938,target,0.5,aps_raw,50,50,1428,708,708,0.4957983193277311,0.9900000000000002,0,0,0,0.4942016806722691
sues,target_50_290938,target,0.5,aps_raw,100,100,1428,708,708,0.4957983193277311,0.9900000000000002,0,0,0,0.4942016806722691
sues,target_50_290938,target,0.5,aps_raw,200,124,1428,708,708,0.4957983193277311,0.9900000000000002,0,0,0,0.4942016806722691
sues,control_25_290938,control,0.25,distance,1,1,1428,1428,1229,0.8606442577030813,0.7608683473389356,0,27,19,0.10619047619047617
sues,control_25_290938,control,0.25,distance,20,20,1428,1428,1409,0.9866946778711485,0.9601400560224089,0,0,0,0.02655462184873949
sues,control_25_290938,control,0.25,distance,50,50,1428,1428,1426,0.9985994397759104,0.9825980392156864,0,0,0,0.016001400560223922
sues,control_25_290938,control,0.25,distance,100,100,1428,1428,1428,1.0,0.9898249299719888,0,0,0,0.010175070028011213
sues,control_25_290938,control,0.25,distance,200,162,1428,1428,1428,1.0,0.9900000000000002,0,0,0,0.009999999999999787
sues,control_25_290938,control,0.25,aps_raw,1,1,1428,1428,1229,0.8606442577030813,0.8421428571428573,0,0,0,0.018501400560224136
sues,control_25_290938,control,0.25,aps_raw,20,20,1428,1428,1409,0.9866946778711485,0.9896708683473391,0,0,0,0.0029761904761905766
sues,control_25_290938,control,0.25,aps_raw,50,50,1428,1428,1426,0.9985994397759104,0.9900000000000002,0,0,0,0.008599439775910156
sues,control_25_290938,control,0.25,aps_raw,100,100,1428,1428,1428,1.0,0.9900000000000002,0,0,0,0.009999999999999787
sues,control_25_290938,control,0.25,aps_raw,200,162,1428,1428,1428,1.0,0.9900000000000002,0,0,0,0.009999999999999787
sues,target_25_290939,target,0.25,distance,1,1,1428,1068,924,0.6470588235294118,0.7742226890756302,0,58,53,0.1854691876750701
sues,target_25_290939,target,0.25,distance,20,20,1428,1068,1056,0.7394957983193278,0.9586204481792716,0,0,0,0.22257002801120432
sues,target_25_290939,target,0.25,distance,50,50,1428,1068,1068,0.7478991596638656,0.9822969187675071,0,0,0,0.23439775910364158
sues,target_25_290939,target,0.25,distance,100,100,1428,1068,1068,0.7478991596638656,0.9898109243697479,0,0,0,0.24191176470588238
sues,target_25_290939,target,0.25,distance,200,162,1428,1068,1068,0.7478991596638656,0.9900000000000002,0,0,0,0.24210084033613466
sues,target_25_290939,target,0.25,aps_raw,1,1,1428,1068,924,0.6470588235294118,0.8370798319327732,0,0,0,0.1900210084033614
sues,target_25_290939,target,0.25,aps_raw,20,20,1428,1068,1056,0.7394957983193278,0.9896778711484595,0,0,0,0.25018207282913174
sues,target_25_290939,target,0.25,aps_raw,50,50,1428,1068,1068,0.7478991596638656,0.9900000000000002,0,0,0,0.24210084033613466
sues,target_25_290939,target,0.25,aps_raw,100,100,1428,1068,1068,0.7478991596638656,0.9900000000000002,0,0,0,0.24210084033613466
sues,target_25_290939,target,0.25,aps_raw,200,162,1428,1068,1068,0.7478991596638656,0.9900000000000002,0,0,0,0.24210084033613466
sues,target_50_290939,target,0.5,distance,1,1,1428,708,619,0.4334733893557423,0.804705882352941,0,109,107,0.39941176470588236
sues,target_50_290939,target,0.5,distance,20,20,1428,708,700,0.49019607843137253,0.9671148459383754,0,9,9,0.4769187675070029
sues,target_50_290939,target,0.5,distance,50,50,1428,708,708,0.4957983193277311,0.9859663865546219,0,9,9,0.49016806722689077
sues,target_50_290939,target,0.5,distance,100,100,1428,708,708,0.4957983193277311,0.9900000000000002,0,9,9,0.4942016806722691
sues,target_50_290939,target,0.5,distance,200,124,1428,708,708,0.4957983193277311,0.9900000000000002,0,9,9,0.4942016806722691
sues,target_50_290939,target,0.5,aps_raw,1,1,1428,708,619,0.4334733893557423,0.8252240896358544,0,0,0,0.39175070028011216
sues,target_50_290939,target,0.5,aps_raw,20,20,1428,708,700,0.49019607843137253,0.9894397759103642,0,0,0,0.4992436974789917
sues,target_50_290939,target,0.5,aps_raw,50,50,1428,708,708,0.4957983193277311,0.9900000000000002,0,0,0,0.4942016806722691
sues,target_50_290939,target,0.5,aps_raw,100,100,1428,708,708,0.4957983193277311,0.9900000000000002,0,0,0,0.4942016806722691
sues,target_50_290939,target,0.5,aps_raw,200,124,1428,708,708,0.4957983193277311,0.9900000000000002,0,0,0,0.4942016806722691
sues,control_25_290939,control,0.25,distance,1,1,1428,1428,1226,0.8585434173669467,0.7602240896358543,0,29,21,0.10749299719887956
sues,control_25_290939,control,0.25,distance,20,20,1428,1428,1410,0.9873949579831933,0.9606722689075631,0,0,0,0.026722689075630152
sues,control_25_290939,control,0.25,distance,50,50,1428,1428,1426,0.9985994397759104,0.9827661064425772,0,0,0,0.015833333333333144
sues,control_25_290939,control,0.25,distance,100,100,1428,1428,1428,1.0,0.9898529411764707,0,0,0,0.010147058823529287
sues,control_25_290939,control,0.25,distance,200,162,1428,1428,1428,1.0,0.9900000000000002,0,0,0,0.009999999999999787
sues,control_25_290939,control,0.25,aps_raw,1,1,1428,1428,1226,0.8585434173669467,0.8423179271708685,0,0,0,0.01723389355742304
sues,control_25_290939,control,0.25,aps_raw,20,20,1428,1428,1410,0.9873949579831933,0.9896638655462187,0,0,0,0.0022689075630253353
sues,control_25_290939,control,0.25,aps_raw,50,50,1428,1428,1426,0.9985994397759104,0.9900000000000002,0,0,0,0.008599439775910156
sues,control_25_290939,control,0.25,aps_raw,100,100,1428,1428,1428,1.0,0.9900000000000002,0,0,0,0.009999999999999787
sues,control_25_290939,control,0.25,aps_raw,200,162,1428,1428,1428,1.0,0.9900000000000002,0,0,0,0.009999999999999787
sues,target_25_290940,target,0.25,distance,1,1,1428,1068,930,0.6512605042016807,0.7656302521008405,0,54,50,0.19095238095238098
sues,target_25_290940,target,0.25,distance,20,20,1428,1068,1054,0.7380952380952381,0.9554341736694679,0,0,0,0.21733893557422967
sues,target_25_290940,target,0.25,distance,50,50,1428,1068,1066,0.7464985994397759,0.9809243697478993,0,0,0,0.2344257703081234
sues,target_25_290940,target,0.25,distance,100,100,1428,1068,1068,0.7478991596638656,0.989733893557423,0,0,0,0.24183473389355747
sues,target_25_290940,target,0.25,distance,200,162,1428,1068,1068,0.7478991596638656,0.9900000000000002,0,0,0,0.24210084033613466
sues,target_25_290940,target,0.25,aps_raw,1,1,1428,1068,930,0.6512605042016807,0.8372619047619047,0,0,0,0.1860014005602241
sues,target_25_290940,target,0.25,aps_raw,20,20,1428,1068,1054,0.7380952380952381,0.9896358543417367,0,0,0,0.2515406162464986
sues,target_25_290940,target,0.25,aps_raw,50,50,1428,1068,1066,0.7464985994397759,0.9900000000000002,0,0,0,0.2435014005602243
sues,target_25_290940,target,0.25,aps_raw,100,100,1428,1068,1068,0.7478991596638656,0.9900000000000002,0,0,0,0.24210084033613466
sues,target_25_290940,target,0.25,aps_raw,200,162,1428,1068,1068,0.7478991596638656,0.9900000000000002,0,0,0,0.24210084033613466
sues,target_50_290940,target,0.5,distance,1,1,1428,708,626,0.438375350140056,0.8051330532212885,0,89,88,0.39325630252100835
sues,target_50_290940,target,0.5,distance,20,20,1428,708,702,0.49159663865546216,0.9655812324929973,0,9,9,0.473984593837535
sues,target_50_290940,target,0.5,distance,50,50,1428,708,708,0.4957983193277311,0.9857212885154063,0,9,9,0.4899229691876752
sues,target_50_290940,target,0.5,distance,100,100,1428,708,708,0.4957983193277311,0.9900000000000002,0,9,9,0.4942016806722691
sues,target_50_290940,target,0.5,distance,200,124,1428,708,708,0.4957983193277311,0.9900000000000002,0,9,9,0.4942016806722691
sues,target_50_290940,target,0.5,aps_raw,1,1,1428,708,626,0.438375350140056,0.8258333333333333,0,0,0,0.38745798319327734
sues,target_50_290940,target,0.5,aps_raw,20,20,1428,708,702,0.49159663865546216,0.9895518207282914,0,0,0,0.49795518207282924
sues,target_50_290940,target,0.5,aps_raw,50,50,1428,708,708,0.4957983193277311,0.9900000000000002,0,0,0,0.4942016806722691
sues,target_50_290940,target,0.5,aps_raw,100,100,1428,708,708,0.4957983193277311,0.9900000000000002,0,0,0,0.4942016806722691
sues,target_50_290940,target,0.5,aps_raw,200,124,1428,708,708,0.4957983193277311,0.9900000000000002,0,0,0,0.4942016806722691
sues,control_25_290940,control,0.25,distance,1,1,1428,1428,1225,0.8578431372549019,0.7581022408963585,0,26,19,0.10504901960784314
sues,control_25_290940,control,0.25,distance,20,20,1428,1428,1407,0.9852941176470589,0.9578361344537815,0,0,0,0.02745798319327725
sues,control_25_290940,control,0.25,distance,50,50,1428,1428,1426,0.9985994397759104,0.9819607843137257,0,0,0,0.01663865546218468
sues,control_25_290940,control,0.25,distance,100,100,1428,1428,1428,1.0,0.9897829131652661,0,0,0,0.01021708683473388
sues,control_25_290940,control,0.25,distance,200,162,1428,1428,1428,1.0,0.9900000000000002,0,0,0,0.009999999999999787
sues,control_25_290940,control,0.25,aps_raw,1,1,1428,1428,1225,0.8578431372549019,0.8424719887955183,0,0,0,0.015371148459383803
sues,control_25_290940,control,0.25,aps_raw,20,20,1428,1428,1407,0.9852941176470589,0.989656862745098,0,0,0,0.004362745098039134
sues,control_25_290940,control,0.25,aps_raw,50,50,1428,1428,1426,0.9985994397759104,0.9900000000000002,0,0,0,0.008599439775910156
sues,control_25_290940,control,0.25,aps_raw,100,100,1428,1428,1428,1.0,0.9900000000000002,0,0,0,0.009999999999999787
sues,control_25_290940,control,0.25,aps_raw,200,162,1428,1428,1428,1.0,0.9900000000000002,0,0,0,0.009999999999999787
sues,target_25_290941,target,0.25,distance,1,1,1428,1068,893,0.6253501400560224,0.7730322128851541,0,61,53,0.1848249299719888
sues,target_25_290941,target,0.25,distance,20,20,1428,1068,1051,0.7359943977591037,0.9582633053221288,0,0,0,0.2222689075630253
sues,target_25_290941,target,0.25,distance,50,50,1428,1068,1066,0.7464985994397759,0.9820868347338936,0,0,0,0.23558823529411765
sues,target_25_290941,target,0.25,distance,100,100,1428,1068,1068,0.7478991596638656,0.9897969187675071,0,0,0,0.24189775910364153
sues,target_25_290941,target,0.25,distance,200,162,1428,1068,1068,0.7478991596638656,0.9900000000000002,0,0,0,0.24210084033613466
sues,target_25_290941,target,0.25,aps_raw,1,1,1428,1068,893,0.6253501400560224,0.8354901960784313,0,0,0,0.21014005602240915
sues,target_25_290941,target,0.25,aps_raw,20,20,1428,1068,1051,0.7359943977591037,0.989670868347339,0,0,0,0.2536764705882353
sues,target_25_290941,target,0.25,aps_raw,50,50,1428,1068,1066,0.7464985994397759,0.9900000000000002,0,0,0,0.2435014005602243
sues,target_25_290941,target,0.25,aps_raw,100,100,1428,1068,1068,0.7478991596638656,0.9900000000000002,0,0,0,0.24210084033613466
sues,target_25_290941,target,0.25,aps_raw,200,162,1428,1068,1068,0.7478991596638656,0.9900000000000002,0,0,0,0.24210084033613466
sues,target_50_290941,target,0.5,distance,1,1,1428,708,611,0.42787114845938373,0.8006442577030813,0,88,82,0.3900980392156863
sues,target_50_290941,target,0.5,distance,20,20,1428,708,700,0.49019607843137253,0.9660574229691876,0,0,0,0.47586134453781515
sues,target_50_290941,target,0.5,distance,50,50,1428,708,708,0.4957983193277311,0.9860084033613445,0,0,0,0.49021008403361344
sues,target_50_290941,target,0.5,distance,100,100,1428,708,708,0.4957983193277311,0.9900000000000002,0,0,0,0.4942016806722691
sues,target_50_290941,target,0.5,distance,200,124,1428,708,708,0.4957983193277311,0.9900000000000002,0,0,0,0.4942016806722691
sues,target_50_290941,target,0.5,aps_raw,1,1,1428,708,611,0.42787114845938373,0.8268697478991597,0,0,0,0.39899859943977595
sues,target_50_290941,target,0.5,aps_raw,20,20,1428,708,700,0.49019607843137253,0.9895938375350143,0,0,0,0.49939775910364176
sues,target_50_290941,target,0.5,aps_raw,50,50,1428,708,708,0.4957983193277311,0.9900000000000002,0,0,0,0.4942016806722691
sues,target_50_290941,target,0.5,aps_raw,100,100,1428,708,708,0.4957983193277311,0.9900000000000002,0,0,0,0.4942016806722691
sues,target_50_290941,target,0.5,aps_raw,200,124,1428,708,708,0.4957983193277311,0.9900000000000002,0,0,0,0.4942016806722691
sues,control_25_290941,control,0.25,distance,1,1,1428,1428,1219,0.853641456582633,0.7560434173669468,0,27,19,0.11055322128851544
sues,control_25_290941,control,0.25,distance,20,20,1428,1428,1407,0.9852941176470589,0.9589565826330532,0,0,0,0.026337535014005632
sues,control_25_290941,control,0.25,distance,50,50,1428,1428,1426,0.9985994397759104,0.9822969187675071,0,0,0,0.016302521008403237
sues,control_25_290941,control,0.25,distance,100,100,1428,1428,1428,1.0,0.9898039215686275,0,0,0,0.01019607843137249
sues,control_25_290941,control,0.25,distance,200,162,1428,1428,1428,1.0,0.9900000000000002,0,0,0,0.009999999999999787
sues,control_25_290941,control,0.25,aps_raw,1,1,1428,1428,1219,0.853641456582633,0.8429061624649861,0,0,0,0.019166666666666624
sues,control_25_290941,control,0.25,aps_raw,20,20,1428,1428,1407,0.9852941176470589,0.9896848739495799,0,0,0,0.004390756302521059
sues,control_25_290941,control,0.25,aps_raw,50,50,1428,1428,1426,0.9985994397759104,0.9900000000000002,0,0,0,0.008599439775910156
sues,control_25_290941,control,0.25,aps_raw,100,100,1428,1428,1428,1.0,0.9900000000000002,0,0,0,0.009999999999999787
sues,control_25_290941,control,0.25,aps_raw,200,162,1428,1428,1428,1.0,0.9900000000000002,0,0,0,0.009999999999999787
sues,target_25_290942,target,0.25,distance,1,1,1428,1068,908,0.6358543417366946,0.7647899159663865,0,75,70,0.18298319327731088
sues,target_25_290942,target,0.25,distance,20,20,1428,1068,1049,0.7345938375350141,0.9589005602240896,0,9,9,0.22430672268907556
sues,target_25_290942,target,0.25,distance,50,50,1428,1068,1067,0.7471988795518207,0.9825490196078434,0,9,9,0.23535014005602262
sues,target_25_290942,target,0.25,distance,100,100,1428,1068,1068,0.7478991596638656,0.9898319327731092,0,9,9,0.24193277310924366
sues,target_25_290942,target,0.25,distance,200,162,1428,1068,1068,0.7478991596638656,0.9900000000000002,0,9,9,0.24210084033613466
sues,target_25_290942,target,0.25,aps_raw,1,1,1428,1068,908,0.6358543417366946,0.8354481792717087,0,0,0,0.19959383753501408
sues,target_25_290942,target,0.25,aps_raw,20,20,1428,1068,1049,0.7345938375350141,0.989656862745098,0,0,0,0.25506302521008395
sues,target_25_290942,target,0.25,aps_raw,50,50,1428,1068,1067,0.7471988795518207,0.9900000000000002,0,0,0,0.24280112044817947
sues,target_25_290942,target,0.25,aps_raw,100,100,1428,1068,1068,0.7478991596638656,0.9900000000000002,0,0,0,0.24210084033613466
sues,target_25_290942,target,0.25,aps_raw,200,162,1428,1068,1068,0.7478991596638656,0.9900000000000002,0,0,0,0.24210084033613466
sues,target_50_290942,target,0.5,distance,1,1,1428,708,630,0.4411764705882353,0.799922969187675,0,92,89,0.370063025210084
sues,target_50_290942,target,0.5,distance,20,20,1428,708,705,0.49369747899159666,0.9664005602240896,0,11,11,0.47270308123249294
sues,target_50_290942,target,0.5,distance,50,50,1428,708,708,0.4957983193277311,0.9860504201680673,0,11,11,0.4902521008403362
sues,target_50_290942,target,0.5,distance,100,100,1428,708,708,0.4957983193277311,0.9900000000000002,0,11,11,0.4942016806722691
sues,target_50_290942,target,0.5,distance,200,124,1428,708,708,0.4957983193277311,0.9900000000000002,0,11,11,0.4942016806722691
sues,target_50_290942,target,0.5,aps_raw,1,1,1428,708,630,0.4411764705882353,0.8262535014005603,0,0,0,0.38507703081232497
sues,target_50_290942,target,0.5,aps_raw,20,20,1428,708,705,0.49369747899159666,0.9893487394957985,0,0,0,0.49565126050420183
sues,target_50_290942,target,0.5,aps_raw,50,50,1428,708,708,0.4957983193277311,0.9900000000000002,0,0,0,0.4942016806722691
sues,target_50_290942,target,0.5,aps_raw,100,100,1428,708,708,0.4957983193277311,0.9900000000000002,0,0,0,0.4942016806722691
sues,target_50_290942,target,0.5,aps_raw,200,124,1428,708,708,0.4957983193277311,0.9900000000000002,0,0,0,0.4942016806722691
sues,control_25_290942,control,0.25,distance,1,1,1428,1428,1225,0.8578431372549019,0.7566596638655462,0,27,20,0.11237394957983195
sues,control_25_290942,control,0.25,distance,20,20,1428,1428,1408,0.9859943977591037,0.9594957983193277,0,0,0,0.026498599439775918
sues,control_25_290942,control,0.25,distance,50,50,1428,1428,1426,0.9985994397759104,0.982373949579832,0,0,0,0.01622549019607833
sues,control_25_290942,control,0.25,distance,100,100,1428,1428,1428,1.0,0.9898249299719888,0,0,0,0.010175070028011213
sues,control_25_290942,control,0.25,distance,200,162,1428,1428,1428,1.0,0.9900000000000002,0,0,0,0.009999999999999787
sues,control_25_290942,control,0.25,aps_raw,1,1,1428,1428,1225,0.8578431372549019,0.8426470588235294,0,0,0,0.01652661064425773
sues,control_25_290942,control,0.25,aps_raw,20,20,1428,1428,1408,0.9859943977591037,0.9896848739495799,0,0,0,0.003690476190476244
sues,control_25_290942,control,0.25,aps_raw,50,50,1428,1428,1426,0.9985994397759104,0.9900000000000002,0,0,0,0.008599439775910156
sues,control_25_290942,control,0.25,aps_raw,100,100,1428,1428,1428,1.0,0.9900000000000002,0,0,0,0.009999999999999787
sues,control_25_290942,control,0.25,aps_raw,200,162,1428,1428,1428,1.0,0.9900000000000002,0,0,0,0.009999999999999787
sues,target_25_290943,target,0.25,distance,1,1,1428,1068,909,0.6365546218487395,0.7638025210084034,0,63,56,0.19906862745098036
sues,target_25_290943,target,0.25,distance,20,20,1428,1068,1047,0.7331932773109243,0.9580042016806725,0,2,2,0.22481092436974784
sues,target_25_290943,target,0.25,distance,50,50,1428,1068,1065,0.7457983193277311,0.981981792717087,0,2,2,0.23618347338935586
sues,target_25_290943,target,0.25,distance,100,100,1428,1068,1068,0.7478991596638656,0.9898249299719888,0,2,2,0.24192577030812323
sues,target_25_290943,target,0.25,distance,200,162,1428,1068,1068,0.7478991596638656,0.9900000000000002,0,2,2,0.24210084033613466
sues,target_25_290943,target,0.25,aps_raw,1,1,1428,1068,909,0.6365546218487395,0.8361484593837535,0,0,0,0.19959383753501408
sues,target_25_290943,target,0.25,aps_raw,20,20,1428,1068,1047,0.7331932773109243,0.989656862745098,0,0,0,0.2564635854341737
sues,target_25_290943,target,0.25,aps_raw,50,50,1428,1068,1065,0.7457983193277311,0.9900000000000002,0,0,0,0.2442016806722691
sues,target_25_290943,target,0.25,aps_raw,100,100,1428,1068,1068,0.7478991596638656,0.9900000000000002,0,0,0,0.24210084033613466
sues,target_25_290943,target,0.25,aps_raw,200,162,1428,1068,1068,0.7478991596638656,0.9900000000000002,0,0,0,0.24210084033613466
sues,target_50_290943,target,0.5,distance,1,1,1428,708,617,0.4320728291316527,0.7981162464985995,0,87,84,0.39995098039215693
sues,target_50_290943,target,0.5,distance,20,20,1428,708,703,0.49229691876750703,0.9672829131652663,0,2,2,0.47567226890756303
sues,target_50_290943,target,0.5,distance,50,50,1428,708,708,0.4957983193277311,0.9862114845938377,0,2,2,0.49041316526610657
sues,target_50_290943,target,0.5,distance,100,100,1428,708,708,0.4957983193277311,0.9900000000000002,0,2,2,0.4942016806722691
sues,target_50_290943,target,0.5,distance,200,124,1428,708,708,0.4957983193277311,0.9900000000000002,0,2,2,0.4942016806722691
sues,target_50_290943,target,0.5,aps_raw,1,1,1428,708,617,0.4320728291316527,0.8259593837535014,0,0,0,0.3938865546218487
sues,target_50_290943,target,0.5,aps_raw,20,20,1428,708,703,0.49229691876750703,0.9894747899159664,0,0,0,0.49717787114845935
sues,target_50_290943,target,0.5,aps_raw,50,50,1428,708,708,0.4957983193277311,0.9900000000000002,0,0,0,0.4942016806722691
sues,target_50_290943,target,0.5,aps_raw,100,100,1428,708,708,0.4957983193277311,0.9900000000000002,0,0,0,0.4942016806722691
sues,target_50_290943,target,0.5,aps_raw,200,124,1428,708,708,0.4957983193277311,0.9900000000000002,0,0,0,0.4942016806722691
sues,control_25_290943,control,0.25,distance,1,1,1428,1428,1224,0.8571428571428571,0.7581652661064426,0,26,19,0.10554621848739498
sues,control_25_290943,control,0.25,distance,20,20,1428,1428,1410,0.9873949579831933,0.9595798319327731,0,0,0,0.027815126050420202
sues,control_25_290943,control,0.25,distance,50,50,1428,1428,1426,0.9985994397759104,0.9823809523809525,0,0,0,0.016218487394957903
sues,control_25_290943,control,0.25,distance,100,100,1428,1428,1428,1.0,0.9898109243697479,0,0,0,0.010189075630252065
sues,control_25_290943,control,0.25,distance,200,162,1428,1428,1428,1.0,0.9900000000000002,0,0,0,0.009999999999999787
sues,control_25_290943,control,0.25,aps_raw,1,1,1428,1428,1224,0.8571428571428571,0.8424859943977591,0,0,0,0.01488095238095228
sues,control_25_290943,control,0.25,aps_raw,20,20,1428,1428,1410,0.9873949579831933,0.9896778711484595,0,0,0,0.002282913165266187
sues,control_25_290943,control,0.25,aps_raw,50,50,1428,1428,1426,0.9985994397759104,0.9900000000000002,0,0,0,0.008599439775910156
sues,control_25_290943,control,0.25,aps_raw,100,100,1428,1428,1428,1.0,0.9900000000000002,0,0,0,0.009999999999999787
sues,control_25_290943,control,0.25,aps_raw,200,162,1428,1428,1428,1.0,0.9900000000000002,0,0,0,0.009999999999999787
sues,target_25_290944,target,0.25,distance,1,1,1428,1068,907,0.6351540616246498,0.7794467787114846,0,61,54,0.182373949579832
sues,target_25_290944,target,0.25,distance,20,20,1428,1068,1046,0.7324929971988795,0.9583613445378151,0,0,0,0.2258683473389355
sues,target_25_290944,target,0.25,distance,50,50,1428,1068,1066,0.7464985994397759,0.9823599439775912,0,0,0,0.23586134453781527
sues,target_25_290944,target,0.25,distance,100,100,1428,1068,1068,0.7478991596638656,0.9898249299719888,0,0,0,0.24192577030812323
sues,target_25_290944,target,0.25,distance,200,162,1428,1068,1068,0.7478991596638656,0.9900000000000002,0,0,0,0.24210084033613466
sues,target_25_290944,target,0.25,aps_raw,1,1,1428,1068,907,0.6351540616246498,0.8357703081232493,0,0,0,0.2006162464985997
sues,target_25_290944,target,0.25,aps_raw,20,20,1428,1068,1046,0.7324929971988795,0.9896638655462187,0,0,0,0.25717086834733915
sues,target_25_290944,target,0.25,aps_raw,50,50,1428,1068,1066,0.7464985994397759,0.9900000000000002,0,0,0,0.2435014005602243
sues,target_25_290944,target,0.25,aps_raw,100,100,1428,1068,1068,0.7478991596638656,0.9900000000000002,0,0,0,0.24210084033613466
sues,target_25_290944,target,0.25,aps_raw,200,162,1428,1068,1068,0.7478991596638656,0.9900000000000002,0,0,0,0.24210084033613466
sues,target_50_290944,target,0.5,distance,1,1,1428,708,598,0.41876750700280113,0.8086134453781512,0,96,92,0.40007002801120445
sues,target_50_290944,target,0.5,distance,20,20,1428,708,690,0.4831932773109244,0.9650910364145658,0,2,2,0.48189775910364163
sues,target_50_290944,target,0.5,distance,50,50,1428,708,708,0.4957983193277311,0.985560224089636,0,2,2,0.48976190476190484
sues,target_50_290944,target,0.5,distance,100,100,1428,708,708,0.4957983193277311,0.9900000000000002,0,2,2,0.4942016806722691
sues,target_50_290944,target,0.5,distance,200,124,1428,708,708,0.4957983193277311,0.9900000000000002,0,2,2,0.4942016806722691
sues,target_50_290944,target,0.5,aps_raw,1,1,1428,708,598,0.41876750700280113,0.8248179271708683,0,0,0,0.4060504201680672
sues,target_50_290944,target,0.5,aps_raw,20,20,1428,708,690,0.4831932773109244,0.9894537815126051,0,0,0,0.5062605042016808
sues,target_50_290944,target,0.5,aps_raw,50,50,1428,708,708,0.4957983193277311,0.9900000000000002,0,0,0,0.4942016806722691
sues,target_50_290944,target,0.5,aps_raw,100,100,1428,708,708,0.4957983193277311,0.9900000000000002,0,0,0,0.4942016806722691
sues,target_50_290944,target,0.5,aps_raw,200,124,1428,708,708,0.4957983193277311,0.9900000000000002,0,0,0,0.4942016806722691
sues,control_25_290944,control,0.25,distance,1,1,1428,1428,1217,0.8522408963585434,0.7570098039215686,0,27,19,0.10922268907563022
sues,control_25_290944,control,0.25,distance,20,20,1428,1428,1410,0.9873949579831933,0.9598459383753501,0,0,0,0.02754901960784302
sues,control_25_290944,control,0.25,distance,50,50,1428,1428,1426,0.9985994397759104,0.9825770308123252,0,0,0,0.0160224089635852
sues,control_25_290944,control,0.25,distance,100,100,1428,1428,1428,1.0,0.9898319327731092,0,0,0,0.010168067226890787
sues,control_25_290944,control,0.25,distance,200,162,1428,1428,1428,1.0,0.9900000000000002,0,0,0,0.009999999999999787
sues,control_25_290944,control,0.25,aps_raw,1,1,1428,1428,1217,0.8522408963585434,0.842857142857143,0,0,0,0.01890756302520989
sues,control_25_290944,control,0.25,aps_raw,20,20,1428,1428,1410,0.9873949579831933,0.9896848739495799,0,0,0,0.002289915966386613
sues,control_25_290944,control,0.25,aps_raw,50,50,1428,1428,1426,0.9985994397759104,0.9900000000000002,0,0,0,0.008599439775910156
sues,control_25_290944,control,0.25,aps_raw,100,100,1428,1428,1428,1.0,0.9900000000000002,0,0,0,0.009999999999999787
sues,control_25_290944,control,0.25,aps_raw,200,162,1428,1428,1428,1.0,0.9900000000000002,0,0,0,0.009999999999999787
sues,target_25_290945,target,0.25,distance,1,1,1428,1068,878,0.6148459383753502,0.7652380952380953,0,55,50,0.202703081232493
sues,target_25_290945,target,0.25,distance,20,20,1428,1068,1048,0.7338935574229691,0.9578711484593838,0,0,0,0.2239775910364145
sues,target_25_290945,target,0.25,distance,50,50,1428,1068,1066,0.7464985994397759,0.9820518207282914,0,0,0,0.23555322128851552
sues,target_25_290945,target,0.25,distance,100,100,1428,1068,1068,0.7478991596638656,0.9898179271708684,0,0,0,0.2419187675070028
sues,target_25_290945,target,0.25,distance,200,162,1428,1068,1068,0.7478991596638656,0.9900000000000002,0,0,0,0.24210084033613466
sues,target_25_290945,target,0.25,aps_raw,1,1,1428,1068,878,0.6148459383753502,0.8358963585434173,0,0,0,0.22105042016806714
sues,target_25_290945,target,0.25,aps_raw,20,20,1428,1068,1048,0.7338935574229691,0.9896498599439778,0,0,0,0.25575630252100867
sues,target_25_290945,target,0.25,aps_raw,50,50,1428,1068,1066,0.7464985994397759,0.9900000000000002,0,0,0,0.2435014005602243
sues,target_25_290945,target,0.25,aps_raw,100,100,1428,1068,1068,0.7478991596638656,0.9900000000000002,0,0,0,0.24210084033613466
sues,target_25_290945,target,0.25,aps_raw,200,162,1428,1068,1068,0.7478991596638656,0.9900000000000002,0,0,0,0.24210084033613466
sues,target_50_290945,target,0.5,distance,1,1,1428,708,583,0.40826330532212884,0.7953571428571429,0,90,88,0.41174369747899164
sues,target_50_290945,target,0.5,distance,20,20,1428,708,698,0.4887955182072829,0.9665126050420169,0,9,9,0.4777170868347339
sues,target_50_290945,target,0.5,distance,50,50,1428,708,708,0.4957983193277311,0.9862394957983194,0,9,9,0.49044117647058827
sues,target_50_290945,target,0.5,distance,100,100,1428,708,708,0.4957983193277311,0.9900000000000002,0,9,9,0.4942016806722691
sues,target_50_290945,target,0.5,distance,200,124,1428,708,708,0.4957983193277311,0.9900000000000002,0,9,9,0.4942016806722691
sues,target_50_290945,target,0.5,aps_raw,1,1,1428,708,583,0.40826330532212884,0.8260014005602241,0,0,0,0.41773809523809524
sues,target_50_290945,target,0.5,aps_raw,20,20,1428,708,698,0.4887955182072829,0.9895308123249301,0,0,0,0.5007352941176473
sues,target_50_290945,target,0.5,aps_raw,50,50,1428,708,708,0.4957983193277311,0.9900000000000002,0,0,0,0.4942016806722691
sues,target_50_290945,target,0.5,aps_raw,100,100,1428,708,708,0.4957983193277311,0.9900000000000002,0,0,0,0.4942016806722691
sues,target_50_290945,target,0.5,aps_raw,200,124,1428,708,708,0.4957983193277311,0.9900000000000002,0,0,0,0.4942016806722691
sues,control_25_290945,control,0.25,distance,1,1,1428,1428,1214,0.8501400560224089,0.7492296918767506,0,33,24,0.11610644257703083
sues,control_25_290945,control,0.25,distance,20,20,1428,1428,1409,0.9866946778711485,0.9588165266106443,0,0,0,0.027878151260504202
sues,control_25_290945,control,0.25,distance,50,50,1428,1428,1426,0.9985994397759104,0.9823109243697481,0,0,0,0.016288515406162274
sues,control_25_290945,control,0.25,distance,100,100,1428,1428,1428,1.0,0.9898179271708684,0,0,0,0.010182072829131639
sues,control_25_290945,control,0.25,distance,200,162,1428,1428,1428,1.0,0.9900000000000002,0,0,0,0.009999999999999787
sues,control_25_290945,control,0.25,aps_raw,1,1,1428,1428,1214,0.8501400560224089,0.84327731092437,0,0,0,0.016050420168067313
sues,control_25_290945,control,0.25,aps_raw,20,20,1428,1428,1409,0.9866946778711485,0.9896848739495799,0,0,0,0.0029901960784314285
sues,control_25_290945,control,0.25,aps_raw,50,50,1428,1428,1426,0.9985994397759104,0.9900000000000002,0,0,0,0.008599439775910156
sues,control_25_290945,control,0.25,aps_raw,100,100,1428,1428,1428,1.0,0.9900000000000002,0,0,0,0.009999999999999787
sues,control_25_290945,control,0.25,aps_raw,200,162,1428,1428,1428,1.0,0.9900000000000002,0,0,0,0.009999999999999787
sues,target_25_290946,target,0.25,distance,1,1,1428,1068,907,0.6351540616246498,0.764327731092437,0,58,53,0.1844257703081233
sues,target_25_290946,target,0.25,distance,20,20,1428,1068,1054,0.7380952380952381,0.9564005602240896,0,0,0,0.21830532212885162
sues,target_25_290946,target,0.25,distance,50,50,1428,1068,1068,0.7478991596638656,0.9817507002801121,0,0,0,0.23385154061624658
sues,target_25_290946,target,0.25,distance,100,100,1428,1068,1068,0.7478991596638656,0.9897969187675071,0,0,0,0.24189775910364153
sues,target_25_290946,target,0.25,distance,200,162,1428,1068,1068,0.7478991596638656,0.9900000000000002,0,0,0,0.24210084033613466
sues,target_25_290946,target,0.25,aps_raw,1,1,1428,1068,907,0.6351540616246498,0.8370938375350139,0,0,0,0.20193977591036408
sues,target_25_290946,target,0.25,aps_raw,20,20,1428,1068,1054,0.7380952380952381,0.9896148459383755,0,0,0,0.2515196078431373
sues,target_25_290946,target,0.25,aps_raw,50,50,1428,1068,1068,0.7478991596638656,0.9900000000000002,0,0,0,0.24210084033613466
sues,target_25_290946,target,0.25,aps_raw,100,100,1428,1068,1068,0.7478991596638656,0.9900000000000002,0,0,0,0.24210084033613466
sues,target_25_290946,target,0.25,aps_raw,200,162,1428,1068,1068,0.7478991596638656,0.9900000000000002,0,0,0,0.24210084033613466
sues,target_50_290946,target,0.5,distance,1,1,1428,708,635,0.44467787114845936,0.8017016806722689,0,101,100,0.3623879551820728
sues,target_50_290946,target,0.5,distance,20,20,1428,708,708,0.4957983193277311,0.9668837535014005,0,12,12,0.4710854341736695
sues,target_50_290946,target,0.5,distance,50,50,1428,708,708,0.4957983193277311,0.9861694677871149,0,12,12,0.4903711484593838
sues,target_50_290946,target,0.5,distance,100,100,1428,708,708,0.4957983193277311,0.9900000000000002,0,12,12,0.4942016806722691
sues,target_50_290946,target,0.5,distance,200,124,1428,708,708,0.4957983193277311,0.9900000000000002,0,12,12,0.4942016806722691
sues,target_50_290946,target,0.5,aps_raw,1,1,1428,708,635,0.44467787114845936,0.8277100840336135,0,0,0,0.3830322128851541
sues,target_50_290946,target,0.5,aps_raw,20,20,1428,708,708,0.4957983193277311,0.9894887955182075,0,0,0,0.49369047619047635
sues,target_50_290946,target,0.5,aps_raw,50,50,1428,708,708,0.4957983193277311,0.9900000000000002,0,0,0,0.4942016806722691
sues,target_50_290946,target,0.5,aps_raw,100,100,1428,708,708,0.4957983193277311,0.9900000000000002,0,0,0,0.4942016806722691
sues,target_50_290946,target,0.5,aps_raw,200,124,1428,708,708,0.4957983193277311,0.9900000000000002,0,0,0,0.4942016806722691
sues,control_25_290946,control,0.25,distance,1,1,1428,1428,1222,0.8557422969187675,0.7586624649859943,0,26,20,0.1082002801120448
sues,control_25_290946,control,0.25,distance,20,20,1428,1428,1412,0.988795518207283,0.9606162464985994,0,0,0,0.028179271708683572
sues,control_25_290946,control,0.25,distance,50,50,1428,1428,1426,0.9985994397759104,0.9826120448179272,0,0,0,0.01598739495798318
sues,control_25_290946,control,0.25,distance,100,100,1428,1428,1428,1.0,0.9898249299719888,0,0,0,0.010175070028011213
sues,control_25_290946,control,0.25,distance,200,162,1428,1428,1428,1.0,0.9900000000000002,0,0,0,0.009999999999999787
sues,control_25_290946,control,0.25,aps_raw,1,1,1428,1428,1222,0.8557422969187675,0.8424929971988795,0,0,0,0.014579831932773069
sues,control_25_290946,control,0.25,aps_raw,20,20,1428,1428,1412,0.988795518207283,0.9896778711484595,0,0,0,0.0008823529411765563
sues,control_25_290946,control,0.25,aps_raw,50,50,1428,1428,1426,0.9985994397759104,0.9900000000000002,0,0,0,0.008599439775910156
sues,control_25_290946,control,0.25,aps_raw,100,100,1428,1428,1428,1.0,0.9900000000000002,0,0,0,0.009999999999999787
sues,control_25_290946,control,0.25,aps_raw,200,162,1428,1428,1428,1.0,0.9900000000000002,0,0,0,0.009999999999999787
sues,target_25_290947,target,0.25,distance,1,1,1428,1068,931,0.6519607843137255,0.7673459383753501,0,65,58,0.21936274509803927
sues,target_25_290947,target,0.25,distance,20,20,1428,1068,1058,0.7408963585434174,0.9568487394957984,0,0,0,0.2159523809523811
sues,target_25_290947,target,0.25,distance,50,50,1428,1068,1068,0.7478991596638656,0.9818347338935577,0,0,0,0.23393557422969213
sues,target_25_290947,target,0.25,distance,100,100,1428,1068,1068,0.7478991596638656,0.9897619047619048,0,0,0,0.2418627450980393
sues,target_25_290947,target,0.25,distance,200,162,1428,1068,1068,0.7478991596638656,0.9900000000000002,0,0,0,0.24210084033613466
sues,target_25_290947,target,0.25,aps_raw,1,1,1428,1068,931,0.6519607843137255,0.8363375350140055,0,0,0,0.1843767507002802
sues,target_25_290947,target,0.25,aps_raw,20,20,1428,1068,1058,0.7408963585434174,0.9896498599439778,0,0,0,0.2487535014005604
sues,target_25_290947,target,0.25,aps_raw,50,50,1428,1068,1068,0.7478991596638656,0.9900000000000002,0,0,0,0.24210084033613466
sues,target_25_290947,target,0.25,aps_raw,100,100,1428,1068,1068,0.7478991596638656,0.9900000000000002,0,0,0,0.24210084033613466
sues,target_25_290947,target,0.25,aps_raw,200,162,1428,1068,1068,0.7478991596638656,0.9900000000000002,0,0,0,0.24210084033613466
sues,target_50_290947,target,0.5,distance,1,1,1428,708,649,0.45448179271708683,0.8029901960784315,0,74,71,0.40077731092436986
sues,target_50_290947,target,0.5,distance,20,20,1428,708,708,0.4957983193277311,0.9666596638655461,0,0,0,0.4708613445378152
sues,target_50_290947,target,0.5,distance,50,50,1428,708,708,0.4957983193277311,0.9862745098039216,0,0,0,0.4904761904761905
sues,target_50_290947,target,0.5,distance,100,100,1428,708,708,0.4957983193277311,0.9900000000000002,0,0,0,0.4942016806722691
sues,target_50_290947,target,0.5,distance,200,124,1428,708,708,0.4957983193277311,0.9900000000000002,0,0,0,0.4942016806722691
sues,target_50_290947,target,0.5,aps_raw,1,1,1428,708,649,0.45448179271708683,0.8267717086834735,0,0,0,0.3722899159663866
sues,target_50_290947,target,0.5,aps_raw,20,20,1428,708,708,0.4957983193277311,0.9894537815126051,0,0,0,0.493655462184874
sues,target_50_290947,target,0.5,aps_raw,50,50,1428,708,708,0.4957983193277311,0.9900000000000002,0,0,0,0.4942016806722691
sues,target_50_290947,target,0.5,aps_raw,100,100,1428,708,708,0.4957983193277311,0.9900000000000002,0,0,0,0.4942016806722691
sues,target_50_290947,target,0.5,aps_raw,200,124,1428,708,708,0.4957983193277311,0.9900000000000002,0,0,0,0.4942016806722691
sues,control_25_290947,control,0.25,distance,1,1,1428,1428,1223,0.8564425770308123,0.7598809523809524,0,26,19,0.10742997198879554
sues,control_25_290947,control,0.25,distance,20,20,1428,1428,1410,0.9873949579831933,0.9608193277310926,0,0,0,0.026575630252100857
sues,control_25_290947,control,0.25,distance,50,50,1428,1428,1426,0.9985994397759104,0.9827801120448182,0,0,0,0.01581932773109218
sues,control_25_290947,control,0.25,distance,100,100,1428,1428,1428,1.0,0.9898529411764707,0,0,0,0.010147058823529287
sues,control_25_290947,control,0.25,distance,200,162,1428,1428,1428,1.0,0.9900000000000002,0,0,0,0.009999999999999787
sues,control_25_290947,control,0.25,aps_raw,1,1,1428,1428,1223,0.8564425770308123,0.842233893557423,0,0,0,0.02112745098039222
sues,control_25_290947,control,0.25,aps_raw,20,20,1428,1428,1410,0.9873949579831933,0.9896778711484595,0,0,0,0.002282913165266187
sues,control_25_290947,control,0.25,aps_raw,50,50,1428,1428,1426,0.9985994397759104,0.9900000000000002,0,0,0,0.008599439775910156
sues,control_25_290947,control,0.25,aps_raw,100,100,1428,1428,1428,1.0,0.9900000000000002,0,0,0,0.009999999999999787
sues,control_25_290947,control,0.25,aps_raw,200,162,1428,1428,1428,1.0,0.9900000000000002,0,0,0,0.009999999999999787
