encoder,frames_per_height,arm,fraction,scope,method,regime,feasible_masks,nonempty_masks,useful10_masks,mean_answered,mean_errors,mean_correct,mean_created_errors,mean_inherited_errors,mean_risk
sample4geo,3,target,0.25,pooled,current_su,budget10,20,20,20,142.0,1.1,140.9,0.95,0.15,0.007746478873239436
sample4geo,3,target,0.25,pooled,current_su,budget25,20,20,20,357.0,5.85,351.15,2.75,3.1,0.016386554621848744
sample4geo,3,target,0.25,pooled,current_su,budget50,20,20,20,714.0,43.1,670.9,21.5,21.6,0.0603641456582633
sample4geo,3,target,0.25,pooled,current_su,full_frozen,20,20,19,774.1,60.25,713.85,31.4,28.85,0.07782076447790345
sample4geo,3,target,0.25,pooled,current_su,matched,20,20,20,558.7,17.7,541.0,9.05,8.65,0.03052523567560884
sample4geo,3,target,0.25,pooled,current_su_guard,budget10,20,20,20,142.0,0.15,141.85,0.0,0.15,0.001056338028169014
sample4geo,3,target,0.25,pooled,current_su_guard,budget25,20,20,20,357.0,3.1,353.9,0.0,3.1,0.008683473389355743
sample4geo,3,target,0.25,pooled,current_su_guard,budget50,20,20,20,714.0,23.95,690.05,0.0,23.95,0.033543417366946784
sample4geo,3,target,0.25,pooled,current_su_guard,full_frozen,20,20,20,739.35,28.15,711.2,0.0,28.15,0.038079755856860395
sample4geo,3,target,0.25,pooled,current_su_guard,matched,20,20,20,605.9,12.55,593.35,0.0,12.55,0.020259012442918077
sample4geo,3,target,0.25,pooled,old_su,budget10,20,20,0,142.0,36.6,105.4,36.6,0.0,0.2577464788732394
sample4geo,3,target,0.25,pooled,old_su,budget25,20,20,0,357.0,93.8,263.2,91.8,2.0,0.26274509803921575
sample4geo,3,target,0.25,pooled,old_su,budget50,20,20,0,714.0,185.25,528.75,178.6,6.65,0.259453781512605
sample4geo,3,target,0.25,pooled,old_su,full_frozen,20,20,0,934.0,252.15,681.85,230.05,22.1,0.2699678800856531
sample4geo,3,target,0.25,pooled,old_su,matched,5,5,0,46.9,11.75,35.15,11.75,0.0,0.25441332628298896
sample4geo,3,target,0.25,pooled,old_su_guard,budget10,20,20,20,142.0,0.0,142.0,0.0,0.0,0.0
sample4geo,3,target,0.25,pooled,old_su_guard,budget25,20,20,20,357.0,3.0,354.0,0.0,3.0,0.008403361344537815
sample4geo,3,target,0.25,pooled,old_su_guard,budget50,20,20,20,714.0,21.8,692.2,0.0,21.8,0.030532212885154057
sample4geo,3,target,0.25,pooled,old_su_guard,full_frozen,20,20,20,697.45,19.5,677.95,0.0,19.5,0.028018954629619876
sample4geo,3,target,0.25,pooled,old_su_guard,matched,20,20,20,638.1,13.8,624.3,0.0,13.8,0.02158707309176429
sample4geo,3,target,0.25,pooled,current_margin,budget10,20,20,20,142.0,0.0,142.0,0.0,0.0,0.0
sample4geo,3,target,0.25,pooled,current_margin,budget25,20,20,20,357.0,2.7,354.3,2.0,0.7,0.007563025210084032
sample4geo,3,target,0.25,pooled,current_margin,budget50,20,20,18,714.0,50.7,663.3,29.95,20.75,0.07100840336134454
sample4geo,3,target,0.25,pooled,current_margin,full_frozen,20,20,0,1004.3,198.15,806.15,118.2,79.95,0.1972777002264246
sample4geo,3,target,0.25,pooled,current_margin,matched,20,20,15,719.7,54.0,665.7,33.1,20.9,0.07284697125464515
sample4geo,3,target,0.25,pooled,current_margin_guard,budget10,20,20,20,142.0,0.0,142.0,0.0,0.0,0.0
sample4geo,3,target,0.25,pooled,current_margin_guard,budget25,20,20,20,357.0,0.7,356.3,0.0,0.7,0.00196078431372549
sample4geo,3,target,0.25,pooled,current_margin_guard,budget50,20,20,20,714.0,24.35,689.65,0.0,24.35,0.03410364145658264
sample4geo,3,target,0.25,pooled,current_margin_guard,full_frozen,20,20,19,873.15,74.5,798.65,0.0,74.5,0.08527801908291444
sample4geo,3,target,0.25,pooled,current_margin_guard,matched,20,20,20,807.8,50.4,757.4,0.0,50.4,0.0619671909795408
sample4geo,3,target,0.25,pooled,old_margin_guard,budget10,20,20,20,142.0,0.0,142.0,0.0,0.0,0.0
sample4geo,3,target,0.25,pooled,old_margin_guard,budget25,20,20,20,357.0,0.0,357.0,0.0,0.0,0.0
sample4geo,3,target,0.25,pooled,old_margin_guard,budget50,20,20,20,714.0,17.6,696.4,0.0,17.6,0.02464985994397759
sample4geo,3,target,0.25,pooled,old_margin_guard,full_frozen,20,20,20,843.85,57.7,786.15,0.0,57.7,0.06838188218014174
sample4geo,3,target,0.25,pooled,old_margin_guard,matched,20,20,20,826.65,52.7,773.95,0.0,52.7,0.06358130553867838
sample4geo,3,target,0.25,pooled,sq8_margin_guard,budget10,20,20,20,142.0,0.0,142.0,0.0,0.0,0.0
sample4geo,3,target,0.25,pooled,sq8_margin_guard,budget25,20,20,20,357.0,0.0,357.0,0.0,0.0,0.0
sample4geo,3,target,0.25,pooled,sq8_margin_guard,budget50,20,20,20,714.0,18.35,695.65,0.0,18.35,0.02570028011204482
sample4geo,3,target,0.25,pooled,sq8_margin_guard,full_frozen,20,20,20,831.25,53.05,778.2,0.0,53.05,0.0638362803783001
sample4geo,3,target,0.25,pooled,sq8_margin_guard,matched,20,20,20,828.5,52.45,776.05,0.0,52.45,0.06309014191741402
sample4geo,3,target,0.25,150,current_su,budget10,20,20,20,35.0,0.0,35.0,0.0,0.0,0.0
sample4geo,3,target,0.25,150,current_su,budget25,20,20,20,89.0,2.9,86.1,1.4,1.5,0.03258426966292134
sample4geo,3,target,0.25,150,current_su,budget50,20,20,0,178.0,27.2,150.8,12.3,14.9,0.15280898876404495
sample4geo,3,target,0.25,150,current_su,full_frozen,20,20,20,87.75,2.45,85.3,1.25,1.2,0.02810004204208196
sample4geo,3,target,0.25,150,current_su,matched,19,19,19,51.45,0.7,50.75,0.6,0.1,0.012048069059847585
sample4geo,3,target,0.25,150,current_su_guard,budget10,20,20,20,35.0,0.0,35.0,0.0,0.0,0.0
sample4geo,3,target,0.25,150,current_su_guard,budget25,20,20,20,89.0,1.55,87.45,0.0,1.55,0.01741573033707865
sample4geo,3,target,0.25,150,current_su_guard,budget50,20,20,3,178.0,21.15,156.85,0.0,21.15,0.11882022471910111
sample4geo,3,target,0.25,150,current_su_guard,full_frozen,20,20,20,86.4,1.2,85.2,0.0,1.2,0.013892378089962496
sample4geo,3,target,0.25,150,current_su_guard,matched,19,19,19,53.75,0.15,53.6,0.0,0.15,0.0018970058765845662
sample4geo,3,target,0.25,150,old_su,budget10,20,20,1,35.0,8.8,26.2,8.8,0.0,0.2514285714285714
sample4geo,3,target,0.25,150,old_su,budget25,20,20,0,89.0,22.8,66.2,22.8,0.0,0.2561797752808989
sample4geo,3,target,0.25,150,old_su,budget50,20,20,0,178.0,49.4,128.6,44.05,5.35,0.2775280898876405
sample4geo,3,target,0.25,150,old_su,full_frozen,20,20,0,104.0,26.4,77.6,26.4,0.0,0.25384615384615383
sample4geo,3,target,0.25,150,old_su,matched,7,7,0,18.8,4.15,14.65,4.15,0.0,0.21847565851974174
sample4geo,3,target,0.25,150,old_su_guard,budget10,20,20,20,35.0,0.0,35.0,0.0,0.0,0.0
sample4geo,3,target,0.25,150,old_su_guard,budget25,20,20,20,89.0,1.7,87.3,0.0,1.7,0.019101123595505618
sample4geo,3,target,0.25,150,old_su_guard,budget50,20,20,2,178.0,21.0,157.0,0.0,21.0,0.11797752808988762
sample4geo,3,target,0.25,150,old_su_guard,full_frozen,20,20,20,77.6,0.0,77.6,0.0,0.0,0.0
sample4geo,3,target,0.25,150,old_su_guard,matched,20,20,20,59.75,0.2,59.55,0.0,0.2,0.0021627906976744186
sample4geo,3,target,0.25,150,current_margin,budget10,20,20,20,35.0,0.0,35.0,0.0,0.0,0.0
sample4geo,3,target,0.25,150,current_margin,budget25,20,20,19,89.0,4.55,84.45,2.3,2.25,0.05112359550561798
sample4geo,3,target,0.25,150,current_margin,budget50,20,20,0,178.0,37.25,140.75,16.05,21.2,0.20926966292134833
sample4geo,3,target,0.25,150,current_margin,full_frozen,20,20,5,143.95,17.75,126.2,8.95,8.8,0.12291427251599696
sample4geo,3,target,0.25,150,current_margin,matched,20,20,18,76.75,3.8,72.95,1.7,2.1,0.040308476057413924
sample4geo,3,target,0.25,150,current_margin_guard,budget10,20,20,20,35.0,0.0,35.0,0.0,0.0,0.0
sample4geo,3,target,0.25,150,current_margin_guard,budget25,20,20,20,89.0,2.3,86.7,0.0,2.3,0.025842696629213485
sample4geo,3,target,0.25,150,current_margin_guard,budget50,20,20,0,178.0,28.5,149.5,0.0,28.5,0.1601123595505618
sample4geo,3,target,0.25,150,current_margin_guard,full_frozen,20,20,20,134.2,8.6,125.6,0.0,8.6,0.06399556628358945
sample4geo,3,target,0.25,150,current_margin_guard,matched,20,20,20,85.75,2.95,82.8,0.0,2.95,0.029894567346995367
sample4geo,3,target,0.25,150,old_margin_guard,budget10,20,20,20,35.0,0.0,35.0,0.0,0.0,0.0
sample4geo,3,target,0.25,150,old_margin_guard,budget25,20,20,20,89.0,1.4,87.6,0.0,1.4,0.015730337078651686
sample4geo,3,target,0.25,150,old_margin_guard,budget50,20,20,0,178.0,26.2,151.8,0.0,26.2,0.14719101123595504
sample4geo,3,target,0.25,150,old_margin_guard,full_frozen,20,20,20,125.9,4.5,121.4,0.0,4.5,0.03580419123635235
sample4geo,3,target,0.25,150,old_margin_guard,matched,20,20,20,119.25,5.05,114.2,0.0,5.05,0.0419085929225866
sample4geo,3,target,0.25,150,sq8_margin_guard,budget10,20,20,20,35.0,0.0,35.0,0.0,0.0,0.0
sample4geo,3,target,0.25,150,sq8_margin_guard,budget25,20,20,20,89.0,1.55,87.45,0.0,1.55,0.017415730337078654
sample4geo,3,target,0.25,150,sq8_margin_guard,budget50,20,20,0,178.0,26.6,151.4,0.0,26.6,0.149438202247191
sample4geo,3,target,0.25,150,sq8_margin_guard,full_frozen,20,20,20,122.5,4.5,118.0,0.0,4.5,0.036753850292584156
sample4geo,3,target,0.25,150,sq8_margin_guard,matched,20,20,20,115.55,4.6,110.95,0.0,4.6,0.03877561956690797
sample4geo,3,target,0.25,200,current_su,budget10,20,20,20,35.0,0.0,35.0,0.0,0.0,0.0
sample4geo,3,target,0.25,200,current_su,budget25,20,20,20,89.0,0.7,88.3,0.65,0.05,0.007865168539325843
sample4geo,3,target,0.25,200,current_su,budget50,20,20,19,178.0,11.4,166.6,6.95,4.45,0.06404494382022471
sample4geo,3,target,0.25,200,current_su,full_frozen,20,20,20,151.65,5.7,145.95,3.3,2.4,0.03751764684406195
sample4geo,3,target,0.25,200,current_su,matched,20,20,20,123.1,2.75,120.35,1.9,0.85,0.021414406925411834
sample4geo,3,target,0.25,200,current_su_guard,budget10,20,20,20,35.0,0.0,35.0,0.0,0.0,0.0
sample4geo,3,target,0.25,200,current_su_guard,budget25,20,20,20,89.0,0.1,88.9,0.0,0.1,0.0011235955056179774
sample4geo,3,target,0.25,200,current_su_guard,budget50,20,20,20,178.0,6.4,171.6,0.0,6.4,0.03595505617977528
sample4geo,3,target,0.25,200,current_su_guard,full_frozen,20,20,20,148.35,2.4,145.95,0.0,2.4,0.01627890896548028
sample4geo,3,target,0.25,200,current_su_guard,matched,20,20,20,128.4,1.15,127.25,0.0,1.15,0.009006707947781096
sample4geo,3,target,0.25,200,old_su,budget10,20,20,1,35.0,9.1,25.9,9.1,0.0,0.26
sample4geo,3,target,0.25,200,old_su,budget25,20,20,0,89.0,22.9,66.1,22.9,0.0,0.2573033707865169
sample4geo,3,target,0.25,200,old_su,budget50,20,20,0,178.0,45.1,132.9,44.3,0.8,0.2533707865168539
sample4geo,3,target,0.25,200,old_su,full_frozen,20,20,0,180.0,45.4,134.6,44.6,0.8,0.25222222222222224
sample4geo,3,target,0.25,200,old_su,matched,4,4,0,16.95,3.45,13.5,3.45,0.0,0.20771475256769373
sample4geo,3,target,0.25,200,old_su_guard,budget10,20,20,20,35.0,0.0,35.0,0.0,0.0,0.0
sample4geo,3,target,0.25,200,old_su_guard,budget25,20,20,20,89.0,0.0,89.0,0.0,0.0,0.0
sample4geo,3,target,0.25,200,old_su_guard,budget50,20,20,20,178.0,5.95,172.05,0.0,5.95,0.033426966292134826
sample4geo,3,target,0.25,200,old_su_guard,full_frozen,20,20,20,135.05,0.65,134.4,0.0,0.65,0.004870010659004464
sample4geo,3,target,0.25,200,old_su_guard,matched,20,20,20,134.35,0.7,133.65,0.0,0.7,0.005231338664876644
sample4geo,3,target,0.25,200,current_margin,budget10,20,20,20,35.0,0.0,35.0,0.0,0.0,0.0
sample4geo,3,target,0.25,200,current_margin,budget25,20,20,20,89.0,0.95,88.05,0.85,0.1,0.010674157303370787
sample4geo,3,target,0.25,200,current_margin,budget50,20,20,13,178.0,15.35,162.65,8.45,6.9,0.08623595505617979
sample4geo,3,target,0.25,200,current_margin,full_frozen,20,20,1,228.15,36.1,192.05,19.4,16.7,0.15808721330833964
sample4geo,3,target,0.25,200,current_margin,matched,20,20,14,169.3,13.7,155.6,7.75,5.95,0.07539058353353086
sample4geo,3,target,0.25,200,current_margin_guard,budget10,20,20,20,35.0,0.0,35.0,0.0,0.0,0.0
sample4geo,3,target,0.25,200,current_margin_guard,budget25,20,20,20,89.0,0.15,88.85,0.0,0.15,0.0016853932584269663
sample4geo,3,target,0.25,200,current_margin_guard,budget50,20,20,20,178.0,8.2,169.8,0.0,8.2,0.046067415730337076
sample4geo,3,target,0.25,200,current_margin_guard,full_frozen,20,20,20,206.25,15.95,190.3,0.0,15.95,0.07736309337141101
sample4geo,3,target,0.25,200,current_margin_guard,matched,20,20,20,188.95,10.35,178.6,0.0,10.35,0.054103361995024704
sample4geo,3,target,0.25,200,old_margin_guard,budget10,20,20,20,35.0,0.0,35.0,0.0,0.0,0.0
sample4geo,3,target,0.25,200,old_margin_guard,budget25,20,20,20,89.0,0.0,89.0,0.0,0.0,0.0
sample4geo,3,target,0.25,200,old_margin_guard,budget50,20,20,20,178.0,7.1,170.9,0.0,7.1,0.0398876404494382
sample4geo,3,target,0.25,200,old_margin_guard,full_frozen,20,20,20,199.75,13.55,186.2,0.0,13.55,0.06790910450914582
sample4geo,3,target,0.25,200,old_margin_guard,matched,20,20,20,195.75,11.2,184.55,0.0,11.2,0.05656096401881879
sample4geo,3,target,0.25,200,sq8_margin_guard,budget10,20,20,20,35.0,0.0,35.0,0.0,0.0,0.0
sample4geo,3,target,0.25,200,sq8_margin_guard,budget25,20,20,20,89.0,0.0,89.0,0.0,0.0,0.0
sample4geo,3,target,0.25,200,sq8_margin_guard,budget50,20,20,20,178.0,7.15,170.85,0.0,7.15,0.040168539325842696
sample4geo,3,target,0.25,200,sq8_margin_guard,full_frozen,20,20,20,195.85,12.1,183.75,0.0,12.1,0.06183440677806791
sample4geo,3,target,0.25,200,sq8_margin_guard,matched,20,20,20,196.3,11.2,185.1,0.0,11.2,0.05653707626972894
sample4geo,3,target,0.25,250,current_su,budget10,20,20,20,35.0,0.3,34.7,0.3,0.0,0.008571428571428572
sample4geo,3,target,0.25,250,current_su,budget25,20,20,20,89.0,1.55,87.45,0.75,0.8,0.01741573033707865
sample4geo,3,target,0.25,250,current_su,budget50,20,20,20,178.0,7.55,170.45,3.25,4.3,0.04241573033707864
sample4geo,3,target,0.25,250,current_su,full_frozen,20,20,0,282.9,57.05,225.85,32.45,24.6,0.2014325161062176
sample4geo,3,target,0.25,250,current_su,matched,20,20,20,197.15,12.3,184.85,5.9,6.4,0.059967038907879924
sample4geo,3,target,0.25,250,current_su_guard,budget10,20,20,20,35.0,0.0,35.0,0.0,0.0,0.0
sample4geo,3,target,0.25,250,current_su_guard,budget25,20,20,20,89.0,0.8,88.2,0.0,0.8,0.00898876404494382
sample4geo,3,target,0.25,250,current_su_guard,budget50,20,20,20,178.0,4.4,173.6,0.0,4.4,0.02471910112359551
sample4geo,3,target,0.25,250,current_su_guard,full_frozen,20,20,14,246.7,23.35,223.35,0.0,23.35,0.09454745348167552
sample4geo,3,target,0.25,250,current_su_guard,matched,20,20,20,213.75,10.05,203.7,0.0,10.05,0.04644757101651771
sample4geo,3,target,0.25,250,old_su,budget10,20,20,0,35.0,8.95,26.05,8.95,0.0,0.2557142857142857
sample4geo,3,target,0.25,250,old_su,budget25,20,20,0,89.0,23.0,66.0,23.0,0.0,0.25842696629213485
sample4geo,3,target,0.25,250,old_su,budget50,20,20,0,178.0,45.1,132.9,44.1,1.0,0.25337078651685396
sample4geo,3,target,0.25,250,old_su,full_frozen,20,20,0,317.0,94.9,222.1,75.05,19.85,0.2993690851735016
sample4geo,3,target,0.25,250,old_su,matched,4,4,0,14.25,3.0,11.25,3.0,0.0,0.21417125329664027
sample4geo,3,target,0.25,250,old_su_guard,budget10,20,20,20,35.0,0.0,35.0,0.0,0.0,0.0
sample4geo,3,target,0.25,250,old_su_guard,budget25,20,20,20,89.0,1.0,88.0,0.0,1.0,0.011235955056179775
sample4geo,3,target,0.25,250,old_su_guard,budget50,20,20,20,178.0,3.9,174.1,0.0,3.9,0.02191011235955056
sample4geo,3,target,0.25,250,old_su_guard,full_frozen,20,20,20,237.9,17.95,219.95,0.0,17.95,0.07543415783777256
sample4geo,3,target,0.25,250,old_su_guard,matched,20,20,20,219.55,11.7,207.85,0.0,11.7,0.052230207072117715
sample4geo,3,target,0.25,250,current_margin,budget10,20,20,20,35.0,0.0,35.0,0.0,0.0,0.0
sample4geo,3,target,0.25,250,current_margin,budget25,20,20,20,89.0,0.55,88.45,0.5,0.05,0.006179775280898876
sample4geo,3,target,0.25,250,current_margin,budget50,20,20,20,178.0,6.0,172.0,4.05,1.95,0.03370786516853933
sample4geo,3,target,0.25,250,current_margin,full_frozen,20,20,0,326.85,96.05,230.8,61.5,34.55,0.29380658292692907
sample4geo,3,target,0.25,250,current_margin,matched,20,20,12,224.35,23.6,200.75,15.4,8.2,0.1014329960554647
sample4geo,3,target,0.25,250,current_margin_guard,budget10,20,20,20,35.0,0.0,35.0,0.0,0.0,0.0
sample4geo,3,target,0.25,250,current_margin_guard,budget25,20,20,20,89.0,0.05,88.95,0.0,0.05,0.0005617977528089887
sample4geo,3,target,0.25,250,current_margin_guard,budget50,20,20,20,178.0,2.45,175.55,0.0,2.45,0.013764044943820225
sample4geo,3,target,0.25,250,current_margin_guard,full_frozen,20,20,3,257.15,29.55,227.6,0.0,29.55,0.11484573143073395
sample4geo,3,target,0.25,250,current_margin_guard,matched,20,20,9,248.8,25.65,223.15,0.0,25.65,0.10229563244876774
sample4geo,3,target,0.25,250,old_margin_guard,budget10,20,20,20,35.0,0.0,35.0,0.0,0.0,0.0
sample4geo,3,target,0.25,250,old_margin_guard,budget25,20,20,20,89.0,0.0,89.0,0.0,0.0,0.0
sample4geo,3,target,0.25,250,old_margin_guard,budget50,20,20,20,178.0,0.95,177.05,0.0,0.95,0.0053370786516853935
sample4geo,3,target,0.25,250,old_margin_guard,full_frozen,20,20,5,254.1,27.35,226.75,0.0,27.35,0.10756994823948066
sample4geo,3,target,0.25,250,old_margin_guard,matched,20,20,6,251.9,26.05,225.85,0.0,26.05,0.10310941397245436
sample4geo,3,target,0.25,250,sq8_margin_guard,budget10,20,20,20,35.0,0.0,35.0,0.0,0.0,0.0
sample4geo,3,target,0.25,250,sq8_margin_guard,budget25,20,20,20,89.0,0.0,89.0,0.0,0.0,0.0
sample4geo,3,target,0.25,250,sq8_margin_guard,budget50,20,20,20,178.0,0.95,177.05,0.0,0.95,0.0053370786516853935
sample4geo,3,target,0.25,250,sq8_margin_guard,full_frozen,20,20,6,251.0,25.5,225.5,0.0,25.5,0.10148941046977582
sample4geo,3,target,0.25,250,sq8_margin_guard,matched,20,20,8,249.15,24.6,224.55,0.0,24.6,0.09849252864645086
sample4geo,3,target,0.25,300,current_su,budget10,20,20,20,35.0,0.0,35.0,0.0,0.0,0.0
sample4geo,3,target,0.25,300,current_su,budget25,20,20,20,89.0,2.4,86.6,0.55,1.85,0.02696629213483146
sample4geo,3,target,0.25,300,current_su,budget50,20,20,20,178.0,5.6,172.4,2.15,3.45,0.03146067415730337
sample4geo,3,target,0.25,300,current_su,full_frozen,20,20,0,267.35,36.35,231.0,21.7,14.65,0.1357810729960908
sample4geo,3,target,0.25,300,current_su,matched,20,20,20,208.4,11.9,196.5,5.8,6.1,0.05554792365609971
sample4geo,3,target,0.25,300,current_su_guard,budget10,20,20,20,35.0,0.0,35.0,0.0,0.0,0.0
sample4geo,3,target,0.25,300,current_su_guard,budget25,20,20,20,89.0,1.85,87.15,0.0,1.85,0.020786516853932586
sample4geo,3,target,0.25,300,current_su_guard,budget50,20,20,20,178.0,3.6,174.4,0.0,3.6,0.020224719101123594
sample4geo,3,target,0.25,300,current_su_guard,full_frozen,20,20,20,243.6,14.2,229.4,0.0,14.2,0.058274303329988245
sample4geo,3,target,0.25,300,current_su_guard,matched,20,20,20,229.3,10.3,219.0,0.0,10.3,0.0443191778221841
sample4geo,3,target,0.25,300,old_su,budget10,20,20,1,35.0,9.15,25.85,9.15,0.0,0.2614285714285714
sample4geo,3,target,0.25,300,old_su,budget25,20,20,0,89.0,22.9,66.1,22.9,0.0,0.2573033707865168
sample4geo,3,target,0.25,300,old_su,budget50,20,20,0,178.0,46.35,131.65,44.35,2.0,0.26039325842696626
sample4geo,3,target,0.25,300,old_su,full_frozen,20,20,0,317.0,90.35,226.65,77.1,13.25,0.2850157728706625
sample4geo,3,target,0.25,300,old_su,matched,4,4,0,14.3,3.25,11.05,3.15,0.1,0.2293421505356346
sample4geo,3,target,0.25,300,old_su_guard,budget10,20,20,20,35.0,0.0,35.0,0.0,0.0,0.0
sample4geo,3,target,0.25,300,old_su_guard,budget25,20,20,20,89.0,1.95,87.05,0.0,1.95,0.02191011235955056
sample4geo,3,target,0.25,300,old_su_guard,budget50,20,20,20,178.0,3.3,174.7,0.0,3.3,0.018539325842696623
sample4geo,3,target,0.25,300,old_su_guard,full_frozen,20,20,20,237.35,12.45,224.9,0.0,12.45,0.05241587836564014
sample4geo,3,target,0.25,300,old_su_guard,matched,20,20,20,231.65,10.7,220.95,0.0,10.7,0.04566404582983583
sample4geo,3,target,0.25,300,current_margin,budget10,20,20,20,35.0,0.0,35.0,0.0,0.0,0.0
sample4geo,3,target,0.25,300,current_margin,budget25,20,20,20,89.0,0.6,88.4,0.5,0.1,0.006741573033707865
sample4geo,3,target,0.25,300,current_margin,budget50,20,20,20,178.0,3.95,174.05,2.7,1.25,0.02219101123595505
sample4geo,3,target,0.25,300,current_margin,full_frozen,20,20,0,334.5,90.85,243.65,66.45,24.4,0.27152315160634255
sample4geo,3,target,0.25,300,current_margin,matched,20,20,14,234.15,20.0,214.15,15.7,4.3,0.08335159479266821
sample4geo,3,target,0.25,300,current_margin_guard,budget10,20,20,20,35.0,0.0,35.0,0.0,0.0,0.0
sample4geo,3,target,0.25,300,current_margin_guard,budget25,20,20,20,89.0,0.1,88.9,0.0,0.1,0.0011235955056179774
sample4geo,3,target,0.25,300,current_margin_guard,budget50,20,20,20,178.0,1.2,176.8,0.0,1.2,0.006741573033707865
sample4geo,3,target,0.25,300,current_margin_guard,full_frozen,20,20,20,262.75,22.3,240.45,0.0,22.3,0.08482879374466255
sample4geo,3,target,0.25,300,current_margin_guard,matched,20,20,20,250.3,15.3,235.0,0.0,15.3,0.06040483505344293
sample4geo,3,target,0.25,300,old_margin_guard,budget10,20,20,20,35.0,0.0,35.0,0.0,0.0,0.0
sample4geo,3,target,0.25,300,old_margin_guard,budget25,20,20,20,89.0,0.0,89.0,0.0,0.0,0.0
sample4geo,3,target,0.25,300,old_margin_guard,budget50,20,20,20,178.0,0.0,178.0,0.0,0.0,0.0
sample4geo,3,target,0.25,300,old_margin_guard,full_frozen,20,20,20,261.6,21.7,239.9,0.0,21.7,0.08290922913604037
sample4geo,3,target,0.25,300,old_margin_guard,matched,20,20,20,252.5,16.35,236.15,0.0,16.35,0.0642057449214272
sample4geo,3,target,0.25,300,sq8_margin_guard,budget10,20,20,20,35.0,0.0,35.0,0.0,0.0,0.0
sample4geo,3,target,0.25,300,sq8_margin_guard,budget25,20,20,20,89.0,0.0,89.0,0.0,0.0,0.0
sample4geo,3,target,0.25,300,sq8_margin_guard,budget50,20,20,20,178.0,0.0,178.0,0.0,0.0,0.0
sample4geo,3,target,0.25,300,sq8_margin_guard,full_frozen,20,20,20,257.7,18.95,238.75,0.0,18.95,0.0735149017305455
sample4geo,3,target,0.25,300,sq8_margin_guard,matched,20,20,20,251.55,15.45,236.1,0.0,15.45,0.060982538105057174
sample4geo,3,control,0.25,pooled,current_su,budget10,20,20,20,142.0,0.0,142.0,0.0,0.0,0.0
sample4geo,3,control,0.25,pooled,current_su,budget25,20,20,20,357.0,0.7,356.3,0.0,0.7,0.00196078431372549
sample4geo,3,control,0.25,pooled,current_su,budget50,20,20,20,714.0,3.9,710.1,0.0,3.9,0.0054621848739495795
sample4geo,3,control,0.25,pooled,current_su,full_frozen,20,20,20,1005.4,29.85,975.55,0.0,29.85,0.029690893856790957
sample4geo,3,control,0.25,pooled,current_su,matched,20,20,20,1117.8,59.2,1058.6,0.0,59.2,0.05225522701520559
sample4geo,3,control,0.25,pooled,current_su_guard,budget10,20,20,20,142.0,0.0,142.0,0.0,0.0,0.0
sample4geo,3,control,0.25,pooled,current_su_guard,budget25,20,20,20,357.0,0.7,356.3,0.0,0.7,0.00196078431372549
sample4geo,3,control,0.25,pooled,current_su_guard,budget50,20,20,20,714.0,3.95,710.05,0.0,3.95,0.005532212885154061
sample4geo,3,control,0.25,pooled,current_su_guard,full_frozen,20,20,20,1001.95,29.85,972.1,0.0,29.85,0.029788994913497756
sample4geo,3,control,0.25,pooled,current_su_guard,matched,20,20,20,1158.15,74.0,1084.15,0.0,74.0,0.06304947323863706
sample4geo,3,control,0.25,pooled,old_su,budget10,20,20,20,142.0,0.0,142.0,0.0,0.0,0.0
sample4geo,3,control,0.25,pooled,old_su,budget25,20,20,20,357.0,0.7,356.3,0.0,0.7,0.00196078431372549
sample4geo,3,control,0.25,pooled,old_su,budget50,20,20,20,714.0,4.4,709.6,0.0,4.4,0.006162464985994397
sample4geo,3,control,0.25,pooled,old_su,full_frozen,20,20,20,934.0,23.4,910.6,0.0,23.4,0.02505353319057816
sample4geo,3,control,0.25,pooled,old_su,matched,20,20,20,1143.6,71.1,1072.5,0.0,71.1,0.06135560557631457
sample4geo,3,control,0.25,pooled,old_su_guard,budget10,20,20,20,142.0,0.0,142.0,0.0,0.0,0.0
sample4geo,3,control,0.25,pooled,old_su_guard,budget25,20,20,20,357.0,0.7,356.3,0.0,0.7,0.00196078431372549
sample4geo,3,control,0.25,pooled,old_su_guard,budget50,20,20,20,714.0,4.4,709.6,0.0,4.4,0.006162464985994397
sample4geo,3,control,0.25,pooled,old_su_guard,full_frozen,20,20,20,931.4,23.4,908.0,0.0,23.4,0.025119384771246346
sample4geo,3,control,0.25,pooled,old_su_guard,matched,20,20,20,1194.25,87.05,1107.2,0.0,87.05,0.07232761197816216
sample4geo,3,control,0.25,pooled,current_margin,budget10,20,20,20,142.0,0.0,142.0,0.0,0.0,0.0
sample4geo,3,control,0.25,pooled,current_margin,budget25,20,20,20,357.0,0.0,357.0,0.0,0.0,0.0
sample4geo,3,control,0.25,pooled,current_margin,budget50,20,20,20,714.0,1.5,712.5,0.0,1.5,0.0021008403361344537
sample4geo,3,control,0.25,pooled,current_margin,full_frozen,20,20,20,1173.15,71.85,1101.3,0.0,71.85,0.06124019152651986
sample4geo,3,control,0.25,pooled,current_margin,matched,20,20,20,1171.6,73.2,1098.4,0.0,73.2,0.06206179864501665
sample4geo,3,control,0.25,pooled,current_margin_guard,budget10,20,20,20,142.0,0.0,142.0,0.0,0.0,0.0
sample4geo,3,control,0.25,pooled,current_margin_guard,budget25,20,20,20,357.0,0.0,357.0,0.0,0.0,0.0
sample4geo,3,control,0.25,pooled,current_margin_guard,budget50,20,20,20,714.0,1.6,712.4,0.0,1.6,0.002240896358543417
sample4geo,3,control,0.25,pooled,current_margin_guard,full_frozen,20,20,20,1155.85,66.05,1089.8,0.0,66.05,0.05714225477335788
sample4geo,3,control,0.25,pooled,current_margin_guard,matched,20,20,20,1206.0,86.3,1119.7,0.0,86.3,0.07132890805541785
sample4geo,3,control,0.25,pooled,old_margin_guard,budget10,20,20,20,142.0,0.0,142.0,0.0,0.0,0.0
sample4geo,3,control,0.25,pooled,old_margin_guard,budget25,20,20,20,357.0,0.0,357.0,0.0,0.0,0.0
sample4geo,3,control,0.25,pooled,old_margin_guard,budget50,20,20,20,714.0,3.0,711.0,0.0,3.0,0.004201680672268907
sample4geo,3,control,0.25,pooled,old_margin_guard,full_frozen,20,20,20,1113.5,56.5,1057.0,0.0,56.5,0.050732461826478746
sample4geo,3,control,0.25,pooled,old_margin_guard,matched,20,20,20,1211.85,93.3,1118.55,0.0,93.3,0.07680292080654391
sample4geo,3,control,0.25,pooled,sq8_margin_guard,budget10,20,20,20,142.0,0.0,142.0,0.0,0.0,0.0
sample4geo,3,control,0.25,pooled,sq8_margin_guard,budget25,20,20,20,357.0,0.0,357.0,0.0,0.0,0.0
sample4geo,3,control,0.25,pooled,sq8_margin_guard,budget50,20,20,20,714.0,3.95,710.05,0.0,3.95,0.005532212885154061
sample4geo,3,control,0.25,pooled,sq8_margin_guard,full_frozen,20,20,20,1090.7,51.55,1039.15,0.0,51.55,0.04724867532149612
sample4geo,3,control,0.25,pooled,sq8_margin_guard,matched,20,20,17,1215.4,98.65,1116.75,0.0,98.65,0.08071985124389644
sample4geo,3,control,0.25,150,current_su,budget10,20,20,20,35.0,0.0,35.0,0.0,0.0,0.0
sample4geo,3,control,0.25,150,current_su,budget25,20,20,20,89.0,0.0,89.0,0.0,0.0,0.0
sample4geo,3,control,0.25,150,current_su,budget50,20,20,20,178.0,4.85,173.15,0.0,4.85,0.02724719101123595
sample4geo,3,control,0.25,150,current_su,full_frozen,20,20,20,118.4,0.95,117.45,0.0,0.95,0.008015508763788353
sample4geo,3,control,0.25,150,current_su,matched,20,20,20,146.7,2.85,143.85,0.0,2.85,0.018783938750637705
sample4geo,3,control,0.25,150,current_su_guard,budget10,20,20,20,35.0,0.0,35.0,0.0,0.0,0.0
sample4geo,3,control,0.25,150,current_su_guard,budget25,20,20,20,89.0,0.0,89.0,0.0,0.0,0.0
sample4geo,3,control,0.25,150,current_su_guard,budget50,20,20,20,178.0,4.9,173.1,0.0,4.9,0.027528089887640446
sample4geo,3,control,0.25,150,current_su_guard,full_frozen,20,20,20,118.4,0.95,117.45,0.0,0.95,0.008015508763788353
sample4geo,3,control,0.25,150,current_su_guard,matched,20,20,20,160.1,4.1,156.0,0.0,4.1,0.024591367124331052
sample4geo,3,control,0.25,150,old_su,budget10,20,20,20,35.0,0.0,35.0,0.0,0.0,0.0
sample4geo,3,control,0.25,150,old_su,budget25,20,20,20,89.0,0.0,89.0,0.0,0.0,0.0
sample4geo,3,control,0.25,150,old_su,budget50,20,20,20,178.0,6.0,172.0,0.0,6.0,0.03370786516853932
sample4geo,3,control,0.25,150,old_su,full_frozen,20,20,20,104.0,0.0,104.0,0.0,0.0,0.0
sample4geo,3,control,0.25,150,old_su,matched,20,20,20,130.3,2.55,127.75,0.0,2.55,0.018903450564034502
sample4geo,3,control,0.25,150,old_su_guard,budget10,20,20,20,35.0,0.0,35.0,0.0,0.0,0.0
sample4geo,3,control,0.25,150,old_su_guard,budget25,20,20,20,89.0,0.0,89.0,0.0,0.0,0.0
sample4geo,3,control,0.25,150,old_su_guard,budget50,20,20,20,178.0,5.35,172.65,0.0,5.35,0.03005617977528089
sample4geo,3,control,0.25,150,old_su_guard,full_frozen,20,20,20,104.0,0.0,104.0,0.0,0.0,0.0
sample4geo,3,control,0.25,150,old_su_guard,matched,20,20,20,159.65,4.25,155.4,0.0,4.25,0.025097181399106994
sample4geo,3,control,0.25,150,current_margin,budget10,20,20,20,35.0,0.0,35.0,0.0,0.0,0.0
sample4geo,3,control,0.25,150,current_margin,budget25,20,20,20,89.0,0.0,89.0,0.0,0.0,0.0
sample4geo,3,control,0.25,150,current_margin,budget50,20,20,20,178.0,8.15,169.85,0.0,8.15,0.045786516853932584
sample4geo,3,control,0.25,150,current_margin,full_frozen,20,20,20,194.55,10.75,183.8,0.0,10.75,0.05521164005214092
sample4geo,3,control,0.25,150,current_margin,matched,20,20,20,186.75,10.8,175.95,0.0,10.8,0.05505166500763429
sample4geo,3,control,0.25,150,current_margin_guard,budget10,20,20,20,35.0,0.0,35.0,0.0,0.0,0.0
sample4geo,3,control,0.25,150,current_margin_guard,budget25,20,20,20,89.0,0.0,89.0,0.0,0.0,0.0
sample4geo,3,control,0.25,150,current_margin_guard,budget50,20,20,20,178.0,7.85,170.15,0.0,7.85,0.044101123595505616
sample4geo,3,control,0.25,150,current_margin_guard,full_frozen,20,20,20,192.55,9.45,183.1,0.0,9.45,0.04907245360217427
sample4geo,3,control,0.25,150,current_margin_guard,matched,20,20,11,222.9,21.4,201.5,0.0,21.4,0.09571238608782325
sample4geo,3,control,0.25,150,old_margin_guard,budget10,20,20,20,35.0,0.0,35.0,0.0,0.0,0.0
sample4geo,3,control,0.25,150,old_margin_guard,budget25,20,20,20,89.0,1.0,88.0,0.0,1.0,0.011235955056179775
sample4geo,3,control,0.25,150,old_margin_guard,budget50,20,20,20,178.0,7.5,170.5,0.0,7.5,0.042134831460674156
sample4geo,3,control,0.25,150,old_margin_guard,full_frozen,20,20,20,169.3,5.3,164.0,0.0,5.3,0.03129829446571528
sample4geo,3,control,0.25,150,old_margin_guard,matched,20,20,19,204.35,18.1,186.25,0.0,18.1,0.08810688081782214
sample4geo,3,control,0.25,150,sq8_margin_guard,budget10,20,20,20,35.0,0.0,35.0,0.0,0.0,0.0
sample4geo,3,control,0.25,150,sq8_margin_guard,budget25,20,20,20,89.0,1.0,88.0,0.0,1.0,0.011235955056179775
sample4geo,3,control,0.25,150,sq8_margin_guard,budget50,20,20,20,178.0,9.7,168.3,0.0,9.7,0.0544943820224719
sample4geo,3,control,0.25,150,sq8_margin_guard,full_frozen,20,20,20,160.4,5.3,155.1,0.0,5.3,0.033042618849606825
sample4geo,3,control,0.25,150,sq8_margin_guard,matched,20,20,20,195.7,14.55,181.15,0.0,14.55,0.07383740391707004
sample4geo,3,control,0.25,200,current_su,budget10,20,20,20,35.0,0.0,35.0,0.0,0.0,0.0
sample4geo,3,control,0.25,200,current_su,budget25,20,20,20,89.0,0.0,89.0,0.0,0.0,0.0
sample4geo,3,control,0.25,200,current_su,budget50,20,20,20,178.0,1.0,177.0,0.0,1.0,0.0056179775280898875
sample4geo,3,control,0.25,200,current_su,full_frozen,20,20,20,202.85,1.8,201.05,0.0,1.8,0.00886388595683356
sample4geo,3,control,0.25,200,current_su,matched,20,20,20,255.05,12.95,242.1,0.0,12.95,0.04920482820213399
sample4geo,3,control,0.25,200,current_su_guard,budget10,20,20,20,35.0,0.0,35.0,0.0,0.0,0.0
sample4geo,3,control,0.25,200,current_su_guard,budget25,20,20,20,89.0,0.0,89.0,0.0,0.0,0.0
sample4geo,3,control,0.25,200,current_su_guard,budget50,20,20,20,178.0,1.0,177.0,0.0,1.0,0.0056179775280898875
sample4geo,3,control,0.25,200,current_su_guard,full_frozen,20,20,20,202.85,1.8,201.05,0.0,1.8,0.00886388595683356
sample4geo,3,control,0.25,200,current_su_guard,matched,20,20,20,265.8,15.45,250.35,0.0,15.45,0.057115492482727695
sample4geo,3,control,0.25,200,old_su,budget10,20,20,20,35.0,0.0,35.0,0.0,0.0,0.0
sample4geo,3,control,0.25,200,old_su,budget25,20,20,20,89.0,0.0,89.0,0.0,0.0,0.0
sample4geo,3,control,0.25,200,old_su,budget50,20,20,20,178.0,1.0,177.0,0.0,1.0,0.0056179775280898875
sample4geo,3,control,0.25,200,old_su,full_frozen,20,20,20,180.0,1.0,179.0,0.0,1.0,0.005555555555555555
sample4geo,3,control,0.25,200,old_su,matched,20,20,20,272.4,17.7,254.7,0.0,17.7,0.06409647163981194
sample4geo,3,control,0.25,200,old_su_guard,budget10,20,20,20,35.0,0.0,35.0,0.0,0.0,0.0
sample4geo,3,control,0.25,200,old_su_guard,budget25,20,20,20,89.0,0.0,89.0,0.0,0.0,0.0
sample4geo,3,control,0.25,200,old_su_guard,budget50,20,20,20,178.0,1.0,177.0,0.0,1.0,0.0056179775280898875
sample4geo,3,control,0.25,200,old_su_guard,full_frozen,20,20,20,180.0,1.0,179.0,0.0,1.0,0.005555555555555555
sample4geo,3,control,0.25,200,old_su_guard,matched,20,20,20,274.1,16.9,257.2,0.0,16.9,0.06084893452694984
sample4geo,3,control,0.25,200,current_margin,budget10,20,20,20,35.0,0.0,35.0,0.0,0.0,0.0
sample4geo,3,control,0.25,200,current_margin,budget25,20,20,20,89.0,0.0,89.0,0.0,0.0,0.0
sample4geo,3,control,0.25,200,current_margin,budget50,20,20,20,178.0,0.3,177.7,0.0,0.3,0.0016853932584269663
sample4geo,3,control,0.25,200,current_margin,full_frozen,20,20,20,277.4,15.4,262.0,0.0,15.4,0.055518076039767085
sample4geo,3,control,0.25,200,current_margin,matched,20,20,20,284.95,18.1,266.85,0.0,18.1,0.0633989126301405
sample4geo,3,control,0.25,200,current_margin_guard,budget10,20,20,20,35.0,0.0,35.0,0.0,0.0,0.0
sample4geo,3,control,0.25,200,current_margin_guard,budget25,20,20,20,89.0,0.0,89.0,0.0,0.0,0.0
sample4geo,3,control,0.25,200,current_margin_guard,budget50,20,20,20,178.0,0.3,177.7,0.0,0.3,0.0016853932584269663
sample4geo,3,control,0.25,200,current_margin_guard,full_frozen,20,20,20,274.55,14.0,260.55,0.0,14.0,0.050984811029001806
sample4geo,3,control,0.25,200,current_margin_guard,matched,20,20,20,275.5,14.2,261.3,0.0,14.2,0.051208779392223944
sample4geo,3,control,0.25,200,old_margin_guard,budget10,20,20,20,35.0,0.0,35.0,0.0,0.0,0.0
sample4geo,3,control,0.25,200,old_margin_guard,budget25,20,20,20,89.0,0.0,89.0,0.0,0.0,0.0
sample4geo,3,control,0.25,200,old_margin_guard,budget50,20,20,20,178.0,2.0,176.0,0.0,2.0,0.011235955056179775
sample4geo,3,control,0.25,200,old_margin_guard,full_frozen,20,20,20,264.0,14.0,250.0,0.0,14.0,0.05301404419389362
sample4geo,3,control,0.25,200,old_margin_guard,matched,20,20,20,283.7,17.95,265.75,0.0,17.95,0.06320665094339092
sample4geo,3,control,0.25,200,sq8_margin_guard,budget10,20,20,20,35.0,0.0,35.0,0.0,0.0,0.0
sample4geo,3,control,0.25,200,sq8_margin_guard,budget25,20,20,20,89.0,0.0,89.0,0.0,0.0,0.0
sample4geo,3,control,0.25,200,sq8_margin_guard,budget50,20,20,20,178.0,2.0,176.0,0.0,2.0,0.011235955056179775
sample4geo,3,control,0.25,200,sq8_margin_guard,full_frozen,20,20,20,257.05,12.1,244.95,0.0,12.1,0.047053109669594376
sample4geo,3,control,0.25,200,sq8_margin_guard,matched,20,20,20,287.0,18.95,268.05,0.0,18.95,0.06577770707258776
sample4geo,3,control,0.25,250,current_su,budget10,20,20,20,35.0,0.0,35.0,0.0,0.0,0.0
sample4geo,3,control,0.25,250,current_su,budget25,20,20,20,89.0,0.0,89.0,0.0,0.0,0.0
sample4geo,3,control,0.25,250,current_su,budget50,20,20,20,178.0,0.35,177.65,0.0,0.35,0.001966292134831461
sample4geo,3,control,0.25,250,current_su,full_frozen,20,20,20,328.7,23.0,305.7,0.0,23.0,0.06996663251720857
sample4geo,3,control,0.25,250,current_su,matched,20,20,20,329.25,23.7,305.55,0.0,23.7,0.07163889664802492
sample4geo,3,control,0.25,250,current_su_guard,budget10,20,20,20,35.0,0.0,35.0,0.0,0.0,0.0
sample4geo,3,control,0.25,250,current_su_guard,budget25,20,20,20,89.0,0.0,89.0,0.0,0.0,0.0
sample4geo,3,control,0.25,250,current_su_guard,budget50,20,20,20,178.0,0.35,177.65,0.0,0.35,0.001966292134831461
sample4geo,3,control,0.25,250,current_su_guard,full_frozen,20,20,20,323.65,21.45,302.2,0.0,21.45,0.0662562261826258
sample4geo,3,control,0.25,250,current_su_guard,matched,20,20,11,338.75,31.85,306.9,0.0,31.85,0.09325582284425234
sample4geo,3,control,0.25,250,old_su,budget10,20,20,20,35.0,0.0,35.0,0.0,0.0,0.0
sample4geo,3,control,0.25,250,old_su,budget25,20,20,20,89.0,0.0,89.0,0.0,0.0,0.0
sample4geo,3,control,0.25,250,old_su,budget50,20,20,20,178.0,0.35,177.65,0.0,0.35,0.001966292134831461
sample4geo,3,control,0.25,250,old_su,full_frozen,20,20,20,317.0,18.75,298.25,0.0,18.75,0.059148264984227136
sample4geo,3,control,0.25,250,old_su,matched,20,20,18,333.0,26.45,306.55,0.0,26.45,0.07892485446773898
sample4geo,3,control,0.25,250,old_su_guard,budget10,20,20,20,35.0,0.0,35.0,0.0,0.0,0.0
sample4geo,3,control,0.25,250,old_su_guard,budget25,20,20,20,89.0,0.0,89.0,0.0,0.0,0.0
sample4geo,3,control,0.25,250,old_su_guard,budget50,20,20,20,178.0,0.35,177.65,0.0,0.35,0.001966292134831461
sample4geo,3,control,0.25,250,old_su_guard,full_frozen,20,20,20,311.0,16.0,295.0,0.0,16.0,0.05141076026087661
sample4geo,3,control,0.25,250,old_su_guard,matched,20,20,14,338.4,31.3,307.1,0.0,31.3,0.09202876319430532
sample4geo,3,control,0.25,250,current_margin,budget10,20,20,20,35.0,0.0,35.0,0.0,0.0,0.0
sample4geo,3,control,0.25,250,current_margin,budget25,20,20,20,89.0,0.0,89.0,0.0,0.0,0.0
sample4geo,3,control,0.25,250,current_margin,budget50,20,20,20,178.0,0.0,178.0,0.0,0.0,0.0
sample4geo,3,control,0.25,250,current_margin,full_frozen,20,20,20,342.9,31.85,311.05,0.0,31.85,0.09288430862179393
sample4geo,3,control,0.25,250,current_margin,matched,20,20,17,344.8,33.2,311.6,0.0,33.2,0.09610077848902954
sample4geo,3,control,0.25,250,current_margin_guard,budget10,20,20,20,35.0,0.0,35.0,0.0,0.0,0.0
sample4geo,3,control,0.25,250,current_margin_guard,budget25,20,20,20,89.0,0.0,89.0,0.0,0.0,0.0
sample4geo,3,control,0.25,250,current_margin_guard,budget50,20,20,20,178.0,0.0,178.0,0.0,0.0,0.0
sample4geo,3,control,0.25,250,current_margin_guard,full_frozen,20,20,20,335.4,29.75,305.65,0.0,29.75,0.08867614169119523
sample4geo,3,control,0.25,250,current_margin_guard,matched,20,20,11,344.25,34.15,310.1,0.0,34.15,0.09912993174923278
sample4geo,3,control,0.25,250,old_margin_guard,budget10,20,20,20,35.0,0.0,35.0,0.0,0.0,0.0
sample4geo,3,control,0.25,250,old_margin_guard,budget25,20,20,20,89.0,0.0,89.0,0.0,0.0,0.0
sample4geo,3,control,0.25,250,old_margin_guard,budget50,20,20,20,178.0,0.0,178.0,0.0,0.0,0.0
sample4geo,3,control,0.25,250,old_margin_guard,full_frozen,20,20,20,332.95,28.95,304.0,0.0,28.95,0.08692087282067595
sample4geo,3,control,0.25,250,old_margin_guard,matched,20,20,11,343.9,34.1,309.8,0.0,34.1,0.09907637987452186
sample4geo,3,control,0.25,250,sq8_margin_guard,budget10,20,20,20,35.0,0.0,35.0,0.0,0.0,0.0
sample4geo,3,control,0.25,250,sq8_margin_guard,budget25,20,20,20,89.0,0.0,89.0,0.0,0.0,0.0
sample4geo,3,control,0.25,250,sq8_margin_guard,budget50,20,20,20,178.0,0.0,178.0,0.0,0.0,0.0
sample4geo,3,control,0.25,250,sq8_margin_guard,full_frozen,20,20,20,328.45,27.25,301.2,0.0,27.25,0.08291522107435903
sample4geo,3,control,0.25,250,sq8_margin_guard,matched,20,20,14,340.15,33.2,306.95,0.0,33.2,0.09753202513318152
sample4geo,3,control,0.25,300,current_su,budget10,20,20,20,35.0,0.0,35.0,0.0,0.0,0.0
sample4geo,3,control,0.25,300,current_su,budget25,20,20,20,89.0,0.0,89.0,0.0,0.0,0.0
sample4geo,3,control,0.25,300,current_su,budget50,20,20,20,178.0,0.7,177.3,0.0,0.7,0.003932584269662922
sample4geo,3,control,0.25,300,current_su,full_frozen,20,20,20,325.05,13.4,311.65,0.0,13.4,0.041203995803695145
sample4geo,3,control,0.25,300,current_su,matched,20,20,20,349.35,21.6,327.75,0.0,21.6,0.06178474889197026
sample4geo,3,control,0.25,300,current_su_guard,budget10,20,20,20,35.0,0.0,35.0,0.0,0.0,0.0
sample4geo,3,control,0.25,300,current_su_guard,budget25,20,20,20,89.0,0.0,89.0,0.0,0.0,0.0
sample4geo,3,control,0.25,300,current_su_guard,budget50,20,20,20,178.0,0.7,177.3,0.0,0.7,0.003932584269662922
sample4geo,3,control,0.25,300,current_su_guard,full_frozen,20,20,20,322.25,12.55,309.7,0.0,12.55,0.03890790075736839
sample4geo,3,control,0.25,300,current_su_guard,matched,20,20,20,344.35,20.0,324.35,0.0,20.0,0.058038404670751755
sample4geo,3,control,0.25,300,old_su,budget10,20,20,20,35.0,0.0,35.0,0.0,0.0,0.0
sample4geo,3,control,0.25,300,old_su,budget25,20,20,20,89.0,0.0,89.0,0.0,0.0,0.0
sample4geo,3,control,0.25,300,old_su,budget50,20,20,20,178.0,0.7,177.3,0.0,0.7,0.003932584269662922
sample4geo,3,control,0.25,300,old_su,full_frozen,20,20,20,317.0,11.8,305.2,0.0,11.8,0.03722397476340694
sample4geo,3,control,0.25,300,old_su,matched,20,20,20,350.85,22.8,328.05,0.0,22.8,0.0649830533451223
sample4geo,3,control,0.25,300,old_su_guard,budget10,20,20,20,35.0,0.0,35.0,0.0,0.0,0.0
sample4geo,3,control,0.25,300,old_su_guard,budget25,20,20,20,89.0,0.0,89.0,0.0,0.0,0.0
sample4geo,3,control,0.25,300,old_su_guard,budget50,20,20,20,178.0,0.7,177.3,0.0,0.7,0.003932584269662922
sample4geo,3,control,0.25,300,old_su_guard,full_frozen,20,20,20,312.75,10.75,302.0,0.0,10.75,0.034332302323063044
sample4geo,3,control,0.25,300,old_su_guard,matched,20,20,20,344.25,20.25,324.0,0.0,20.25,0.058780893558594206
sample4geo,3,control,0.25,300,current_margin,budget10,20,20,20,35.0,0.0,35.0,0.0,0.0,0.0
sample4geo,3,control,0.25,300,current_margin,budget25,20,20,20,89.0,0.0,89.0,0.0,0.0,0.0
sample4geo,3,control,0.25,300,current_margin,budget50,20,20,20,178.0,0.0,178.0,0.0,0.0,0.0
sample4geo,3,control,0.25,300,current_margin,full_frozen,20,20,20,348.05,22.85,325.2,0.0,22.85,0.06564944218187597
sample4geo,3,control,0.25,300,current_margin,matched,20,20,20,356.65,26.75,329.9,0.0,26.75,0.07499719887955181
sample4geo,3,control,0.25,300,current_margin_guard,budget10,20,20,20,35.0,0.0,35.0,0.0,0.0,0.0
sample4geo,3,control,0.25,300,current_margin_guard,budget25,20,20,20,89.0,0.0,89.0,0.0,0.0,0.0
sample4geo,3,control,0.25,300,current_margin_guard,budget50,20,20,20,178.0,0.0,178.0,0.0,0.0,0.0
sample4geo,3,control,0.25,300,current_margin_guard,full_frozen,20,20,20,342.25,20.25,322.0,0.0,20.25,0.05912415640040567
sample4geo,3,control,0.25,300,current_margin_guard,matched,20,20,20,349.6,23.6,326.0,0.0,23.6,0.06744768258902473
sample4geo,3,control,0.25,300,old_margin_guard,budget10,20,20,20,35.0,0.0,35.0,0.0,0.0,0.0
sample4geo,3,control,0.25,300,old_margin_guard,budget25,20,20,20,89.0,0.0,89.0,0.0,0.0,0.0
sample4geo,3,control,0.25,300,old_margin_guard,budget50,20,20,20,178.0,0.0,178.0,0.0,0.0,0.0
sample4geo,3,control,0.25,300,old_margin_guard,full_frozen,20,20,20,342.25,20.25,322.0,0.0,20.25,0.05912415640040567
sample4geo,3,control,0.25,300,old_margin_guard,matched,20,20,20,349.6,23.6,326.0,0.0,23.6,0.06744768258902473
sample4geo,3,control,0.25,300,sq8_margin_guard,budget10,20,20,20,35.0,0.0,35.0,0.0,0.0,0.0
sample4geo,3,control,0.25,300,sq8_margin_guard,budget25,20,20,20,89.0,0.0,89.0,0.0,0.0,0.0
sample4geo,3,control,0.25,300,sq8_margin_guard,budget50,20,20,20,178.0,0.0,178.0,0.0,0.0,0.0
sample4geo,3,control,0.25,300,sq8_margin_guard,full_frozen,20,20,20,338.9,20.25,318.65,0.0,20.25,0.05971132408907561
sample4geo,3,control,0.25,300,sq8_margin_guard,matched,20,20,20,346.05,22.65,323.4,0.0,22.65,0.06539342419260558
sample4geo,3,target,0.5,pooled,current_su,budget10,20,20,20,142.0,3.0,139.0,1.25,1.75,0.021126760563380278
sample4geo,3,target,0.5,pooled,current_su,budget25,20,20,19,357.0,21.6,335.4,14.95,6.65,0.060504201680672276
sample4geo,3,target,0.5,pooled,current_su,budget50,20,20,0,714.0,181.45,532.55,120.5,60.95,0.2541316526610644
sample4geo,3,target,0.5,pooled,current_su,full_frozen,20,20,0,632.9,126.3,506.6,86.25,40.05,0.19877929284836562
sample4geo,3,target,0.5,pooled,current_su,matched,19,19,19,263.0,10.4,252.6,6.45,3.95,0.03760314771051978
sample4geo,3,target,0.5,pooled,current_su_guard,budget10,20,20,20,142.0,1.85,140.15,0.0,1.85,0.013028169014084507
sample4geo,3,target,0.5,pooled,current_su_guard,budget25,20,20,20,357.0,7.4,349.6,0.0,7.4,0.020728291316526613
sample4geo,3,target,0.5,pooled,current_su_guard,budget50,17,17,0,714.0,128.52941176470588,585.4705882352941,0.0,128.52941176470588,0.18001318174328554
sample4geo,3,target,0.5,pooled,current_su_guard,full_frozen,20,20,20,538.8,37.5,501.3,0.0,37.5,0.06915152293812736
sample4geo,3,target,0.5,pooled,current_su_guard,matched,19,19,19,298.1,6.4,291.7,0.0,6.4,0.02017332956737726
sample4geo,3,target,0.5,pooled,old_su,budget10,20,20,0,142.0,71.65,70.35,71.65,0.0,0.5045774647887324
sample4geo,3,target,0.5,pooled,old_su,budget25,20,20,0,357.0,184.55,172.45,182.55,2.0,0.5169467787114845
sample4geo,3,target,0.5,pooled,old_su,budget50,20,20,0,714.0,364.65,349.35,358.15,6.5,0.5107142857142857
sample4geo,3,target,0.5,pooled,old_su,full_frozen,20,20,0,934.0,479.7,454.3,458.9,20.8,0.5135974304068521
sample4geo,3,target,0.5,pooled,old_su,matched,0,0,0,0.0,0.0,0.0,0.0,0.0,
sample4geo,3,target,0.5,pooled,old_su_guard,budget10,20,20,20,142.0,1.05,140.95,0.0,1.05,0.007394366197183098
sample4geo,3,target,0.5,pooled,old_su_guard,budget25,20,20,20,357.0,5.4,351.6,0.0,5.4,0.015126050420168069
sample4geo,3,target,0.5,pooled,old_su_guard,budget50,17,17,0,714.0,125.29411764705883,588.7058823529412,0.0,125.29411764705883,0.17548195748887788
sample4geo,3,target,0.5,pooled,old_su_guard,full_frozen,20,20,20,463.65,14.55,449.1,0.0,14.55,0.031344790248820385
sample4geo,3,target,0.5,pooled,old_su_guard,matched,20,20,20,395.6,7.95,387.65,0.0,7.95,0.019895388873274234
sample4geo,3,target,0.5,pooled,current_margin,budget10,20,20,20,142.0,1.55,140.45,0.55,1.0,0.01091549295774648
sample4geo,3,target,0.5,pooled,current_margin,budget25,20,20,19,357.0,20.6,336.4,13.6,7.0,0.05770308123249299
sample4geo,3,target,0.5,pooled,current_margin,budget50,20,20,0,714.0,199.6,514.4,140.9,58.7,0.2795518207282913
sample4geo,3,target,0.5,pooled,current_margin,full_frozen,20,20,0,888.5,339.3,549.2,244.1,95.2,0.3819263114124083
sample4geo,3,target,0.5,pooled,current_margin,matched,20,20,19,351.55,21.05,330.5,14.4,6.65,0.05596710704862714
sample4geo,3,target,0.5,pooled,current_margin_guard,budget10,20,20,20,142.0,1.0,141.0,0.0,1.0,0.007042253521126761
sample4geo,3,target,0.5,pooled,current_margin_guard,budget25,20,20,20,357.0,8.0,349.0,0.0,8.0,0.02240896358543417
sample4geo,3,target,0.5,pooled,current_margin_guard,budget50,17,17,0,714.0,129.8235294117647,584.1764705882352,0.0,129.8235294117647,0.1818256714450486
sample4geo,3,target,0.5,pooled,current_margin_guard,full_frozen,20,20,1,618.5,80.5,538.0,0.0,80.5,0.12990655585804065
sample4geo,3,target,0.5,pooled,current_margin_guard,matched,20,20,20,437.75,22.6,415.15,0.0,22.6,0.04826783052022053
sample4geo,3,target,0.5,pooled,old_margin_guard,budget10,20,20,20,142.0,0.0,142.0,0.0,0.0,0.0
sample4geo,3,target,0.5,pooled,old_margin_guard,budget25,20,20,20,357.0,1.55,355.45,0.0,1.55,0.004341736694677871
sample4geo,3,target,0.5,pooled,old_margin_guard,budget50,17,17,0,714.0,125.52941176470588,588.4705882352941,0.0,125.52941176470588,0.17581150107101662
sample4geo,3,target,0.5,pooled,old_margin_guard,full_frozen,20,20,19,567.85,46.9,520.95,0.0,46.9,0.08245707501109809
sample4geo,3,target,0.5,pooled,old_margin_guard,matched,20,20,20,534.9,33.85,501.05,0.0,33.85,0.06297839086778206
sample4geo,3,target,0.5,pooled,sq8_margin_guard,budget10,20,20,20,142.0,0.0,142.0,0.0,0.0,0.0
sample4geo,3,target,0.5,pooled,sq8_margin_guard,budget25,20,20,20,357.0,1.6,355.4,0.0,1.6,0.004481792717086834
sample4geo,3,target,0.5,pooled,sq8_margin_guard,budget50,10,10,0,714.0,121.1,592.9,0.0,121.1,0.16960784313725488
sample4geo,3,target,0.5,pooled,sq8_margin_guard,full_frozen,20,20,20,550.45,39.5,510.95,0.0,39.5,0.07167253368287733
sample4geo,3,target,0.5,pooled,sq8_margin_guard,matched,20,20,19,535.85,34.3,501.55,0.0,34.3,0.06366361422408351
sample4geo,3,target,0.5,150,current_su,budget10,20,20,19,35.0,0.9,34.1,0.75,0.15,0.02571428571428571
sample4geo,3,target,0.5,150,current_su,budget25,20,20,2,89.0,12.3,76.7,9.1,3.2,0.13820224719101123
sample4geo,3,target,0.5,150,current_su,budget50,20,20,0,178.0,65.9,112.1,36.5,29.4,0.3702247191011236
sample4geo,3,target,0.5,150,current_su,full_frozen,20,20,12,72.1,7.3,64.8,5.55,1.75,0.09888341828044703
sample4geo,3,target,0.5,150,current_su,matched,6,6,6,9.6,0.15,9.45,0.15,0.0,0.015197956577266922
sample4geo,3,target,0.5,150,current_su_guard,budget10,20,20,20,35.0,0.15,34.85,0.0,0.15,0.004285714285714286
sample4geo,3,target,0.5,150,current_su_guard,budget25,20,20,18,89.0,6.1,82.9,0.0,6.1,0.06853932584269662
sample4geo,3,target,0.5,150,current_su_guard,budget50,19,19,0,178.0,53.21052631578947,124.78947368421052,0.0,53.21052631578947,0.2989355410999409
sample4geo,3,target,0.5,150,current_su_guard,full_frozen,20,20,20,66.3,1.75,64.55,0.0,1.75,0.025709922431798288
sample4geo,3,target,0.5,150,current_su_guard,matched,7,7,7,12.05,0.05,12.0,0.0,0.05,0.003484320557491289
sample4geo,3,target,0.5,150,old_su,budget10,20,20,0,35.0,18.0,17.0,18.0,0.0,0.5142857142857142
sample4geo,3,target,0.5,150,old_su,budget25,20,20,0,89.0,46.35,42.65,46.35,0.0,0.5207865168539326
sample4geo,3,target,0.5,150,old_su,budget50,20,20,0,178.0,92.25,85.75,87.0,5.25,0.5182584269662921
sample4geo,3,target,0.5,150,old_su,full_frozen,20,20,0,104.0,54.05,49.95,54.05,0.0,0.5197115384615384
sample4geo,3,target,0.5,150,old_su,matched,0,0,0,0.0,0.0,0.0,0.0,0.0,
sample4geo,3,target,0.5,150,old_su_guard,budget10,20,20,20,35.0,0.0,35.0,0.0,0.0,0.0
sample4geo,3,target,0.5,150,old_su_guard,budget25,20,20,20,89.0,3.75,85.25,0.0,3.75,0.04213483146067416
sample4geo,3,target,0.5,150,old_su_guard,budget50,19,19,0,178.0,51.473684210526315,126.52631578947368,0.0,51.473684210526315,0.28917800118273207
sample4geo,3,target,0.5,150,old_su_guard,full_frozen,20,20,20,49.95,0.0,49.95,0.0,0.0,0.0
sample4geo,3,target,0.5,150,old_su_guard,matched,8,8,8,17.4,0.2,17.2,0.0,0.2,0.007493412384716733
sample4geo,3,target,0.5,150,current_margin,budget10,20,20,20,35.0,0.9,34.1,0.35,0.55,0.02571428571428571
sample4geo,3,target,0.5,150,current_margin,budget25,20,20,0,89.0,18.45,70.55,11.75,6.7,0.20730337078651684
sample4geo,3,target,0.5,150,current_margin,budget50,20,20,0,178.0,75.65,102.35,43.65,32.0,0.425
sample4geo,3,target,0.5,150,current_margin,full_frozen,20,20,0,120.8,33.4,87.4,20.65,12.75,0.27594848443882974
sample4geo,3,target,0.5,150,current_margin,matched,7,7,7,11.7,0.25,11.45,0.2,0.05,0.021942507410487706
sample4geo,3,target,0.5,150,current_margin_guard,budget10,20,20,20,35.0,0.55,34.45,0.0,0.55,0.015714285714285715
sample4geo,3,target,0.5,150,current_margin_guard,budget25,20,20,5,89.0,10.4,78.6,0.0,10.4,0.11685393258426968
sample4geo,3,target,0.5,150,current_margin_guard,budget50,19,19,0,178.0,55.89473684210526,122.10526315789474,0.0,55.89473684210526,0.3140153755174453
sample4geo,3,target,0.5,150,current_margin_guard,full_frozen,20,20,3,98.15,11.8,86.35,0.0,11.8,0.11946775752817303
sample4geo,3,target,0.5,150,current_margin_guard,matched,11,11,11,24.25,0.65,23.6,0.0,0.65,0.02178594560312759
sample4geo,3,target,0.5,150,old_margin_guard,budget10,20,20,20,35.0,0.05,34.95,0.0,0.05,0.0014285714285714286
sample4geo,3,target,0.5,150,old_margin_guard,budget25,20,20,14,89.0,6.7,82.3,0.0,6.7,0.07528089887640448
sample4geo,3,target,0.5,150,old_margin_guard,budget50,19,19,0,178.0,52.526315789473685,125.47368421052632,0.0,52.526315789473685,0.29509166173861623
sample4geo,3,target,0.5,150,old_margin_guard,full_frozen,20,20,20,82.8,3.45,79.35,0.0,3.45,0.041551251242797946
sample4geo,3,target,0.5,150,old_margin_guard,matched,14,14,14,48.1,2.0,46.1,0.0,2.0,0.0389995692474567
sample4geo,3,target,0.5,150,sq8_margin_guard,budget10,20,20,20,35.0,0.0,35.0,0.0,0.0,0.0
sample4geo,3,target,0.5,150,sq8_margin_guard,budget25,20,20,11,89.0,7.15,81.85,0.0,7.15,0.08033707865168538
sample4geo,3,target,0.5,150,sq8_margin_guard,budget50,15,15,0,178.0,51.93333333333333,126.06666666666666,0.0,51.93333333333333,0.2917602996254682
sample4geo,3,target,0.5,150,sq8_margin_guard,full_frozen,20,20,20,78.45,3.45,75.0,0.0,3.45,0.04378433108741154
sample4geo,3,target,0.5,150,sq8_margin_guard,matched,16,16,15,52.3,2.3,50.0,0.0,2.3,0.04062129348622817
sample4geo,3,target,0.5,200,current_su,budget10,20,20,20,35.0,0.45,34.55,0.45,0.0,0.012857142857142855
sample4geo,3,target,0.5,200,current_su,budget25,20,20,16,89.0,5.65,83.35,4.55,1.1,0.06348314606741572
sample4geo,3,target,0.5,200,current_su,budget50,20,20,0,178.0,46.55,131.45,30.0,16.55,0.2615168539325843
sample4geo,3,target,0.5,200,current_su,full_frozen,20,20,7,120.05,14.2,105.85,10.7,3.5,0.11798346115731446
sample4geo,3,target,0.5,200,current_su,matched,10,10,10,34.35,1.1,33.25,0.95,0.15,0.028667550246545055
sample4geo,3,target,0.5,200,current_su_guard,budget10,20,20,20,35.0,0.0,35.0,0.0,0.0,0.0
sample4geo,3,target,0.5,200,current_su_guard,budget25,20,20,20,89.0,1.2,87.8,0.0,1.2,0.01348314606741573
sample4geo,3,target,0.5,200,current_su_guard,budget50,15,15,0,178.0,31.733333333333334,146.26666666666668,0.0,31.733333333333334,0.17827715355805243
sample4geo,3,target,0.5,200,current_su_guard,full_frozen,20,20,20,108.35,3.05,105.3,0.0,3.05,0.02798880789948787
sample4geo,3,target,0.5,200,current_su_guard,matched,12,12,12,45.0,0.4,44.6,0.0,0.4,0.00804876674059271
sample4geo,3,target,0.5,200,old_su,budget10,20,20,0,35.0,17.85,17.15,17.85,0.0,0.51
sample4geo,3,target,0.5,200,old_su,budget25,20,20,0,89.0,45.45,43.55,45.45,0.0,0.5106741573033708
sample4geo,3,target,0.5,200,old_su,budget50,20,20,0,178.0,89.55,88.45,88.9,0.65,0.5030898876404495
sample4geo,3,target,0.5,200,old_su,full_frozen,20,20,0,180.0,90.3,89.7,89.65,0.65,0.5016666666666666
sample4geo,3,target,0.5,200,old_su,matched,0,0,0,0.0,0.0,0.0,0.0,0.0,
sample4geo,3,target,0.5,200,old_su_guard,budget10,20,20,20,35.0,0.0,35.0,0.0,0.0,0.0
sample4geo,3,target,0.5,200,old_su_guard,budget25,20,20,20,89.0,0.45,88.55,0.0,0.45,0.0050561797752808986
sample4geo,3,target,0.5,200,old_su_guard,budget50,15,15,0,178.0,30.666666666666668,147.33333333333334,0.0,30.666666666666668,0.17228464419475656
sample4geo,3,target,0.5,200,old_su_guard,full_frozen,20,20,20,89.8,0.45,89.35,0.0,0.45,0.0049990790198941966
sample4geo,3,target,0.5,200,old_su_guard,matched,18,18,18,77.15,0.45,76.7,0.0,0.45,0.005867199907864763
sample4geo,3,target,0.5,200,current_margin,budget10,20,20,20,35.0,0.1,34.9,0.05,0.05,0.002857142857142857
sample4geo,3,target,0.5,200,current_margin,budget25,20,20,16,89.0,6.1,82.9,4.85,1.25,0.06853932584269662
sample4geo,3,target,0.5,200,current_margin,budget50,20,20,0,178.0,50.0,128.0,34.25,15.75,0.2808988764044944
sample4geo,3,target,0.5,200,current_margin,full_frozen,20,20,0,192.2,59.95,132.25,41.15,18.8,0.31181001907104344
sample4geo,3,target,0.5,200,current_margin,matched,18,18,14,74.15,4.9,69.25,3.9,1.0,0.06104081517629039
sample4geo,3,target,0.5,200,current_margin_guard,budget10,20,20,20,35.0,0.05,34.95,0.0,0.05,0.0014285714285714286
sample4geo,3,target,0.5,200,current_margin_guard,budget25,20,20,20,89.0,1.9,87.1,0.0,1.9,0.02134831460674157
sample4geo,3,target,0.5,200,current_margin_guard,budget50,15,15,0,178.0,30.466666666666665,147.53333333333333,0.0,30.466666666666665,0.1711610486891386
sample4geo,3,target,0.5,200,current_margin_guard,full_frozen,20,20,7,144.9,15.5,129.4,0.0,15.5,0.10632834544196723
sample4geo,3,target,0.5,200,current_margin_guard,matched,19,19,17,101.1,6.1,95.0,0.0,6.1,0.053604262165126565
sample4geo,3,target,0.5,200,old_margin_guard,budget10,20,20,20,35.0,0.0,35.0,0.0,0.0,0.0
sample4geo,3,target,0.5,200,old_margin_guard,budget25,20,20,20,89.0,1.1,87.9,0.0,1.1,0.012359550561797753
sample4geo,3,target,0.5,200,old_margin_guard,budget50,15,15,0,178.0,29.133333333333333,148.86666666666667,0.0,29.133333333333333,0.16367041198501872
sample4geo,3,target,0.5,200,old_margin_guard,full_frozen,20,20,17,134.8,11.15,123.65,0.0,11.15,0.08279772151820293
sample4geo,3,target,0.5,200,old_margin_guard,matched,20,20,17,128.7,8.5,120.2,0.0,8.5,0.06458998373258981
sample4geo,3,target,0.5,200,sq8_margin_guard,budget10,20,20,20,35.0,0.0,35.0,0.0,0.0,0.0
sample4geo,3,target,0.5,200,sq8_margin_guard,budget25,20,20,20,89.0,1.15,87.85,0.0,1.15,0.01292134831460674
sample4geo,3,target,0.5,200,sq8_margin_guard,budget50,7,7,0,178.0,26.285714285714285,151.71428571428572,0.0,26.285714285714285,0.1476725521669342
sample4geo,3,target,0.5,200,sq8_margin_guard,full_frozen,20,20,19,129.55,8.6,120.95,0.0,8.6,0.06649837909603082
sample4geo,3,target,0.5,200,sq8_margin_guard,matched,20,20,17,128.75,8.6,120.15,0.0,8.6,0.06563804446607806
sample4geo,3,target,0.5,250,current_su,budget10,20,20,20,35.0,0.45,34.55,0.45,0.0,0.012857142857142855
sample4geo,3,target,0.5,250,current_su,budget25,20,20,20,89.0,4.05,84.95,2.8,1.25,0.04550561797752809
sample4geo,3,target,0.5,250,current_su,budget50,20,20,0,178.0,36.95,141.05,26.3,10.65,0.20758426966292137
sample4geo,3,target,0.5,250,current_su,full_frozen,20,20,0,256.1,103.0,153.1,75.5,27.5,0.40203671877075087
sample4geo,3,target,0.5,250,current_su,matched,18,18,15,98.1,6.85,91.25,4.55,2.3,0.06500134220202648
sample4geo,3,target,0.5,250,current_su_guard,budget10,20,20,20,35.0,0.0,35.0,0.0,0.0,0.0
sample4geo,3,target,0.5,250,current_su_guard,budget25,20,20,20,89.0,1.35,87.65,0.0,1.35,0.0151685393258427
sample4geo,3,target,0.5,250,current_su_guard,budget50,15,15,0,178.0,24.866666666666667,153.13333333333333,0.0,24.866666666666667,0.1397003745318352
sample4geo,3,target,0.5,250,current_su_guard,full_frozen,20,20,0,174.05,24.1,149.95,0.0,24.1,0.13829654328737712
sample4geo,3,target,0.5,250,current_su_guard,matched,19,19,19,116.45,4.2,112.25,0.0,4.2,0.03446675901372697
sample4geo,3,target,0.5,250,old_su,budget10,20,20,0,35.0,17.05,17.95,17.05,0.0,0.4871428571428572
sample4geo,3,target,0.5,250,old_su,budget25,20,20,0,89.0,46.0,43.0,46.0,0.0,0.5168539325842696
sample4geo,3,target,0.5,250,old_su,budget50,20,20,0,178.0,90.5,87.5,89.5,1.0,0.5084269662921348
sample4geo,3,target,0.5,250,old_su,full_frozen,20,20,0,317.0,168.6,148.4,149.3,19.3,0.5318611987381703
sample4geo,3,target,0.5,250,old_su,matched,0,0,0,0.0,0.0,0.0,0.0,0.0,
sample4geo,3,target,0.5,250,old_su_guard,budget10,20,20,20,35.0,0.0,35.0,0.0,0.0,0.0
sample4geo,3,target,0.5,250,old_su_guard,budget25,20,20,20,89.0,1.0,88.0,0.0,1.0,0.011235955056179775
sample4geo,3,target,0.5,250,old_su_guard,budget50,15,15,1,178.0,24.2,153.8,0.0,24.2,0.1359550561797753
sample4geo,3,target,0.5,250,old_su_guard,full_frozen,20,20,13,160.8,15.1,145.7,0.0,15.1,0.09363934203468986
sample4geo,3,target,0.5,250,old_su_guard,matched,20,20,20,137.55,6.05,131.5,0.0,6.05,0.04390852890942109
sample4geo,3,target,0.5,250,current_margin,budget10,20,20,20,35.0,0.0,35.0,0.0,0.0,0.0
sample4geo,3,target,0.5,250,current_margin,budget25,20,20,20,89.0,3.15,85.85,2.05,1.1,0.03539325842696629
sample4geo,3,target,0.5,250,current_margin,budget50,20,20,0,178.0,40.1,137.9,30.5,9.6,0.22528089887640448
sample4geo,3,target,0.5,250,current_margin,full_frozen,20,20,0,312.95,157.1,155.85,122.45,34.65,0.5019058346989499
sample4geo,3,target,0.5,250,current_margin,matched,19,19,13,112.5,8.7,103.8,5.6,3.1,0.07501684033827331
sample4geo,3,target,0.5,250,current_margin_guard,budget10,20,20,20,35.0,0.0,35.0,0.0,0.0,0.0
sample4geo,3,target,0.5,250,current_margin_guard,budget25,20,20,20,89.0,1.3,87.7,0.0,1.3,0.014606741573033707
sample4geo,3,target,0.5,250,current_margin_guard,budget50,15,15,0,178.0,25.066666666666666,152.93333333333334,0.0,25.066666666666666,0.14082397003745317
sample4geo,3,target,0.5,250,current_margin_guard,full_frozen,20,20,0,177.15,25.55,151.6,0.0,25.55,0.1437855250105983
sample4geo,3,target,0.5,250,current_margin_guard,matched,20,20,12,149.9,13.55,136.35,0.0,13.55,0.08686736564118824
sample4geo,3,target,0.5,250,old_margin_guard,budget10,20,20,20,35.0,0.0,35.0,0.0,0.0,0.0
sample4geo,3,target,0.5,250,old_margin_guard,budget25,20,20,20,89.0,0.0,89.0,0.0,0.0,0.0
sample4geo,3,target,0.5,250,old_margin_guard,budget50,15,15,1,178.0,24.133333333333333,153.86666666666667,0.0,24.133333333333333,0.1355805243445693
sample4geo,3,target,0.5,250,old_margin_guard,full_frozen,20,20,3,172.45,21.7,150.75,0.0,21.7,0.12543896550834055
sample4geo,3,target,0.5,250,old_margin_guard,matched,20,20,8,165.7,17.95,147.75,0.0,17.95,0.1073972527701611
sample4geo,3,target,0.5,250,sq8_margin_guard,budget10,20,20,20,35.0,0.0,35.0,0.0,0.0,0.0
sample4geo,3,target,0.5,250,sq8_margin_guard,budget25,20,20,20,89.0,0.0,89.0,0.0,0.0,0.0
sample4geo,3,target,0.5,250,sq8_margin_guard,budget50,10,10,1,178.0,23.9,154.1,0.0,23.9,0.1342696629213483
sample4geo,3,target,0.5,250,sq8_margin_guard,full_frozen,20,20,7,166.85,18.1,148.75,0.0,18.1,0.10803345723608788
sample4geo,3,target,0.5,250,sq8_margin_guard,matched,20,20,10,164.6,16.9,147.7,0.0,16.9,0.10179508272701754
sample4geo,3,target,0.5,300,current_su,budget10,20,20,20,35.0,0.85,34.15,0.2,0.65,0.024285714285714285
sample4geo,3,target,0.5,300,current_su,budget25,20,20,20,89.0,3.75,85.25,1.35,2.4,0.04213483146067415
sample4geo,3,target,0.5,300,current_su,budget50,20,20,0,178.0,30.9,147.1,22.4,8.5,0.17359550561797754
sample4geo,3,target,0.5,300,current_su,full_frozen,20,20,0,221.85,64.95,156.9,50.0,14.95,0.2916637910767804
sample4geo,3,target,0.5,300,current_su,matched,20,20,17,114.55,7.25,107.3,3.85,3.4,0.05917787994083788
sample4geo,3,target,0.5,300,current_su_guard,budget10,20,20,20,35.0,0.65,34.35,0.0,0.65,0.018571428571428572
sample4geo,3,target,0.5,300,current_su_guard,budget25,20,20,20,89.0,2.5,86.5,0.0,2.5,0.02808988764044943
sample4geo,3,target,0.5,300,current_su_guard,budget50,14,14,6,178.0,17.785714285714285,160.21428571428572,0.0,17.785714285714285,0.09991974317817014
sample4geo,3,target,0.5,300,current_su_guard,full_frozen,20,20,18,168.55,13.85,154.7,0.0,13.85,0.08184254368143075
sample4geo,3,target,0.5,300,current_su_guard,matched,20,20,20,144.45,6.65,137.8,0.0,6.65,0.04562807143288342
sample4geo,3,target,0.5,300,old_su,budget10,20,20,0,35.0,17.45,17.55,17.45,0.0,0.49857142857142855
sample4geo,3,target,0.5,300,old_su,budget25,20,20,0,89.0,45.9,43.1,45.9,0.0,0.5157303370786517
sample4geo,3,target,0.5,300,old_su,budget50,20,20,0,178.0,91.35,86.65,89.35,2.0,0.5132022471910113
sample4geo,3,target,0.5,300,old_su,full_frozen,20,20,0,317.0,165.8,151.2,152.9,12.9,0.5230283911671924
sample4geo,3,target,0.5,300,old_su,matched,0,0,0,0.0,0.0,0.0,0.0,0.0,
sample4geo,3,target,0.5,300,old_su_guard,budget10,20,20,20,35.0,0.0,35.0,0.0,0.0,0.0
sample4geo,3,target,0.5,300,old_su_guard,budget25,20,20,20,89.0,2.3,86.7,0.0,2.3,0.02584269662921348
sample4geo,3,target,0.5,300,old_su_guard,budget50,14,14,6,178.0,17.285714285714285,160.71428571428572,0.0,17.285714285714285,0.0971107544141252
sample4geo,3,target,0.5,300,old_su_guard,full_frozen,20,20,20,159.35,10.25,149.1,0.0,10.25,0.06412448682292056
sample4geo,3,target,0.5,300,old_su_guard,matched,20,20,20,146.95,6.8,140.15,0.0,6.8,0.045734402243027245
sample4geo,3,target,0.5,300,current_margin,budget10,20,20,20,35.0,0.0,35.0,0.0,0.0,0.0
sample4geo,3,target,0.5,300,current_margin,budget25,20,20,20,89.0,2.35,86.65,1.05,1.3,0.02640449438202247
sample4geo,3,target,0.5,300,current_margin,budget50,20,20,0,178.0,32.45,145.55,25.15,7.3,0.18230337078651684
sample4geo,3,target,0.5,300,current_margin,full_frozen,20,20,0,323.35,160.15,163.2,135.45,24.7,0.4952618863097581
sample4geo,3,target,0.5,300,current_margin,matched,20,20,14,136.45,12.8,123.65,8.75,4.05,0.08719362007474812
sample4geo,3,target,0.5,300,current_margin_guard,budget10,20,20,20,35.0,0.0,35.0,0.0,0.0,0.0
sample4geo,3,target,0.5,300,current_margin_guard,budget25,20,20,20,89.0,1.35,87.65,0.0,1.35,0.015168539325842695
sample4geo,3,target,0.5,300,current_margin_guard,budget50,14,14,7,178.0,17.857142857142858,160.14285714285714,0.0,17.857142857142858,0.10032102728731941
sample4geo,3,target,0.5,300,current_margin_guard,full_frozen,20,20,5,179.3,19.45,159.85,0.0,19.45,0.10829857413150519
sample4geo,3,target,0.5,300,current_margin_guard,matched,20,20,18,162.1,10.3,151.8,0.0,10.3,0.061585199669591896
sample4geo,3,target,0.5,300,old_margin_guard,budget10,20,20,20,35.0,0.0,35.0,0.0,0.0,0.0
sample4geo,3,target,0.5,300,old_margin_guard,budget25,20,20,20,89.0,0.0,89.0,0.0,0.0,0.0
sample4geo,3,target,0.5,300,old_margin_guard,budget50,14,14,7,178.0,17.142857142857142,160.85714285714286,0.0,17.142857142857142,0.09630818619582666
sample4geo,3,target,0.5,300,old_margin_guard,full_frozen,20,20,10,177.3,18.0,159.3,0.0,18.0,0.10135070102788032
sample4geo,3,target,0.5,300,old_margin_guard,matched,20,20,16,166.0,10.85,155.15,0.0,10.85,0.06418536761880857
sample4geo,3,target,0.5,300,sq8_margin_guard,budget10,20,20,20,35.0,0.0,35.0,0.0,0.0,0.0
sample4geo,3,target,0.5,300,sq8_margin_guard,budget25,20,20,20,89.0,0.0,89.0,0.0,0.0,0.0
sample4geo,3,target,0.5,300,sq8_margin_guard,budget50,7,7,4,178.0,16.285714285714285,161.71428571428572,0.0,16.285714285714285,0.09149277688603531
sample4geo,3,target,0.5,300,sq8_margin_guard,full_frozen,20,20,20,171.6,13.75,157.85,0.0,13.75,0.08009828500110103
sample4geo,3,target,0.5,300,sq8_margin_guard,matched,20,20,20,165.5,10.5,155.0,0.0,10.5,0.06291135105411136
sample4geo,9,target,0.25,pooled,current_su,budget10,20,20,20,428.0,10.25,417.75,1.95,8.3,0.023948598130841114
sample4geo,9,target,0.25,pooled,current_su,budget25,20,20,20,1071.0,28.9,1042.1,9.85,19.05,0.02698412698412699
sample4geo,9,target,0.25,pooled,current_su,budget50,20,20,20,2142.0,147.25,1994.75,67.95,79.3,0.06874416433239963
sample4geo,9,target,0.25,pooled,current_su,full_frozen,20,20,0,2604.8,338.2,2266.6,165.05,173.15,0.12979491820796418
sample4geo,9,target,0.25,pooled,current_su,matched,20,20,20,1718.2,76.1,1642.1,33.2,42.9,0.04287491833971738
sample4geo,9,target,0.25,pooled,current_su_guard,budget10,20,20,20,428.0,8.35,419.65,0.0,8.35,0.019509345794392514
sample4geo,9,target,0.25,pooled,current_su_guard,budget25,20,20,20,1071.0,19.15,1051.85,0.0,19.15,0.01788048552754435
sample4geo,9,target,0.25,pooled,current_su_guard,budget50,20,20,20,2142.0,90.95,2051.05,0.0,90.95,0.04246031746031746
sample4geo,9,target,0.25,pooled,current_su_guard,full_frozen,20,20,20,2422.3,168.6,2253.7,0.0,168.6,0.06957524494560167
sample4geo,9,target,0.25,pooled,current_su_guard,matched,20,20,20,1943.4,65.95,1877.45,0.0,65.95,0.03340420202740935
sample4geo,9,target,0.25,pooled,old_su,budget10,20,20,0,428.0,112.25,315.75,107.25,5.0,0.262266355140187
sample4geo,9,target,0.25,pooled,old_su,budget25,20,20,0,1071.0,286.95,784.05,269.95,17.0,0.26792717086834733
sample4geo,9,target,0.25,pooled,old_su,budget50,20,20,0,2142.0,570.0,1572.0,537.55,32.45,0.26610644257703076
sample4geo,9,target,0.25,pooled,old_su,full_frozen,20,20,0,3038.0,861.75,2176.25,740.8,120.95,0.2836570111915734
sample4geo,9,target,0.25,pooled,old_su,matched,6,6,0,164.6,38.5,126.1,36.3,2.2,0.22963840006476122
sample4geo,9,target,0.25,pooled,old_su_guard,budget10,20,20,20,428.0,8.6,419.4,0.0,8.6,0.020093457943925228
sample4geo,9,target,0.25,pooled,old_su_guard,budget25,20,20,20,1071.0,18.95,1052.05,0.0,18.95,0.0176937441643324
sample4geo,9,target,0.25,pooled,old_su_guard,budget50,20,20,20,2142.0,83.2,2058.8,0.0,83.2,0.038842203548085895
sample4geo,9,target,0.25,pooled,old_su_guard,full_frozen,20,20,20,2271.4,109.2,2162.2,0.0,109.2,0.048106643990566564
sample4geo,9,target,0.25,pooled,old_su_guard,matched,20,20,20,2012.7,66.9,1945.8,0.0,66.9,0.03297175255176856
sample4geo,9,target,0.25,pooled,current_margin,budget10,20,20,20,428.0,0.2,427.8,0.0,0.2,0.0004672897196261682
sample4geo,9,target,0.25,pooled,current_margin,budget25,20,20,20,1071.0,10.75,1060.25,7.85,2.9,0.010037348272642391
sample4geo,9,target,0.25,pooled,current_margin,budget50,20,20,17,2142.0,168.95,1973.05,99.85,69.1,0.07887488328664799
sample4geo,9,target,0.25,pooled,current_margin,full_frozen,20,20,0,3017.2,634.85,2382.35,363.3,271.55,0.21036973037365528
sample4geo,9,target,0.25,pooled,current_margin,matched,20,20,16,2084.45,162.3,1922.15,96.8,65.5,0.07425638241590238
sample4geo,9,target,0.25,pooled,current_margin_guard,budget10,20,20,20,428.0,0.2,427.8,0.0,0.2,0.0004672897196261682
sample4geo,9,target,0.25,pooled,current_margin_guard,budget25,20,20,20,1071.0,3.05,1067.95,0.0,3.05,0.0028478057889822594
sample4geo,9,target,0.25,pooled,current_margin_guard,budget50,20,20,20,2142.0,88.8,2053.2,0.0,88.8,0.04145658263305322
sample4geo,9,target,0.25,pooled,current_margin_guard,full_frozen,20,20,12,2612.1,253.0,2359.1,0.0,253.0,0.09686015277464671
sample4geo,9,target,0.25,pooled,current_margin_guard,matched,20,20,19,2469.25,196.0,2273.25,0.0,196.0,0.07918953330425126
sample4geo,9,target,0.25,pooled,old_margin_guard,budget10,20,20,20,428.0,0.0,428.0,0.0,0.0,0.0
sample4geo,9,target,0.25,pooled,old_margin_guard,budget25,20,20,20,1071.0,0.4,1070.6,0.0,0.4,0.0003734827264239029
sample4geo,9,target,0.25,pooled,old_margin_guard,budget50,20,20,20,2142.0,70.3,2071.7,0.0,70.3,0.03281979458450047
sample4geo,9,target,0.25,pooled,old_margin_guard,full_frozen,20,20,20,2519.35,195.1,2324.25,0.0,195.1,0.07746726669749603
sample4geo,9,target,0.25,pooled,old_margin_guard,matched,20,20,20,2478.95,179.3,2299.65,0.0,179.3,0.07220027984061746
sample4geo,9,target,0.25,pooled,sq8_margin_guard,budget10,20,20,20,428.0,0.0,428.0,0.0,0.0,0.0
sample4geo,9,target,0.25,pooled,sq8_margin_guard,budget25,20,20,20,1071.0,0.35,1070.65,0.0,0.35,0.00032679738562091506
sample4geo,9,target,0.25,pooled,sq8_margin_guard,budget50,20,20,20,2142.0,70.95,2071.05,0.0,70.95,0.03312324929971989
sample4geo,9,target,0.25,pooled,sq8_margin_guard,full_frozen,20,20,20,2478.3,176.15,2302.15,0.0,176.15,0.07110865152856947
sample4geo,9,target,0.25,pooled,sq8_margin_guard,matched,20,20,20,2472.7,174.9,2297.8,0.0,174.9,0.07046650237479674
sample4geo,9,target,0.25,150,current_su,budget10,20,20,20,107.0,2.65,104.35,0.65,2.0,0.024766355140186914
sample4geo,9,target,0.25,150,current_su,budget25,20,20,20,267.0,13.85,253.15,4.5,9.35,0.051872659176029956
sample4geo,9,target,0.25,150,current_su,budget50,20,20,0,535.0,96.8,438.2,35.95,60.85,0.1809345794392523
sample4geo,9,target,0.25,150,current_su,full_frozen,20,20,17,331.25,25.05,306.2,8.05,17.0,0.07559438591164884
sample4geo,9,target,0.25,150,current_su,matched,20,20,20,208.75,7.45,201.3,2.35,5.1,0.03401951072705918
sample4geo,9,target,0.25,150,current_su_guard,budget10,20,20,20,107.0,2.0,105.0,0.0,2.0,0.018691588785046728
sample4geo,9,target,0.25,150,current_su_guard,budget25,20,20,20,267.0,9.75,257.25,0.0,9.75,0.03651685393258427
sample4geo,9,target,0.25,150,current_su_guard,budget50,20,20,0,535.0,77.3,457.7,0.0,77.3,0.14448598130841123
sample4geo,9,target,0.25,150,current_su_guard,full_frozen,20,20,20,322.6,16.9,305.7,0.0,16.9,0.05249411142347273
sample4geo,9,target,0.25,150,current_su_guard,matched,20,20,20,222.4,6.05,216.35,0.0,6.05,0.026169097380976714
sample4geo,9,target,0.25,150,old_su,budget10,20,20,0,107.0,28.75,78.25,26.75,2.0,0.2686915887850467
sample4geo,9,target,0.25,150,old_su,budget25,20,20,0,267.0,71.2,195.8,68.2,3.0,0.26666666666666666
sample4geo,9,target,0.25,150,old_su,budget50,20,20,0,535.0,157.25,377.75,129.05,28.2,0.29392523364485984
sample4geo,9,target,0.25,150,old_su,full_frozen,20,20,0,388.0,108.55,279.45,95.45,13.1,0.2797680412371134
sample4geo,9,target,0.25,150,old_su,matched,6,6,0,49.55,10.55,39.0,9.95,0.6,0.21857302918184204
sample4geo,9,target,0.25,150,old_su_guard,budget10,20,20,20,107.0,2.0,105.0,0.0,2.0,0.018691588785046728
sample4geo,9,target,0.25,150,old_su_guard,budget25,20,20,20,267.0,7.95,259.05,0.0,7.95,0.029775280898876405
sample4geo,9,target,0.25,150,old_su_guard,budget50,20,20,0,535.0,76.15,458.85,0.0,76.15,0.14233644859813083
sample4geo,9,target,0.25,150,old_su_guard,full_frozen,20,20,20,289.75,11.2,278.55,0.0,11.2,0.038786791438383365
sample4geo,9,target,0.25,150,old_su_guard,matched,20,20,20,245.25,5.35,239.9,0.0,5.35,0.020379288393514293
sample4geo,9,target,0.25,150,current_margin,budget10,20,20,20,107.0,0.5,106.5,0.4,0.1,0.004672897196261682
sample4geo,9,target,0.25,150,current_margin,budget25,20,20,20,267.0,13.3,253.7,7.25,6.05,0.049812734082397
sample4geo,9,target,0.25,150,current_margin,budget50,20,20,0,535.0,115.65,419.35,49.0,66.65,0.2161682242990654
sample4geo,9,target,0.25,150,current_margin,full_frozen,20,20,1,438.45,59.55,378.9,27.1,32.45,0.1355407120293135
sample4geo,9,target,0.25,150,current_margin,matched,20,20,18,266.1,16.3,249.8,8.45,7.85,0.05401562777880305
sample4geo,9,target,0.25,150,current_margin_guard,budget10,20,20,20,107.0,0.1,106.9,0.0,0.1,0.0009345794392523364
sample4geo,9,target,0.25,150,current_margin_guard,budget25,20,20,20,267.0,6.65,260.35,0.0,6.65,0.0249063670411985
sample4geo,9,target,0.25,150,current_margin_guard,budget50,20,20,0,535.0,88.7,446.3,0.0,88.7,0.1657943925233645
sample4geo,9,target,0.25,150,current_margin_guard,full_frozen,20,20,18,407.9,31.4,376.5,0.0,31.4,0.07688740585008488
sample4geo,9,target,0.25,150,current_margin_guard,matched,20,20,20,314.45,14.9,299.55,0.0,14.9,0.04497065387384268
sample4geo,9,target,0.25,150,old_margin_guard,budget10,20,20,20,107.0,0.0,107.0,0.0,0.0,0.0
sample4geo,9,target,0.25,150,old_margin_guard,budget25,20,20,20,267.0,4.8,262.2,0.0,4.8,0.017977528089887642
sample4geo,9,target,0.25,150,old_margin_guard,budget50,20,20,0,535.0,81.95,453.05,0.0,81.95,0.15317757009345795
sample4geo,9,target,0.25,150,old_margin_guard,full_frozen,20,20,20,379.1,17.85,361.25,0.0,17.85,0.04719635822093403
sample4geo,9,target,0.25,150,old_margin_guard,matched,20,20,20,358.8,16.1,342.7,0.0,16.1,0.04430750253865275
sample4geo,9,target,0.25,150,sq8_margin_guard,budget10,20,20,20,107.0,0.0,107.0,0.0,0.0,0.0
sample4geo,9,target,0.25,150,sq8_margin_guard,budget25,20,20,20,267.0,4.75,262.25,0.0,4.75,0.017790262172284646
sample4geo,9,target,0.25,150,sq8_margin_guard,budget50,20,20,0,535.0,82.6,452.4,0.0,82.6,0.154392523364486
sample4geo,9,target,0.25,150,sq8_margin_guard,full_frozen,20,20,20,370.8,16.95,353.85,0.0,16.95,0.045814136413505346
sample4geo,9,target,0.25,150,sq8_margin_guard,matched,20,20,20,356.75,16.3,340.45,0.0,16.3,0.044569336645243054
sample4geo,9,target,0.25,200,current_su,budget10,20,20,20,107.0,2.65,104.35,0.25,2.4,0.024766355140186914
sample4geo,9,target,0.25,200,current_su,budget25,20,20,20,267.0,5.4,261.6,2.2,3.2,0.020224719101123594
sample4geo,9,target,0.25,200,current_su,budget50,20,20,17,535.0,39.3,495.7,20.45,18.85,0.07345794392523364
sample4geo,9,target,0.25,200,current_su,full_frozen,20,20,20,504.1,30.75,473.35,15.35,15.4,0.061158658731985185
sample4geo,9,target,0.25,200,current_su,matched,20,20,20,374.5,12.2,362.3,5.5,6.7,0.03169364862885105
sample4geo,9,target,0.25,200,current_su_guard,budget10,20,20,20,107.0,2.4,104.6,0.0,2.4,0.022429906542056073
sample4geo,9,target,0.25,200,current_su_guard,budget25,20,20,20,267.0,3.25,263.75,0.0,3.25,0.012172284644194757
sample4geo,9,target,0.25,200,current_su_guard,budget50,20,20,20,535.0,23.55,511.45,0.0,23.55,0.044018691588785054
sample4geo,9,target,0.25,200,current_su_guard,full_frozen,20,20,20,487.75,15.35,472.4,0.0,15.35,0.03157619391324641
sample4geo,9,target,0.25,200,current_su_guard,matched,20,20,20,396.65,7.9,388.75,0.0,7.9,0.01967588164738336
sample4geo,9,target,0.25,200,old_su,budget10,20,20,1,107.0,28.65,78.35,27.65,1.0,0.2677570093457944
sample4geo,9,target,0.25,200,old_su,budget25,20,20,0,267.0,71.1,195.9,68.1,3.0,0.2662921348314607
sample4geo,9,target,0.25,200,old_su,budget50,20,20,0,535.0,139.55,395.45,134.15,5.4,0.2608411214953271
sample4geo,9,target,0.25,200,old_su,full_frozen,20,20,0,612.0,165.25,446.75,152.5,12.75,0.27001633986928103
sample4geo,9,target,0.25,200,old_su,matched,8,8,0,61.35,13.4,47.95,12.6,0.8,0.22374533548889014
sample4geo,9,target,0.25,200,old_su_guard,budget10,20,20,20,107.0,2.6,104.4,0.0,2.6,0.024299065420560748
sample4geo,9,target,0.25,200,old_su_guard,budget25,20,20,20,267.0,3.0,264.0,0.0,3.0,0.011235955056179775
sample4geo,9,target,0.25,200,old_su_guard,budget50,20,20,20,535.0,22.2,512.8,0.0,22.2,0.041495327102803736
sample4geo,9,target,0.25,200,old_su_guard,full_frozen,20,20,20,456.55,11.05,445.5,0.0,11.05,0.024327875888030936
sample4geo,9,target,0.25,200,old_su_guard,matched,20,20,20,417.6,6.8,410.8,0.0,6.8,0.01602794884339174
sample4geo,9,target,0.25,200,current_margin,budget10,20,20,20,107.0,0.05,106.95,0.0,0.05,0.0004672897196261682
sample4geo,9,target,0.25,200,current_margin,budget25,20,20,20,267.0,2.8,264.2,2.05,0.75,0.01048689138576779
sample4geo,9,target,0.25,200,current_margin,budget50,20,20,11,535.0,52.3,482.7,30.75,21.55,0.09775700934579439
sample4geo,9,target,0.25,200,current_margin,full_frozen,20,20,0,715.15,137.45,577.7,76.45,61.0,0.19206522236722462
sample4geo,9,target,0.25,200,current_margin,matched,20,20,16,487.1,38.2,448.9,22.55,15.65,0.07496293912953125
sample4geo,9,target,0.25,200,current_margin_guard,budget10,20,20,20,107.0,0.05,106.95,0.0,0.05,0.0004672897196261682
sample4geo,9,target,0.25,200,current_margin_guard,budget25,20,20,20,267.0,0.75,266.25,0.0,0.75,0.002808988764044944
sample4geo,9,target,0.25,200,current_margin_guard,budget50,20,20,20,535.0,27.0,508.0,0.0,27.0,0.05046728971962616
sample4geo,9,target,0.25,200,current_margin_guard,full_frozen,20,20,16,630.25,57.3,572.95,0.0,57.3,0.09089544020115585
sample4geo,9,target,0.25,200,current_margin_guard,matched,20,20,20,573.8,37.95,535.85,0.0,37.95,0.06558676434798996
sample4geo,9,target,0.25,200,old_margin_guard,budget10,20,20,20,107.0,0.0,107.0,0.0,0.0,0.0
sample4geo,9,target,0.25,200,old_margin_guard,budget25,20,20,20,267.0,0.0,267.0,0.0,0.0,0.0
sample4geo,9,target,0.25,200,old_margin_guard,budget50,20,20,20,535.0,23.0,512.0,0.0,23.0,0.042990654205607465
sample4geo,9,target,0.25,200,old_margin_guard,full_frozen,20,20,20,608.95,46.15,562.8,0.0,46.15,0.07582227213100849
sample4geo,9,target,0.25,200,old_margin_guard,matched,20,20,20,592.9,40.25,552.65,0.0,40.25,0.06741314054177014
sample4geo,9,target,0.25,200,sq8_margin_guard,budget10,20,20,20,107.0,0.0,107.0,0.0,0.0,0.0
sample4geo,9,target,0.25,200,sq8_margin_guard,budget25,20,20,20,267.0,0.0,267.0,0.0,0.0,0.0
sample4geo,9,target,0.25,200,sq8_margin_guard,budget50,20,20,20,535.0,22.95,512.05,0.0,22.95,0.042897196261682244
sample4geo,9,target,0.25,200,sq8_margin_guard,full_frozen,20,20,20,596.7,39.8,556.9,0.0,39.8,0.06675279358358403
sample4geo,9,target,0.25,200,sq8_margin_guard,matched,20,20,20,592.2,38.95,553.25,0.0,38.95,0.06520897421909708
sample4geo,9,target,0.25,250,current_su,budget10,20,20,20,107.0,3.55,103.45,0.55,3.0,0.03317757009345794
sample4geo,9,target,0.25,250,current_su,budget25,20,20,20,267.0,8.65,258.35,2.65,6.0,0.03239700374531835
sample4geo,9,target,0.25,250,current_su,budget50,20,20,20,535.0,26.75,508.25,11.45,15.3,0.05
sample4geo,9,target,0.25,250,current_su,full_frozen,20,20,0,844.0,174.55,669.45,95.55,79.0,0.2066759474663608
sample4geo,9,target,0.25,250,current_su,matched,20,20,18,567.25,38.5,528.75,18.6,19.9,0.06481685681976065
sample4geo,9,target,0.25,250,current_su_guard,budget10,20,20,20,107.0,3.0,104.0,0.0,3.0,0.02803738317757009
sample4geo,9,target,0.25,250,current_su_guard,budget25,20,20,20,267.0,6.05,260.95,0.0,6.05,0.022659176029962546
sample4geo,9,target,0.25,250,current_su_guard,budget50,20,20,20,535.0,15.65,519.35,0.0,15.65,0.029252336448598128
sample4geo,9,target,0.25,250,current_su_guard,full_frozen,20,20,9,736.75,73.95,662.8,0.0,73.95,0.10032376525399749
sample4geo,9,target,0.25,250,current_su_guard,matched,20,20,19,664.55,44.1,620.45,0.0,44.1,0.06555259017801908
sample4geo,9,target,0.25,250,old_su,budget10,20,20,0,107.0,29.05,77.95,27.05,2.0,0.2714953271028037
sample4geo,9,target,0.25,250,old_su,budget25,20,20,0,267.0,72.2,194.8,67.2,5.0,0.2704119850187266
sample4geo,9,target,0.25,250,old_su,budget50,20,20,0,535.0,141.05,393.95,134.05,7.0,0.2636448598130841
sample4geo,9,target,0.25,250,old_su,full_frozen,20,20,0,946.0,289.3,656.7,222.75,66.55,0.30581395348837204
sample4geo,9,target,0.25,250,old_su,matched,5,5,0,43.85,11.25,32.6,10.5,0.75,0.2557822497289706
sample4geo,9,target,0.25,250,old_su_guard,budget10,20,20,20,107.0,3.0,104.0,0.0,3.0,0.02803738317757009
sample4geo,9,target,0.25,250,old_su_guard,budget25,20,20,20,267.0,6.15,260.85,0.0,6.15,0.02303370786516854
sample4geo,9,target,0.25,250,old_su_guard,budget50,20,20,20,535.0,15.35,519.65,0.0,15.35,0.02869158878504673
sample4geo,9,target,0.25,250,old_su_guard,full_frozen,20,20,20,709.7,59.45,650.25,0.0,59.45,0.0837635747794698
sample4geo,9,target,0.25,250,old_su_guard,matched,20,20,20,674.65,46.5,628.15,0.0,46.5,0.06823320856117619
sample4geo,9,target,0.25,250,current_margin,budget10,20,20,20,107.0,0.1,106.9,0.0,0.1,0.0009345794392523364
sample4geo,9,target,0.25,250,current_margin,budget25,20,20,20,267.0,2.5,264.5,2.1,0.4,0.009363295880149813
sample4geo,9,target,0.25,250,current_margin,budget50,20,20,20,535.0,23.35,511.65,16.1,7.25,0.043644859813084115
sample4geo,9,target,0.25,250,current_margin,full_frozen,20,20,0,889.9,224.35,665.55,138.35,86.0,0.25205223597301457
sample4geo,9,target,0.25,250,current_margin,matched,20,20,11,640.7,64.25,576.45,41.5,22.75,0.09720219146578352
sample4geo,9,target,0.25,250,current_margin_guard,budget10,20,20,20,107.0,0.1,106.9,0.0,0.1,0.0009345794392523364
sample4geo,9,target,0.25,250,current_margin_guard,budget25,20,20,20,267.0,0.45,266.55,0.0,0.45,0.0016853932584269663
sample4geo,9,target,0.25,250,current_margin_guard,budget50,20,20,20,535.0,10.1,524.9,0.0,10.1,0.018878504672897194
sample4geo,9,target,0.25,250,current_margin_guard,full_frozen,20,20,5,733.75,75.9,657.85,0.0,75.9,0.10342105384824447
sample4geo,9,target,0.25,250,current_margin_guard,matched,20,20,13,716.75,66.3,650.45,0.0,66.3,0.09208937606687251
sample4geo,9,target,0.25,250,old_margin_guard,budget10,20,20,20,107.0,0.0,107.0,0.0,0.0,0.0
sample4geo,9,target,0.25,250,old_margin_guard,budget25,20,20,20,267.0,0.0,267.0,0.0,0.0,0.0
sample4geo,9,target,0.25,250,old_margin_guard,budget50,20,20,20,535.0,6.65,528.35,0.0,6.65,0.012429906542056075
sample4geo,9,target,0.25,250,old_margin_guard,full_frozen,20,20,15,718.9,65.5,653.4,0.0,65.5,0.09108941581540335
sample4geo,9,target,0.25,250,old_margin_guard,matched,20,20,15,716.1,63.2,652.9,0.0,63.2,0.0878653585105878
sample4geo,9,target,0.25,250,sq8_margin_guard,budget10,20,20,20,107.0,0.0,107.0,0.0,0.0,0.0
sample4geo,9,target,0.25,250,sq8_margin_guard,budget25,20,20,20,267.0,0.0,267.0,0.0,0.0,0.0
sample4geo,9,target,0.25,250,sq8_margin_guard,budget50,20,20,20,535.0,6.65,528.35,0.0,6.65,0.012429906542056075
sample4geo,9,target,0.25,250,sq8_margin_guard,full_frozen,20,20,20,709.9,58.7,651.2,0.0,58.7,0.08270181660529977
sample4geo,9,target,0.25,250,sq8_margin_guard,matched,20,20,15,720.15,64.75,655.4,0.0,64.75,0.08922446349139115
sample4geo,9,target,0.25,300,current_su,budget10,20,20,20,107.0,1.25,105.75,0.05,1.2,0.011682242990654203
sample4geo,9,target,0.25,300,current_su,budget25,20,20,20,267.0,8.45,258.55,1.95,6.5,0.031647940074906365
sample4geo,9,target,0.25,300,current_su,budget50,20,20,20,535.0,18.1,516.9,8.2,9.9,0.03383177570093458
sample4geo,9,target,0.25,300,current_su,full_frozen,20,20,0,975.9,255.35,720.55,171.85,83.5,0.26155195684551963
sample4geo,9,target,0.25,300,current_su,matched,20,20,19,621.2,36.8,584.4,20.65,16.15,0.05705010383368138
sample4geo,9,target,0.25,300,current_su_guard,budget10,20,20,20,107.0,1.2,105.8,0.0,1.2,0.011214953271028037
sample4geo,9,target,0.25,300,current_su_guard,budget25,20,20,20,267.0,6.55,260.45,0.0,6.55,0.02453183520599251
sample4geo,9,target,0.25,300,current_su_guard,budget50,20,20,20,535.0,10.7,524.3,0.0,10.7,0.02
sample4geo,9,target,0.25,300,current_su_guard,full_frozen,20,20,9,789.5,78.05,711.45,0.0,78.05,0.0988369852224873
sample4geo,9,target,0.25,300,current_su_guard,matched,20,20,17,736.45,52.75,683.7,0.0,52.75,0.07034018429730289
sample4geo,9,target,0.25,300,old_su,budget10,20,20,2,107.0,27.3,79.7,27.3,0.0,0.25514018691588786
sample4geo,9,target,0.25,300,old_su,budget25,20,20,0,267.0,69.1,197.9,66.1,3.0,0.2588014981273408
sample4geo,9,target,0.25,300,old_su,budget50,20,20,0,535.0,141.4,393.6,134.4,7.0,0.26429906542056075
sample4geo,9,target,0.25,300,old_su,full_frozen,20,20,0,1038.0,319.9,718.1,240.25,79.65,0.30818882466281305
sample4geo,9,target,0.25,300,old_su,matched,5,5,0,56.4,13.95,42.45,13.2,0.75,0.25233770962407337
sample4geo,9,target,0.25,300,old_su_guard,budget10,20,20,20,107.0,1.0,106.0,0.0,1.0,0.009345794392523362
sample4geo,9,target,0.25,300,old_su_guard,budget25,20,20,20,267.0,6.85,260.15,0.0,6.85,0.02565543071161049
sample4geo,9,target,0.25,300,old_su_guard,budget50,20,20,20,535.0,10.15,524.85,0.0,10.15,0.01897196261682243
sample4geo,9,target,0.25,300,old_su_guard,full_frozen,20,20,17,780.5,71.75,708.75,0.0,71.75,0.09190134953152793
sample4geo,9,target,0.25,300,old_su_guard,matched,20,20,17,741.6,53.35,688.25,0.0,53.35,0.07102930823123858
sample4geo,9,target,0.25,300,current_margin,budget10,20,20,20,107.0,0.0,107.0,0.0,0.0,0.0
sample4geo,9,target,0.25,300,current_margin,budget25,20,20,20,267.0,1.5,265.5,1.15,0.35,0.0056179775280898875
sample4geo,9,target,0.25,300,current_margin,budget50,20,20,20,535.0,11.9,523.1,9.1,2.8,0.022242990654205607
sample4geo,9,target,0.25,300,current_margin,full_frozen,20,20,0,1020.0,301.6,718.4,211.35,90.25,0.2956735644491798
sample4geo,9,target,0.25,300,current_margin,matched,20,20,13,683.95,60.25,623.7,42.75,17.5,0.08475124330622434
sample4geo,9,target,0.25,300,current_margin_guard,budget10,20,20,20,107.0,0.0,107.0,0.0,0.0,0.0
sample4geo,9,target,0.25,300,current_margin_guard,budget25,20,20,20,267.0,0.35,266.65,0.0,0.35,0.0013108614232209739
sample4geo,9,target,0.25,300,current_margin_guard,budget50,20,20,20,535.0,3.05,531.95,0.0,3.05,0.005700934579439251
sample4geo,9,target,0.25,300,current_margin_guard,full_frozen,20,20,7,788.75,80.45,708.3,0.0,80.45,0.10195128269829215
sample4geo,9,target,0.25,300,current_margin_guard,matched,20,20,17,765.25,64.3,700.95,0.0,64.3,0.083569821844996
sample4geo,9,target,0.25,300,old_margin_guard,budget10,20,20,20,107.0,0.0,107.0,0.0,0.0,0.0
sample4geo,9,target,0.25,300,old_margin_guard,budget25,20,20,20,267.0,0.0,267.0,0.0,0.0,0.0
sample4geo,9,target,0.25,300,old_margin_guard,budget50,20,20,20,535.0,0.65,534.35,0.0,0.65,0.0012149532710280376
sample4geo,9,target,0.25,300,old_margin_guard,full_frozen,20,20,9,784.7,77.35,707.35,0.0,77.35,0.09851747660511205
sample4geo,9,target,0.25,300,old_margin_guard,matched,20,20,17,772.25,68.0,704.25,0.0,68.0,0.08783759840957676
sample4geo,9,target,0.25,300,sq8_margin_guard,budget10,20,20,20,107.0,0.0,107.0,0.0,0.0,0.0
sample4geo,9,target,0.25,300,sq8_margin_guard,budget25,20,20,20,267.0,0.0,267.0,0.0,0.0,0.0
sample4geo,9,target,0.25,300,sq8_margin_guard,budget50,20,20,20,535.0,0.85,534.15,0.0,0.85,0.001588785046728972
sample4geo,9,target,0.25,300,sq8_margin_guard,full_frozen,20,20,18,771.15,67.45,703.7,0.0,67.45,0.08742469635373534
sample4geo,9,target,0.25,300,sq8_margin_guard,matched,20,20,16,768.4,65.55,702.85,0.0,65.55,0.085119702113677
sample4geo,9,control,0.25,pooled,current_su,budget10,20,20,20,428.0,1.4,426.6,0.0,1.4,0.0032710280373831773
sample4geo,9,control,0.25,pooled,current_su,budget25,20,20,20,1071.0,5.95,1065.05,0.0,5.95,0.005555555555555555
sample4geo,9,control,0.25,pooled,current_su,budget50,20,20,20,2142.0,12.3,2129.7,0.0,12.3,0.0057422969187675066
sample4geo,9,control,0.25,pooled,current_su,full_frozen,20,20,20,3246.6,161.6,3085.0,0.0,161.6,0.04976511747426923
sample4geo,9,control,0.25,pooled,current_su,matched,20,20,20,3458.85,233.7,3225.15,0.0,233.7,0.06688252280399129
sample4geo,9,control,0.25,pooled,current_su_guard,budget10,20,20,20,428.0,1.4,426.6,0.0,1.4,0.0032710280373831773
sample4geo,9,control,0.25,pooled,current_su_guard,budget25,20,20,20,1071.0,5.95,1065.05,0.0,5.95,0.005555555555555555
sample4geo,9,control,0.25,pooled,current_su_guard,budget50,20,20,20,2142.0,12.6,2129.4,0.0,12.6,0.005882352941176471
sample4geo,9,control,0.25,pooled,current_su_guard,full_frozen,20,20,20,3215.25,158.15,3057.1,0.0,158.15,0.049168627538987805
sample4geo,9,control,0.25,pooled,current_su_guard,matched,20,20,20,3538.9,272.85,3266.05,0.0,272.85,0.07633238576153101
sample4geo,9,control,0.25,pooled,old_su,budget10,20,20,20,428.0,1.75,426.25,0.0,1.75,0.0040887850467289715
sample4geo,9,control,0.25,pooled,old_su,budget25,20,20,20,1071.0,5.95,1065.05,0.0,5.95,0.005555555555555555
sample4geo,9,control,0.25,pooled,old_su,budget50,20,20,20,2142.0,18.65,2123.35,0.0,18.65,0.008706816059757237
sample4geo,9,control,0.25,pooled,old_su,full_frozen,20,20,20,3038.0,111.4,2926.6,0.0,111.4,0.036668861092824225
sample4geo,9,control,0.25,pooled,old_su,matched,20,20,20,3549.25,273.0,3276.25,0.0,273.0,0.07661170136530378
sample4geo,9,control,0.25,pooled,old_su_guard,budget10,20,20,20,428.0,1.75,426.25,0.0,1.75,0.0040887850467289715
sample4geo,9,control,0.25,pooled,old_su_guard,budget25,20,20,20,1071.0,5.95,1065.05,0.0,5.95,0.005555555555555555
sample4geo,9,control,0.25,pooled,old_su_guard,budget50,20,20,20,2142.0,19.15,2122.85,0.0,19.15,0.008940242763772177
sample4geo,9,control,0.25,pooled,old_su_guard,full_frozen,20,20,20,3008.6,105.6,2903.0,0.0,105.6,0.03508559111258077
sample4geo,9,control,0.25,pooled,old_su_guard,matched,20,20,16,3628.05,310.6,3317.45,0.0,310.6,0.0850308569135472
sample4geo,9,control,0.25,pooled,current_margin,budget10,20,20,20,428.0,0.0,428.0,0.0,0.0,0.0
sample4geo,9,control,0.25,pooled,current_margin,budget25,20,20,20,1071.0,0.0,1071.0,0.0,0.0,0.0
sample4geo,9,control,0.25,pooled,current_margin,budget50,20,20,20,2142.0,9.7,2132.3,0.0,9.7,0.004528478057889822
sample4geo,9,control,0.25,pooled,current_margin,full_frozen,20,20,20,3515.7,252.05,3263.65,0.0,252.05,0.07169050776462235
sample4geo,9,control,0.25,pooled,current_margin,matched,20,20,20,3577.65,275.8,3301.85,0.0,275.8,0.07696349486929954
sample4geo,9,control,0.25,pooled,current_margin_guard,budget10,20,20,20,428.0,0.0,428.0,0.0,0.0,0.0
sample4geo,9,control,0.25,pooled,current_margin_guard,budget25,20,20,20,1071.0,0.0,1071.0,0.0,0.0,0.0
sample4geo,9,control,0.25,pooled,current_margin_guard,budget50,20,20,20,2142.0,10.5,2131.5,0.0,10.5,0.0049019607843137246
sample4geo,9,control,0.25,pooled,current_margin_guard,full_frozen,20,20,20,3442.35,230.2,3212.15,0.0,230.2,0.06687013330924277
sample4geo,9,control,0.25,pooled,current_margin_guard,matched,20,20,20,3601.45,299.9,3301.55,0.0,299.9,0.08304954959348534
sample4geo,9,control,0.25,pooled,old_margin_guard,budget10,20,20,20,428.0,0.0,428.0,0.0,0.0,0.0
sample4geo,9,control,0.25,pooled,old_margin_guard,budget25,20,20,20,1071.0,0.0,1071.0,0.0,0.0,0.0
sample4geo,9,control,0.25,pooled,old_margin_guard,budget50,20,20,20,2142.0,12.0,2130.0,0.0,12.0,0.005602240896358543
sample4geo,9,control,0.25,pooled,old_margin_guard,full_frozen,20,20,20,3321.55,198.55,3123.0,0.0,198.55,0.059764518848328785
sample4geo,9,control,0.25,pooled,old_margin_guard,matched,20,20,17,3605.25,315.2,3290.05,0.0,315.2,0.08714637543747038
sample4geo,9,control,0.25,pooled,sq8_margin_guard,budget10,20,20,20,428.0,0.0,428.0,0.0,0.0,0.0
sample4geo,9,control,0.25,pooled,sq8_margin_guard,budget25,20,20,20,1071.0,0.0,1071.0,0.0,0.0,0.0
sample4geo,9,control,0.25,pooled,sq8_margin_guard,budget50,20,20,20,2142.0,12.4,2129.6,0.0,12.4,0.005788982259570494
sample4geo,9,control,0.25,pooled,sq8_margin_guard,full_frozen,20,20,20,3250.8,183.35,3067.45,0.0,183.35,0.05638347890477265
sample4geo,9,control,0.25,pooled,sq8_margin_guard,matched,20,20,16,3596.05,317.75,3278.3,0.0,317.75,0.08802249787822365
sample4geo,9,control,0.25,150,current_su,budget10,20,20,20,107.0,0.65,106.35,0.0,0.65,0.006074766355140186
sample4geo,9,control,0.25,150,current_su,budget25,20,20,20,267.0,0.7,266.3,0.0,0.7,0.0026217228464419473
sample4geo,9,control,0.25,150,current_su,budget50,20,20,20,535.0,23.35,511.65,0.0,23.35,0.043644859813084115
sample4geo,9,control,0.25,150,current_su,full_frozen,20,20,20,444.3,13.0,431.3,0.0,13.0,0.029283547088799218
sample4geo,9,control,0.25,150,current_su,matched,20,20,20,483.9,17.7,466.2,0.0,17.7,0.03604723634577127
sample4geo,9,control,0.25,150,current_su_guard,budget10,20,20,20,107.0,0.65,106.35,0.0,0.65,0.006074766355140186
sample4geo,9,control,0.25,150,current_su_guard,budget25,20,20,20,267.0,0.7,266.3,0.0,0.7,0.0026217228464419473
sample4geo,9,control,0.25,150,current_su_guard,budget50,20,20,20,535.0,24.1,510.9,0.0,24.1,0.045046728971962616
sample4geo,9,control,0.25,150,current_su_guard,full_frozen,20,20,20,439.25,13.0,426.25,0.0,13.0,0.0296070466265346
sample4geo,9,control,0.25,150,current_su_guard,matched,20,20,20,514.5,22.45,492.05,0.0,22.45,0.042118741322839034
sample4geo,9,control,0.25,150,old_su,budget10,20,20,20,107.0,0.7,106.3,0.0,0.7,0.006542056074766355
sample4geo,9,control,0.25,150,old_su,budget25,20,20,20,267.0,1.05,265.95,0.0,1.05,0.003932584269662922
sample4geo,9,control,0.25,150,old_su,budget50,20,20,20,535.0,24.65,510.35,0.0,24.65,0.04607476635514019
sample4geo,9,control,0.25,150,old_su,full_frozen,20,20,20,388.0,10.35,377.65,0.0,10.35,0.026675257731958762
sample4geo,9,control,0.25,150,old_su,matched,20,20,20,436.15,14.15,422.0,0.0,14.15,0.03234186005289705
sample4geo,9,control,0.25,150,old_su_guard,budget10,20,20,20,107.0,0.7,106.3,0.0,0.7,0.006542056074766355
sample4geo,9,control,0.25,150,old_su_guard,budget25,20,20,20,267.0,1.05,265.95,0.0,1.05,0.003932584269662922
sample4geo,9,control,0.25,150,old_su_guard,budget50,20,20,20,535.0,22.4,512.6,0.0,22.4,0.04186915887850467
sample4geo,9,control,0.25,150,old_su_guard,full_frozen,20,20,20,384.35,10.35,374.0,0.0,10.35,0.026911328258521938
sample4geo,9,control,0.25,150,old_su_guard,matched,20,20,20,529.2,25.65,503.55,0.0,25.65,0.0468595711466768
sample4geo,9,control,0.25,150,current_margin,budget10,20,20,20,107.0,0.0,107.0,0.0,0.0,0.0
sample4geo,9,control,0.25,150,current_margin,budget25,20,20,20,267.0,1.35,265.65,0.0,1.35,0.0050561797752808986
sample4geo,9,control,0.25,150,current_margin,budget50,20,20,20,535.0,27.25,507.75,0.0,27.25,0.05093457943925234
sample4geo,9,control,0.25,150,current_margin,full_frozen,20,20,20,578.0,36.75,541.25,0.0,36.75,0.0635370218668935
sample4geo,9,control,0.25,150,current_margin,matched,20,20,20,597.2,42.2,555.0,0.0,42.2,0.07007046656637886
sample4geo,9,control,0.25,150,current_margin_guard,budget10,20,20,20,107.0,0.0,107.0,0.0,0.0,0.0
sample4geo,9,control,0.25,150,current_margin_guard,budget25,20,20,20,267.0,1.45,265.55,0.0,1.45,0.0054307116104868915
sample4geo,9,control,0.25,150,current_margin_guard,budget50,20,20,20,535.0,27.9,507.1,0.0,27.9,0.05214953271028037
sample4geo,9,control,0.25,150,current_margin_guard,full_frozen,20,20,20,565.25,33.55,531.7,0.0,33.55,0.05934124550351105
sample4geo,9,control,0.25,150,current_margin_guard,matched,20,20,15,633.05,55.9,577.15,0.0,55.9,0.08757984652611014
sample4geo,9,control,0.25,150,old_margin_guard,budget10,20,20,20,107.0,0.0,107.0,0.0,0.0,0.0
sample4geo,9,control,0.25,150,old_margin_guard,budget25,20,20,20,267.0,2.0,265.0,0.0,2.0,0.007490636704119849
sample4geo,9,control,0.25,150,old_margin_guard,budget50,20,20,20,535.0,27.45,507.55,0.0,27.45,0.051308411214953276
sample4geo,9,control,0.25,150,old_margin_guard,full_frozen,20,20,20,506.2,19.2,487.0,0.0,19.2,0.03792194979306824
sample4geo,9,control,0.25,150,old_margin_guard,matched,20,20,20,602.25,51.4,550.85,0.0,51.4,0.08435071461699738
sample4geo,9,control,0.25,150,sq8_margin_guard,budget10,20,20,20,107.0,0.0,107.0,0.0,0.0,0.0
sample4geo,9,control,0.25,150,sq8_margin_guard,budget25,20,20,20,267.0,3.0,264.0,0.0,3.0,0.011235955056179775
sample4geo,9,control,0.25,150,sq8_margin_guard,budget50,20,20,20,535.0,30.85,504.15,0.0,30.85,0.05766355140186915
sample4geo,9,control,0.25,150,sq8_margin_guard,full_frozen,20,20,20,481.65,16.45,465.2,0.0,16.45,0.03413688615357603
sample4geo,9,control,0.25,150,sq8_margin_guard,matched,20,20,19,593.9,47.9,546.0,0.0,47.9,0.07916946440192231
sample4geo,9,control,0.25,200,current_su,budget10,20,20,20,107.0,0.35,106.65,0.0,0.35,0.0032710280373831773
sample4geo,9,control,0.25,200,current_su,budget25,20,20,20,267.0,1.05,265.95,0.0,1.05,0.003932584269662922
sample4geo,9,control,0.25,200,current_su,budget50,20,20,20,535.0,4.05,530.95,0.0,4.05,0.007570093457943926
sample4geo,9,control,0.25,200,current_su,full_frozen,20,20,20,663.1,15.15,647.95,0.0,15.15,0.02283581299211622
sample4geo,9,control,0.25,200,current_su,matched,20,20,20,814.0,48.8,765.2,0.0,48.8,0.059046923410118746
sample4geo,9,control,0.25,200,current_su_guard,budget10,20,20,20,107.0,0.35,106.65,0.0,0.35,0.0032710280373831773
sample4geo,9,control,0.25,200,current_su_guard,budget25,20,20,20,267.0,1.05,265.95,0.0,1.05,0.003932584269662922
sample4geo,9,control,0.25,200,current_su_guard,budget50,20,20,20,535.0,4.1,530.9,0.0,4.1,0.007663551401869159
sample4geo,9,control,0.25,200,current_su_guard,full_frozen,20,20,20,661.15,15.15,646.0,0.0,15.15,0.02289993910100514
sample4geo,9,control,0.25,200,current_su_guard,matched,20,20,20,811.8,48.5,763.3,0.0,48.5,0.058803970151988426
sample4geo,9,control,0.25,200,old_su,budget10,20,20,20,107.0,0.35,106.65,0.0,0.35,0.0032710280373831773
sample4geo,9,control,0.25,200,old_su,budget25,20,20,20,267.0,1.05,265.95,0.0,1.05,0.003932584269662922
sample4geo,9,control,0.25,200,old_su,budget50,20,20,20,535.0,4.05,530.95,0.0,4.05,0.007570093457943926
sample4geo,9,control,0.25,200,old_su,full_frozen,20,20,20,612.0,11.3,600.7,0.0,11.3,0.018464052287581696
sample4geo,9,control,0.25,200,old_su,matched,20,20,20,855.2,61.35,793.85,0.0,61.35,0.07089358753299024
sample4geo,9,control,0.25,200,old_su_guard,budget10,20,20,20,107.0,0.35,106.65,0.0,0.35,0.0032710280373831773
sample4geo,9,control,0.25,200,old_su_guard,budget25,20,20,20,267.0,1.05,265.95,0.0,1.05,0.003932584269662922
sample4geo,9,control,0.25,200,old_su_guard,budget50,20,20,20,535.0,4.05,530.95,0.0,4.05,0.007570093457943926
sample4geo,9,control,0.25,200,old_su_guard,full_frozen,20,20,20,609.3,11.3,598.0,0.0,11.3,0.01854056483709958
sample4geo,9,control,0.25,200,old_su_guard,matched,20,20,20,844.65,57.65,787.0,0.0,57.65,0.06746540366903983
sample4geo,9,control,0.25,200,current_margin,budget10,20,20,20,107.0,0.0,107.0,0.0,0.0,0.0
sample4geo,9,control,0.25,200,current_margin,budget25,20,20,20,267.0,0.0,267.0,0.0,0.0,0.0
sample4geo,9,control,0.25,200,current_margin,budget50,20,20,20,535.0,4.95,530.05,0.0,4.95,0.00925233644859813
sample4geo,9,control,0.25,200,current_margin,full_frozen,20,20,20,858.9,55.5,803.4,0.0,55.5,0.06462090095824588
sample4geo,9,control,0.25,200,current_margin,matched,20,20,20,869.1,61.45,807.65,0.0,61.45,0.0704724232293049
sample4geo,9,control,0.25,200,current_margin_guard,budget10,20,20,20,107.0,0.0,107.0,0.0,0.0,0.0
sample4geo,9,control,0.25,200,current_margin_guard,budget25,20,20,20,267.0,0.0,267.0,0.0,0.0,0.0
sample4geo,9,control,0.25,200,current_margin_guard,budget50,20,20,20,535.0,5.0,530.0,0.0,5.0,0.009345794392523364
sample4geo,9,control,0.25,200,current_margin_guard,full_frozen,20,20,20,844.65,52.0,792.65,0.0,52.0,0.06155465203615697
sample4geo,9,control,0.25,200,current_margin_guard,matched,20,20,20,850.8,56.65,794.15,0.0,56.65,0.06634532963865536
sample4geo,9,control,0.25,200,old_margin_guard,budget10,20,20,20,107.0,0.0,107.0,0.0,0.0,0.0
sample4geo,9,control,0.25,200,old_margin_guard,budget25,20,20,20,267.0,0.0,267.0,0.0,0.0,0.0
sample4geo,9,control,0.25,200,old_margin_guard,budget50,20,20,20,535.0,6.0,529.0,0.0,6.0,0.011214953271028037
sample4geo,9,control,0.25,200,old_margin_guard,full_frozen,20,20,20,803.55,45.55,758.0,0.0,45.55,0.056668259145849484
sample4geo,9,control,0.25,200,old_margin_guard,matched,20,20,20,848.65,61.3,787.35,0.0,61.3,0.07212529668268228
sample4geo,9,control,0.25,200,sq8_margin_guard,budget10,20,20,20,107.0,0.0,107.0,0.0,0.0,0.0
sample4geo,9,control,0.25,200,sq8_margin_guard,budget25,20,20,20,267.0,0.0,267.0,0.0,0.0,0.0
sample4geo,9,control,0.25,200,sq8_margin_guard,budget50,20,20,20,535.0,6.2,528.8,0.0,6.2,0.01158878504672897
sample4geo,9,control,0.25,200,sq8_margin_guard,full_frozen,20,20,20,781.8,40.5,741.3,0.0,40.5,0.05177809620081135
sample4geo,9,control,0.25,200,sq8_margin_guard,matched,20,20,20,856.45,67.1,789.35,0.0,67.1,0.07801483347891336
sample4geo,9,control,0.25,250,current_su,budget10,20,20,20,107.0,0.35,106.65,0.0,0.35,0.0032710280373831773
sample4geo,9,control,0.25,250,current_su,budget25,20,20,20,267.0,1.4,265.6,0.0,1.4,0.0052434456928838954
sample4geo,9,control,0.25,250,current_su,budget50,20,20,20,535.0,2.45,532.55,0.0,2.45,0.00457943925233645
sample4geo,9,control,0.25,250,current_su,full_frozen,20,20,20,988.6,83.0,905.6,0.0,83.0,0.08395081205072377
sample4geo,9,control,0.25,250,current_su,matched,20,20,20,987.05,82.4,904.65,0.0,82.4,0.08322315609905659
sample4geo,9,control,0.25,250,current_su_guard,budget10,20,20,20,107.0,0.35,106.65,0.0,0.35,0.0032710280373831773
sample4geo,9,control,0.25,250,current_su_guard,budget25,20,20,20,267.0,1.4,265.6,0.0,1.4,0.0052434456928838954
sample4geo,9,control,0.25,250,current_su_guard,budget50,20,20,20,535.0,2.45,532.55,0.0,2.45,0.00457943925233645
sample4geo,9,control,0.25,250,current_su_guard,full_frozen,20,20,20,972.5,77.15,895.35,0.0,77.15,0.07930581919268356
sample4geo,9,control,0.25,250,current_su_guard,matched,20,20,8,1007.25,99.35,907.9,0.0,99.35,0.09800808089009543
sample4geo,9,control,0.25,250,old_su,budget10,20,20,20,107.0,0.7,106.3,0.0,0.7,0.006542056074766355
sample4geo,9,control,0.25,250,old_su,budget25,20,20,20,267.0,1.75,265.25,0.0,1.75,0.006554307116104869
sample4geo,9,control,0.25,250,old_su,budget50,20,20,20,535.0,2.45,532.55,0.0,2.45,0.00457943925233645
sample4geo,9,control,0.25,250,old_su,full_frozen,20,20,20,946.0,61.25,884.75,0.0,61.25,0.06474630021141647
sample4geo,9,control,0.25,250,old_su,matched,20,20,10,1004.55,90.8,913.75,0.0,90.8,0.08997497361468414
sample4geo,9,control,0.25,250,old_su_guard,budget10,20,20,20,107.0,0.7,106.3,0.0,0.7,0.006542056074766355
sample4geo,9,control,0.25,250,old_su_guard,budget25,20,20,20,267.0,1.75,265.25,0.0,1.75,0.006554307116104869
sample4geo,9,control,0.25,250,old_su_guard,budget50,20,20,20,535.0,2.45,532.55,0.0,2.45,0.00457943925233645
sample4geo,9,control,0.25,250,old_su_guard,full_frozen,20,20,20,928.0,55.0,873.0,0.0,55.0,0.059222840717408264
sample4geo,9,control,0.25,250,old_su_guard,matched,20,20,8,1014.7,102.8,911.9,0.0,102.8,0.10073889952619135
sample4geo,9,control,0.25,250,current_margin,budget10,20,20,20,107.0,0.0,107.0,0.0,0.0,0.0
sample4geo,9,control,0.25,250,current_margin,budget25,20,20,20,267.0,0.0,267.0,0.0,0.0,0.0
sample4geo,9,control,0.25,250,current_margin,budget50,20,20,20,535.0,0.8,534.2,0.0,0.8,0.0014953271028037385
sample4geo,9,control,0.25,250,current_margin,full_frozen,20,20,20,980.45,78.75,901.7,0.0,78.75,0.08032709216955781
sample4geo,9,control,0.25,250,current_margin,matched,20,20,3,1031.15,105.75,925.4,0.0,105.75,0.10245073464486121
sample4geo,9,control,0.25,250,current_margin_guard,budget10,20,20,20,107.0,0.0,107.0,0.0,0.0,0.0
sample4geo,9,control,0.25,250,current_margin_guard,budget25,20,20,20,267.0,0.0,267.0,0.0,0.0,0.0
sample4geo,9,control,0.25,250,current_margin_guard,budget50,20,20,20,535.0,1.0,534.0,0.0,1.0,0.0018691588785046734
sample4geo,9,control,0.25,250,current_margin_guard,full_frozen,20,20,20,958.1,72.05,886.05,0.0,72.05,0.07518256244249533
sample4geo,9,control,0.25,250,current_margin_guard,matched,20,20,4,1028.65,111.35,917.3,0.0,111.35,0.10794144955963172
sample4geo,9,control,0.25,250,old_margin_guard,budget10,20,20,20,107.0,0.0,107.0,0.0,0.0,0.0
sample4geo,9,control,0.25,250,old_margin_guard,budget25,20,20,20,267.0,0.0,267.0,0.0,0.0,0.0
sample4geo,9,control,0.25,250,old_margin_guard,budget50,20,20,20,535.0,1.0,534.0,0.0,1.0,0.0018691588785046732
sample4geo,9,control,0.25,250,old_margin_guard,full_frozen,20,20,20,945.55,68.55,877.0,0.0,68.55,0.07246704112463416
sample4geo,9,control,0.25,250,old_margin_guard,matched,20,20,5,1031.9,113.3,918.6,0.0,113.3,0.10961508327940159
sample4geo,9,control,0.25,250,sq8_margin_guard,budget10,20,20,20,107.0,0.0,107.0,0.0,0.0,0.0
sample4geo,9,control,0.25,250,sq8_margin_guard,budget25,20,20,20,267.0,0.0,267.0,0.0,0.0,0.0
sample4geo,9,control,0.25,250,sq8_margin_guard,budget50,20,20,20,535.0,0.3,534.7,0.0,0.3,0.0005607476635514019
sample4geo,9,control,0.25,250,sq8_margin_guard,full_frozen,20,20,20,935.3,65.05,870.25,0.0,65.05,0.0695098980043047
sample4geo,9,control,0.25,250,sq8_margin_guard,matched,20,20,3,1025.55,111.9,913.65,0.0,111.9,0.10899759767771064
sample4geo,9,control,0.25,300,current_su,budget10,20,20,20,107.0,0.0,107.0,0.0,0.0,0.0
sample4geo,9,control,0.25,300,current_su,budget25,20,20,20,267.0,1.05,265.95,0.0,1.05,0.003932584269662922
sample4geo,9,control,0.25,300,current_su,budget50,20,20,20,535.0,2.45,532.55,0.0,2.45,0.00457943925233645
sample4geo,9,control,0.25,300,current_su,full_frozen,20,20,20,1045.65,83.45,962.2,0.0,83.45,0.07979818552040427
sample4geo,9,control,0.25,300,current_su,matched,20,20,20,1063.3,94.6,968.7,0.0,94.6,0.08895434627891115
sample4geo,9,control,0.25,300,current_su_guard,budget10,20,20,20,107.0,0.0,107.0,0.0,0.0,0.0
sample4geo,9,control,0.25,300,current_su_guard,budget25,20,20,20,267.0,1.05,265.95,0.0,1.05,0.003932584269662922
sample4geo,9,control,0.25,300,current_su_guard,budget50,20,20,20,535.0,2.45,532.55,0.0,2.45,0.00457943925233645
sample4geo,9,control,0.25,300,current_su_guard,full_frozen,20,20,20,1029.15,76.75,952.4,0.0,76.75,0.07452738637812481
sample4geo,9,control,0.25,300,current_su_guard,matched,20,20,20,1033.45,80.05,953.4,0.0,80.05,0.07739466171181687
sample4geo,9,control,0.25,300,old_su,budget10,20,20,20,107.0,0.0,107.0,0.0,0.0,0.0
sample4geo,9,control,0.25,300,old_su,budget25,20,20,20,267.0,1.05,265.95,0.0,1.05,0.003932584269662922
sample4geo,9,control,0.25,300,old_su,budget50,20,20,20,535.0,2.45,532.55,0.0,2.45,0.00457943925233645
sample4geo,9,control,0.25,300,old_su,full_frozen,20,20,20,1038.0,78.0,960.0,0.0,78.0,0.07514450867052025
sample4geo,9,control,0.25,300,old_su,matched,20,20,20,1063.15,95.5,967.65,0.0,95.5,0.089819121281873
sample4geo,9,control,0.25,300,old_su_guard,budget10,20,20,20,107.0,0.0,107.0,0.0,0.0,0.0
sample4geo,9,control,0.25,300,old_su_guard,budget25,20,20,20,267.0,1.05,265.95,0.0,1.05,0.003932584269662922
sample4geo,9,control,0.25,300,old_su_guard,budget50,20,20,20,535.0,2.45,532.55,0.0,2.45,0.00457943925233645
sample4geo,9,control,0.25,300,old_su_guard,full_frozen,20,20,20,1019.4,70.4,949.0,0.0,70.4,0.06900827601406148
sample4geo,9,control,0.25,300,old_su_guard,matched,20,20,20,1036.25,82.55,953.7,0.0,82.55,0.07959079662012328
sample4geo,9,control,0.25,300,current_margin,budget10,20,20,20,107.0,0.0,107.0,0.0,0.0,0.0
sample4geo,9,control,0.25,300,current_margin,budget25,20,20,20,267.0,0.0,267.0,0.0,0.0,0.0
sample4geo,9,control,0.25,300,current_margin,budget50,20,20,20,535.0,0.0,535.0,0.0,0.0,0.0
sample4geo,9,control,0.25,300,current_margin,full_frozen,20,20,20,1048.0,84.7,963.3,0.0,84.7,0.08082140193597857
sample4geo,9,control,0.25,300,current_margin,matched,20,20,18,1068.8,99.5,969.3,0.0,99.5,0.09307639980894826
sample4geo,9,control,0.25,300,current_margin_guard,budget10,20,20,20,107.0,0.0,107.0,0.0,0.0,0.0
sample4geo,9,control,0.25,300,current_margin_guard,budget25,20,20,20,267.0,0.0,267.0,0.0,0.0,0.0
sample4geo,9,control,0.25,300,current_margin_guard,budget50,20,20,20,535.0,0.0,535.0,0.0,0.0,0.0
sample4geo,9,control,0.25,300,current_margin_guard,full_frozen,20,20,20,1028.8,76.5,952.3,0.0,76.5,0.0743127801962576
sample4geo,9,control,0.25,300,current_margin_guard,matched,20,20,20,1048.2,90.2,958.0,0.0,90.2,0.08599518251781241
sample4geo,9,control,0.25,300,old_margin_guard,budget10,20,20,20,107.0,0.0,107.0,0.0,0.0,0.0
sample4geo,9,control,0.25,300,old_margin_guard,budget25,20,20,20,267.0,0.0,267.0,0.0,0.0,0.0
sample4geo,9,control,0.25,300,old_margin_guard,budget50,20,20,20,535.0,0.0,535.0,0.0,0.0,0.0
sample4geo,9,control,0.25,300,old_margin_guard,full_frozen,20,20,20,1023.8,75.8,948.0,0.0,75.8,0.07398586348097363
sample4geo,9,control,0.25,300,old_margin_guard,matched,20,20,20,1047.5,89.5,958.0,0.0,89.5,0.08538084710936619
sample4geo,9,control,0.25,300,sq8_margin_guard,budget10,20,20,20,107.0,0.0,107.0,0.0,0.0,0.0
sample4geo,9,control,0.25,300,sq8_margin_guard,budget25,20,20,20,267.0,0.0,267.0,0.0,0.0,0.0
sample4geo,9,control,0.25,300,sq8_margin_guard,budget50,20,20,20,535.0,0.0,535.0,0.0,0.0,0.0
sample4geo,9,control,0.25,300,sq8_margin_guard,full_frozen,20,20,20,1013.2,74.0,939.2,0.0,74.0,0.07297882358057085
sample4geo,9,control,0.25,300,sq8_margin_guard,matched,20,20,20,1036.55,86.1,950.45,0.0,86.1,0.08299148632493214
sample4geo,9,target,0.5,pooled,current_su,budget10,20,20,20,428.0,18.9,409.1,4.1,14.8,0.044158878504672885
sample4geo,9,target,0.5,pooled,current_su,budget25,20,20,18,1071.0,76.15,994.85,45.2,30.95,0.07110177404295051
sample4geo,9,target,0.5,pooled,current_su,budget50,20,20,0,2142.0,571.15,1570.85,363.8,207.35,0.2666433239962652
sample4geo,9,target,0.5,pooled,current_su,full_frozen,20,20,0,2201.1,614.7,1586.4,391.75,222.95,0.27866987044070674
sample4geo,9,target,0.5,pooled,current_su,matched,20,20,20,848.6,48.2,800.4,24.25,23.95,0.05421955374924827
sample4geo,9,target,0.5,pooled,current_su_guard,budget10,20,20,20,428.0,15.0,413.0,0.0,15.0,0.035046728971962614
sample4geo,9,target,0.5,pooled,current_su_guard,budget25,20,20,20,1071.0,33.9,1037.1,0.0,33.9,0.03165266106442577
sample4geo,9,target,0.5,pooled,current_su_guard,budget50,18,18,0,2142.0,419.8333333333333,1722.1666666666667,0.0,419.8333333333333,0.1960006224712107
sample4geo,9,target,0.5,pooled,current_su_guard,full_frozen,20,20,3,1766.6,204.15,1562.45,0.0,204.15,0.11538200354162301
sample4geo,9,target,0.5,pooled,current_su_guard,matched,20,20,20,994.5,33.4,961.1,0.0,33.4,0.033071522186769446
sample4geo,9,target,0.5,pooled,old_su,budget10,20,20,0,428.0,216.85,211.15,211.85,5.0,0.506658878504673
sample4geo,9,target,0.5,pooled,old_su,budget25,20,20,0,1071.0,552.75,518.25,535.75,17.0,0.5161064425770308
sample4geo,9,target,0.5,pooled,old_su,budget50,20,20,0,2142.0,1103.3,1038.7,1072.0,31.3,0.515079365079365
sample4geo,9,target,0.5,pooled,old_su,full_frozen,20,20,0,3038.0,1587.85,1450.15,1471.75,116.1,0.5226629361421988
sample4geo,9,target,0.5,pooled,old_su,matched,0,0,0,0.0,0.0,0.0,0.0,0.0,
sample4geo,9,target,0.5,pooled,old_su_guard,budget10,20,20,20,428.0,14.05,413.95,0.0,14.05,0.03282710280373831
sample4geo,9,target,0.5,pooled,old_su_guard,budget25,20,20,20,1071.0,28.5,1042.5,0.0,28.5,0.02661064425770308
sample4geo,9,target,0.5,pooled,old_su_guard,budget50,18,18,0,2142.0,415.6666666666667,1726.3333333333333,0.0,415.6666666666667,0.1940553999377529
sample4geo,9,target,0.5,pooled,old_su_guard,full_frozen,20,20,20,1518.4,87.15,1431.25,0.0,87.15,0.057360903631033765
sample4geo,9,target,0.5,pooled,old_su_guard,matched,20,20,20,1168.25,36.15,1132.1,0.0,36.15,0.030808475038120075
sample4geo,9,target,0.5,pooled,current_margin,budget10,20,20,20,428.0,7.75,420.25,1.3,6.45,0.018107476635514017
sample4geo,9,target,0.5,pooled,current_margin,budget25,20,20,19,1071.0,67.95,1003.05,43.0,24.95,0.0634453781512605
sample4geo,9,target,0.5,pooled,current_margin,budget50,20,20,0,2142.0,626.95,1515.05,431.9,195.05,0.29269374416433236
sample4geo,9,target,0.5,pooled,current_margin,full_frozen,20,20,0,2679.5,1049.55,1629.95,734.9,314.65,0.3918520666692894
sample4geo,9,target,0.5,pooled,current_margin,matched,20,20,18,1077.65,78.1,999.55,52.7,25.4,0.06776774777744368
sample4geo,9,target,0.5,pooled,current_margin_guard,budget10,20,20,20,428.0,6.45,421.55,0.0,6.45,0.015070093457943926
sample4geo,9,target,0.5,pooled,current_margin_guard,budget25,20,20,20,1071.0,29.05,1041.95,0.0,29.05,0.027124183006535945
sample4geo,9,target,0.5,pooled,current_margin_guard,budget50,18,18,0,2142.0,426.1111111111111,1715.888888888889,0.0,426.1111111111111,0.19893142442162048
sample4geo,9,target,0.5,pooled,current_margin_guard,full_frozen,20,20,0,1857.6,264.0,1593.6,0.0,264.0,0.14206960229369664
sample4geo,9,target,0.5,pooled,current_margin_guard,matched,20,20,17,1397.3,97.7,1299.6,0.0,97.7,0.06620771418245339
sample4geo,9,target,0.5,pooled,old_margin_guard,budget10,20,20,20,428.0,0.0,428.0,0.0,0.0,0.0
sample4geo,9,target,0.5,pooled,old_margin_guard,budget25,20,20,20,1071.0,7.65,1063.35,0.0,7.65,0.007142857142857141
sample4geo,9,target,0.5,pooled,old_margin_guard,budget50,18,18,0,2142.0,416.27777777777777,1725.7222222222222,0.0,416.27777777777777,0.19434069924266
sample4geo,9,target,0.5,pooled,old_margin_guard,full_frozen,20,20,14,1697.3,156.0,1541.3,0.0,156.0,0.09191855972370282
sample4geo,9,target,0.5,pooled,old_margin_guard,matched,20,20,19,1599.4,115.75,1483.65,0.0,115.75,0.07207055209768928
sample4geo,9,target,0.5,pooled,sq8_margin_guard,budget10,20,20,20,428.0,0.0,428.0,0.0,0.0,0.0
sample4geo,9,target,0.5,pooled,sq8_margin_guard,budget25,20,20,20,1071.0,7.35,1063.65,0.0,7.35,0.0068627450980392165
sample4geo,9,target,0.5,pooled,sq8_margin_guard,budget50,10,10,0,2142.0,391.5,1750.5,0.0,391.5,0.18277310924369747
sample4geo,9,target,0.5,pooled,sq8_margin_guard,full_frozen,20,20,20,1641.15,128.9,1512.25,0.0,128.9,0.07859629423672551
sample4geo,9,target,0.5,pooled,sq8_margin_guard,matched,20,20,19,1596.45,111.45,1485.0,0.0,111.45,0.06943674893563061
sample4geo,9,target,0.5,150,current_su,budget10,20,20,20,107.0,5.2,101.8,2.1,3.1,0.04859813084112149
sample4geo,9,target,0.5,150,current_su,budget25,20,20,0,267.0,43.45,223.55,21.65,21.8,0.16273408239700377
sample4geo,9,target,0.5,150,current_su,budget50,20,20,0,535.0,205.4,329.6,102.4,103.0,0.38392523364485975
sample4geo,9,target,0.5,150,current_su,full_frozen,20,20,0,280.95,48.65,232.3,24.25,24.4,0.17225030742162833
sample4geo,9,target,0.5,150,current_su,matched,13,13,13,73.55,3.45,70.1,1.7,1.75,0.04489693867918649
sample4geo,9,target,0.5,150,current_su_guard,budget10,20,20,20,107.0,3.15,103.85,0.0,3.15,0.029439252336448597
sample4geo,9,target,0.5,150,current_su_guard,budget25,20,20,11,267.0,27.05,239.95,0.0,27.05,0.10131086142322099
sample4geo,9,target,0.5,150,current_su_guard,budget50,19,19,0,535.0,173.78947368421052,361.2105263157895,0.0,173.78947368421052,0.3248401377274963
sample4geo,9,target,0.5,150,current_su_guard,full_frozen,20,20,12,254.5,23.55,230.95,0.0,23.55,0.09227458436641352
sample4geo,9,target,0.5,150,current_su_guard,matched,15,15,15,92.5,2.9,89.6,0.0,2.9,0.03089449741393605
sample4geo,9,target,0.5,150,old_su,budget10,20,20,0,107.0,55.7,51.3,53.7,2.0,0.5205607476635513
sample4geo,9,target,0.5,150,old_su,budget25,20,20,0,267.0,139.0,128.0,136.0,3.0,0.5205992509363295
sample4geo,9,target,0.5,150,old_su,budget50,20,20,0,535.0,281.3,253.7,254.1,27.2,0.5257943925233644
sample4geo,9,target,0.5,150,old_su,full_frozen,20,20,0,388.0,201.95,186.05,189.5,12.45,0.5204896907216494
sample4geo,9,target,0.5,150,old_su,matched,0,0,0,0.0,0.0,0.0,0.0,0.0,
sample4geo,9,target,0.5,150,old_su_guard,budget10,20,20,20,107.0,2.15,104.85,0.0,2.15,0.02009345794392523
sample4geo,9,target,0.5,150,old_su_guard,budget25,20,20,18,267.0,20.8,246.2,0.0,20.8,0.07790262172284643
sample4geo,9,target,0.5,150,old_su_guard,budget50,19,19,0,535.0,172.05263157894737,362.94736842105266,0.0,172.05263157894737,0.32159370388588293
sample4geo,9,target,0.5,150,old_su_guard,full_frozen,20,20,20,193.65,9.15,184.5,0.0,9.15,0.046860096089371306
sample4geo,9,target,0.5,150,old_su_guard,matched,18,18,18,122.65,2.65,120.0,0.0,2.65,0.021446110587854086
sample4geo,9,target,0.5,150,current_margin,budget10,20,20,20,107.0,4.55,102.45,1.75,2.8,0.042523364485981305
sample4geo,9,target,0.5,150,current_margin,budget25,20,20,0,267.0,51.35,215.65,30.2,21.15,0.19232209737827716
sample4geo,9,target,0.5,150,current_margin,budget50,20,20,0,535.0,226.7,308.3,124.1,102.6,0.42373831775700943
sample4geo,9,target,0.5,150,current_margin,full_frozen,20,20,0,369.95,104.8,265.15,58.0,46.8,0.2834533433495755
sample4geo,9,target,0.5,150,current_margin,matched,17,17,14,112.4,7.25,105.15,3.9,3.35,0.05922499108489493
sample4geo,9,target,0.5,150,current_margin_guard,budget10,20,20,20,107.0,2.9,104.1,0.0,2.9,0.027102803738317756
sample4geo,9,target,0.5,150,current_margin_guard,budget25,20,20,8,267.0,30.7,236.3,0.0,30.7,0.11498127340823974
sample4geo,9,target,0.5,150,current_margin_guard,budget50,19,19,0,535.0,178.3684210526316,356.63157894736844,0.0,178.3684210526316,0.33339891785538617
sample4geo,9,target,0.5,150,current_margin_guard,full_frozen,20,20,0,303.1,42.2,260.9,0.0,42.2,0.13926786730096527
sample4geo,9,target,0.5,150,current_margin_guard,matched,19,19,19,153.1,6.75,146.35,0.0,6.75,0.04178834222319182
sample4geo,9,target,0.5,150,old_margin_guard,budget10,20,20,20,107.0,0.5,106.5,0.0,0.5,0.004672897196261682
sample4geo,9,target,0.5,150,old_margin_guard,budget25,20,20,14,267.0,21.5,245.5,0.0,21.5,0.08052434456928838
sample4geo,9,target,0.5,150,old_margin_guard,budget50,19,19,0,535.0,172.47368421052633,362.5263157894737,0.0,172.47368421052633,0.3223807181505165
sample4geo,9,target,0.5,150,old_margin_guard,full_frozen,20,20,20,252.3,14.1,238.2,0.0,14.1,0.05588066869885637
sample4geo,9,target,0.5,150,old_margin_guard,matched,19,19,19,192.55,6.75,185.8,0.0,6.75,0.03227924780812238
sample4geo,9,target,0.5,150,sq8_margin_guard,budget10,20,20,20,107.0,0.35,106.65,0.0,0.35,0.0032710280373831773
sample4geo,9,target,0.5,150,sq8_margin_guard,budget25,20,20,15,267.0,21.7,245.3,0.0,21.7,0.08127340823970036
sample4geo,9,target,0.5,150,sq8_margin_guard,budget50,15,15,0,535.0,171.06666666666666,363.93333333333334,0.0,171.06666666666666,0.31975077881619934
sample4geo,9,target,0.5,150,sq8_margin_guard,full_frozen,20,20,20,241.35,12.9,228.45,0.0,12.9,0.053396171961522354
sample4geo,9,target,0.5,150,sq8_margin_guard,matched,20,20,20,200.0,6.8,193.2,0.0,6.8,0.0312277651591646
sample4geo,9,target,0.5,200,current_su,budget10,20,20,20,107.0,5.0,102.0,2.05,2.95,0.046728971962616814
sample4geo,9,target,0.5,200,current_su,budget25,20,20,17,267.0,19.05,247.95,12.65,6.4,0.07134831460674156
sample4geo,9,target,0.5,200,current_su,budget50,20,20,0,535.0,145.55,389.45,94.5,51.05,0.2720560747663551
sample4geo,9,target,0.5,200,current_su,full_frozen,20,20,0,407.5,64.75,342.75,43.5,21.25,0.15845433190501032
sample4geo,9,target,0.5,200,current_su,matched,17,17,17,171.75,9.65,162.1,6.0,3.65,0.05461841087512923
sample4geo,9,target,0.5,200,current_su_guard,budget10,20,20,20,107.0,3.0,104.0,0.0,3.0,0.02803738317757009
sample4geo,9,target,0.5,200,current_su_guard,budget25,20,20,20,267.0,7.2,259.8,0.0,7.2,0.02696629213483146
sample4geo,9,target,0.5,200,current_su_guard,budget50,16,16,0,535.0,99.4375,435.5625,0.0,99.4375,0.18586448598130842
sample4geo,9,target,0.5,200,current_su_guard,full_frozen,20,20,20,359.2,19.95,339.25,0.0,19.95,0.05530722351066643
sample4geo,9,target,0.5,200,current_su_guard,matched,18,18,18,200.25,4.7,195.55,0.0,4.7,0.023126847141985256
sample4geo,9,target,0.5,200,old_su,budget10,20,20,0,107.0,55.15,51.85,54.15,1.0,0.5154205607476636
sample4geo,9,target,0.5,200,old_su,budget25,20,20,0,267.0,137.9,129.1,134.9,3.0,0.5164794007490636
sample4geo,9,target,0.5,200,old_su,budget50,20,20,0,535.0,271.45,263.55,266.5,4.95,0.5073831775700935
sample4geo,9,target,0.5,200,old_su,full_frozen,20,20,0,612.0,314.95,297.05,303.5,11.45,0.5146241830065359
sample4geo,9,target,0.5,200,old_su,matched,0,0,0,0.0,0.0,0.0,0.0,0.0,
sample4geo,9,target,0.5,200,old_su_guard,budget10,20,20,20,107.0,3.0,104.0,0.0,3.0,0.02803738317757009
sample4geo,9,target,0.5,200,old_su_guard,budget25,20,20,20,267.0,4.75,262.25,0.0,4.75,0.017790262172284646
sample4geo,9,target,0.5,200,old_su_guard,budget50,16,16,0,535.0,97.4375,437.5625,0.0,97.4375,0.18212616822429908
sample4geo,9,target,0.5,200,old_su_guard,full_frozen,20,20,20,303.15,8.65,294.5,0.0,8.65,0.02854210654265783
sample4geo,9,target,0.5,200,old_su_guard,matched,20,20,20,251.4,4.35,247.05,0.0,4.35,0.01731982939628511
sample4geo,9,target,0.5,200,current_margin,budget10,20,20,20,107.0,1.95,105.05,0.55,1.4,0.01822429906542056
sample4geo,9,target,0.5,200,current_margin,budget25,20,20,16,267.0,21.15,245.85,14.4,6.75,0.07921348314606741
sample4geo,9,target,0.5,200,current_margin,budget50,20,20,0,535.0,160.7,374.3,111.55,49.15,0.30037383177570093
sample4geo,9,target,0.5,200,current_margin,full_frozen,20,20,0,626.75,230.45,396.3,159.85,70.6,0.3680336081321502
sample4geo,9,target,0.5,200,current_margin,matched,19,19,13,247.85,22.5,225.35,16.65,5.85,0.0805656889371964
sample4geo,9,target,0.5,200,current_margin_guard,budget10,20,20,20,107.0,1.4,105.6,0.0,1.4,0.01308411214953271
sample4geo,9,target,0.5,200,current_margin_guard,budget25,20,20,20,267.0,8.45,258.55,0.0,8.45,0.031647940074906365
sample4geo,9,target,0.5,200,current_margin_guard,budget50,16,16,0,535.0,99.375,435.625,0.0,99.375,0.18574766355140188
sample4geo,9,target,0.5,200,current_margin_guard,full_frozen,20,20,1,447.15,58.95,388.2,0.0,58.95,0.1316325815975566
sample4geo,9,target,0.5,200,current_margin_guard,matched,20,20,19,320.2,20.25,299.95,0.0,20.25,0.05837166244846912
sample4geo,9,target,0.5,200,old_margin_guard,budget10,20,20,20,107.0,0.0,107.0,0.0,0.0,0.0
sample4geo,9,target,0.5,200,old_margin_guard,budget25,20,20,20,267.0,3.75,263.25,0.0,3.75,0.01404494382022472
sample4geo,9,target,0.5,200,old_margin_guard,budget50,16,16,0,535.0,96.4375,438.5625,0.0,96.4375,0.1802570093457944
sample4geo,9,target,0.5,200,old_margin_guard,full_frozen,20,20,14,409.9,37.2,372.7,0.0,37.2,0.09087099130166905
sample4geo,9,target,0.5,200,old_margin_guard,matched,20,20,19,380.0,25.95,354.05,0.0,25.95,0.06789042459109888
sample4geo,9,target,0.5,200,sq8_margin_guard,budget10,20,20,20,107.0,0.0,107.0,0.0,0.0,0.0
sample4geo,9,target,0.5,200,sq8_margin_guard,budget25,20,20,20,267.0,3.9,263.1,0.0,3.9,0.01460674157303371
sample4geo,9,target,0.5,200,sq8_margin_guard,budget50,10,10,0,535.0,91.0,444.0,0.0,91.0,0.17009345794392522
sample4geo,9,target,0.5,200,sq8_margin_guard,full_frozen,20,20,20,392.65,27.55,365.1,0.0,27.55,0.07025516883348631
sample4geo,9,target,0.5,200,sq8_margin_guard,matched,20,20,18,380.95,24.8,356.15,0.0,24.8,0.06422213127609577
sample4geo,9,target,0.5,250,current_su,budget10,20,20,20,107.0,4.55,102.45,0.95,3.6,0.042523364485981305
sample4geo,9,target,0.5,250,current_su,budget25,20,20,19,267.0,16.35,250.65,8.7,7.65,0.06123595505617977
sample4geo,9,target,0.5,250,current_su,budget50,20,20,0,535.0,120.5,414.5,81.95,38.55,0.22523364485981312
sample4geo,9,target,0.5,250,current_su,full_frozen,20,20,0,756.9,300.5,456.4,215.65,84.85,0.3967970113514964
sample4geo,9,target,0.5,250,current_su,matched,19,19,14,287.9,24.25,263.65,14.6,9.65,0.07682247118133784
sample4geo,9,target,0.5,250,current_su_guard,budget10,20,20,20,107.0,3.6,103.4,0.0,3.6,0.03364485981308411
sample4geo,9,target,0.5,250,current_su_guard,budget25,20,20,20,267.0,7.95,259.05,0.0,7.95,0.029775280898876398
sample4geo,9,target,0.5,250,current_su_guard,budget50,14,14,0,535.0,80.85714285714286,454.14285714285717,0.0,80.85714285714286,0.15113484646194927
sample4geo,9,target,0.5,250,current_su_guard,full_frozen,20,20,0,519.8,73.35,446.45,0.0,73.35,0.14090193604076848
sample4geo,9,target,0.5,250,current_su_guard,matched,19,19,19,357.65,17.5,340.15,0.0,17.5,0.04723919172889477
sample4geo,9,target,0.5,250,old_su,budget10,20,20,0,107.0,54.55,52.45,52.55,2.0,0.5098130841121494
sample4geo,9,target,0.5,250,old_su,budget25,20,20,0,267.0,137.9,129.1,132.9,5.0,0.5164794007490637
sample4geo,9,target,0.5,250,old_su,budget50,20,20,0,535.0,276.2,258.8,269.2,7.0,0.5162616822429905
sample4geo,9,target,0.5,250,old_su,full_frozen,20,20,0,946.0,506.6,439.4,442.05,64.55,0.5355179704016912
sample4geo,9,target,0.5,250,old_su,matched,0,0,0,0.0,0.0,0.0,0.0,0.0,
sample4geo,9,target,0.5,250,old_su_guard,budget10,20,20,20,107.0,3.15,103.85,0.0,3.15,0.029439252336448597
sample4geo,9,target,0.5,250,old_su_guard,budget25,20,20,20,267.0,7.15,259.85,0.0,7.15,0.026779026217228462
sample4geo,9,target,0.5,250,old_su_guard,budget50,14,14,0,535.0,80.07142857142857,454.92857142857144,0.0,80.07142857142857,0.14966622162883847
sample4geo,9,target,0.5,250,old_su_guard,full_frozen,20,20,11,480.05,49.1,430.95,0.0,49.1,0.10214394357391392
sample4geo,9,target,0.5,250,old_su_guard,matched,20,20,20,400.45,19.05,381.4,0.0,19.05,0.04734723833041933
sample4geo,9,target,0.5,250,current_margin,budget10,20,20,20,107.0,1.65,105.35,0.1,1.55,0.01542056074766355
sample4geo,9,target,0.5,250,current_margin,budget25,20,20,20,267.0,11.55,255.45,6.5,5.05,0.04325842696629213
sample4geo,9,target,0.5,250,current_margin,budget50,20,20,0,535.0,130.5,404.5,95.15,35.35,0.2439252336448598
sample4geo,9,target,0.5,250,current_margin,full_frozen,20,20,0,821.05,369.35,451.7,278.35,91.0,0.4498689044288254
sample4geo,9,target,0.5,250,current_margin,matched,20,20,13,342.1,30.8,311.3,19.9,10.9,0.08407890703306782
sample4geo,9,target,0.5,250,current_margin_guard,budget10,20,20,20,107.0,1.55,105.45,0.0,1.55,0.014485981308411213
sample4geo,9,target,0.5,250,current_margin_guard,budget25,20,20,20,267.0,5.65,261.35,0.0,5.65,0.021161048689138578
sample4geo,9,target,0.5,250,current_margin_guard,budget50,14,14,0,535.0,81.78571428571429,453.2142857142857,0.0,81.78571428571429,0.15287049399198932
sample4geo,9,target,0.5,250,current_margin_guard,full_frozen,20,20,0,511.0,70.2,440.8,0.0,70.2,0.13709985291182264
sample4geo,9,target,0.5,250,current_margin_guard,matched,20,20,15,438.05,38.35,399.7,0.0,38.35,0.08526400423031259
sample4geo,9,target,0.5,250,old_margin_guard,budget10,20,20,20,107.0,0.0,107.0,0.0,0.0,0.0
sample4geo,9,target,0.5,250,old_margin_guard,budget25,20,20,20,267.0,0.7,266.3,0.0,0.7,0.0026217228464419477
sample4geo,9,target,0.5,250,old_margin_guard,budget50,14,14,1,535.0,78.64285714285714,456.35714285714283,0.0,78.64285714285714,0.14699599465954605
sample4geo,9,target,0.5,250,old_margin_guard,full_frozen,20,20,7,486.85,52.5,434.35,0.0,52.5,0.10756816131860716
sample4geo,9,target,0.5,250,old_margin_guard,matched,20,20,15,466.0,39.25,426.75,0.0,39.25,0.08377213780346192
sample4geo,9,target,0.5,250,sq8_margin_guard,budget10,20,20,20,107.0,0.0,107.0,0.0,0.0,0.0
sample4geo,9,target,0.5,250,sq8_margin_guard,budget25,20,20,20,267.0,0.7,266.3,0.0,0.7,0.0026217228464419477
sample4geo,9,target,0.5,250,sq8_margin_guard,budget50,11,11,1,535.0,75.63636363636364,459.3636363636364,0.0,75.63636363636364,0.14137638062871707
sample4geo,9,target,0.5,250,sq8_margin_guard,full_frozen,20,20,12,473.45,42.85,430.6,0.0,42.85,0.0903686824489908
sample4geo,9,target,0.5,250,sq8_margin_guard,matched,20,20,15,475.95,44.05,431.9,0.0,44.05,0.09137773458429592
sample4geo,9,target,0.5,300,current_su,budget10,20,20,20,107.0,3.9,103.1,0.45,3.45,0.03644859813084112
sample4geo,9,target,0.5,300,current_su,budget25,20,20,20,267.0,12.95,254.05,5.35,7.6,0.04850187265917603
sample4geo,9,target,0.5,300,current_su,budget50,20,20,0,535.0,98.25,436.75,71.6,26.65,0.18364485981308412
sample4geo,9,target,0.5,300,current_su,full_frozen,20,20,0,923.85,438.65,485.2,356.05,82.6,0.4748139112992747
sample4geo,9,target,0.5,300,current_su,matched,20,20,18,338.4,23.4,315.0,14.15,9.25,0.06481708120642445
sample4geo,9,target,0.5,300,current_su_guard,budget10,20,20,20,107.0,3.5,103.5,0.0,3.5,0.03271028037383177
sample4geo,9,target,0.5,300,current_su_guard,budget25,20,20,20,267.0,7.6,259.4,0.0,7.6,0.02846441947565543
sample4geo,9,target,0.5,300,current_su_guard,budget50,15,15,1,535.0,61.733333333333334,473.26666666666665,0.0,61.733333333333334,0.11538940809968845
sample4geo,9,target,0.5,300,current_su_guard,full_frozen,20,20,2,540.4,66.85,473.55,0.0,66.85,0.12355478355794362
sample4geo,9,target,0.5,300,current_su_guard,matched,20,20,17,462.4,28.35,434.05,0.0,28.35,0.0600867218504245
sample4geo,9,target,0.5,300,old_su,budget10,20,20,0,107.0,52.9,54.1,52.9,0.0,0.494392523364486
sample4geo,9,target,0.5,300,old_su,budget25,20,20,0,267.0,135.0,132.0,132.0,3.0,0.5056179775280899
sample4geo,9,target,0.5,300,old_su,budget50,20,20,0,535.0,275.75,259.25,268.75,7.0,0.5154205607476637
sample4geo,9,target,0.5,300,old_su,full_frozen,20,20,0,1038.0,556.6,481.4,478.95,77.65,0.5362235067437379
sample4geo,9,target,0.5,300,old_su,matched,0,0,0,0.0,0.0,0.0,0.0,0.0,
sample4geo,9,target,0.5,300,old_su_guard,budget10,20,20,20,107.0,2.5,104.5,0.0,2.5,0.02336448598130841
sample4geo,9,target,0.5,300,old_su_guard,budget25,20,20,20,267.0,7.4,259.6,0.0,7.4,0.027715355805243442
sample4geo,9,target,0.5,300,old_su_guard,budget50,15,15,1,535.0,60.8,474.2,0.0,60.8,0.11364485981308411
sample4geo,9,target,0.5,300,old_su_guard,full_frozen,20,20,4,527.8,57.75,470.05,0.0,57.75,0.10935390954417298
sample4geo,9,target,0.5,300,old_su_guard,matched,20,20,18,468.35,28.45,439.9,0.0,28.45,0.05942921493931923
sample4geo,9,target,0.5,300,current_margin,budget10,20,20,20,107.0,0.9,106.1,0.0,0.9,0.008411214953271028
sample4geo,9,target,0.5,300,current_margin,budget25,20,20,20,267.0,8.35,258.65,4.6,3.75,0.03127340823970037
sample4geo,9,target,0.5,300,current_margin,budget50,20,20,0,535.0,107.0,428.0,80.6,26.4,0.2
sample4geo,9,target,0.5,300,current_margin,full_frozen,20,20,0,995.1,512.45,482.65,422.25,90.2,0.5149698330833468
sample4geo,9,target,0.5,300,current_margin,matched,20,20,17,374.4,28.05,346.35,20.1,7.95,0.07030812172476728
sample4geo,9,target,0.5,300,current_margin_guard,budget10,20,20,20,107.0,0.9,106.1,0.0,0.9,0.008411214953271028
sample4geo,9,target,0.5,300,current_margin_guard,budget25,20,20,20,267.0,3.8,263.2,0.0,3.8,0.014232209737827715
sample4geo,9,target,0.5,300,current_margin_guard,budget50,15,15,1,535.0,62.53333333333333,472.46666666666664,0.0,62.53333333333333,0.11688473520249218
sample4geo,9,target,0.5,300,current_margin_guard,full_frozen,20,20,2,537.8,67.45,470.35,0.0,67.45,0.12526201586924562
sample4geo,9,target,0.5,300,current_margin_guard,matched,20,20,17,498.45,42.15,456.3,0.0,42.15,0.08413510680465049
sample4geo,9,target,0.5,300,old_margin_guard,budget10,20,20,20,107.0,0.0,107.0,0.0,0.0,0.0
sample4geo,9,target,0.5,300,old_margin_guard,budget25,20,20,20,267.0,0.0,267.0,0.0,0.0,0.0
sample4geo,9,target,0.5,300,old_margin_guard,budget50,15,15,1,535.0,61.53333333333333,473.46666666666664,0.0,61.53333333333333,0.11501557632398751
sample4geo,9,target,0.5,300,old_margin_guard,full_frozen,20,20,4,533.1,63.65,469.45,0.0,63.65,0.11924682595613259
sample4geo,9,target,0.5,300,old_margin_guard,matched,20,20,14,503.7,43.25,460.45,0.0,43.25,0.0850653414419538
sample4geo,9,target,0.5,300,sq8_margin_guard,budget10,20,20,20,107.0,0.0,107.0,0.0,0.0,0.0
sample4geo,9,target,0.5,300,sq8_margin_guard,budget25,20,20,20,267.0,0.0,267.0,0.0,0.0,0.0
sample4geo,9,target,0.5,300,sq8_margin_guard,budget50,9,9,2,535.0,57.0,478.0,0.0,57.0,0.10654205607476636
sample4geo,9,target,0.5,300,sq8_margin_guard,full_frozen,20,20,10,512.75,48.05,464.7,0.0,48.05,0.09363351715164012
sample4geo,9,target,0.5,300,sq8_margin_guard,matched,20,20,16,500.45,40.6,459.85,0.0,40.6,0.08045699523077764
dinov2,3,target,0.25,pooled,current_su,budget10,20,20,0,142.0,42.3,99.7,6.1,36.2,0.297887323943662
dinov2,3,target,0.25,pooled,current_su,budget25,20,20,0,357.0,157.75,199.25,19.55,138.2,0.44187675070028004
dinov2,3,target,0.25,pooled,current_su,budget50,20,20,0,714.0,381.8,332.2,52.6,329.2,0.5347338935574231
dinov2,3,target,0.25,pooled,current_su,full_frozen,20,20,0,375.95,168.65,207.3,20.7,147.95,0.4481750368601731
dinov2,3,target,0.25,pooled,current_su,matched,8,8,0,109.65,43.65,66.0,5.05,38.6,0.3835303530514316
dinov2,3,target,0.25,pooled,current_su_guard,budget10,20,20,0,142.0,37.85,104.15,0.0,37.85,0.26654929577464787
dinov2,3,target,0.25,pooled,current_su_guard,budget25,20,20,0,357.0,144.5,212.5,0.0,144.5,0.40476190476190477
dinov2,3,target,0.25,pooled,current_su_guard,budget50,20,20,0,714.0,364.55,349.45,0.0,364.55,0.5105742296918767
dinov2,3,target,0.25,pooled,current_su_guard,full_frozen,20,20,0,336.7,134.1,202.6,0.0,134.1,0.3968765100398613
dinov2,3,target,0.25,pooled,current_su_guard,matched,14,14,0,166.5,59.2,107.3,0.0,59.2,0.34057557990378157
dinov2,3,target,0.25,pooled,old_su,budget10,20,20,0,142.0,51.4,90.6,28.8,22.6,0.36197183098591545
dinov2,3,target,0.25,pooled,old_su,budget25,20,20,0,357.0,176.65,180.35,59.35,117.3,0.49481792717086837
dinov2,3,target,0.25,pooled,old_su,budget50,20,20,0,714.0,401.15,312.85,97.8,303.35,0.5618347338935574
dinov2,3,target,0.25,pooled,old_su,full_frozen,20,20,0,372.0,186.55,185.45,61.35,125.2,0.501478494623656
dinov2,3,target,0.25,pooled,old_su,matched,4,4,0,38.4,13.7,24.7,4.5,9.2,0.35570359091485854
dinov2,3,target,0.25,pooled,old_su_guard,budget10,20,20,0,142.0,34.35,107.65,0.0,34.35,0.24190140845070424
dinov2,3,target,0.25,pooled,old_su_guard,budget25,20,20,0,357.0,139.0,218.0,0.0,139.0,0.3893557422969188
dinov2,3,target,0.25,pooled,old_su_guard,budget50,20,20,0,714.0,363.35,350.65,0.0,363.35,0.5088935574229692
dinov2,3,target,0.25,pooled,old_su_guard,full_frozen,20,20,0,282.85,103.2,179.65,0.0,103.2,0.36292567644673657
dinov2,3,target,0.25,pooled,old_su_guard,matched,16,16,0,217.35,77.8,139.55,0.0,77.8,0.3456022494345702
dinov2,3,target,0.25,pooled,current_margin,budget10,20,20,5,142.0,21.45,120.55,4.85,16.6,0.151056338028169
dinov2,3,target,0.25,pooled,current_margin,budget25,20,20,0,357.0,131.1,225.9,18.9,112.2,0.36722689075630255
dinov2,3,target,0.25,pooled,current_margin,budget50,20,20,0,714.0,385.1,328.9,54.9,330.2,0.5393557422969187
dinov2,3,target,0.25,pooled,current_margin,full_frozen,20,20,0,364.35,135.25,229.1,19.75,115.5,0.3703116300332102
dinov2,3,target,0.25,pooled,current_margin,matched,19,19,0,259.05,79.65,179.4,12.05,67.6,0.2915870768238198
dinov2,3,target,0.25,pooled,current_margin_guard,budget10,20,20,7,142.0,18.2,123.8,0.0,18.2,0.12816901408450704
dinov2,3,target,0.25,pooled,current_margin_guard,budget25,20,20,0,357.0,119.6,237.4,0.0,119.6,0.3350140056022409
dinov2,3,target,0.25,pooled,current_margin_guard,budget50,20,20,0,714.0,372.4,341.6,0.0,372.4,0.5215686274509804
dinov2,3,target,0.25,pooled,current_margin_guard,full_frozen,20,20,0,328.9,104.35,224.55,0.0,104.35,0.3167101919649989
dinov2,3,target,0.25,pooled,current_margin_guard,matched,20,20,0,301.0,90.35,210.65,0.0,90.35,0.2956644420112628
dinov2,3,target,0.25,pooled,old_margin_guard,budget10,20,20,13,142.0,13.15,128.85,0.0,13.15,0.09260563380281689
dinov2,3,target,0.25,pooled,old_margin_guard,budget25,20,20,0,357.0,117.1,239.9,0.0,117.1,0.32801120448179266
dinov2,3,target,0.25,pooled,old_margin_guard,budget50,20,20,0,714.0,374.7,339.3,0.0,374.7,0.5247899159663865
dinov2,3,target,0.25,pooled,old_margin_guard,full_frozen,20,20,0,278.7,71.95,206.75,0.0,71.95,0.25808327632609357
dinov2,3,target,0.25,pooled,old_margin_guard,matched,20,20,0,306.85,88.4,218.45,0.0,88.4,0.2827363103422195
dinov2,3,target,0.25,pooled,sq8_margin_guard,budget10,20,20,12,142.0,13.45,128.55,0.0,13.45,0.09471830985915493
dinov2,3,target,0.25,pooled,sq8_margin_guard,budget25,20,20,0,357.0,116.05,240.95,0.0,116.05,0.3250700280112044
dinov2,3,target,0.25,pooled,sq8_margin_guard,budget50,20,20,0,714.0,375.2,338.8,0.0,375.2,0.5254901960784313
dinov2,3,target,0.25,pooled,sq8_margin_guard,full_frozen,20,20,0,260.25,62.65,197.6,0.0,62.65,0.2404627513745455
dinov2,3,target,0.25,pooled,sq8_margin_guard,matched,20,20,0,319.45,94.95,224.5,0.0,94.95,0.2873382310640882
dinov2,3,target,0.25,150,current_su,budget10,20,20,0,35.0,12.85,22.15,0.8,12.05,0.36714285714285716
dinov2,3,target,0.25,150,current_su,budget25,20,20,0,89.0,49.1,39.9,3.4,45.7,0.5516853932584269
dinov2,3,target,0.25,150,current_su,budget50,20,20,0,178.0,116.7,61.3,9.0,107.7,0.6556179775280899
dinov2,3,target,0.25,150,current_su,full_frozen,0,0,0,0.0,0.0,0.0,0.0,0.0,
dinov2,3,target,0.25,150,current_su,matched,0,0,0,0.0,0.0,0.0,0.0,0.0,
dinov2,3,target,0.25,150,current_su_guard,budget10,20,20,0,35.0,12.0,23.0,0.0,12.0,0.34285714285714286
dinov2,3,target,0.25,150,current_su_guard,budget25,20,20,0,89.0,47.35,41.65,0.0,47.35,0.5320224719101124
dinov2,3,target,0.25,150,current_su_guard,budget50,20,20,0,178.0,115.95,62.05,0.0,115.95,0.6514044943820225
dinov2,3,target,0.25,150,current_su_guard,full_frozen,0,0,0,0.0,0.0,0.0,0.0,0.0,
dinov2,3,target,0.25,150,current_su_guard,matched,0,0,0,0.0,0.0,0.0,0.0,0.0,
dinov2,3,target,0.25,150,old_su,budget10,20,20,0,35.0,14.35,20.65,5.35,9.0,0.41
dinov2,3,target,0.25,150,old_su,budget25,20,20,0,89.0,50.1,38.9,10.85,39.25,0.5629213483146068
dinov2,3,target,0.25,150,old_su,budget50,20,20,0,178.0,116.95,61.05,16.9,100.05,0.6570224719101123
dinov2,3,target,0.25,150,old_su,full_frozen,0,0,0,0.0,0.0,0.0,0.0,0.0,
dinov2,3,target,0.25,150,old_su,matched,0,0,0,0.0,0.0,0.0,0.0,0.0,
dinov2,3,target,0.25,150,old_su_guard,budget10,20,20,0,35.0,10.65,24.35,0.0,10.65,0.3042857142857143
dinov2,3,target,0.25,150,old_su_guard,budget25,20,20,0,89.0,45.7,43.3,0.0,45.7,0.5134831460674159
dinov2,3,target,0.25,150,old_su_guard,budget50,20,20,0,178.0,116.1,61.9,0.0,116.1,0.652247191011236
dinov2,3,target,0.25,150,old_su_guard,full_frozen,0,0,0,0.0,0.0,0.0,0.0,0.0,
dinov2,3,target,0.25,150,old_su_guard,matched,0,0,0,0.0,0.0,0.0,0.0,0.0,
dinov2,3,target,0.25,150,current_margin,budget10,20,20,0,35.0,7.8,27.2,0.5,7.3,0.22285714285714286
dinov2,3,target,0.25,150,current_margin,budget25,20,20,0,89.0,46.6,42.4,3.3,43.3,0.5235955056179774
dinov2,3,target,0.25,150,current_margin,budget50,20,20,0,178.0,119.65,58.35,9.05,110.6,0.6721910112359549
dinov2,3,target,0.25,150,current_margin,full_frozen,20,20,0,84.75,44.1,40.65,3.0,41.1,0.5184661522553875
dinov2,3,target,0.25,150,current_margin,matched,5,5,0,20.35,9.95,10.4,0.55,9.4,0.48839287782377216
dinov2,3,target,0.25,150,current_margin_guard,budget10,20,20,0,35.0,7.65,27.35,0.0,7.65,0.21857142857142856
dinov2,3,target,0.25,150,current_margin_guard,budget25,20,20,0,89.0,45.8,43.2,0.0,45.8,0.5146067415730337
dinov2,3,target,0.25,150,current_margin_guard,budget50,20,20,0,178.0,117.45,60.55,0.0,117.45,0.6598314606741573
dinov2,3,target,0.25,150,current_margin_guard,full_frozen,20,20,0,76.55,36.9,39.65,0.0,36.9,0.48036292084321985
dinov2,3,target,0.25,150,current_margin_guard,matched,8,8,0,29.85,13.2,16.65,0.0,13.2,0.4379619747601188
dinov2,3,target,0.25,150,old_margin_guard,budget10,20,20,0,35.0,6.45,28.55,0.0,6.45,0.1842857142857143
dinov2,3,target,0.25,150,old_margin_guard,budget25,20,20,0,89.0,46.7,42.3,0.0,46.7,0.5247191011235957
dinov2,3,target,0.25,150,old_margin_guard,budget50,20,20,0,178.0,117.9,60.1,0.0,117.9,0.6623595505617976
dinov2,3,target,0.25,150,old_margin_guard,full_frozen,20,20,0,65.3,28.7,36.6,0.0,28.7,0.43854708170565304
dinov2,3,target,0.25,150,old_margin_guard,matched,8,8,0,27.75,12.1,15.65,0.0,12.1,0.4310899358713642
dinov2,3,target,0.25,150,sq8_margin_guard,budget10,20,20,1,35.0,6.35,28.65,0.0,6.35,0.18142857142857144
dinov2,3,target,0.25,150,sq8_margin_guard,budget25,20,20,0,89.0,46.7,42.3,0.0,46.7,0.5247191011235955
dinov2,3,target,0.25,150,sq8_margin_guard,budget50,20,20,0,178.0,117.45,60.55,0.0,117.45,0.6598314606741573
dinov2,3,target,0.25,150,sq8_margin_guard,full_frozen,20,20,0,60.7,24.45,36.25,0.0,24.45,0.401083919240119
dinov2,3,target,0.25,150,sq8_margin_guard,matched,10,10,0,36.45,16.15,20.3,0.0,16.15,0.4301531291065224
dinov2,3,target,0.25,200,current_su,budget10,20,20,0,35.0,9.05,25.95,1.7,7.35,0.25857142857142856
dinov2,3,target,0.25,200,current_su,budget25,20,20,0,89.0,40.8,48.2,5.4,35.4,0.4584269662921348
dinov2,3,target,0.25,200,current_su,budget50,20,20,0,178.0,102.95,75.05,12.25,90.7,0.5783707865168538
dinov2,3,target,0.25,200,current_su,full_frozen,20,20,0,92.45,43.2,49.25,5.25,37.95,0.4662469163046502
dinov2,3,target,0.25,200,current_su,matched,11,11,0,44.65,20.05,24.6,2.45,17.6,0.4386945303663325
dinov2,3,target,0.25,200,current_su_guard,budget10,20,20,1,35.0,7.9,27.1,0.0,7.9,0.2257142857142857
dinov2,3,target,0.25,200,current_su_guard,budget25,20,20,0,89.0,39.2,49.8,0.0,39.2,0.4404494382022472
dinov2,3,target,0.25,200,current_su_guard,budget50,20,20,0,178.0,97.8,80.2,0.0,97.8,0.549438202247191
dinov2,3,target,0.25,200,current_su_guard,full_frozen,20,20,0,83.35,35.2,48.15,0.0,35.2,0.4200153281203559
dinov2,3,target,0.25,200,current_su_guard,matched,14,14,0,57.55,24.25,33.3,0.0,24.25,0.4043583024806768
dinov2,3,target,0.25,200,old_su,budget10,20,20,0,35.0,12.35,22.65,7.35,5.0,0.35285714285714287
dinov2,3,target,0.25,200,old_su,budget25,20,20,0,89.0,43.1,45.9,14.6,28.5,0.4842696629213482
dinov2,3,target,0.25,200,old_su,budget50,20,20,0,178.0,108.9,69.1,20.9,88.0,0.6117977528089888
dinov2,3,target,0.25,200,old_su,full_frozen,20,20,0,91.0,44.55,46.45,15.05,29.5,0.4895604395604396
dinov2,3,target,0.25,200,old_su,matched,4,4,0,11.8,4.65,7.15,1.8,2.85,0.39406779661016955
dinov2,3,target,0.25,200,old_su_guard,budget10,20,20,2,35.0,6.8,28.2,0.0,6.8,0.19428571428571428
dinov2,3,target,0.25,200,old_su_guard,budget25,20,20,0,89.0,38.9,50.1,0.0,38.9,0.4370786516853933
dinov2,3,target,0.25,200,old_su_guard,budget50,20,20,0,178.0,98.15,79.85,0.0,98.15,0.5514044943820224
dinov2,3,target,0.25,200,old_su_guard,full_frozen,20,20,0,69.45,24.5,44.95,0.0,24.5,0.3500553254457993
dinov2,3,target,0.25,200,old_su_guard,matched,15,15,0,57.6,22.1,35.5,0.0,22.1,0.37578048096567923
dinov2,3,target,0.25,200,current_margin,budget10,20,20,7,35.0,4.65,30.35,1.5,3.15,0.13285714285714284
dinov2,3,target,0.25,200,current_margin,budget25,20,20,0,89.0,35.75,53.25,4.95,30.8,0.40168539325842695
dinov2,3,target,0.25,200,current_margin,budget50,20,20,0,178.0,101.9,76.1,13.0,88.9,0.5724719101123596
dinov2,3,target,0.25,200,current_margin,full_frozen,20,20,0,75.95,27.9,48.05,4.35,23.55,0.3656342976836335
dinov2,3,target,0.25,200,current_margin,matched,5,5,0,18.3,6.45,11.85,1.0,5.45,0.3442404154718942
dinov2,3,target,0.25,200,current_margin_guard,budget10,20,20,6,35.0,4.15,30.85,0.0,4.15,0.11857142857142855
dinov2,3,target,0.25,200,current_margin_guard,budget25,20,20,0,89.0,33.65,55.35,0.0,33.65,0.3780898876404494
dinov2,3,target,0.25,200,current_margin_guard,budget50,20,20,0,178.0,99.95,78.05,0.0,99.95,0.5615168539325842
dinov2,3,target,0.25,200,current_margin_guard,full_frozen,20,20,0,68.2,21.0,47.2,0.0,21.0,0.3069814821599919
dinov2,3,target,0.25,200,current_margin_guard,matched,6,6,0,20.6,6.7,13.9,0.0,6.7,0.32144108734141164
dinov2,3,target,0.25,200,old_margin_guard,budget10,20,20,12,35.0,3.5,31.5,0.0,3.5,0.09999999999999999
dinov2,3,target,0.25,200,old_margin_guard,budget25,20,20,0,89.0,33.9,55.1,0.0,33.9,0.38089887640449444
dinov2,3,target,0.25,200,old_margin_guard,budget50,20,20,0,178.0,101.25,76.75,0.0,101.25,0.5688202247191011
dinov2,3,target,0.25,200,old_margin_guard,full_frozen,20,20,0,55.4,11.75,43.65,0.0,11.75,0.21204051437892274
dinov2,3,target,0.25,200,old_margin_guard,matched,8,8,0,32.25,11.0,21.25,0.0,11.0,0.32554705472323553
dinov2,3,target,0.25,200,sq8_margin_guard,budget10,20,20,11,35.0,3.75,31.25,0.0,3.75,0.10714285714285714
dinov2,3,target,0.25,200,sq8_margin_guard,budget25,20,20,0,89.0,33.3,55.7,0.0,33.3,0.3741573033707865
dinov2,3,target,0.25,200,sq8_margin_guard,budget50,20,20,0,178.0,101.9,76.1,0.0,101.9,0.5724719101123595
dinov2,3,target,0.25,200,sq8_margin_guard,full_frozen,20,20,0,52.15,10.85,41.3,0.0,10.85,0.20761168571296684
dinov2,3,target,0.25,200,sq8_margin_guard,matched,7,7,0,28.8,10.0,18.8,0.0,10.0,0.34321673288913096
dinov2,3,target,0.25,250,current_su,budget10,20,20,0,35.0,10.7,24.3,2.0,8.7,0.30571428571428566
dinov2,3,target,0.25,250,current_su,budget25,20,20,0,89.0,33.95,55.05,6.0,27.95,0.38146067415730334
dinov2,3,target,0.25,250,current_su,budget50,20,20,0,178.0,82.6,95.4,16.0,66.6,0.4640449438202247
dinov2,3,target,0.25,250,current_su,full_frozen,20,20,0,116.15,46.05,70.1,7.9,38.15,0.3961121806463354
dinov2,3,target,0.25,250,current_su,matched,14,14,0,63.5,23.95,39.55,4.3,19.65,0.3741495101176696
dinov2,3,target,0.25,250,current_su_guard,budget10,20,20,1,35.0,8.95,26.05,0.0,8.95,0.25571428571428567
dinov2,3,target,0.25,250,current_su_guard,budget25,20,20,0,89.0,28.8,60.2,0.0,28.8,0.32359550561797745
dinov2,3,target,0.25,250,current_su_guard,budget50,20,20,0,178.0,78.6,99.4,0.0,78.6,0.4415730337078651
dinov2,3,target,0.25,250,current_su_guard,full_frozen,20,20,0,102.5,34.1,68.4,0.0,34.1,0.3311767735860255
dinov2,3,target,0.25,250,current_su_guard,matched,20,20,0,84.2,26.85,57.35,0.0,26.85,0.31432350326430164
dinov2,3,target,0.25,250,old_su,budget10,20,20,0,35.0,13.15,21.85,6.95,6.2,0.3757142857142858
dinov2,3,target,0.25,250,old_su,budget25,20,20,0,89.0,39.85,49.15,16.15,23.7,0.447752808988764
dinov2,3,target,0.25,250,old_su,budget50,20,20,0,178.0,87.05,90.95,29.9,57.15,0.48904494382022473
dinov2,3,target,0.25,250,old_su,full_frozen,20,20,0,117.0,53.5,63.5,20.5,33.0,0.45726495726495725
dinov2,3,target,0.25,250,old_su,matched,2,2,0,8.1,3.05,5.05,0.9,2.15,0.37196765498652296
dinov2,3,target,0.25,250,old_su_guard,budget10,20,20,2,35.0,8.0,27.0,0.0,8.0,0.22857142857142856
dinov2,3,target,0.25,250,old_su_guard,budget25,20,20,0,89.0,27.35,61.65,0.0,27.35,0.3073033707865168
dinov2,3,target,0.25,250,old_su_guard,budget50,20,20,0,178.0,77.45,100.55,0.0,77.45,0.4351123595505618
dinov2,3,target,0.25,250,old_su_guard,full_frozen,20,20,0,88.8,27.3,61.5,0.0,27.3,0.30558673939742403
dinov2,3,target,0.25,250,old_su_guard,matched,20,20,0,87.35,27.1,60.25,0.0,27.1,0.30779866806549727
dinov2,3,target,0.25,250,current_margin,budget10,20,20,10,35.0,4.5,30.5,1.25,3.25,0.12857142857142856
dinov2,3,target,0.25,250,current_margin,budget25,20,20,0,89.0,28.75,60.25,5.65,23.1,0.3230337078651686
dinov2,3,target,0.25,250,current_margin,budget50,20,20,0,178.0,86.7,91.3,15.2,71.5,0.4870786516853932
dinov2,3,target,0.25,250,current_margin,full_frozen,20,20,0,119.3,43.5,75.8,8.3,35.2,0.36425500936753236
dinov2,3,target,0.25,250,current_margin,matched,20,20,0,80.1,24.55,55.55,4.8,19.75,0.2884360294201388
dinov2,3,target,0.25,250,current_margin_guard,budget10,20,20,10,35.0,3.6,31.4,0.0,3.6,0.10285714285714287
dinov2,3,target,0.25,250,current_margin_guard,budget25,20,20,0,89.0,24.6,64.4,0.0,24.6,0.2764044943820224
dinov2,3,target,0.25,250,current_margin_guard,budget50,20,20,0,178.0,81.9,96.1,0.0,81.9,0.46011235955056184
dinov2,3,target,0.25,250,current_margin_guard,full_frozen,20,20,0,106.0,32.05,73.95,0.0,32.05,0.3022121783401716
dinov2,3,target,0.25,250,current_margin_guard,matched,20,20,0,93.1,26.3,66.8,0.0,26.3,0.27937418339204634
dinov2,3,target,0.25,250,old_margin_guard,budget10,20,20,18,35.0,2.3,32.7,0.0,2.3,0.0657142857142857
dinov2,3,target,0.25,250,old_margin_guard,budget25,20,20,0,89.0,20.9,68.1,0.0,20.9,0.23483146067415733
dinov2,3,target,0.25,250,old_margin_guard,budget50,20,20,0,178.0,81.25,96.75,0.0,81.25,0.45646067415730335
dinov2,3,target,0.25,250,old_margin_guard,full_frozen,20,20,0,90.8,22.0,68.8,0.0,22.0,0.2423077170695132
dinov2,3,target,0.25,250,old_margin_guard,matched,20,20,0,93.15,24.4,68.75,0.0,24.4,0.2551992727738329
dinov2,3,target,0.25,250,sq8_margin_guard,budget10,20,20,16,35.0,2.25,32.75,0.0,2.25,0.06428571428571428
dinov2,3,target,0.25,250,sq8_margin_guard,budget25,20,20,0,89.0,21.2,67.8,0.0,21.2,0.23820224719101118
dinov2,3,target,0.25,250,sq8_margin_guard,budget50,20,20,0,178.0,81.6,96.4,0.0,81.6,0.4584269662921348
dinov2,3,target,0.25,250,sq8_margin_guard,full_frozen,20,20,0,82.4,18.5,63.9,0.0,18.5,0.22443952804070805
dinov2,3,target,0.25,250,sq8_margin_guard,matched,20,20,0,91.4,23.6,67.8,0.0,23.6,0.24508602522240244
dinov2,3,target,0.25,300,current_su,budget10,20,20,0,35.0,8.85,26.15,2.15,6.7,0.25285714285714284
dinov2,3,target,0.25,300,current_su,budget25,20,20,0,89.0,28.75,60.25,5.95,22.8,0.32303370786516855
dinov2,3,target,0.25,300,current_su,budget50,20,20,0,178.0,75.65,102.35,16.65,59.0,0.425
dinov2,3,target,0.25,300,current_su,full_frozen,20,20,0,155.6,60.85,94.75,12.75,48.1,0.3907640735890649
dinov2,3,target,0.25,300,current_su,matched,16,16,0,83.55,29.4,54.15,5.6,23.8,0.34352356406112927
dinov2,3,target,0.25,300,current_su_guard,budget10,20,20,0,35.0,7.35,27.65,0.0,7.35,0.20999999999999996
dinov2,3,target,0.25,300,current_su_guard,budget25,20,20,0,89.0,23.9,65.1,0.0,23.9,0.26853932584269663
dinov2,3,target,0.25,300,current_su_guard,budget50,20,20,0,178.0,69.1,108.9,0.0,69.1,0.3882022471910112
dinov2,3,target,0.25,300,current_su_guard,full_frozen,20,20,0,136.15,43.2,92.95,0.0,43.2,0.31640435516139537
dinov2,3,target,0.25,300,current_su_guard,matched,20,20,0,117.4,35.35,82.05,0.0,35.35,0.2977640003869938
dinov2,3,target,0.25,300,old_su,budget10,20,20,0,35.0,11.2,23.8,8.35,2.85,0.32
dinov2,3,target,0.25,300,old_su,budget25,20,20,0,89.0,37.35,51.65,18.45,18.9,0.41966292134831457
dinov2,3,target,0.25,300,old_su,budget50,20,20,0,178.0,82.6,95.4,31.4,51.2,0.46404494382022465
dinov2,3,target,0.25,300,old_su,full_frozen,20,20,0,157.0,68.85,88.15,29.45,39.4,0.4385350318471338
dinov2,3,target,0.25,300,old_su,matched,3,3,0,12.1,4.5,7.6,2.05,2.45,0.3718715393133998
dinov2,3,target,0.25,300,old_su_guard,budget10,20,20,4,35.0,5.95,29.05,0.0,5.95,0.17000000000000004
dinov2,3,target,0.25,300,old_su_guard,budget25,20,20,0,89.0,22.5,66.5,0.0,22.5,0.25280898876404495
dinov2,3,target,0.25,300,old_su_guard,budget50,20,20,0,178.0,67.6,110.4,0.0,67.6,0.3797752808988764
dinov2,3,target,0.25,300,old_su_guard,full_frozen,20,20,0,119.1,32.55,86.55,0.0,32.55,0.27236383542693476
dinov2,3,target,0.25,300,old_su_guard,matched,20,20,0,118.8,33.5,85.3,0.0,33.5,0.28084629680117923
dinov2,3,target,0.25,300,current_margin,budget10,20,20,9,35.0,3.95,31.05,1.45,2.5,0.11285714285714284
dinov2,3,target,0.25,300,current_margin,budget25,20,20,0,89.0,21.95,67.05,4.9,17.05,0.2466292134831461
dinov2,3,target,0.25,300,current_margin,budget50,20,20,0,178.0,75.5,102.5,17.05,58.45,0.4241573033707865
dinov2,3,target,0.25,300,current_margin,full_frozen,20,20,0,168.7,69.15,99.55,15.85,53.3,0.4094397482966235
dinov2,3,target,0.25,300,current_margin,matched,20,20,0,93.15,23.85,69.3,5.15,18.7,0.24856385822995378
dinov2,3,target,0.25,300,current_margin_guard,budget10,20,20,14,35.0,2.7,32.3,0.0,2.7,0.07714285714285712
dinov2,3,target,0.25,300,current_margin_guard,budget25,20,20,0,89.0,17.75,71.25,0.0,17.75,0.199438202247191
dinov2,3,target,0.25,300,current_margin_guard,budget50,20,20,0,178.0,71.5,106.5,0.0,71.5,0.40168539325842695
dinov2,3,target,0.25,300,current_margin_guard,full_frozen,20,20,0,146.3,48.2,98.1,0.0,48.2,0.329404528190212
dinov2,3,target,0.25,300,current_margin_guard,matched,20,20,0,119.8,33.75,86.05,0.0,33.75,0.2705850617063429
dinov2,3,target,0.25,300,old_margin_guard,budget10,20,20,20,35.0,1.05,33.95,0.0,1.05,0.03
dinov2,3,target,0.25,300,old_margin_guard,budget25,20,20,0,89.0,15.8,73.2,0.0,15.8,0.1775280898876405
dinov2,3,target,0.25,300,old_margin_guard,budget50,20,20,0,178.0,72.2,105.8,0.0,72.2,0.4056179775280898
dinov2,3,target,0.25,300,old_margin_guard,full_frozen,20,20,0,129.8,36.65,93.15,0.0,36.65,0.2823111520340392
dinov2,3,target,0.25,300,old_margin_guard,matched,20,20,0,128.7,36.8,91.9,0.0,36.8,0.28266250244647473
dinov2,3,target,0.25,300,sq8_margin_guard,budget10,20,20,20,35.0,1.1,33.9,0.0,1.1,0.03142857142857143
dinov2,3,target,0.25,300,sq8_margin_guard,budget25,20,20,0,89.0,15.9,73.1,0.0,15.9,0.17865168539325843
dinov2,3,target,0.25,300,sq8_margin_guard,budget50,20,20,0,178.0,71.9,106.1,0.0,71.9,0.40393258426966294
dinov2,3,target,0.25,300,sq8_margin_guard,full_frozen,20,20,0,121.55,31.45,90.1,0.0,31.45,0.2586729352876532
dinov2,3,target,0.25,300,sq8_margin_guard,matched,20,20,0,123.85,32.9,90.95,0.0,32.9,0.26331400038425634
dinov2,3,control,0.25,pooled,current_su,budget10,20,20,0,142.0,20.7,121.3,0.0,20.7,0.14577464788732392
dinov2,3,control,0.25,pooled,current_su,budget25,20,20,0,357.0,115.55,241.45,0.0,115.55,0.32366946778711475
dinov2,3,control,0.25,pooled,current_su,budget50,20,20,0,714.0,304.25,409.75,0.0,304.25,0.4261204481792718
dinov2,3,control,0.25,pooled,current_su,full_frozen,20,20,0,405.95,136.9,269.05,0.0,136.9,0.33717098118979005
dinov2,3,control,0.25,pooled,current_su,matched,19,19,0,241.45,69.75,171.7,0.0,69.75,0.282008682112708
dinov2,3,control,0.25,pooled,current_su_guard,budget10,20,20,0,142.0,20.4,121.6,0.0,20.4,0.1436619718309859
dinov2,3,control,0.25,pooled,current_su_guard,budget25,20,20,0,357.0,115.4,241.6,0.0,115.4,0.32324929971988786
dinov2,3,control,0.25,pooled,current_su_guard,budget50,20,20,0,714.0,306.15,407.85,0.0,306.15,0.4287815126050421
dinov2,3,control,0.25,pooled,current_su_guard,full_frozen,20,20,0,398.5,132.95,265.55,0.0,132.95,0.3334502750177337
dinov2,3,control,0.25,pooled,current_su_guard,matched,19,19,0,225.5,62.35,163.15,0.0,62.35,0.26787744769754607
dinov2,3,control,0.25,pooled,old_su,budget10,20,20,0,142.0,20.9,121.1,0.0,20.9,0.1471830985915493
dinov2,3,control,0.25,pooled,old_su,budget25,20,20,0,357.0,118.1,238.9,0.0,118.1,0.330812324929972
dinov2,3,control,0.25,pooled,old_su,budget50,20,20,0,714.0,307.0,407.0,0.0,307.0,0.4299719887955183
dinov2,3,control,0.25,pooled,old_su,full_frozen,20,20,0,372.0,126.1,245.9,0.0,126.1,0.3389784946236559
dinov2,3,control,0.25,pooled,old_su,matched,20,20,0,372.7,126.8,245.9,0.0,126.8,0.3402296116924674
dinov2,3,control,0.25,pooled,old_su_guard,budget10,20,20,0,142.0,20.0,122.0,0.0,20.0,0.1408450704225352
dinov2,3,control,0.25,pooled,old_su_guard,budget25,20,20,0,357.0,114.9,242.1,0.0,114.9,0.32184873949579823
dinov2,3,control,0.25,pooled,old_su_guard,budget50,20,20,0,714.0,296.45,417.55,0.0,296.45,0.4151960784313726
dinov2,3,control,0.25,pooled,old_su_guard,full_frozen,20,20,0,355.65,114.65,241.0,0.0,114.65,0.32206521367770835
dinov2,3,control,0.25,pooled,old_su_guard,matched,20,20,0,356.35,115.35,241.0,0.0,115.35,0.32343287407595106
dinov2,3,control,0.25,pooled,current_margin,budget10,20,20,20,142.0,4.75,137.25,0.0,4.75,0.03345070422535211
dinov2,3,control,0.25,pooled,current_margin,budget25,20,20,0,357.0,80.15,276.85,0.0,80.15,0.22450980392156863
dinov2,3,control,0.25,pooled,current_margin,budget50,20,20,0,714.0,294.95,419.05,0.0,294.95,0.4130952380952381
dinov2,3,control,0.25,pooled,current_margin,full_frozen,20,20,0,386.3,92.15,294.15,0.0,92.15,0.23856964029834643
dinov2,3,control,0.25,pooled,current_margin,matched,20,20,0,347.05,74.65,272.4,0.0,74.65,0.2148091088341361
dinov2,3,control,0.25,pooled,current_margin_guard,budget10,20,20,20,142.0,4.55,137.45,0.0,4.55,0.03204225352112675
dinov2,3,control,0.25,pooled,current_margin_guard,budget25,20,20,0,357.0,80.45,276.55,0.0,80.45,0.2253501400560224
dinov2,3,control,0.25,pooled,current_margin_guard,budget50,20,20,0,714.0,296.5,417.5,0.0,296.5,0.41526610644257705
dinov2,3,control,0.25,pooled,current_margin_guard,full_frozen,20,20,0,380.55,90.7,289.85,0.0,90.7,0.2382966695475306
dinov2,3,control,0.25,pooled,current_margin_guard,matched,20,20,0,341.55,73.1,268.45,0.0,73.1,0.21358189771504904
dinov2,3,control,0.25,pooled,old_margin_guard,budget10,20,20,20,142.0,4.3,137.7,0.0,4.3,0.030281690140845065
dinov2,3,control,0.25,pooled,old_margin_guard,budget25,20,20,0,357.0,77.8,279.2,0.0,77.8,0.21792717086834737
dinov2,3,control,0.25,pooled,old_margin_guard,budget50,20,20,0,714.0,292.6,421.4,0.0,292.6,0.4098039215686275
dinov2,3,control,0.25,pooled,old_margin_guard,full_frozen,20,20,0,347.25,74.25,273.0,0.0,74.25,0.21369955794583687
dinov2,3,control,0.25,pooled,old_margin_guard,matched,20,20,0,347.25,74.25,273.0,0.0,74.25,0.21369955794583687
dinov2,3,control,0.25,pooled,sq8_margin_guard,budget10,20,20,20,142.0,4.8,137.2,0.0,4.8,0.03380281690140844
dinov2,3,control,0.25,pooled,sq8_margin_guard,budget25,20,20,0,357.0,75.9,281.1,0.0,75.9,0.21260504201680677
dinov2,3,control,0.25,pooled,sq8_margin_guard,budget50,20,20,0,714.0,299.4,414.6,0.0,299.4,0.419327731092437
dinov2,3,control,0.25,pooled,sq8_margin_guard,full_frozen,20,20,0,328.75,63.7,265.05,0.0,63.7,0.19350486441807999
dinov2,3,control,0.25,pooled,sq8_margin_guard,matched,20,20,0,429.25,117.45,311.8,0.0,117.45,0.2734781721245747
dinov2,3,control,0.25,150,current_su,budget10,20,20,0,35.0,7.6,27.4,0.0,7.6,0.21714285714285717
dinov2,3,control,0.25,150,current_su,budget25,20,20,0,89.0,37.75,51.25,0.0,37.75,0.42415730337078655
dinov2,3,control,0.25,150,current_su,budget50,20,20,0,178.0,100.75,77.25,0.0,100.75,0.5660112359550562
dinov2,3,control,0.25,150,current_su,full_frozen,0,0,0,0.0,0.0,0.0,0.0,0.0,
dinov2,3,control,0.25,150,current_su,matched,0,0,0,0.0,0.0,0.0,0.0,0.0,
dinov2,3,control,0.25,150,current_su_guard,budget10,20,20,0,35.0,7.75,27.25,0.0,7.75,0.22142857142857145
dinov2,3,control,0.25,150,current_su_guard,budget25,20,20,0,89.0,39.2,49.8,0.0,39.2,0.4404494382022472
dinov2,3,control,0.25,150,current_su_guard,budget50,20,20,0,178.0,102.6,75.4,0.0,102.6,0.5764044943820223
dinov2,3,control,0.25,150,current_su_guard,full_frozen,0,0,0,0.0,0.0,0.0,0.0,0.0,
dinov2,3,control,0.25,150,current_su_guard,matched,0,0,0,0.0,0.0,0.0,0.0,0.0,
dinov2,3,control,0.25,150,old_su,budget10,20,20,0,35.0,6.9,28.1,0.0,6.9,0.19714285714285712
dinov2,3,control,0.25,150,old_su,budget25,20,20,0,89.0,38.2,50.8,0.0,38.2,0.42921348314606744
dinov2,3,control,0.25,150,old_su,budget50,20,20,0,178.0,101.35,76.65,0.0,101.35,0.5693820224719102
dinov2,3,control,0.25,150,old_su,full_frozen,0,0,0,0.0,0.0,0.0,0.0,0.0,
dinov2,3,control,0.25,150,old_su,matched,0,0,0,0.0,0.0,0.0,0.0,0.0,
dinov2,3,control,0.25,150,old_su_guard,budget10,20,20,0,35.0,8.3,26.7,0.0,8.3,0.23714285714285716
dinov2,3,control,0.25,150,old_su_guard,budget25,20,20,0,89.0,38.9,50.1,0.0,38.9,0.4370786516853933
dinov2,3,control,0.25,150,old_su_guard,budget50,20,20,0,178.0,103.5,74.5,0.0,103.5,0.5814606741573035
dinov2,3,control,0.25,150,old_su_guard,full_frozen,0,0,0,0.0,0.0,0.0,0.0,0.0,
dinov2,3,control,0.25,150,old_su_guard,matched,0,0,0,0.0,0.0,0.0,0.0,0.0,
dinov2,3,control,0.25,150,current_margin,budget10,20,20,0,35.0,4.4,30.6,0.0,4.4,0.12571428571428572
dinov2,3,control,0.25,150,current_margin,budget25,20,20,0,89.0,35.9,53.1,0.0,35.9,0.403370786516854
dinov2,3,control,0.25,150,current_margin,budget50,20,20,0,178.0,105.95,72.05,0.0,105.95,0.5952247191011237
dinov2,3,control,0.25,150,current_margin,full_frozen,20,20,0,88.15,35.65,52.5,0.0,35.65,0.4041508763836917
dinov2,3,control,0.25,150,current_margin,matched,3,3,0,12.6,4.9,7.7,0.0,4.9,0.38833381184802374
dinov2,3,control,0.25,150,current_margin_guard,budget10,20,20,0,35.0,4.4,30.6,0.0,4.4,0.12571428571428572
dinov2,3,control,0.25,150,current_margin_guard,budget25,20,20,0,89.0,37.55,51.45,0.0,37.55,0.42191011235955056
dinov2,3,control,0.25,150,current_margin_guard,budget50,20,20,0,178.0,106.2,71.8,0.0,106.2,0.5966292134831461
dinov2,3,control,0.25,150,current_margin_guard,full_frozen,20,20,0,86.05,35.65,50.4,0.0,35.65,0.4139020362496204
dinov2,3,control,0.25,150,current_margin_guard,matched,3,3,0,12.5,4.9,7.6,0.0,4.9,0.39135511726032773
dinov2,3,control,0.25,150,old_margin_guard,budget10,20,20,14,35.0,3.3,31.7,0.0,3.3,0.09428571428571428
dinov2,3,control,0.25,150,old_margin_guard,budget25,20,20,0,89.0,38.1,50.9,0.0,38.1,0.4280898876404494
dinov2,3,control,0.25,150,old_margin_guard,budget50,20,20,0,178.0,107.3,70.7,0.0,107.3,0.602808988764045
dinov2,3,control,0.25,150,old_margin_guard,full_frozen,20,20,0,76.25,29.25,47.0,0.0,29.25,0.3826831639084527
dinov2,3,control,0.25,150,old_margin_guard,matched,20,20,0,76.25,29.25,47.0,0.0,29.25,0.3826831639084527
dinov2,3,control,0.25,150,sq8_margin_guard,budget10,20,20,14,35.0,2.7,32.3,0.0,2.7,0.07714285714285715
dinov2,3,control,0.25,150,sq8_margin_guard,budget25,20,20,0,89.0,38.25,50.75,0.0,38.25,0.4297752808988764
dinov2,3,control,0.25,150,sq8_margin_guard,budget50,20,20,0,178.0,106.65,71.35,0.0,106.65,0.5991573033707865
dinov2,3,control,0.25,150,sq8_margin_guard,full_frozen,20,20,0,69.5,24.15,45.35,0.0,24.15,0.3459345877525917
dinov2,3,control,0.25,150,sq8_margin_guard,matched,20,20,0,93.9,42.2,51.7,0.0,42.2,0.44507118294770975
dinov2,3,control,0.25,200,current_su,budget10,20,20,0,35.0,4.1,30.9,0.0,4.1,0.11714285714285715
dinov2,3,control,0.25,200,current_su,budget25,20,20,0,89.0,28.55,60.45,0.0,28.55,0.3207865168539326
dinov2,3,control,0.25,200,current_su,budget50,20,20,0,178.0,86.7,91.3,0.0,86.7,0.48707865168539327
dinov2,3,control,0.25,200,current_su,full_frozen,20,20,0,95.4,32.95,62.45,0.0,32.95,0.34514922051393104
dinov2,3,control,0.25,200,current_su,matched,8,8,0,33.55,11.25,22.3,0.0,11.25,0.3319065891675841
dinov2,3,control,0.25,200,current_su_guard,budget10,20,20,0,35.0,4.05,30.95,0.0,4.05,0.11571428571428573
dinov2,3,control,0.25,200,current_su_guard,budget25,20,20,0,89.0,28.5,60.5,0.0,28.5,0.3202247191011236
dinov2,3,control,0.25,200,current_su_guard,budget50,20,20,0,178.0,84.95,93.05,0.0,84.95,0.477247191011236
dinov2,3,control,0.25,200,current_su_guard,full_frozen,20,20,0,92.4,30.65,61.75,0.0,30.65,0.3312423865194273
dinov2,3,control,0.25,200,current_su_guard,matched,8,8,0,33.05,10.8,22.25,0.0,10.8,0.32211445927391197
dinov2,3,control,0.25,200,old_su,budget10,20,20,0,35.0,5.0,30.0,0.0,5.0,0.14285714285714285
dinov2,3,control,0.25,200,old_su,budget25,20,20,0,89.0,28.6,60.4,0.0,28.6,0.3213483146067416
dinov2,3,control,0.25,200,old_su,budget50,20,20,0,178.0,88.6,89.4,0.0,88.6,0.49775280898876406
dinov2,3,control,0.25,200,old_su,full_frozen,20,20,0,91.0,29.6,61.4,0.0,29.6,0.3252747252747252
dinov2,3,control,0.25,200,old_su,matched,20,20,0,91.0,29.6,61.4,0.0,29.6,0.3252747252747252
dinov2,3,control,0.25,200,old_su_guard,budget10,20,20,0,35.0,4.1,30.9,0.0,4.1,0.11714285714285715
dinov2,3,control,0.25,200,old_su_guard,budget25,20,20,0,89.0,28.1,60.9,0.0,28.1,0.3157303370786516
dinov2,3,control,0.25,200,old_su_guard,budget50,20,20,0,178.0,82.7,95.3,0.0,82.7,0.4646067415730338
dinov2,3,control,0.25,200,old_su_guard,full_frozen,20,20,0,86.5,26.5,60.0,0.0,26.5,0.3059899475860373
dinov2,3,control,0.25,200,old_su_guard,matched,20,20,0,86.5,26.5,60.0,0.0,26.5,0.3059899475860373
dinov2,3,control,0.25,200,current_margin,budget10,20,20,20,35.0,1.15,33.85,0.0,1.15,0.032857142857142856
dinov2,3,control,0.25,200,current_margin,budget25,20,20,0,89.0,22.05,66.95,0.0,22.05,0.24775280898876403
dinov2,3,control,0.25,200,current_margin,budget50,20,20,0,178.0,82.0,96.0,0.0,82.0,0.4606741573033708
dinov2,3,control,0.25,200,current_margin,full_frozen,20,20,0,72.75,13.75,59.0,0.0,13.75,0.1888442732167409
dinov2,3,control,0.25,200,current_margin,matched,20,20,0,72.75,13.75,59.0,0.0,13.75,0.1888442732167409
dinov2,3,control,0.25,200,current_margin_guard,budget10,20,20,20,35.0,0.5,34.5,0.0,0.5,0.014285714285714287
dinov2,3,control,0.25,200,current_margin_guard,budget25,20,20,0,89.0,21.65,67.35,0.0,21.65,0.24325842696629213
dinov2,3,control,0.25,200,current_margin_guard,budget50,20,20,0,178.0,80.2,97.8,0.0,80.2,0.45056179775280897
dinov2,3,control,0.25,200,current_margin_guard,full_frozen,20,20,0,71.3,12.3,59.0,0.0,12.3,0.17244852644421887
dinov2,3,control,0.25,200,current_margin_guard,matched,20,20,0,71.3,12.3,59.0,0.0,12.3,0.17244852644421887
dinov2,3,control,0.25,200,old_margin_guard,budget10,20,20,20,35.0,1.0,34.0,0.0,1.0,0.02857142857142857
dinov2,3,control,0.25,200,old_margin_guard,budget25,20,20,0,89.0,23.05,65.95,0.0,23.05,0.2589887640449439
dinov2,3,control,0.25,200,old_margin_guard,budget50,20,20,0,178.0,80.35,97.65,0.0,80.35,0.45140449438202246
dinov2,3,control,0.25,200,old_margin_guard,full_frozen,20,20,0,67.6,11.6,56.0,0.0,11.6,0.17151836724306851
dinov2,3,control,0.25,200,old_margin_guard,matched,20,20,0,67.6,11.6,56.0,0.0,11.6,0.17151836724306851
dinov2,3,control,0.25,200,sq8_margin_guard,budget10,20,20,20,35.0,1.0,34.0,0.0,1.0,0.02857142857142857
dinov2,3,control,0.25,200,sq8_margin_guard,budget25,20,20,0,89.0,25.9,63.1,0.0,25.9,0.2910112359550562
dinov2,3,control,0.25,200,sq8_margin_guard,budget50,20,20,0,178.0,83.4,94.6,0.0,83.4,0.46853932584269664
dinov2,3,control,0.25,200,sq8_margin_guard,full_frozen,20,20,0,64.4,10.8,53.6,0.0,10.8,0.16765256820294133
dinov2,3,control,0.25,200,sq8_margin_guard,matched,19,19,0,57.2,8.3,48.9,0.0,8.3,0.14431420039235018
dinov2,3,control,0.25,250,current_su,budget10,20,20,0,35.0,5.95,29.05,0.0,5.95,0.16999999999999998
dinov2,3,control,0.25,250,current_su,budget25,20,20,0,89.0,24.8,64.2,0.0,24.8,0.27865168539325846
dinov2,3,control,0.25,250,current_su,budget50,20,20,0,178.0,58.25,119.75,0.0,58.25,0.32724719101123595
dinov2,3,control,0.25,250,current_su,full_frozen,20,20,0,130.95,38.85,92.1,0.0,38.85,0.29669033046306864
dinov2,3,control,0.25,250,current_su,matched,20,20,0,116.1,34.05,82.05,0.0,34.05,0.2928694408075264
dinov2,3,control,0.25,250,current_su_guard,budget10,20,20,0,35.0,5.95,29.05,0.0,5.95,0.16999999999999998
dinov2,3,control,0.25,250,current_su_guard,budget25,20,20,0,89.0,24.8,64.2,0.0,24.8,0.27865168539325846
dinov2,3,control,0.25,250,current_su_guard,budget50,20,20,0,178.0,59.15,118.85,0.0,59.15,0.3323033707865169
dinov2,3,control,0.25,250,current_su_guard,full_frozen,20,20,0,129.6,38.85,90.75,0.0,38.85,0.29975469252898596
dinov2,3,control,0.25,250,current_su_guard,matched,20,20,0,117.3,34.95,82.35,0.0,34.95,0.29779143689081533
dinov2,3,control,0.25,250,old_su,budget10,20,20,0,35.0,7.0,28.0,0.0,7.0,0.20000000000000004
dinov2,3,control,0.25,250,old_su,budget25,20,20,0,89.0,24.3,64.7,0.0,24.3,0.2730337078651685
dinov2,3,control,0.25,250,old_su,budget50,20,20,0,178.0,56.85,121.15,0.0,56.85,0.3193820224719101
dinov2,3,control,0.25,250,old_su,full_frozen,20,20,0,117.0,34.3,82.7,0.0,34.3,0.2931623931623931
dinov2,3,control,0.25,250,old_su,matched,20,20,0,126.8,37.2,89.6,0.0,37.2,0.2935603836367195
dinov2,3,control,0.25,250,old_su_guard,budget10,20,20,0,35.0,7.0,28.0,0.0,7.0,0.20000000000000004
dinov2,3,control,0.25,250,old_su_guard,budget25,20,20,0,89.0,24.3,64.7,0.0,24.3,0.2730337078651685
dinov2,3,control,0.25,250,old_su_guard,budget50,20,20,0,178.0,57.05,120.95,0.0,57.05,0.3205056179775281
dinov2,3,control,0.25,250,old_su_guard,full_frozen,20,20,0,115.5,33.5,82.0,0.0,33.5,0.2900194774407668
dinov2,3,control,0.25,250,old_su_guard,matched,20,20,0,125.55,35.85,89.7,0.0,35.85,0.2858081858187914
dinov2,3,control,0.25,250,current_margin,budget10,20,20,20,35.0,1.6,33.4,0.0,1.6,0.04571428571428572
dinov2,3,control,0.25,250,current_margin,budget25,20,20,0,89.0,15.55,73.45,0.0,15.55,0.1747191011235955
dinov2,3,control,0.25,250,current_margin,budget50,20,20,0,178.0,60.85,117.15,0.0,60.85,0.3418539325842697
dinov2,3,control,0.25,250,current_margin,full_frozen,20,20,0,125.2,29.9,95.3,0.0,29.9,0.2386209540782735
dinov2,3,control,0.25,250,current_margin,matched,20,20,0,73.85,9.3,64.55,0.0,9.3,0.12517687715799206
dinov2,3,control,0.25,250,current_margin_guard,budget10,20,20,20,35.0,1.6,33.4,0.0,1.6,0.04571428571428572
dinov2,3,control,0.25,250,current_margin_guard,budget25,20,20,0,89.0,15.9,73.1,0.0,15.9,0.17865168539325843
dinov2,3,control,0.25,250,current_margin_guard,budget50,20,20,0,178.0,60.55,117.45,0.0,60.55,0.3401685393258428
dinov2,3,control,0.25,250,current_margin_guard,full_frozen,20,20,0,122.85,28.25,94.6,0.0,28.25,0.22979069529201662
dinov2,3,control,0.25,250,current_margin_guard,matched,20,20,0,72.65,9.1,63.55,0.0,9.1,0.12491611552314563
dinov2,3,control,0.25,250,old_margin_guard,budget10,20,20,20,35.0,0.0,35.0,0.0,0.0,0.0
dinov2,3,control,0.25,250,old_margin_guard,budget25,20,20,0,89.0,14.65,74.35,0.0,14.65,0.16460674157303373
dinov2,3,control,0.25,250,old_margin_guard,budget50,20,20,0,178.0,58.45,119.55,0.0,58.45,0.32837078651685403
dinov2,3,control,0.25,250,old_margin_guard,full_frozen,20,20,0,113.85,22.85,91.0,0.0,22.85,0.20063980119860889
dinov2,3,control,0.25,250,old_margin_guard,matched,20,20,0,113.85,22.85,91.0,0.0,22.85,0.20063980119860889
dinov2,3,control,0.25,250,sq8_margin_guard,budget10,20,20,20,35.0,0.6,34.4,0.0,0.6,0.017142857142857144
dinov2,3,control,0.25,250,sq8_margin_guard,budget25,20,20,0,89.0,13.75,75.25,0.0,13.75,0.15449438202247193
dinov2,3,control,0.25,250,sq8_margin_guard,budget50,20,20,0,178.0,58.15,119.85,0.0,58.15,0.32668539325842694
dinov2,3,control,0.25,250,sq8_margin_guard,full_frozen,20,20,0,104.95,18.65,86.3,0.0,18.65,0.17748944657922458
dinov2,3,control,0.25,250,sq8_margin_guard,matched,20,20,0,109.05,19.5,89.55,0.0,19.5,0.17858795804421987
dinov2,3,control,0.25,300,current_su,budget10,20,20,20,35.0,3.0,32.0,0.0,3.0,0.0857142857142857
dinov2,3,control,0.25,300,current_su,budget25,20,20,0,89.0,18.6,70.4,0.0,18.6,0.20898876404494385
dinov2,3,control,0.25,300,current_su,budget50,20,20,0,178.0,51.35,126.65,0.0,51.35,0.28848314606741565
dinov2,3,control,0.25,300,current_su,full_frozen,20,20,0,171.75,47.55,124.2,0.0,47.55,0.2768268431956696
dinov2,3,control,0.25,300,current_su,matched,20,20,0,155.05,39.3,115.75,0.0,39.3,0.2525828802234297
dinov2,3,control,0.25,300,current_su_guard,budget10,20,20,20,35.0,3.0,32.0,0.0,3.0,0.0857142857142857
dinov2,3,control,0.25,300,current_su_guard,budget25,20,20,0,89.0,18.35,70.65,0.0,18.35,0.20617977528089887
dinov2,3,control,0.25,300,current_su_guard,budget50,20,20,0,178.0,50.9,127.1,0.0,50.9,0.2859550561797753
dinov2,3,control,0.25,300,current_su_guard,full_frozen,20,20,0,167.4,45.65,121.75,0.0,45.65,0.2726069733238174
dinov2,3,control,0.25,300,current_su_guard,matched,20,20,0,156.85,40.75,116.1,0.0,40.75,0.2590006100981783
dinov2,3,control,0.25,300,old_su,budget10,20,20,20,35.0,3.0,32.0,0.0,3.0,0.0857142857142857
dinov2,3,control,0.25,300,old_su,budget25,20,20,0,89.0,20.0,69.0,0.0,20.0,0.22471910112359547
dinov2,3,control,0.25,300,old_su,budget50,20,20,0,178.0,51.45,126.55,0.0,51.45,0.28904494382022466
dinov2,3,control,0.25,300,old_su,full_frozen,20,20,0,157.0,40.2,116.8,0.0,40.2,0.25605095541401274
dinov2,3,control,0.25,300,old_su,matched,20,20,0,166.0,44.45,121.55,0.0,44.45,0.26742889942230785
dinov2,3,control,0.25,300,old_su_guard,budget10,20,20,20,35.0,3.0,32.0,0.0,3.0,0.0857142857142857
dinov2,3,control,0.25,300,old_su_guard,budget25,20,20,0,89.0,18.4,70.6,0.0,18.4,0.20674157303370783
dinov2,3,control,0.25,300,old_su_guard,budget50,20,20,0,178.0,51.4,126.6,0.0,51.4,0.28876404494382013
dinov2,3,control,0.25,300,old_su_guard,full_frozen,20,20,0,152.35,36.35,116.0,0.0,36.35,0.23853885516138823
dinov2,3,control,0.25,300,old_su_guard,matched,20,20,0,167.3,44.4,122.9,0.0,44.4,0.2652195430164703
dinov2,3,control,0.25,300,current_margin,budget10,20,20,20,35.0,1.0,34.0,0.0,1.0,0.02857142857142857
dinov2,3,control,0.25,300,current_margin,budget25,20,20,0,89.0,13.75,75.25,0.0,13.75,0.15449438202247193
dinov2,3,control,0.25,300,current_margin,budget50,20,20,0,178.0,45.55,132.45,0.0,45.55,0.2558988764044944
dinov2,3,control,0.25,300,current_margin,full_frozen,20,20,0,173.25,42.8,130.45,0.0,42.8,0.24696939764144948
dinov2,3,control,0.25,300,current_margin,matched,20,20,0,155.05,32.4,122.65,0.0,32.4,0.20815759327031852
dinov2,3,control,0.25,300,current_margin_guard,budget10,20,20,20,35.0,1.0,34.0,0.0,1.0,0.02857142857142857
dinov2,3,control,0.25,300,current_margin_guard,budget25,20,20,0,89.0,13.75,75.25,0.0,13.75,0.15449438202247193
dinov2,3,control,0.25,300,current_margin_guard,budget50,20,20,0,178.0,47.4,130.6,0.0,47.4,0.26629213483146064
dinov2,3,control,0.25,300,current_margin_guard,full_frozen,20,20,0,168.85,41.7,127.15,0.0,41.7,0.24690925472946637
dinov2,3,control,0.25,300,current_margin_guard,matched,20,20,0,152.6,32.5,120.1,0.0,32.5,0.21234370833994404
dinov2,3,control,0.25,300,old_margin_guard,budget10,20,20,20,35.0,1.0,34.0,0.0,1.0,0.02857142857142857
dinov2,3,control,0.25,300,old_margin_guard,budget25,20,20,0,89.0,10.5,78.5,0.0,10.5,0.11797752808988762
dinov2,3,control,0.25,300,old_margin_guard,budget50,20,20,0,178.0,48.2,129.8,0.0,48.2,0.2707865168539326
dinov2,3,control,0.25,300,old_margin_guard,full_frozen,20,20,0,165.65,40.65,125.0,0.0,40.65,0.24535224253265397
dinov2,3,control,0.25,300,old_margin_guard,matched,20,20,0,165.65,40.65,125.0,0.0,40.65,0.24535224253265397
dinov2,3,control,0.25,300,sq8_margin_guard,budget10,20,20,20,35.0,1.0,34.0,0.0,1.0,0.02857142857142857
dinov2,3,control,0.25,300,sq8_margin_guard,budget25,20,20,6,89.0,9.0,80.0,0.0,9.0,0.10112359550561797
dinov2,3,control,0.25,300,sq8_margin_guard,budget50,20,20,0,178.0,49.3,128.7,0.0,49.3,0.2769662921348314
dinov2,3,control,0.25,300,sq8_margin_guard,full_frozen,20,20,0,154.75,34.35,120.4,0.0,34.35,0.22189839648672174
dinov2,3,control,0.25,300,sq8_margin_guard,matched,20,20,0,163.7,41.25,122.45,0.0,41.25,0.24989138329926014
dinov2,3,target,0.5,pooled,current_su,budget10,20,20,0,142.0,68.85,73.15,16.0,52.85,0.48485915492957743
dinov2,3,target,0.5,pooled,current_su,budget25,20,20,0,357.0,204.9,152.1,40.0,164.9,0.5739495798319327
dinov2,3,target,0.5,pooled,current_su,budget50,20,20,0,714.0,473.35,240.65,111.3,362.05,0.662955182072829
dinov2,3,target,0.5,pooled,current_su,full_frozen,20,20,0,377.75,219.45,158.3,42.7,176.75,0.5810518640146809
dinov2,3,target,0.5,pooled,current_su,matched,1,1,0,13.0,9.0,4.0,2.2,6.8,0.6923076923076923
dinov2,3,target,0.5,pooled,current_su_guard,budget10,20,20,0,142.0,56.95,85.05,0.0,56.95,0.401056338028169
dinov2,3,target,0.5,pooled,current_su_guard,budget25,20,20,0,357.0,179.35,177.65,0.0,179.35,0.5023809523809524
dinov2,3,target,0.5,pooled,current_su_guard,budget50,20,20,0,714.0,452.45,261.55,0.0,452.45,0.6336834733893556
dinov2,3,target,0.5,pooled,current_su_guard,full_frozen,20,20,0,289.75,137.8,151.95,0.0,137.8,0.4744863235219374
dinov2,3,target,0.5,pooled,current_su_guard,matched,5,5,0,49.8,22.35,27.45,0.0,22.35,0.4364246059440898
dinov2,3,target,0.5,pooled,old_su,budget10,20,20,0,142.0,81.75,60.25,59.6,22.15,0.5757042253521126
dinov2,3,target,0.5,pooled,old_su,budget25,20,20,0,357.0,234.2,122.8,117.3,116.9,0.6560224089635853
dinov2,3,target,0.5,pooled,old_su,budget50,20,20,0,714.0,502.4,211.6,201.45,300.95,0.703641456582633
dinov2,3,target,0.5,pooled,old_su,full_frozen,20,20,0,372.0,245.75,126.25,121.3,124.45,0.6606182795698924
dinov2,3,target,0.5,pooled,old_su,matched,0,0,0,0.0,0.0,0.0,0.0,0.0,
dinov2,3,target,0.5,pooled,old_su_guard,budget10,20,20,0,142.0,50.35,91.65,0.0,50.35,0.3545774647887324
dinov2,3,target,0.5,pooled,old_su_guard,budget25,20,20,0,357.0,171.45,185.55,0.0,171.45,0.4802521008403361
dinov2,3,target,0.5,pooled,old_su_guard,budget50,20,20,0,714.0,450.85,263.15,0.0,450.85,0.6314425770308122
dinov2,3,target,0.5,pooled,old_su_guard,full_frozen,20,20,0,197.9,78.2,119.7,0.0,78.2,0.3945138676252798
dinov2,3,target,0.5,pooled,old_su_guard,matched,8,8,0,89.15,36.65,52.5,0.0,36.65,0.40536474147903223
dinov2,3,target,0.5,pooled,current_margin,budget10,20,20,0,142.0,43.9,98.1,12.5,31.4,0.30915492957746477
dinov2,3,target,0.5,pooled,current_margin,budget25,20,20,0,357.0,186.15,170.85,41.95,144.2,0.5214285714285714
dinov2,3,target,0.5,pooled,current_margin,budget50,20,20,0,714.0,478.95,235.05,114.35,364.6,0.670798319327731
dinov2,3,target,0.5,pooled,current_margin,full_frozen,20,20,0,351.7,183.1,168.6,41.5,141.6,0.5203672480635757
dinov2,3,target,0.5,pooled,current_margin,matched,9,9,0,73.55,24.8,48.75,6.4,18.4,0.3221414329677057
dinov2,3,target,0.5,pooled,current_margin_guard,budget10,20,20,0,142.0,36.9,105.1,0.0,36.9,0.2598591549295775
dinov2,3,target,0.5,pooled,current_margin_guard,budget25,20,20,0,357.0,170.0,187.0,0.0,170.0,0.47619047619047616
dinov2,3,target,0.5,pooled,current_margin_guard,budget50,20,20,0,714.0,456.7,257.3,0.0,456.7,0.6396358543417365
dinov2,3,target,0.5,pooled,current_margin_guard,full_frozen,20,20,0,277.05,114.2,162.85,0.0,114.2,0.4115782423387597
dinov2,3,target,0.5,pooled,current_margin_guard,matched,19,19,0,178.65,59.45,119.2,0.0,59.45,0.32621593045135977
dinov2,3,target,0.5,pooled,old_margin_guard,budget10,20,20,2,142.0,28.7,113.3,0.0,28.7,0.202112676056338
dinov2,3,target,0.5,pooled,old_margin_guard,budget25,20,20,0,357.0,166.0,191.0,0.0,166.0,0.4649859943977591
dinov2,3,target,0.5,pooled,old_margin_guard,budget50,20,20,0,714.0,455.1,258.9,0.0,455.1,0.6373949579831931
dinov2,3,target,0.5,pooled,old_margin_guard,full_frozen,20,20,0,193.0,56.35,136.65,0.0,56.35,0.2931000094498408
dinov2,3,target,0.5,pooled,old_margin_guard,matched,17,17,0,173.7,55.25,118.45,0.0,55.25,0.3098981911611262
dinov2,3,target,0.5,pooled,sq8_margin_guard,budget10,20,20,2,142.0,28.7,113.3,0.0,28.7,0.202112676056338
dinov2,3,target,0.5,pooled,sq8_margin_guard,budget25,20,20,0,357.0,163.85,193.15,0.0,163.85,0.4589635854341737
dinov2,3,target,0.5,pooled,sq8_margin_guard,budget50,4,4,0,714.0,445.5,268.5,0.0,445.5,0.6239495798319328
dinov2,3,target,0.5,pooled,sq8_margin_guard,full_frozen,20,20,0,165.9,41.2,124.7,0.0,41.2,0.24922440426965814
dinov2,3,target,0.5,pooled,sq8_margin_guard,matched,16,16,0,167.2,53.25,113.95,0.0,53.25,0.30805991686943773
dinov2,3,target,0.5,150,current_su,budget10,20,20,0,35.0,18.8,16.2,2.7,16.1,0.5371428571428571
dinov2,3,target,0.5,150,current_su,budget25,20,20,0,89.0,59.6,29.4,6.65,52.95,0.6696629213483145
dinov2,3,target,0.5,150,current_su,budget50,20,20,0,178.0,133.75,44.25,20.75,113.0,0.7514044943820224
dinov2,3,target,0.5,150,current_su,full_frozen,0,0,0,0.0,0.0,0.0,0.0,0.0,
dinov2,3,target,0.5,150,current_su,matched,0,0,0,0.0,0.0,0.0,0.0,0.0,
dinov2,3,target,0.5,150,current_su_guard,budget10,20,20,0,35.0,17.15,17.85,0.0,17.15,0.48999999999999994
dinov2,3,target,0.5,150,current_su_guard,budget25,20,20,0,89.0,55.7,33.3,0.0,55.7,0.6258426966292135
dinov2,3,target,0.5,150,current_su_guard,budget50,20,20,0,178.0,130.85,47.15,0.0,130.85,0.7351123595505618
dinov2,3,target,0.5,150,current_su_guard,full_frozen,0,0,0,0.0,0.0,0.0,0.0,0.0,
dinov2,3,target,0.5,150,current_su_guard,matched,1,1,0,3.45,2.6,0.85,0.0,2.6,0.7536231884057971
dinov2,3,target,0.5,150,old_su,budget10,20,20,0,35.0,21.2,13.8,12.35,8.85,0.6057142857142856
dinov2,3,target,0.5,150,old_su,budget25,20,20,0,89.0,62.7,26.3,23.35,39.35,0.7044943820224719
dinov2,3,target,0.5,150,old_su,budget50,20,20,0,178.0,135.7,42.3,36.45,99.25,0.7623595505617977
dinov2,3,target,0.5,150,old_su,full_frozen,0,0,0,0.0,0.0,0.0,0.0,0.0,
dinov2,3,target,0.5,150,old_su,matched,0,0,0,0.0,0.0,0.0,0.0,0.0,
dinov2,3,target,0.5,150,old_su_guard,budget10,20,20,0,35.0,15.7,19.3,0.0,15.7,0.44857142857142857
dinov2,3,target,0.5,150,old_su_guard,budget25,20,20,0,89.0,54.3,34.7,0.0,54.3,0.6101123595505618
dinov2,3,target,0.5,150,old_su_guard,budget50,20,20,0,178.0,130.25,47.75,0.0,130.25,0.731741573033708
dinov2,3,target,0.5,150,old_su_guard,full_frozen,0,0,0,0.0,0.0,0.0,0.0,0.0,
dinov2,3,target,0.5,150,old_su_guard,matched,0,0,0,0.0,0.0,0.0,0.0,0.0,
dinov2,3,target,0.5,150,current_margin,budget10,20,20,0,35.0,14.15,20.85,1.4,12.75,0.40428571428571425
dinov2,3,target,0.5,150,current_margin,budget25,20,20,0,89.0,57.85,31.15,7.25,50.6,0.6500000000000001
dinov2,3,target,0.5,150,current_margin,budget50,20,20,0,178.0,136.35,41.65,20.65,115.7,0.7660112359550562
dinov2,3,target,0.5,150,current_margin,full_frozen,20,20,0,86.25,55.8,30.45,6.75,49.05,0.646548789973562
dinov2,3,target,0.5,150,current_margin,matched,0,0,0,0.0,0.0,0.0,0.0,0.0,
dinov2,3,target,0.5,150,current_margin_guard,budget10,20,20,0,35.0,13.55,21.45,0.0,13.55,0.3871428571428571
dinov2,3,target,0.5,150,current_margin_guard,budget25,20,20,0,89.0,56.0,33.0,0.0,56.0,0.6292134831460674
dinov2,3,target,0.5,150,current_margin_guard,budget50,20,20,0,178.0,130.8,47.2,0.0,130.8,0.7348314606741572
dinov2,3,target,0.5,150,current_margin_guard,full_frozen,20,20,0,68.3,39.1,29.2,0.0,39.1,0.5698936444136564
dinov2,3,target,0.5,150,current_margin_guard,matched,1,1,0,2.35,1.3,1.05,0.0,1.3,0.5531914893617021
dinov2,3,target,0.5,150,old_margin_guard,budget10,20,20,0,35.0,12.05,22.95,0.0,12.05,0.3442857142857142
dinov2,3,target,0.5,150,old_margin_guard,budget25,20,20,0,89.0,57.1,31.9,0.0,57.1,0.6415730337078651
dinov2,3,target,0.5,150,old_margin_guard,budget50,20,20,0,178.0,130.7,47.3,0.0,130.7,0.7342696629213483
dinov2,3,target,0.5,150,old_margin_guard,full_frozen,20,20,0,46.65,22.55,24.1,0.0,22.55,0.48335797118359813
dinov2,3,target,0.5,150,old_margin_guard,matched,2,2,0,5.85,3.35,2.5,0.0,3.35,0.5745614035087719
dinov2,3,target,0.5,150,sq8_margin_guard,budget10,20,20,0,35.0,11.85,23.15,0.0,11.85,0.3385714285714285
dinov2,3,target,0.5,150,sq8_margin_guard,budget25,20,20,0,89.0,56.7,32.3,0.0,56.7,0.6370786516853932
dinov2,3,target,0.5,150,sq8_margin_guard,budget50,7,7,0,178.0,132.57142857142858,45.42857142857143,0.0,132.57142857142858,0.7447833065810594
dinov2,3,target,0.5,150,sq8_margin_guard,full_frozen,20,20,0,39.45,15.7,23.75,0.0,15.7,0.3963841130831691
dinov2,3,target,0.5,150,sq8_margin_guard,matched,3,3,0,9.55,5.5,4.05,0.0,5.5,0.5600053785128413
dinov2,3,target,0.5,200,current_su,budget10,20,20,0,35.0,16.2,18.8,4.3,11.9,0.4628571428571428
dinov2,3,target,0.5,200,current_su,budget25,20,20,0,89.0,53.4,35.6,11.0,42.4,0.6
dinov2,3,target,0.5,200,current_su,budget50,20,20,0,178.0,122.55,55.45,26.3,96.25,0.6884831460674157
dinov2,3,target,0.5,200,current_su,full_frozen,20,20,0,95.85,59.35,36.5,12.1,47.25,0.618983901690579
dinov2,3,target,0.5,200,current_su,matched,0,0,0,0.0,0.0,0.0,0.0,0.0,
dinov2,3,target,0.5,200,current_su_guard,budget10,20,20,0,35.0,13.4,21.6,0.0,13.4,0.3828571428571429
dinov2,3,target,0.5,200,current_su_guard,budget25,20,20,0,89.0,49.3,39.7,0.0,49.3,0.553932584269663
dinov2,3,target,0.5,200,current_su_guard,budget50,20,20,0,178.0,118.55,59.45,0.0,118.55,0.6660112359550563
dinov2,3,target,0.5,200,current_su_guard,full_frozen,20,20,0,72.15,37.5,34.65,0.0,37.5,0.5188694831692693
dinov2,3,target,0.5,200,current_su_guard,matched,3,3,0,10.45,5.5,4.95,0.0,5.5,0.5049364123159303
dinov2,3,target,0.5,200,old_su,budget10,20,20,0,35.0,19.65,15.35,14.8,4.85,0.5614285714285715
dinov2,3,target,0.5,200,old_su,budget25,20,20,0,89.0,57.35,31.65,29.05,28.3,0.6443820224719101
dinov2,3,target,0.5,200,old_su,budget50,20,20,0,178.0,131.35,46.65,43.75,87.6,0.7379213483146068
dinov2,3,target,0.5,200,old_su,full_frozen,20,20,0,91.0,59.1,31.9,29.8,29.3,0.6494505494505495
dinov2,3,target,0.5,200,old_su,matched,0,0,0,0.0,0.0,0.0,0.0,0.0,
dinov2,3,target,0.5,200,old_su_guard,budget10,20,20,0,35.0,11.8,23.2,0.0,11.8,0.33714285714285713
dinov2,3,target,0.5,200,old_su_guard,budget25,20,20,0,89.0,49.1,39.9,0.0,49.1,0.5516853932584269
dinov2,3,target,0.5,200,old_su_guard,budget50,20,20,0,178.0,118.1,59.9,0.0,118.1,0.6634831460674159
dinov2,3,target,0.5,200,old_su_guard,full_frozen,20,20,0,48.9,18.7,30.2,0.0,18.7,0.38117142668848053
dinov2,3,target,0.5,200,old_su_guard,matched,3,3,0,9.3,3.6,5.7,0.0,3.6,0.3755439353493985
dinov2,3,target,0.5,200,current_margin,budget10,20,20,1,35.0,11.2,23.8,3.8,7.4,0.32
dinov2,3,target,0.5,200,current_margin,budget25,20,20,0,89.0,50.05,38.95,10.3,39.75,0.5623595505617976
dinov2,3,target,0.5,200,current_margin,budget50,20,20,0,178.0,124.25,53.75,27.0,97.25,0.6980337078651686
dinov2,3,target,0.5,200,current_margin,full_frozen,20,20,0,75.65,40.3,35.35,8.45,31.85,0.5324085653057204
dinov2,3,target,0.5,200,current_margin,matched,1,1,0,3.15,1.75,1.4,0.5,1.25,0.5555555555555556
dinov2,3,target,0.5,200,current_margin_guard,budget10,20,20,0,35.0,10.3,24.7,0.0,10.3,0.2942857142857142
dinov2,3,target,0.5,200,current_margin_guard,budget25,20,20,0,89.0,47.5,41.5,0.0,47.5,0.5337078651685393
dinov2,3,target,0.5,200,current_margin_guard,budget50,20,20,0,178.0,120.9,57.1,0.0,120.9,0.6792134831460673
dinov2,3,target,0.5,200,current_margin_guard,full_frozen,20,20,0,61.1,26.8,34.3,0.0,26.8,0.43714705090222256
dinov2,3,target,0.5,200,current_margin_guard,matched,2,2,0,5.35,2.6,2.75,0.0,2.6,0.4856140350877193
dinov2,3,target,0.5,200,old_margin_guard,budget10,20,20,0,35.0,8.1,26.9,0.0,8.1,0.23142857142857146
dinov2,3,target,0.5,200,old_margin_guard,budget25,20,20,0,89.0,45.25,43.75,0.0,45.25,0.5084269662921348
dinov2,3,target,0.5,200,old_margin_guard,budget50,20,20,0,178.0,121.05,56.95,0.0,121.05,0.6800561797752808
dinov2,3,target,0.5,200,old_margin_guard,full_frozen,20,20,0,39.4,9.75,29.65,0.0,9.75,0.24960198696005623
dinov2,3,target,0.5,200,old_margin_guard,matched,3,3,0,9.55,3.9,5.65,0.0,3.9,0.3836791874616933
dinov2,3,target,0.5,200,sq8_margin_guard,budget10,20,20,1,35.0,7.95,27.05,0.0,7.95,0.22714285714285717
dinov2,3,target,0.5,200,sq8_margin_guard,budget25,20,20,0,89.0,45.75,43.25,0.0,45.75,0.5140449438202247
dinov2,3,target,0.5,200,sq8_margin_guard,budget50,5,5,0,178.0,117.4,60.6,0.0,117.4,0.6595505617977528
dinov2,3,target,0.5,200,sq8_margin_guard,full_frozen,20,20,0,34.95,7.8,27.15,0.0,7.8,0.2258372833375851
dinov2,3,target,0.5,200,sq8_margin_guard,matched,5,5,0,18.15,7.85,10.3,0.0,7.85,0.4127115611468358
dinov2,3,target,0.5,250,current_su,budget10,20,20,0,35.0,15.6,19.4,4.45,11.15,0.44571428571428573
dinov2,3,target,0.5,250,current_su,budget25,20,20,0,89.0,46.3,42.7,12.05,34.25,0.5202247191011236
dinov2,3,target,0.5,250,current_su,budget50,20,20,0,178.0,110.0,68.0,31.75,78.25,0.6179775280898875
dinov2,3,target,0.5,250,current_su,full_frozen,20,20,0,118.8,65.6,53.2,18.75,46.85,0.5523077299022028
dinov2,3,target,0.5,250,current_su,matched,1,1,0,4.15,2.65,1.5,0.85,1.8,0.6385542168674698
dinov2,3,target,0.5,250,current_su_guard,budget10,20,20,0,35.0,11.05,23.95,0.0,11.05,0.31571428571428567
dinov2,3,target,0.5,250,current_su_guard,budget25,20,20,0,89.0,36.4,52.6,0.0,36.4,0.4089887640449438
dinov2,3,target,0.5,250,current_su_guard,budget50,19,19,0,178.0,105.10526315789474,72.89473684210526,0.0,105.10526315789474,0.5904790065050267
dinov2,3,target,0.5,250,current_su_guard,full_frozen,20,20,0,85.6,34.5,51.1,0.0,34.5,0.40122000119212825
dinov2,3,target,0.5,250,current_su_guard,matched,7,7,0,19.2,7.25,11.95,0.0,7.25,0.36028720536912545
dinov2,3,target,0.5,250,old_su,budget10,20,20,0,35.0,20.75,14.25,14.4,6.35,0.5928571428571429
dinov2,3,target,0.5,250,old_su,budget25,20,20,0,89.0,55.45,33.55,31.75,23.7,0.6230337078651684
dinov2,3,target,0.5,250,old_su,budget50,20,20,0,178.0,116.7,61.3,60.25,56.45,0.6556179775280899
dinov2,3,target,0.5,250,old_su,full_frozen,20,20,0,117.0,74.8,42.2,41.65,33.15,0.6393162393162392
dinov2,3,target,0.5,250,old_su,matched,0,0,0,0.0,0.0,0.0,0.0,0.0,
dinov2,3,target,0.5,250,old_su_guard,budget10,20,20,0,35.0,10.0,25.0,0.0,10.0,0.2857142857142857
dinov2,3,target,0.5,250,old_su_guard,budget25,20,20,0,89.0,33.55,55.45,0.0,33.55,0.37696629213483146
dinov2,3,target,0.5,250,old_su_guard,budget50,19,19,0,178.0,104.84210526315789,73.15789473684211,0.0,104.84210526315789,0.5890005913660555
dinov2,3,target,0.5,250,old_su_guard,full_frozen,20,20,0,59.8,19.45,40.35,0.0,19.45,0.32277970231350334
dinov2,3,target,0.5,250,old_su_guard,matched,13,13,0,36.65,11.95,24.7,0.0,11.95,0.31923786055939085
dinov2,3,target,0.5,250,current_margin,budget10,20,20,0,35.0,9.75,25.25,3.55,6.2,0.2785714285714286
dinov2,3,target,0.5,250,current_margin,budget25,20,20,0,89.0,42.4,46.6,11.9,30.5,0.4764044943820225
dinov2,3,target,0.5,250,current_margin,budget50,20,20,0,178.0,113.2,64.8,31.25,81.95,0.6359550561797753
dinov2,3,target,0.5,250,current_margin,full_frozen,20,20,0,116.55,61.15,55.4,17.2,43.95,0.5244916457830499
dinov2,3,target,0.5,250,current_margin,matched,2,2,0,5.25,2.2,3.05,0.75,1.45,0.3627996575342466
dinov2,3,target,0.5,250,current_margin_guard,budget10,20,20,2,35.0,7.15,27.85,0.0,7.15,0.20428571428571426
dinov2,3,target,0.5,250,current_margin_guard,budget25,20,20,0,89.0,36.0,53.0,0.0,36.0,0.4044943820224719
dinov2,3,target,0.5,250,current_margin_guard,budget50,19,19,0,178.0,105.42105263157895,72.57894736842105,0.0,105.42105263157895,0.5922531046717918
dinov2,3,target,0.5,250,current_margin_guard,full_frozen,20,20,0,87.05,34.3,52.75,0.0,34.3,0.3940867286853702
dinov2,3,target,0.5,250,current_margin_guard,matched,13,13,0,37.45,11.7,25.75,0.0,11.7,0.2884205321078476
dinov2,3,target,0.5,250,old_margin_guard,budget10,20,20,4,35.0,4.95,30.05,0.0,4.95,0.1414285714285714
dinov2,3,target,0.5,250,old_margin_guard,budget25,20,20,0,89.0,34.8,54.2,0.0,34.8,0.3910112359550562
dinov2,3,target,0.5,250,old_margin_guard,budget50,19,19,0,178.0,104.42105263157895,73.57894736842105,0.0,104.42105263157895,0.586635127143702
dinov2,3,target,0.5,250,old_margin_guard,full_frozen,20,20,0,62.25,16.9,45.35,0.0,16.9,0.2724282992572662
dinov2,3,target,0.5,250,old_margin_guard,matched,17,17,2,51.5,15.3,36.2,0.0,15.3,0.2776011681513993
dinov2,3,target,0.5,250,sq8_margin_guard,budget10,20,20,6,35.0,5.0,30.0,0.0,5.0,0.14285714285714285
dinov2,3,target,0.5,250,sq8_margin_guard,budget25,20,20,0,89.0,33.5,55.5,0.0,33.5,0.3764044943820225
dinov2,3,target,0.5,250,sq8_margin_guard,budget50,3,3,0,178.0,102.33333333333333,75.66666666666667,0.0,102.33333333333333,0.5749063670411985
dinov2,3,target,0.5,250,sq8_margin_guard,full_frozen,20,20,0,51.05,12.1,38.95,0.0,12.1,0.23761677679231163
dinov2,3,target,0.5,250,sq8_margin_guard,matched,16,16,1,47.95,13.8,34.15,0.0,13.8,0.27578186962182827
dinov2,3,target,0.5,300,current_su,budget10,20,20,0,35.0,14.3,20.7,4.7,9.6,0.40857142857142853
dinov2,3,target,0.5,300,current_su,budget25,20,20,0,89.0,41.35,47.65,12.15,29.2,0.46460674157303367
dinov2,3,target,0.5,300,current_su,budget50,20,20,0,178.0,102.55,75.45,34.55,68.0,0.576123595505618
dinov2,3,target,0.5,300,current_su,full_frozen,20,20,0,155.8,85.55,70.25,28.0,57.55,0.5492933939510383
dinov2,3,target,0.5,300,current_su,matched,4,4,0,16.55,7.85,8.7,2.0,5.85,0.4690744643484369
dinov2,3,target,0.5,300,current_su_guard,budget10,20,20,0,35.0,10.5,24.5,0.0,10.5,0.29999999999999993
dinov2,3,target,0.5,300,current_su_guard,budget25,20,20,0,89.0,32.35,56.65,0.0,32.35,0.3634831460674157
dinov2,3,target,0.5,300,current_su_guard,budget50,19,19,0,178.0,95.26315789473684,82.73684210526316,0.0,95.26315789473684,0.5351862803075104
dinov2,3,target,0.5,300,current_su_guard,full_frozen,20,20,0,110.1,43.7,66.4,0.0,43.7,0.39638768795930085
dinov2,3,target,0.5,300,current_su_guard,matched,19,19,0,68.4,22.95,45.45,0.0,22.95,0.33181643888029133
dinov2,3,target,0.5,300,old_su,budget10,20,20,0,35.0,19.0,16.0,16.4,2.6,0.5428571428571429
dinov2,3,target,0.5,300,old_su,budget25,20,20,0,89.0,53.7,35.3,35.1,18.6,0.6033707865168539
dinov2,3,target,0.5,300,old_su,budget50,20,20,0,178.0,113.8,64.2,63.5,50.3,0.6393258426966291
dinov2,3,target,0.5,300,old_su,full_frozen,20,20,0,157.0,98.7,58.3,59.85,38.85,0.6286624203821656
dinov2,3,target,0.5,300,old_su,matched,0,0,0,0.0,0.0,0.0,0.0,0.0,
dinov2,3,target,0.5,300,old_su_guard,budget10,20,20,1,35.0,8.2,26.8,0.0,8.2,0.2342857142857143
dinov2,3,target,0.5,300,old_su_guard,budget25,20,20,0,89.0,29.25,59.75,0.0,29.25,0.32865168539325834
dinov2,3,target,0.5,300,old_su_guard,budget50,19,19,0,178.0,95.05263157894737,82.94736842105263,0.0,95.05263157894737,0.5340035481963334
dinov2,3,target,0.5,300,old_su_guard,full_frozen,20,20,0,80.9,24.75,56.15,0.0,24.75,0.3053993163722727
dinov2,3,target,0.5,300,old_su_guard,matched,20,20,0,74.4,22.9,51.5,0.0,22.9,0.3056234631868574
dinov2,3,target,0.5,300,current_margin,budget10,20,20,3,35.0,8.0,27.0,3.35,4.65,0.22857142857142856
dinov2,3,target,0.5,300,current_margin,budget25,20,20,0,89.0,35.55,53.45,11.8,23.75,0.399438202247191
dinov2,3,target,0.5,300,current_margin,budget50,20,20,0,178.0,103.7,74.3,35.15,68.55,0.5825842696629212
dinov2,3,target,0.5,300,current_margin,full_frozen,20,20,0,163.5,91.55,71.95,31.6,59.95,0.5593634156840819
dinov2,3,target,0.5,300,current_margin,matched,8,8,0,28.65,10.35,18.3,3.05,7.3,0.348187881729657
dinov2,3,target,0.5,300,current_margin_guard,budget10,20,20,4,35.0,5.4,29.6,0.0,5.4,0.1542857142857143
dinov2,3,target,0.5,300,current_margin_guard,budget25,20,20,0,89.0,28.9,60.1,0.0,28.9,0.3247191011235955
dinov2,3,target,0.5,300,current_margin_guard,budget50,19,19,0,178.0,96.73684210526316,81.26315789473684,0.0,96.73684210526316,0.5434654050857481
dinov2,3,target,0.5,300,current_margin_guard,full_frozen,20,20,0,115.8,46.5,69.3,0.0,46.5,0.40060937014775366
dinov2,3,target,0.5,300,current_margin_guard,matched,17,17,0,63.35,18.3,45.05,0.0,18.3,0.27766194719019893
dinov2,3,target,0.5,300,old_margin_guard,budget10,20,20,8,35.0,4.1,30.9,0.0,4.1,0.11714285714285715
dinov2,3,target,0.5,300,old_margin_guard,budget25,20,20,0,89.0,27.45,61.55,0.0,27.45,0.30842696629213484
dinov2,3,target,0.5,300,old_margin_guard,budget50,19,19,0,178.0,96.84210526315789,81.15789473684211,0.0,96.84210526315789,0.5440567711413365
dinov2,3,target,0.5,300,old_margin_guard,full_frozen,20,20,0,90.0,27.5,62.5,0.0,27.5,0.3049756531667939
dinov2,3,target,0.5,300,old_margin_guard,matched,20,20,1,85.9,26.2,59.7,0.0,26.2,0.2977663744352511
dinov2,3,target,0.5,300,sq8_margin_guard,budget10,20,20,10,35.0,3.95,31.05,0.0,3.95,0.11285714285714285
dinov2,3,target,0.5,300,sq8_margin_guard,budget25,20,20,0,89.0,26.7,62.3,0.0,26.7,0.30000000000000004
dinov2,3,target,0.5,300,sq8_margin_guard,budget50,1,1,0,178.0,96.0,82.0,0.0,96.0,0.5393258426966292
dinov2,3,target,0.5,300,sq8_margin_guard,full_frozen,20,20,0,79.4,20.65,58.75,0.0,20.65,0.2595403262703752
dinov2,3,target,0.5,300,sq8_margin_guard,matched,19,19,1,75.8,20.45,55.35,0.0,20.45,0.2617472528726176
dinov2,9,target,0.25,pooled,current_su,budget10,20,20,0,428.0,117.3,310.7,19.5,97.8,0.2740654205607477
dinov2,9,target,0.25,pooled,current_su,budget25,20,20,0,1071.0,452.7,618.3,62.0,390.7,0.4226890756302521
dinov2,9,target,0.25,pooled,current_su,budget50,20,20,0,2142.0,1159.5,982.5,159.7,999.8,0.5413165266106443
dinov2,9,target,0.25,pooled,current_su,full_frozen,0,0,0,0.0,0.0,0.0,0.0,0.0,
dinov2,9,target,0.25,pooled,current_su,matched,0,0,0,0.0,0.0,0.0,0.0,0.0,
dinov2,9,target,0.25,pooled,current_su_guard,budget10,20,20,1,428.0,101.55,326.45,0.0,101.55,0.23726635514018693
dinov2,9,target,0.25,pooled,current_su_guard,budget25,20,20,0,1071.0,412.05,658.95,0.0,412.05,0.38473389355742305
dinov2,9,target,0.25,pooled,current_su_guard,budget50,20,20,0,2142.0,1112.95,1029.05,0.0,1112.95,0.5195845004668534
dinov2,9,target,0.25,pooled,current_su_guard,full_frozen,0,0,0,0.0,0.0,0.0,0.0,0.0,
dinov2,9,target,0.25,pooled,current_su_guard,matched,0,0,0,0.0,0.0,0.0,0.0,0.0,
dinov2,9,target,0.25,pooled,old_su,budget10,20,20,0,428.0,151.05,276.95,91.8,59.25,0.35292056074766354
dinov2,9,target,0.25,pooled,old_su,budget25,20,20,0,1071.0,513.35,557.65,183.25,330.1,0.47931839402427634
dinov2,9,target,0.25,pooled,old_su,budget50,20,20,0,2142.0,1204.35,937.65,303.25,901.1,0.5622549019607843
dinov2,9,target,0.25,pooled,old_su,full_frozen,0,0,0,0.0,0.0,0.0,0.0,0.0,
dinov2,9,target,0.25,pooled,old_su,matched,0,0,0,0.0,0.0,0.0,0.0,0.0,
dinov2,9,target,0.25,pooled,old_su_guard,budget10,20,20,1,428.0,90.4,337.6,0.0,90.4,0.211214953271028
dinov2,9,target,0.25,pooled,old_su_guard,budget25,20,20,0,1071.0,396.9,674.1,0.0,396.9,0.37058823529411766
dinov2,9,target,0.25,pooled,old_su_guard,budget50,20,20,0,2142.0,1107.05,1034.95,0.0,1107.05,0.5168300653594771
dinov2,9,target,0.25,pooled,old_su_guard,full_frozen,0,0,0,0.0,0.0,0.0,0.0,0.0,
dinov2,9,target,0.25,pooled,old_su_guard,matched,0,0,0,0.0,0.0,0.0,0.0,0.0,
dinov2,9,target,0.25,pooled,current_margin,budget10,20,20,4,428.0,60.65,367.35,15.45,45.2,0.14170560747663552
dinov2,9,target,0.25,pooled,current_margin,budget25,20,20,0,1071.0,397.8,673.2,57.0,340.8,0.37142857142857144
dinov2,9,target,0.25,pooled,current_margin,budget50,20,20,0,2142.0,1179.4,962.6,157.3,1022.1,0.5506069094304389
dinov2,9,target,0.25,pooled,current_margin,full_frozen,20,20,0,1125.7,434.45,691.25,60.6,373.85,0.38525357853286535
dinov2,9,target,0.25,pooled,current_margin,matched,16,16,2,580.5,160.65,419.85,27.85,132.8,0.2517009793388889
dinov2,9,target,0.25,pooled,current_margin_guard,budget10,20,20,7,428.0,49.55,378.45,0.0,49.55,0.11577102803738319
dinov2,9,target,0.25,pooled,current_margin_guard,budget25,20,20,0,1071.0,369.55,701.45,0.0,369.55,0.3450513538748833
dinov2,9,target,0.25,pooled,current_margin_guard,budget50,20,20,0,2142.0,1131.3,1010.7,0.0,1131.3,0.5281512605042016
dinov2,9,target,0.25,pooled,current_margin_guard,full_frozen,20,20,0,1022.85,342.7,680.15,0.0,342.7,0.334642312512792
dinov2,9,target,0.25,pooled,current_margin_guard,matched,19,19,0,751.7,199.05,552.65,0.0,199.05,0.2592128344275948
dinov2,9,target,0.25,pooled,old_margin_guard,budget10,20,20,13,428.0,37.3,390.7,0.0,37.3,0.08714953271028035
dinov2,9,target,0.25,pooled,old_margin_guard,budget25,20,20,0,1071.0,359.9,711.1,0.0,359.9,0.3360410830999066
dinov2,9,target,0.25,pooled,old_margin_guard,budget50,20,20,0,2142.0,1129.95,1012.05,0.0,1129.95,0.5275210084033614
dinov2,9,target,0.25,pooled,old_margin_guard,full_frozen,20,20,0,871.65,244.3,627.35,0.0,244.3,0.2801803956002108
dinov2,9,target,0.25,pooled,old_margin_guard,matched,20,20,0,865.25,239.05,626.2,0.0,239.05,0.27356080100739744
dinov2,9,target,0.25,pooled,sq8_margin_guard,budget10,20,20,13,428.0,38.05,389.95,0.0,38.05,0.0889018691588785
dinov2,9,target,0.25,pooled,sq8_margin_guard,budget25,20,20,0,1071.0,361.85,709.15,0.0,361.85,0.3378618113912231
dinov2,9,target,0.25,pooled,sq8_margin_guard,budget50,20,20,0,2142.0,1132.45,1009.55,0.0,1132.45,0.528688141923436
dinov2,9,target,0.25,pooled,sq8_margin_guard,full_frozen,20,20,0,805.65,205.85,599.8,0.0,205.85,0.25524014879122425
dinov2,9,target,0.25,pooled,sq8_margin_guard,matched,20,20,0,884.7,246.9,637.8,0.0,246.9,0.2758557835378772
dinov2,9,target,0.25,150,current_su,budget10,20,20,0,107.0,36.95,70.05,2.85,34.1,0.3453271028037383
dinov2,9,target,0.25,150,current_su,budget25,20,20,0,267.0,142.9,124.1,12.0,130.9,0.5352059925093633
dinov2,9,target,0.25,150,current_su,budget50,20,20,0,535.0,351.7,183.3,31.25,320.45,0.6573831775700933
dinov2,9,target,0.25,150,current_su,full_frozen,0,0,0,0.0,0.0,0.0,0.0,0.0,
dinov2,9,target,0.25,150,current_su,matched,0,0,0,0.0,0.0,0.0,0.0,0.0,
dinov2,9,target,0.25,150,current_su_guard,budget10,20,20,0,107.0,33.95,73.05,0.0,33.95,0.3172897196261682
dinov2,9,target,0.25,150,current_su_guard,budget25,20,20,0,267.0,139.05,127.95,0.0,139.05,0.5207865168539325
dinov2,9,target,0.25,150,current_su_guard,budget50,20,20,0,535.0,349.15,185.85,0.0,349.15,0.6526168224299066
dinov2,9,target,0.25,150,current_su_guard,full_frozen,0,0,0,0.0,0.0,0.0,0.0,0.0,
dinov2,9,target,0.25,150,current_su_guard,matched,0,0,0,0.0,0.0,0.0,0.0,0.0,
dinov2,9,target,0.25,150,old_su,budget10,20,20,0,107.0,44.25,62.75,18.05,26.2,0.41355140186915884
dinov2,9,target,0.25,150,old_su,budget25,20,20,0,267.0,152.35,114.65,34.3,118.05,0.5705992509363296
dinov2,9,target,0.25,150,old_su,budget50,20,20,0,535.0,352.25,182.75,55.6,296.65,0.658411214953271
dinov2,9,target,0.25,150,old_su,full_frozen,0,0,0,0.0,0.0,0.0,0.0,0.0,
dinov2,9,target,0.25,150,old_su,matched,0,0,0,0.0,0.0,0.0,0.0,0.0,
dinov2,9,target,0.25,150,old_su_guard,budget10,20,20,0,107.0,30.1,76.9,0.0,30.1,0.28130841121495326
dinov2,9,target,0.25,150,old_su_guard,budget25,20,20,0,267.0,137.6,129.4,0.0,137.6,0.5153558052434456
dinov2,9,target,0.25,150,old_su_guard,budget50,20,20,0,535.0,348.45,186.55,0.0,348.45,0.6513084112149532
dinov2,9,target,0.25,150,old_su_guard,full_frozen,0,0,0,0.0,0.0,0.0,0.0,0.0,
dinov2,9,target,0.25,150,old_su_guard,matched,0,0,0,0.0,0.0,0.0,0.0,0.0,
dinov2,9,target,0.25,150,current_margin,budget10,20,20,0,107.0,25.85,81.15,3.15,22.7,0.24158878504672895
dinov2,9,target,0.25,150,current_margin,budget25,20,20,0,267.0,143.5,123.5,11.2,132.3,0.5374531835205992
dinov2,9,target,0.25,150,current_margin,budget50,20,20,0,535.0,361.55,173.45,26.25,335.3,0.6757943925233645
dinov2,9,target,0.25,150,current_margin,full_frozen,0,0,0,0.0,0.0,0.0,0.0,0.0,
dinov2,9,target,0.25,150,current_margin,matched,2,2,0,16.6,6.1,10.5,0.4,5.7,0.36396396396396397
dinov2,9,target,0.25,150,current_margin_guard,budget10,20,20,0,107.0,24.95,82.05,0.0,24.95,0.2331775700934579
dinov2,9,target,0.25,150,current_margin_guard,budget25,20,20,0,267.0,141.1,125.9,0.0,141.1,0.5284644194756554
dinov2,9,target,0.25,150,current_margin_guard,budget50,20,20,0,535.0,352.4,182.6,0.0,352.4,0.6586915887850469
dinov2,9,target,0.25,150,current_margin_guard,full_frozen,0,0,0,0.0,0.0,0.0,0.0,0.0,
dinov2,9,target,0.25,150,current_margin_guard,matched,2,2,0,13.2,4.2,9.0,0.0,4.2,0.3180642565664693
dinov2,9,target,0.25,150,old_margin_guard,budget10,20,20,0,107.0,22.8,84.2,0.0,22.8,0.21308411214953268
dinov2,9,target,0.25,150,old_margin_guard,budget25,20,20,0,267.0,144.0,123.0,0.0,144.0,0.5393258426966292
dinov2,9,target,0.25,150,old_margin_guard,budget50,20,20,0,535.0,351.6,183.4,0.0,351.6,0.6571962616822431
dinov2,9,target,0.25,150,old_margin_guard,full_frozen,0,0,0,0.0,0.0,0.0,0.0,0.0,
dinov2,9,target,0.25,150,old_margin_guard,matched,2,2,0,19.3,9.5,9.8,0.0,9.5,0.49131607335490834
dinov2,9,target,0.25,150,sq8_margin_guard,budget10,20,20,0,107.0,23.15,83.85,0.0,23.15,0.21635514018691585
dinov2,9,target,0.25,150,sq8_margin_guard,budget25,20,20,0,267.0,144.35,122.65,0.0,144.35,0.5406367041198503
dinov2,9,target,0.25,150,sq8_margin_guard,budget50,20,20,0,535.0,353.5,181.5,0.0,353.5,0.6607476635514018
dinov2,9,target,0.25,150,sq8_margin_guard,full_frozen,0,0,0,0.0,0.0,0.0,0.0,0.0,
dinov2,9,target,0.25,150,sq8_margin_guard,matched,4,4,0,32.5,13.6,18.9,0.0,13.6,0.41672019800983734
dinov2,9,target,0.25,200,current_su,budget10,20,20,0,107.0,29.2,77.8,5.55,23.65,0.27289719626168224
dinov2,9,target,0.25,200,current_su,budget25,20,20,0,267.0,114.0,153.0,17.8,96.2,0.42696629213483145
dinov2,9,target,0.25,200,current_su,budget50,20,20,0,535.0,302.05,232.95,42.15,259.9,0.5645794392523364
dinov2,9,target,0.25,200,current_su,full_frozen,0,0,0,0.0,0.0,0.0,0.0,0.0,
dinov2,9,target,0.25,200,current_su,matched,0,0,0,0.0,0.0,0.0,0.0,0.0,
dinov2,9,target,0.25,200,current_su_guard,budget10,20,20,1,107.0,23.95,83.05,0.0,23.95,0.22383177570093457
dinov2,9,target,0.25,200,current_su_guard,budget25,20,20,0,267.0,105.3,161.7,0.0,105.3,0.39438202247191007
dinov2,9,target,0.25,200,current_su_guard,budget50,20,20,0,535.0,291.0,244.0,0.0,291.0,0.5439252336448599
dinov2,9,target,0.25,200,current_su_guard,full_frozen,0,0,0,0.0,0.0,0.0,0.0,0.0,
dinov2,9,target,0.25,200,current_su_guard,matched,0,0,0,0.0,0.0,0.0,0.0,0.0,
dinov2,9,target,0.25,200,old_su,budget10,20,20,0,107.0,39.0,68.0,23.25,15.75,0.36448598130841114
dinov2,9,target,0.25,200,old_su,budget25,20,20,0,267.0,126.25,140.75,45.7,80.55,0.4728464419475656
dinov2,9,target,0.25,200,old_su,budget50,20,20,0,535.0,313.15,221.85,71.8,241.35,0.5853271028037385
dinov2,9,target,0.25,200,old_su,full_frozen,0,0,0,0.0,0.0,0.0,0.0,0.0,
dinov2,9,target,0.25,200,old_su,matched,0,0,0,0.0,0.0,0.0,0.0,0.0,
dinov2,9,target,0.25,200,old_su_guard,budget10,20,20,2,107.0,21.75,85.25,0.0,21.75,0.20327102803738314
dinov2,9,target,0.25,200,old_su_guard,budget25,20,20,0,267.0,102.75,164.25,0.0,102.75,0.3848314606741573
dinov2,9,target,0.25,200,old_su_guard,budget50,20,20,0,535.0,290.95,244.05,0.0,290.95,0.5438317757009347
dinov2,9,target,0.25,200,old_su_guard,full_frozen,0,0,0,0.0,0.0,0.0,0.0,0.0,
dinov2,9,target,0.25,200,old_su_guard,matched,0,0,0,0.0,0.0,0.0,0.0,0.0,
dinov2,9,target,0.25,200,current_margin,budget10,20,20,2,107.0,17.75,89.25,4.95,12.8,0.1658878504672897
dinov2,9,target,0.25,200,current_margin,budget25,20,20,0,267.0,108.45,158.55,16.15,92.3,0.4061797752808989
dinov2,9,target,0.25,200,current_margin,budget50,20,20,0,535.0,309.95,225.05,39.4,270.55,0.5793457943925233
dinov2,9,target,0.25,200,current_margin,full_frozen,20,20,0,192.3,63.15,129.15,10.6,52.55,0.32699347946999274
dinov2,9,target,0.25,200,current_margin,matched,10,10,0,82.95,23.55,59.4,4.7,18.85,0.26579021682547277
dinov2,9,target,0.25,200,current_margin_guard,budget10,20,20,4,107.0,14.0,93.0,0.0,14.0,0.1308411214953271
dinov2,9,target,0.25,200,current_margin_guard,budget25,20,20,0,267.0,100.7,166.3,0.0,100.7,0.37715355805243445
dinov2,9,target,0.25,200,current_margin_guard,budget50,20,20,0,535.0,299.8,235.2,0.0,299.8,0.5603738317757009
dinov2,9,target,0.25,200,current_margin_guard,full_frozen,20,20,0,176.15,48.75,127.4,0.0,48.75,0.2757086211794422
dinov2,9,target,0.25,200,current_margin_guard,matched,16,16,2,120.9,28.05,92.85,0.0,28.05,0.21377158838178362
dinov2,9,target,0.25,200,old_margin_guard,budget10,20,20,11,107.0,11.55,95.45,0.0,11.55,0.10794392523364485
dinov2,9,target,0.25,200,old_margin_guard,budget25,20,20,0,267.0,99.7,167.3,0.0,99.7,0.3734082397003745
dinov2,9,target,0.25,200,old_margin_guard,budget50,20,20,0,535.0,301.4,233.6,0.0,301.4,0.5633644859813083
dinov2,9,target,0.25,200,old_margin_guard,full_frozen,20,20,0,147.05,31.6,115.45,0.0,31.6,0.21493440965533242
dinov2,9,target,0.25,200,old_margin_guard,matched,18,18,3,141.6,31.9,109.7,0.0,31.9,0.20000886257510653
dinov2,9,target,0.25,200,sq8_margin_guard,budget10,20,20,12,107.0,11.55,95.45,0.0,11.55,0.10794392523364485
dinov2,9,target,0.25,200,sq8_margin_guard,budget25,20,20,0,267.0,100.0,167.0,0.0,100.0,0.37453183520599254
dinov2,9,target,0.25,200,sq8_margin_guard,budget50,20,20,0,535.0,302.3,232.7,0.0,302.3,0.5650467289719626
dinov2,9,target,0.25,200,sq8_margin_guard,full_frozen,20,20,0,139.3,27.5,111.8,0.0,27.5,0.1973250837263199
dinov2,9,target,0.25,200,sq8_margin_guard,matched,18,18,4,146.75,35.05,111.7,0.0,35.05,0.21610024960571442
dinov2,9,target,0.25,250,current_su,budget10,20,20,0,107.0,26.55,80.45,5.5,21.05,0.2481308411214953
dinov2,9,target,0.25,250,current_su,budget25,20,20,0,267.0,98.4,168.6,16.35,82.05,0.36853932584269666
dinov2,9,target,0.25,250,current_su,budget50,20,20,0,535.0,260.7,274.3,44.15,216.55,0.4872897196261682
dinov2,9,target,0.25,250,current_su,full_frozen,20,20,0,361.0,148.4,212.6,24.55,123.85,0.41084093479898137
dinov2,9,target,0.25,250,current_su,matched,14,14,0,141.65,48.15,93.5,8.1,40.05,0.3342004017661327
dinov2,9,target,0.25,250,current_su_guard,budget10,20,20,2,107.0,21.7,85.3,0.0,21.7,0.202803738317757
dinov2,9,target,0.25,250,current_su_guard,budget25,20,20,0,267.0,87.15,179.85,0.0,87.15,0.32640449438202246
dinov2,9,target,0.25,250,current_su_guard,budget50,20,20,0,535.0,249.05,285.95,0.0,249.05,0.46551401869158876
dinov2,9,target,0.25,250,current_su_guard,full_frozen,20,20,0,322.5,113.1,209.4,0.0,113.1,0.3495530973480397
dinov2,9,target,0.25,250,current_su_guard,matched,17,17,0,180.25,53.9,126.35,0.0,53.9,0.2972408844886583
dinov2,9,target,0.25,250,old_su,budget10,20,20,0,107.0,34.65,72.35,24.1,10.55,0.3238317757009345
dinov2,9,target,0.25,250,old_su,budget25,20,20,0,267.0,117.25,149.75,50.3,66.95,0.43913857677902624
dinov2,9,target,0.25,250,old_su,budget50,20,20,0,535.0,276.9,258.1,85.1,191.8,0.5175700934579439
dinov2,9,target,0.25,250,old_su,full_frozen,20,20,0,356.0,165.2,190.8,63.0,102.2,0.4640449438202247
dinov2,9,target,0.25,250,old_su,matched,0,0,0,0.0,0.0,0.0,0.0,0.0,
dinov2,9,target,0.25,250,old_su_guard,budget10,20,20,2,107.0,19.4,87.6,0.0,19.4,0.18130841121495325
dinov2,9,target,0.25,250,old_su_guard,budget25,20,20,0,267.0,82.7,184.3,0.0,82.7,0.30973782771535585
dinov2,9,target,0.25,250,old_su_guard,budget50,20,20,0,535.0,246.05,288.95,0.0,246.05,0.45990654205607484
dinov2,9,target,0.25,250,old_su_guard,full_frozen,20,20,0,271.8,85.8,186.0,0.0,85.8,0.31426325616548534
dinov2,9,target,0.25,250,old_su_guard,matched,19,19,0,238.15,72.25,165.9,0.0,72.25,0.30318904263686425
dinov2,9,target,0.25,250,current_margin,budget10,20,20,9,107.0,12.65,94.35,3.8,8.85,0.11822429906542056
dinov2,9,target,0.25,250,current_margin,budget25,20,20,0,267.0,88.05,178.95,14.0,74.05,0.3297752808988764
dinov2,9,target,0.25,250,current_margin,budget50,20,20,0,535.0,271.25,263.75,42.9,228.35,0.5070093457943925
dinov2,9,target,0.25,250,current_margin,full_frozen,20,20,0,287.6,102.15,185.45,16.05,86.1,0.35473106824794637
dinov2,9,target,0.25,250,current_margin,matched,20,20,1,192.45,51.45,141.0,9.35,42.1,0.24548171206710728
dinov2,9,target,0.25,250,current_margin_guard,budget10,20,20,10,107.0,10.05,96.95,0.0,10.05,0.0939252336448598
dinov2,9,target,0.25,250,current_margin_guard,budget25,20,20,0,267.0,80.15,186.85,0.0,80.15,0.30018726591760303
dinov2,9,target,0.25,250,current_margin_guard,budget50,20,20,0,535.0,255.95,279.05,0.0,255.95,0.47841121495327094
dinov2,9,target,0.25,250,current_margin_guard,full_frozen,20,20,0,261.85,78.9,182.95,0.0,78.9,0.30116940119029095
dinov2,9,target,0.25,250,current_margin_guard,matched,20,20,0,225.55,59.45,166.1,0.0,59.45,0.26007942416789687
dinov2,9,target,0.25,250,old_margin_guard,budget10,20,20,16,107.0,6.95,100.05,0.0,6.95,0.06495327102803737
dinov2,9,target,0.25,250,old_margin_guard,budget25,20,20,0,267.0,74.6,192.4,0.0,74.6,0.2794007490636704
dinov2,9,target,0.25,250,old_margin_guard,budget50,20,20,0,535.0,257.0,278.0,0.0,257.0,0.48037383177570103
dinov2,9,target,0.25,250,old_margin_guard,full_frozen,20,20,0,224.7,56.4,168.3,0.0,56.4,0.2508974530913062
dinov2,9,target,0.25,250,old_margin_guard,matched,20,20,0,234.15,59.45,174.7,0.0,59.45,0.2509485577313798
dinov2,9,target,0.25,250,sq8_margin_guard,budget10,20,20,17,107.0,7.05,99.95,0.0,7.05,0.06588785046728969
dinov2,9,target,0.25,250,sq8_margin_guard,budget25,20,20,0,267.0,73.75,193.25,0.0,73.75,0.27621722846441943
dinov2,9,target,0.25,250,sq8_margin_guard,budget50,20,20,0,535.0,257.5,277.5,0.0,257.5,0.4813084112149533
dinov2,9,target,0.25,250,sq8_margin_guard,full_frozen,20,20,0,206.75,46.2,160.55,0.0,46.2,0.22349313498777906
dinov2,9,target,0.25,250,sq8_margin_guard,matched,20,20,0,236.15,58.6,177.55,0.0,58.6,0.24439666042553537
dinov2,9,target,0.25,300,current_su,budget10,20,20,1,107.0,23.95,83.05,6.6,17.35,0.22383177570093457
dinov2,9,target,0.25,300,current_su,budget25,20,20,0,267.0,80.3,186.7,16.3,64.0,0.3007490636704121
dinov2,9,target,0.25,300,current_su,budget50,20,20,0,535.0,230.1,304.9,46.2,183.9,0.4300934579439253
dinov2,9,target,0.25,300,current_su,full_frozen,20,20,0,436.8,166.6,270.2,33.35,133.25,0.381098814047362
dinov2,9,target,0.25,300,current_su,matched,14,14,0,216.9,70.7,146.2,14.1,56.6,0.3203822504925689
dinov2,9,target,0.25,300,current_su_guard,budget10,20,20,4,107.0,17.85,89.15,0.0,17.85,0.166822429906542
dinov2,9,target,0.25,300,current_su_guard,budget25,20,20,0,267.0,66.3,200.7,0.0,66.3,0.24831460674157307
dinov2,9,target,0.25,300,current_su_guard,budget50,20,20,0,535.0,212.8,322.2,0.0,212.8,0.3977570093457944
dinov2,9,target,0.25,300,current_su_guard,full_frozen,20,20,0,385.25,119.65,265.6,0.0,119.65,0.31010851979375154
dinov2,9,target,0.25,300,current_su_guard,matched,20,20,0,320.7,89.3,231.4,0.0,89.3,0.27584682499388624
dinov2,9,target,0.25,300,old_su,budget10,20,20,0,107.0,32.5,74.5,25.85,6.65,0.3037383177570093
dinov2,9,target,0.25,300,old_su,budget25,20,20,0,267.0,106.7,160.3,56.2,50.5,0.39962546816479405
dinov2,9,target,0.25,300,old_su,budget50,20,20,0,535.0,245.75,289.25,95.7,150.05,0.4593457943925234
dinov2,9,target,0.25,300,old_su,full_frozen,20,20,0,443.0,195.8,247.2,83.4,112.4,0.44198645598194125
dinov2,9,target,0.25,300,old_su,matched,8,8,0,61.35,21.85,39.5,13.6,8.25,0.36280262034723515
dinov2,9,target,0.25,300,old_su_guard,budget10,20,20,6,107.0,14.1,92.9,0.0,14.1,0.13177570093457944
dinov2,9,target,0.25,300,old_su_guard,budget25,20,20,0,267.0,62.85,204.15,0.0,62.85,0.2353932584269663
dinov2,9,target,0.25,300,old_su_guard,budget50,20,20,0,535.0,211.05,323.95,0.0,211.05,0.3944859813084113
dinov2,9,target,0.25,300,old_su_guard,full_frozen,20,20,0,334.85,93.25,241.6,0.0,93.25,0.27784839067314704
dinov2,9,target,0.25,300,old_su_guard,matched,20,20,0,323.85,87.5,236.35,0.0,87.5,0.2695279934336653
dinov2,9,target,0.25,300,current_margin,budget10,20,20,13,107.0,9.0,98.0,3.65,5.35,0.08411214953271026
dinov2,9,target,0.25,300,current_margin,budget25,20,20,0,267.0,63.6,203.4,14.25,49.35,0.23820224719101118
dinov2,9,target,0.25,300,current_margin,budget50,20,20,0,535.0,235.6,299.4,48.95,186.65,0.4403738317757009
dinov2,9,target,0.25,300,current_margin,full_frozen,20,20,0,495.5,206.25,289.25,43.15,163.1,0.4159693985950172
dinov2,9,target,0.25,300,current_margin,matched,20,20,0,258.5,61.35,197.15,13.35,48.0,0.2282016171166527
dinov2,9,target,0.25,300,current_margin_guard,budget10,20,20,17,107.0,5.65,101.35,0.0,5.65,0.052803738317757
dinov2,9,target,0.25,300,current_margin_guard,budget25,20,20,0,267.0,52.65,214.35,0.0,52.65,0.19719101123595506
dinov2,9,target,0.25,300,current_margin_guard,budget50,20,20,0,535.0,221.45,313.55,0.0,221.45,0.4139252336448598
dinov2,9,target,0.25,300,current_margin_guard,full_frozen,20,20,0,430.35,147.0,283.35,0.0,147.0,0.3416217198006609
dinov2,9,target,0.25,300,current_margin_guard,matched,20,20,0,314.0,76.6,237.4,0.0,76.6,0.23671805373065835
dinov2,9,target,0.25,300,old_margin_guard,budget10,20,20,20,107.0,1.95,105.05,0.0,1.95,0.018224299065420557
dinov2,9,target,0.25,300,old_margin_guard,budget25,20,20,0,267.0,47.2,219.8,0.0,47.2,0.17677902621722846
dinov2,9,target,0.25,300,old_margin_guard,budget50,20,20,0,535.0,217.4,317.6,0.0,217.4,0.4063551401869159
dinov2,9,target,0.25,300,old_margin_guard,full_frozen,20,20,0,384.65,115.25,269.4,0.0,115.25,0.2996994922358912
dinov2,9,target,0.25,300,old_margin_guard,matched,20,20,0,371.55,106.25,265.3,0.0,106.25,0.2847227314833934
dinov2,9,target,0.25,300,sq8_margin_guard,budget10,20,20,20,107.0,2.35,104.65,0.0,2.35,0.021962616822429903
dinov2,9,target,0.25,300,sq8_margin_guard,budget25,20,20,0,267.0,47.85,219.15,0.0,47.85,0.17921348314606744
dinov2,9,target,0.25,300,sq8_margin_guard,budget50,20,20,0,535.0,216.35,318.65,0.0,216.35,0.40439252336448595
dinov2,9,target,0.25,300,sq8_margin_guard,full_frozen,20,20,0,359.6,99.5,260.1,0.0,99.5,0.2764289594811165
dinov2,9,target,0.25,300,sq8_margin_guard,matched,20,20,0,358.5,99.0,259.5,0.0,99.0,0.27465456456546516
dinov2,9,control,0.25,pooled,current_su,budget10,20,20,0,428.0,57.6,370.4,0.0,57.6,0.13457943925233645
dinov2,9,control,0.25,pooled,current_su,budget25,20,20,0,1071.0,321.0,750.0,0.0,321.0,0.29971988795518206
dinov2,9,control,0.25,pooled,current_su,budget50,20,20,0,2142.0,901.05,1240.95,0.0,901.05,0.42065826330532213
dinov2,9,control,0.25,pooled,current_su,full_frozen,0,0,0,0.0,0.0,0.0,0.0,0.0,
dinov2,9,control,0.25,pooled,current_su,matched,14,14,0,761.65,228.0,533.65,0.0,228.0,0.2989775694990455
dinov2,9,control,0.25,pooled,current_su_guard,budget10,20,20,0,428.0,56.95,371.05,0.0,56.95,0.13306074766355142
dinov2,9,control,0.25,pooled,current_su_guard,budget25,20,20,0,1071.0,317.55,753.45,0.0,317.55,0.2964985994397759
dinov2,9,control,0.25,pooled,current_su_guard,budget50,20,20,0,2142.0,902.1,1239.9,0.0,902.1,0.4211484593837535
dinov2,9,control,0.25,pooled,current_su_guard,full_frozen,0,0,0,0.0,0.0,0.0,0.0,0.0,
dinov2,9,control,0.25,pooled,current_su_guard,matched,14,14,0,836.8,260.65,576.15,0.0,260.65,0.31132671660011685
dinov2,9,control,0.25,pooled,old_su,budget10,20,20,0,428.0,55.2,372.8,0.0,55.2,0.12897196261682242
dinov2,9,control,0.25,pooled,old_su,budget25,20,20,0,1071.0,333.75,737.25,0.0,333.75,0.3116246498599439
dinov2,9,control,0.25,pooled,old_su,budget50,20,20,0,2142.0,904.45,1237.55,0.0,904.45,0.4222455648926238
dinov2,9,control,0.25,pooled,old_su,full_frozen,0,0,0,0.0,0.0,0.0,0.0,0.0,
dinov2,9,control,0.25,pooled,old_su,matched,14,14,0,751.2,230.05,521.15,0.0,230.05,0.30543974879728053
dinov2,9,control,0.25,pooled,old_su_guard,budget10,20,20,0,428.0,53.6,374.4,0.0,53.6,0.1252336448598131
dinov2,9,control,0.25,pooled,old_su_guard,budget25,20,20,0,1071.0,320.2,750.8,0.0,320.2,0.29897292250233426
dinov2,9,control,0.25,pooled,old_su_guard,budget50,20,20,0,2142.0,889.75,1252.25,0.0,889.75,0.4153828197945845
dinov2,9,control,0.25,pooled,old_su_guard,full_frozen,0,0,0,0.0,0.0,0.0,0.0,0.0,
dinov2,9,control,0.25,pooled,old_su_guard,matched,14,14,0,879.75,274.25,605.5,0.0,274.25,0.3117291024371225
dinov2,9,control,0.25,pooled,current_margin,budget10,20,20,20,428.0,15.65,412.35,0.0,15.65,0.03656542056074766
dinov2,9,control,0.25,pooled,current_margin,budget25,20,20,0,1071.0,245.4,825.6,0.0,245.4,0.22913165266106444
dinov2,9,control,0.25,pooled,current_margin,budget50,20,20,0,2142.0,916.3,1225.7,0.0,916.3,0.42777777777777787
dinov2,9,control,0.25,pooled,current_margin,full_frozen,20,20,0,1202.65,314.75,887.9,0.0,314.75,0.2617463441283787
dinov2,9,control,0.25,pooled,current_margin,matched,20,20,0,1168.65,294.9,873.75,0.0,294.9,0.25228148929237465
dinov2,9,control,0.25,pooled,current_margin_guard,budget10,20,20,20,428.0,13.1,414.9,0.0,13.1,0.030607476635514014
dinov2,9,control,0.25,pooled,current_margin_guard,budget25,20,20,0,1071.0,245.75,825.25,0.0,245.75,0.22945845004668536
dinov2,9,control,0.25,pooled,current_margin_guard,budget50,20,20,0,2142.0,909.2,1232.8,0.0,909.2,0.42446311858076574
dinov2,9,control,0.25,pooled,current_margin_guard,full_frozen,20,20,0,1182.4,302.6,879.8,0.0,302.6,0.2559186756805337
dinov2,9,control,0.25,pooled,current_margin_guard,matched,20,20,0,1164.4,292.65,871.75,0.0,292.65,0.2511180670213296
dinov2,9,control,0.25,pooled,old_margin_guard,budget10,20,20,20,428.0,11.9,416.1,0.0,11.9,0.027803738317757003
dinov2,9,control,0.25,pooled,old_margin_guard,budget25,20,20,0,1071.0,245.4,825.6,0.0,245.4,0.22913165266106444
dinov2,9,control,0.25,pooled,old_margin_guard,budget50,20,20,0,2142.0,892.35,1249.65,0.0,892.35,0.4165966386554622
dinov2,9,control,0.25,pooled,old_margin_guard,full_frozen,20,20,0,1088.25,256.25,832.0,0.0,256.25,0.23532880567700656
dinov2,9,control,0.25,pooled,old_margin_guard,matched,20,20,0,1177.0,298.2,878.8,0.0,298.2,0.2533308150802617
dinov2,9,control,0.25,pooled,sq8_margin_guard,budget10,20,20,20,428.0,12.85,415.15,0.0,12.85,0.0300233644859813
dinov2,9,control,0.25,pooled,sq8_margin_guard,budget25,20,20,0,1071.0,246.9,824.1,0.0,246.9,0.23053221288515408
dinov2,9,control,0.25,pooled,sq8_margin_guard,budget50,20,20,0,2142.0,899.15,1242.85,0.0,899.15,0.41977124183006537
dinov2,9,control,0.25,pooled,sq8_margin_guard,full_frozen,20,20,0,1030.3,226.25,804.05,0.0,226.25,0.21932427939392243
dinov2,9,control,0.25,pooled,sq8_margin_guard,matched,20,20,0,1182.5,306.1,876.4,0.0,306.1,0.258257254406321
dinov2,9,control,0.25,150,current_su,budget10,20,20,0,107.0,23.65,83.35,0.0,23.65,0.22102803738317753
dinov2,9,control,0.25,150,current_su,budget25,20,20,0,267.0,113.9,153.1,0.0,113.9,0.42659176029962553
dinov2,9,control,0.25,150,current_su,budget50,20,20,0,535.0,299.0,236.0,0.0,299.0,0.5588785046728972
dinov2,9,control,0.25,150,current_su,full_frozen,0,0,0,0.0,0.0,0.0,0.0,0.0,
dinov2,9,control,0.25,150,current_su,matched,0,0,0,0.0,0.0,0.0,0.0,0.0,
dinov2,9,control,0.25,150,current_su_guard,budget10,20,20,0,107.0,23.65,83.35,0.0,23.65,0.22102803738317758
dinov2,9,control,0.25,150,current_su_guard,budget25,20,20,0,267.0,114.2,152.8,0.0,114.2,0.42771535580524345
dinov2,9,control,0.25,150,current_su_guard,budget50,20,20,0,535.0,302.7,232.3,0.0,302.7,0.5657943925233646
dinov2,9,control,0.25,150,current_su_guard,full_frozen,0,0,0,0.0,0.0,0.0,0.0,0.0,
dinov2,9,control,0.25,150,current_su_guard,matched,1,1,0,7.1,1.75,5.35,0.0,1.75,0.24647887323943662
dinov2,9,control,0.25,150,old_su,budget10,20,20,0,107.0,22.7,84.3,0.0,22.7,0.21214953271028034
dinov2,9,control,0.25,150,old_su,budget25,20,20,0,267.0,117.2,149.8,0.0,117.2,0.43895131086142325
dinov2,9,control,0.25,150,old_su,budget50,20,20,0,535.0,296.15,238.85,0.0,296.15,0.553551401869159
dinov2,9,control,0.25,150,old_su,full_frozen,0,0,0,0.0,0.0,0.0,0.0,0.0,
dinov2,9,control,0.25,150,old_su,matched,0,0,0,0.0,0.0,0.0,0.0,0.0,
dinov2,9,control,0.25,150,old_su_guard,budget10,20,20,0,107.0,22.6,84.4,0.0,22.6,0.21121495327102807
dinov2,9,control,0.25,150,old_su_guard,budget25,20,20,0,267.0,115.7,151.3,0.0,115.7,0.4333333333333333
dinov2,9,control,0.25,150,old_su_guard,budget50,20,20,0,535.0,304.5,230.5,0.0,304.5,0.5691588785046728
dinov2,9,control,0.25,150,old_su_guard,full_frozen,0,0,0,0.0,0.0,0.0,0.0,0.0,
dinov2,9,control,0.25,150,old_su_guard,matched,14,14,0,86.0,17.4,68.6,0.0,17.4,0.20222950819672134
dinov2,9,control,0.25,150,current_margin,budget10,20,20,0,107.0,13.15,93.85,0.0,13.15,0.12289719626168223
dinov2,9,control,0.25,150,current_margin,budget25,20,20,0,267.0,112.95,154.05,0.0,112.95,0.42303370786516864
dinov2,9,control,0.25,150,current_margin,budget50,20,20,0,535.0,323.2,211.8,0.0,323.2,0.6041121495327103
dinov2,9,control,0.25,150,current_margin,full_frozen,0,0,0,0.0,0.0,0.0,0.0,0.0,
dinov2,9,control,0.25,150,current_margin,matched,18,18,0,186.35,63.15,123.2,0.0,63.15,0.3248417047859932
dinov2,9,control,0.25,150,current_margin_guard,budget10,20,20,0,107.0,13.4,93.6,0.0,13.4,0.1252336448598131
dinov2,9,control,0.25,150,current_margin_guard,budget25,20,20,0,267.0,115.95,151.05,0.0,115.95,0.43426966292134833
dinov2,9,control,0.25,150,current_margin_guard,budget50,20,20,0,535.0,317.9,217.1,0.0,317.9,0.5942056074766355
dinov2,9,control,0.25,150,current_margin_guard,full_frozen,0,0,0,0.0,0.0,0.0,0.0,0.0,
dinov2,9,control,0.25,150,current_margin_guard,matched,18,18,0,181.15,61.8,119.35,0.0,61.8,0.3263060999035116
dinov2,9,control,0.25,150,old_margin_guard,budget10,20,20,0,107.0,11.9,95.1,0.0,11.9,0.11121495327102801
dinov2,9,control,0.25,150,old_margin_guard,budget25,20,20,0,267.0,114.8,152.2,0.0,114.8,0.4299625468164795
dinov2,9,control,0.25,150,old_margin_guard,budget50,20,20,0,535.0,313.1,221.9,0.0,313.1,0.585233644859813
dinov2,9,control,0.25,150,old_margin_guard,full_frozen,0,0,0,0.0,0.0,0.0,0.0,0.0,
dinov2,9,control,0.25,150,old_margin_guard,matched,14,14,0,170.65,68.45,102.2,0.0,68.45,0.40105626068880335
dinov2,9,control,0.25,150,sq8_margin_guard,budget10,20,20,0,107.0,12.15,94.85,0.0,12.15,0.11355140186915887
dinov2,9,control,0.25,150,sq8_margin_guard,budget25,20,20,0,267.0,118.05,148.95,0.0,118.05,0.44213483146067417
dinov2,9,control,0.25,150,sq8_margin_guard,budget50,20,20,0,535.0,310.4,224.6,0.0,310.4,0.5801869158878504
dinov2,9,control,0.25,150,sq8_margin_guard,full_frozen,0,0,0,0.0,0.0,0.0,0.0,0.0,
dinov2,9,control,0.25,150,sq8_margin_guard,matched,18,18,0,202.25,78.2,124.05,0.0,78.2,0.38344647705614915
dinov2,9,control,0.25,200,current_su,budget10,20,20,0,107.0,15.1,91.9,0.0,15.1,0.14112149532710277
dinov2,9,control,0.25,200,current_su,budget25,20,20,0,267.0,80.3,186.7,0.0,80.3,0.300749063670412
dinov2,9,control,0.25,200,current_su,budget50,20,20,0,535.0,241.15,293.85,0.0,241.15,0.4507476635514019
dinov2,9,control,0.25,200,current_su,full_frozen,0,0,0,0.0,0.0,0.0,0.0,0.0,
dinov2,9,control,0.25,200,current_su,matched,14,14,0,162.95,46.0,116.95,0.0,46.0,0.27714955575940076
dinov2,9,control,0.25,200,current_su_guard,budget10,20,20,0,107.0,14.35,92.65,0.0,14.35,0.13411214953271025
dinov2,9,control,0.25,200,current_su_guard,budget25,20,20,0,267.0,79.2,187.8,0.0,79.2,0.296629213483146
dinov2,9,control,0.25,200,current_su_guard,budget50,20,20,0,535.0,238.75,296.25,0.0,238.75,0.4462616822429906
dinov2,9,control,0.25,200,current_su_guard,full_frozen,0,0,0,0.0,0.0,0.0,0.0,0.0,
dinov2,9,control,0.25,200,current_su_guard,matched,14,14,0,215.55,70.15,145.4,0.0,70.15,0.3249421257583121
dinov2,9,control,0.25,200,old_su,budget10,20,20,0,107.0,14.5,92.5,0.0,14.5,0.13551401869158874
dinov2,9,control,0.25,200,old_su,budget25,20,20,0,267.0,81.1,185.9,0.0,81.1,0.30374531835205987
dinov2,9,control,0.25,200,old_su,budget50,20,20,0,535.0,241.5,293.5,0.0,241.5,0.4514018691588785
dinov2,9,control,0.25,200,old_su,full_frozen,0,0,0,0.0,0.0,0.0,0.0,0.0,
dinov2,9,control,0.25,200,old_su,matched,14,14,0,209.3,66.0,143.3,0.0,66.0,0.31533683707596755
dinov2,9,control,0.25,200,old_su_guard,budget10,20,20,0,107.0,13.6,93.4,0.0,13.6,0.12710280373831773
dinov2,9,control,0.25,200,old_su_guard,budget25,20,20,0,267.0,79.15,187.85,0.0,79.15,0.29644194756554304
dinov2,9,control,0.25,200,old_su_guard,budget50,20,20,0,535.0,237.25,297.75,0.0,237.25,0.44345794392523363
dinov2,9,control,0.25,200,old_su_guard,full_frozen,0,0,0,0.0,0.0,0.0,0.0,0.0,
dinov2,9,control,0.25,200,old_su_guard,matched,14,14,0,211.55,65.95,145.6,0.0,65.95,0.31173356235485894
dinov2,9,control,0.25,200,current_margin,budget10,20,20,20,107.0,3.8,103.2,0.0,3.8,0.03551401869158878
dinov2,9,control,0.25,200,current_margin,budget25,20,20,0,267.0,70.4,196.6,0.0,70.4,0.2636704119850187
dinov2,9,control,0.25,200,current_margin,budget50,20,20,0,535.0,247.2,287.8,0.0,247.2,0.4620560747663552
dinov2,9,control,0.25,200,current_margin,full_frozen,20,20,0,205.25,41.75,163.5,0.0,41.75,0.20347053790667582
dinov2,9,control,0.25,200,current_margin,matched,20,20,0,232.6,52.85,179.75,0.0,52.85,0.2198088556588321
dinov2,9,control,0.25,200,current_margin_guard,budget10,20,20,20,107.0,2.75,104.25,0.0,2.75,0.025700934579439248
dinov2,9,control,0.25,200,current_margin_guard,budget25,20,20,0,267.0,70.15,196.85,0.0,70.15,0.2627340823970037
dinov2,9,control,0.25,200,current_margin_guard,budget50,20,20,0,535.0,242.7,292.3,0.0,242.7,0.45364485981308417
dinov2,9,control,0.25,200,current_margin_guard,full_frozen,20,20,0,201.35,38.65,162.7,0.0,38.65,0.19201622971604193
dinov2,9,control,0.25,200,current_margin_guard,matched,20,20,0,239.6,55.95,183.65,0.0,55.95,0.2302951343472066
dinov2,9,control,0.25,200,old_margin_guard,budget10,20,20,20,107.0,5.3,101.7,0.0,5.3,0.04953271028037383
dinov2,9,control,0.25,200,old_margin_guard,budget25,20,20,0,267.0,70.45,196.55,0.0,70.45,0.2638576779026217
dinov2,9,control,0.25,200,old_margin_guard,budget50,20,20,0,535.0,239.75,295.25,0.0,239.75,0.4481308411214953
dinov2,9,control,0.25,200,old_margin_guard,full_frozen,20,20,0,183.6,33.6,150.0,0.0,33.6,0.18293572798430574
dinov2,9,control,0.25,200,old_margin_guard,matched,20,20,0,207.45,42.75,164.7,0.0,42.75,0.20549267298498788
dinov2,9,control,0.25,200,sq8_margin_guard,budget10,20,20,20,107.0,5.6,101.4,0.0,5.6,0.05233644859813084
dinov2,9,control,0.25,200,sq8_margin_guard,budget25,20,20,0,267.0,72.0,195.0,0.0,72.0,0.26966292134831454
dinov2,9,control,0.25,200,sq8_margin_guard,budget50,20,20,0,535.0,242.65,292.35,0.0,242.65,0.4535514018691589
dinov2,9,control,0.25,200,sq8_margin_guard,full_frozen,20,20,0,171.5,26.75,144.75,0.0,26.75,0.15581476763008567
dinov2,9,control,0.25,200,sq8_margin_guard,matched,20,20,0,205.35,42.2,163.15,0.0,42.2,0.20238322622766192
dinov2,9,control,0.25,250,current_su,budget10,20,20,4,107.0,11.8,95.2,0.0,11.8,0.11028037383177569
dinov2,9,control,0.25,250,current_su,budget25,20,20,0,267.0,68.05,198.95,0.0,68.05,0.25486891385767796
dinov2,9,control,0.25,250,current_su,budget50,20,20,0,535.0,192.55,342.45,0.0,192.55,0.35990654205607475
dinov2,9,control,0.25,250,current_su,full_frozen,20,20,0,400.4,118.2,282.2,0.0,118.2,0.295217790307977
dinov2,9,control,0.25,250,current_su,matched,20,20,0,365.85,105.35,260.5,0.0,105.35,0.2872013873827516
dinov2,9,control,0.25,250,current_su_guard,budget10,20,20,4,107.0,11.4,95.6,0.0,11.4,0.10654205607476634
dinov2,9,control,0.25,250,current_su_guard,budget25,20,20,0,267.0,67.5,199.5,0.0,67.5,0.25280898876404495
dinov2,9,control,0.25,250,current_su_guard,budget50,20,20,0,535.0,192.75,342.25,0.0,192.75,0.36028037383177575
dinov2,9,control,0.25,250,current_su_guard,full_frozen,20,20,0,393.35,112.45,280.9,0.0,112.45,0.2858782229057505
dinov2,9,control,0.25,250,current_su_guard,matched,20,20,0,361.75,100.65,261.1,0.0,100.65,0.2776499269684139
dinov2,9,control,0.25,250,old_su,budget10,20,20,0,107.0,11.0,96.0,0.0,11.0,0.10280373831775699
dinov2,9,control,0.25,250,old_su,budget25,20,20,0,267.0,69.3,197.7,0.0,69.3,0.2595505617977529
dinov2,9,control,0.25,250,old_su,budget50,20,20,0,535.0,193.15,341.85,0.0,193.15,0.3610280373831776
dinov2,9,control,0.25,250,old_su,full_frozen,20,20,0,356.0,105.5,250.5,0.0,105.5,0.2963483146067416
dinov2,9,control,0.25,250,old_su,matched,20,20,0,402.9,123.8,279.1,0.0,123.8,0.3070465154796597
dinov2,9,control,0.25,250,old_su_guard,budget10,20,20,14,107.0,10.3,96.7,0.0,10.3,0.09626168224299064
dinov2,9,control,0.25,250,old_su_guard,budget25,20,20,0,267.0,65.65,201.35,0.0,65.65,0.24588014981273404
dinov2,9,control,0.25,250,old_su_guard,budget50,20,20,0,535.0,187.1,347.9,0.0,187.1,0.34971962616822433
dinov2,9,control,0.25,250,old_su_guard,full_frozen,20,20,0,343.25,94.25,249.0,0.0,94.25,0.2745085630274446
dinov2,9,control,0.25,250,old_su_guard,matched,20,20,0,394.7,113.0,281.7,0.0,113.0,0.28631592436083014
dinov2,9,control,0.25,250,current_margin,budget10,20,20,20,107.0,3.2,103.8,0.0,3.2,0.029906542056074764
dinov2,9,control,0.25,250,current_margin,budget25,20,20,0,267.0,50.1,216.9,0.0,50.1,0.1876404494382023
dinov2,9,control,0.25,250,current_margin,budget50,20,20,0,535.0,200.9,334.1,0.0,200.9,0.37551401869158885
dinov2,9,control,0.25,250,current_margin,full_frozen,20,20,0,313.1,72.6,240.5,0.0,72.6,0.23189149242104343
dinov2,9,control,0.25,250,current_margin,matched,20,20,0,310.85,70.9,239.95,0.0,70.9,0.22620597720480204
dinov2,9,control,0.25,250,current_margin_guard,budget10,20,20,20,107.0,2.4,104.6,0.0,2.4,0.022429906542056073
dinov2,9,control,0.25,250,current_margin_guard,budget25,20,20,0,267.0,46.9,220.1,0.0,46.9,0.17565543071161044
dinov2,9,control,0.25,250,current_margin_guard,budget50,20,20,0,535.0,198.35,336.65,0.0,198.35,0.3707476635514019
dinov2,9,control,0.25,250,current_margin_guard,full_frozen,20,20,0,308.55,68.75,239.8,0.0,68.75,0.22283976222303398
dinov2,9,control,0.25,250,current_margin_guard,matched,20,20,0,302.45,65.3,237.15,0.0,65.3,0.2144839496999035
dinov2,9,control,0.25,250,old_margin_guard,budget10,20,20,20,107.0,1.0,106.0,0.0,1.0,0.009345794392523364
dinov2,9,control,0.25,250,old_margin_guard,budget25,20,20,0,267.0,49.35,217.65,0.0,49.35,0.1848314606741573
dinov2,9,control,0.25,250,old_margin_guard,budget50,20,20,0,535.0,191.1,343.9,0.0,191.1,0.357196261682243
dinov2,9,control,0.25,250,old_margin_guard,full_frozen,20,20,0,283.3,59.3,224.0,0.0,59.3,0.20924635748123258
dinov2,9,control,0.25,250,old_margin_guard,matched,20,20,0,325.9,75.3,250.6,0.0,75.3,0.23032614889166853
dinov2,9,control,0.25,250,sq8_margin_guard,budget10,20,20,20,107.0,1.0,106.0,0.0,1.0,0.009345794392523364
dinov2,9,control,0.25,250,sq8_margin_guard,budget25,20,20,0,267.0,48.2,218.8,0.0,48.2,0.18052434456928837
dinov2,9,control,0.25,250,sq8_margin_guard,budget50,20,20,0,535.0,191.5,343.5,0.0,191.5,0.3579439252336449
dinov2,9,control,0.25,250,sq8_margin_guard,full_frozen,20,20,0,270.45,50.75,219.7,0.0,50.75,0.18752236245438797
dinov2,9,control,0.25,250,sq8_margin_guard,matched,20,20,0,341.6,82.55,259.05,0.0,82.55,0.24130908373429327
dinov2,9,control,0.25,300,current_su,budget10,20,20,20,107.0,7.45,99.55,0.0,7.45,0.06962616822429905
dinov2,9,control,0.25,300,current_su,budget25,20,20,0,267.0,49.2,217.8,0.0,49.2,0.18426966292134833
dinov2,9,control,0.25,300,current_su,budget50,20,20,0,535.0,156.7,378.3,0.0,156.7,0.29289719626168226
dinov2,9,control,0.25,300,current_su,full_frozen,20,20,0,479.3,129.0,350.3,0.0,129.0,0.2691286529163187
dinov2,9,control,0.25,300,current_su,matched,20,20,0,461.05,119.25,341.8,0.0,119.25,0.25834386022788614
dinov2,9,control,0.25,300,current_su_guard,budget10,20,20,20,107.0,7.45,99.55,0.0,7.45,0.06962616822429905
dinov2,9,control,0.25,300,current_su_guard,budget25,20,20,0,267.0,48.55,218.45,0.0,48.55,0.18183520599250938
dinov2,9,control,0.25,300,current_su_guard,budget50,20,20,0,535.0,156.9,378.1,0.0,156.9,0.29327102803738325
dinov2,9,control,0.25,300,current_su_guard,full_frozen,20,20,0,473.8,124.65,349.15,0.0,124.65,0.26304976641495087
dinov2,9,control,0.25,300,current_su_guard,matched,20,20,0,465.55,119.45,346.1,0.0,119.45,0.2560737500413059
dinov2,9,control,0.25,300,old_su,budget10,20,20,20,107.0,7.0,100.0,0.0,7.0,0.06542056074766353
dinov2,9,control,0.25,300,old_su,budget25,20,20,0,267.0,53.0,214.0,0.0,53.0,0.19850187265917602
dinov2,9,control,0.25,300,old_su,budget50,20,20,0,535.0,151.85,383.15,0.0,151.85,0.2838317757009345
dinov2,9,control,0.25,300,old_su,full_frozen,20,20,0,443.0,114.2,328.8,0.0,114.2,0.25778781038374715
dinov2,9,control,0.25,300,old_su,matched,20,20,0,470.2,120.7,349.5,0.0,120.7,0.2567976472814104
dinov2,9,control,0.25,300,old_su_guard,budget10,20,20,20,107.0,7.0,100.0,0.0,7.0,0.06542056074766353
dinov2,9,control,0.25,300,old_su_guard,budget25,20,20,0,267.0,50.7,216.3,0.0,50.7,0.1898876404494382
dinov2,9,control,0.25,300,old_su_guard,budget50,20,20,0,535.0,154.35,380.65,0.0,154.35,0.2885046728971962
dinov2,9,control,0.25,300,old_su_guard,full_frozen,20,20,0,430.75,105.75,325.0,0.0,105.75,0.24545867497345686
dinov2,9,control,0.25,300,old_su_guard,matched,20,20,0,492.05,128.7,363.35,0.0,128.7,0.26113682761176116
dinov2,9,control,0.25,300,current_margin,budget10,20,20,20,107.0,0.0,107.0,0.0,0.0,0.0
dinov2,9,control,0.25,300,current_margin,budget25,20,20,0,267.0,31.7,235.3,0.0,31.7,0.11872659176029961
dinov2,9,control,0.25,300,current_margin,budget50,20,20,0,535.0,145.6,389.4,0.0,145.6,0.2721495327102804
dinov2,9,control,0.25,300,current_margin,full_frozen,20,20,0,517.75,135.4,382.35,0.0,135.4,0.26152069881576595
dinov2,9,control,0.25,300,current_margin,matched,20,20,0,476.05,111.2,364.85,0.0,111.2,0.2332132688881065
dinov2,9,control,0.25,300,current_margin_guard,budget10,20,20,20,107.0,0.0,107.0,0.0,0.0,0.0
dinov2,9,control,0.25,300,current_margin_guard,budget25,20,20,0,267.0,31.4,235.6,0.0,31.4,0.11760299625468165
dinov2,9,control,0.25,300,current_margin_guard,budget50,20,20,0,535.0,145.7,389.3,0.0,145.7,0.27233644859813083
dinov2,9,control,0.25,300,current_margin_guard,full_frozen,20,20,0,504.15,128.1,376.05,0.0,128.1,0.2540843044717938
dinov2,9,control,0.25,300,current_margin_guard,matched,20,20,0,479.4,114.7,364.7,0.0,114.7,0.23905338631962536
dinov2,9,control,0.25,300,old_margin_guard,budget10,20,20,20,107.0,1.0,106.0,0.0,1.0,0.009345794392523364
dinov2,9,control,0.25,300,old_margin_guard,budget25,20,20,0,267.0,30.8,236.2,0.0,30.8,0.11535580524344569
dinov2,9,control,0.25,300,old_margin_guard,budget50,20,20,0,535.0,152.5,382.5,0.0,152.5,0.28504672897196265
dinov2,9,control,0.25,300,old_margin_guard,full_frozen,20,20,0,484.2,122.2,362.0,0.0,122.2,0.2523332438179036
dinov2,9,control,0.25,300,old_margin_guard,matched,20,20,0,490.55,125.7,364.85,0.0,125.7,0.2562102595416116
dinov2,9,control,0.25,300,sq8_margin_guard,budget10,20,20,20,107.0,0.15,106.85,0.0,0.15,0.0014018691588785046
dinov2,9,control,0.25,300,sq8_margin_guard,budget25,20,20,14,267.0,26.35,240.65,0.0,26.35,0.09868913857677904
dinov2,9,control,0.25,300,sq8_margin_guard,budget50,20,20,0,535.0,153.15,381.85,0.0,153.15,0.2862616822429907
dinov2,9,control,0.25,300,sq8_margin_guard,full_frozen,20,20,0,456.65,107.7,348.95,0.0,107.7,0.23578867842171744
dinov2,9,control,0.25,300,sq8_margin_guard,matched,20,20,0,464.45,111.7,352.75,0.0,111.7,0.24043542698773218
dinov2,9,target,0.5,pooled,current_su,budget10,20,20,0,428.0,187.8,240.2,47.2,140.6,0.438785046728972
dinov2,9,target,0.5,pooled,current_su,budget25,20,20,0,1071.0,599.6,471.4,133.1,466.5,0.5598506069094304
dinov2,9,target,0.5,pooled,current_su,budget50,20,20,0,2142.0,1438.05,703.95,341.55,1096.5,0.6713585434173669
dinov2,9,target,0.5,pooled,current_su,full_frozen,0,0,0,0.0,0.0,0.0,0.0,0.0,
dinov2,9,target,0.5,pooled,current_su,matched,0,0,0,0.0,0.0,0.0,0.0,0.0,
dinov2,9,target,0.5,pooled,current_su_guard,budget10,20,20,0,428.0,156.9,271.1,0.0,156.9,0.366588785046729
dinov2,9,target,0.5,pooled,current_su_guard,budget25,20,20,0,1071.0,533.0,538.0,0.0,533.0,0.4976657329598506
dinov2,9,target,0.5,pooled,current_su_guard,budget50,20,20,0,2142.0,1379.25,762.75,0.0,1379.25,0.64390756302521
dinov2,9,target,0.5,pooled,current_su_guard,full_frozen,0,0,0,0.0,0.0,0.0,0.0,0.0,
dinov2,9,target,0.5,pooled,current_su_guard,matched,0,0,0,0.0,0.0,0.0,0.0,0.0,
dinov2,9,target,0.5,pooled,old_su,budget10,20,20,0,428.0,240.65,187.35,183.35,57.3,0.5622663551401869
dinov2,9,target,0.5,pooled,old_su,budget25,20,20,0,1071.0,693.65,377.35,367.15,326.5,0.6476657329598505
dinov2,9,target,0.5,pooled,old_su,budget50,20,20,0,2142.0,1508.85,633.15,617.7,891.15,0.7044117647058822
dinov2,9,target,0.5,pooled,old_su,full_frozen,0,0,0,0.0,0.0,0.0,0.0,0.0,
dinov2,9,target,0.5,pooled,old_su,matched,0,0,0,0.0,0.0,0.0,0.0,0.0,
dinov2,9,target,0.5,pooled,old_su_guard,budget10,20,20,0,428.0,136.1,291.9,0.0,136.1,0.3179906542056075
dinov2,9,target,0.5,pooled,old_su_guard,budget25,20,20,0,1071.0,513.75,557.25,0.0,513.75,0.47969187675070024
dinov2,9,target,0.5,pooled,old_su_guard,budget50,20,20,0,2142.0,1375.1,766.9,0.0,1375.1,0.6419701213818859
dinov2,9,target,0.5,pooled,old_su_guard,full_frozen,0,0,0,0.0,0.0,0.0,0.0,0.0,
dinov2,9,target,0.5,pooled,old_su_guard,matched,1,1,0,22.0,11.95,10.05,0.0,11.95,0.5431818181818182
dinov2,9,target,0.5,pooled,current_margin,budget10,20,20,0,428.0,128.55,299.45,35.35,93.2,0.3003504672897196
dinov2,9,target,0.5,pooled,current_margin,budget25,20,20,0,1071.0,564.55,506.45,125.4,439.15,0.527124183006536
dinov2,9,target,0.5,pooled,current_margin,budget50,20,20,0,2142.0,1453.15,688.85,339.25,1113.9,0.678408029878618
dinov2,9,target,0.5,pooled,current_margin,full_frozen,20,20,0,1063.1,560.35,502.75,123.15,437.2,0.5277282222229625
dinov2,9,target,0.5,pooled,current_margin,matched,4,4,0,79.6,23.3,56.3,5.65,17.65,0.2523763550575462
dinov2,9,target,0.5,pooled,current_margin_guard,budget10,20,20,0,428.0,108.1,319.9,0.0,108.1,0.2525700934579439
dinov2,9,target,0.5,pooled,current_margin_guard,budget25,20,20,0,1071.0,521.45,549.55,0.0,521.45,0.48688141923436046
dinov2,9,target,0.5,pooled,current_margin_guard,budget50,20,20,0,2142.0,1386.2,755.8,0.0,1386.2,0.6471521942110176
dinov2,9,target,0.5,pooled,current_margin_guard,full_frozen,20,20,0,851.9,364.3,487.6,0.0,364.3,0.4280900531377232
dinov2,9,target,0.5,pooled,current_margin_guard,matched,10,10,1,202.95,48.9,154.05,0.0,48.9,0.2340681891513306
dinov2,9,target,0.5,pooled,old_margin_guard,budget10,20,20,1,428.0,89.9,338.1,0.0,89.9,0.2100467289719626
dinov2,9,target,0.5,pooled,old_margin_guard,budget25,20,20,0,1071.0,514.6,556.4,0.0,514.6,0.48048552754435103
dinov2,9,target,0.5,pooled,old_margin_guard,budget50,20,20,0,2142.0,1381.9,760.1,0.0,1381.9,0.6451447245564891
dinov2,9,target,0.5,pooled,old_margin_guard,full_frozen,20,20,0,600.35,185.5,414.85,0.0,185.5,0.31000784104757945
dinov2,9,target,0.5,pooled,old_margin_guard,matched,18,18,0,441.9,115.85,326.05,0.0,115.85,0.24546928617712224
dinov2,9,target,0.5,pooled,sq8_margin_guard,budget10,20,20,1,428.0,88.65,339.35,0.0,88.65,0.20712616822429908
dinov2,9,target,0.5,pooled,sq8_margin_guard,budget25,20,20,0,1071.0,508.55,562.45,0.0,508.55,0.4748366013071895
dinov2,9,target,0.5,pooled,sq8_margin_guard,budget50,4,4,0,2142.0,1352.5,789.5,0.0,1352.5,0.6314192343604108
dinov2,9,target,0.5,pooled,sq8_margin_guard,full_frozen,20,20,0,510.65,131.7,378.95,0.0,131.7,0.2591567399887618
dinov2,9,target,0.5,pooled,sq8_margin_guard,matched,17,17,1,431.65,115.7,315.95,0.0,115.7,0.2528464570374934
dinov2,9,target,0.5,150,current_su,budget10,20,20,0,107.0,54.3,52.7,8.05,46.25,0.5074766355140186
dinov2,9,target,0.5,150,current_su,budget25,20,20,0,267.0,175.2,91.8,24.3,150.9,0.656179775280899
dinov2,9,target,0.5,150,current_su,budget50,20,20,0,535.0,403.6,131.4,68.65,334.95,0.7543925233644859
dinov2,9,target,0.5,150,current_su,full_frozen,0,0,0,0.0,0.0,0.0,0.0,0.0,
dinov2,9,target,0.5,150,current_su,matched,0,0,0,0.0,0.0,0.0,0.0,0.0,
dinov2,9,target,0.5,150,current_su_guard,budget10,20,20,0,107.0,49.65,57.35,0.0,49.65,0.464018691588785
dinov2,9,target,0.5,150,current_su_guard,budget25,20,20,0,267.0,165.35,101.65,0.0,165.35,0.6192883895131087
dinov2,9,target,0.5,150,current_su_guard,budget50,20,20,0,535.0,395.9,139.1,0.0,395.9,0.74
dinov2,9,target,0.5,150,current_su_guard,full_frozen,0,0,0,0.0,0.0,0.0,0.0,0.0,
dinov2,9,target,0.5,150,current_su_guard,matched,0,0,0,0.0,0.0,0.0,0.0,0.0,
dinov2,9,target,0.5,150,old_su,budget10,20,20,0,107.0,64.45,42.55,38.75,25.7,0.6023364485981311
dinov2,9,target,0.5,150,old_su,budget25,20,20,0,267.0,187.8,79.2,70.55,117.25,0.7033707865168539
dinov2,9,target,0.5,150,old_su,budget50,20,20,0,535.0,409.3,125.7,115.15,294.15,0.7650467289719627
dinov2,9,target,0.5,150,old_su,full_frozen,0,0,0,0.0,0.0,0.0,0.0,0.0,
dinov2,9,target,0.5,150,old_su,matched,0,0,0,0.0,0.0,0.0,0.0,0.0,
dinov2,9,target,0.5,150,old_su_guard,budget10,20,20,0,107.0,46.85,60.15,0.0,46.85,0.4378504672897196
dinov2,9,target,0.5,150,old_su_guard,budget25,20,20,0,267.0,163.95,103.05,0.0,163.95,0.6140449438202247
dinov2,9,target,0.5,150,old_su_guard,budget50,20,20,0,535.0,394.75,140.25,0.0,394.75,0.7378504672897196
dinov2,9,target,0.5,150,old_su_guard,full_frozen,0,0,0,0.0,0.0,0.0,0.0,0.0,
dinov2,9,target,0.5,150,old_su_guard,matched,0,0,0,0.0,0.0,0.0,0.0,0.0,
dinov2,9,target,0.5,150,current_margin,budget10,20,20,0,107.0,44.85,62.15,6.8,38.05,0.4191588785046728
dinov2,9,target,0.5,150,current_margin,budget25,20,20,0,267.0,175.7,91.3,24.15,151.55,0.6580524344569287
dinov2,9,target,0.5,150,current_margin,budget50,20,20,0,535.0,409.85,125.15,58.85,351.0,0.7660747663551402
dinov2,9,target,0.5,150,current_margin,full_frozen,0,0,0,0.0,0.0,0.0,0.0,0.0,
dinov2,9,target,0.5,150,current_margin,matched,0,0,0,0.0,0.0,0.0,0.0,0.0,
dinov2,9,target,0.5,150,current_margin_guard,budget10,20,20,0,107.0,42.95,64.05,0.0,42.95,0.40140186915887854
dinov2,9,target,0.5,150,current_margin_guard,budget25,20,20,0,267.0,171.25,95.75,0.0,171.25,0.6413857677902622
dinov2,9,target,0.5,150,current_margin_guard,budget50,20,20,0,535.0,395.3,139.7,0.0,395.3,0.7388785046728972
dinov2,9,target,0.5,150,current_margin_guard,full_frozen,0,0,0,0.0,0.0,0.0,0.0,0.0,
dinov2,9,target,0.5,150,current_margin_guard,matched,0,0,0,0.0,0.0,0.0,0.0,0.0,
dinov2,9,target,0.5,150,old_margin_guard,budget10,20,20,0,107.0,41.35,65.65,0.0,41.35,0.38644859813084115
dinov2,9,target,0.5,150,old_margin_guard,budget25,20,20,0,267.0,173.9,93.1,0.0,173.9,0.651310861423221
dinov2,9,target,0.5,150,old_margin_guard,budget50,20,20,0,535.0,394.5,140.5,0.0,394.5,0.7373831775700935
dinov2,9,target,0.5,150,old_margin_guard,full_frozen,0,0,0,0.0,0.0,0.0,0.0,0.0,
dinov2,9,target,0.5,150,old_margin_guard,matched,2,2,0,13.5,6.2,7.3,0.0,6.2,0.45666666666666667
dinov2,9,target,0.5,150,sq8_margin_guard,budget10,20,20,0,107.0,41.05,65.95,0.0,41.05,0.3836448598130841
dinov2,9,target,0.5,150,sq8_margin_guard,budget25,20,20,0,267.0,172.5,94.5,0.0,172.5,0.6460674157303371
dinov2,9,target,0.5,150,sq8_margin_guard,budget50,8,8,0,535.0,392.75,142.25,0.0,392.75,0.7341121495327102
dinov2,9,target,0.5,150,sq8_margin_guard,full_frozen,0,0,0,0.0,0.0,0.0,0.0,0.0,
dinov2,9,target,0.5,150,sq8_margin_guard,matched,4,4,0,24.8,10.45,14.35,0.0,10.45,0.41426161557740504
dinov2,9,target,0.5,200,current_su,budget10,20,20,0,107.0,46.6,60.4,13.0,33.6,0.4355140186915888
dinov2,9,target,0.5,200,current_su,budget25,20,20,0,267.0,152.95,114.05,37.25,115.7,0.5728464419475656
dinov2,9,target,0.5,200,current_su,budget50,20,20,0,535.0,369.55,165.45,87.55,282.0,0.690747663551402
dinov2,9,target,0.5,200,current_su,full_frozen,0,0,0,0.0,0.0,0.0,0.0,0.0,
dinov2,9,target,0.5,200,current_su,matched,0,0,0,0.0,0.0,0.0,0.0,0.0,
dinov2,9,target,0.5,200,current_su_guard,budget10,20,20,0,107.0,38.15,68.85,0.0,38.15,0.3565420560747663
dinov2,9,target,0.5,200,current_su_guard,budget25,20,20,0,267.0,139.55,127.45,0.0,139.55,0.5226591760299627
dinov2,9,target,0.5,200,current_su_guard,budget50,20,20,0,535.0,357.4,177.6,0.0,357.4,0.66803738317757
dinov2,9,target,0.5,200,current_su_guard,full_frozen,0,0,0,0.0,0.0,0.0,0.0,0.0,
dinov2,9,target,0.5,200,current_su_guard,matched,0,0,0,0.0,0.0,0.0,0.0,0.0,
dinov2,9,target,0.5,200,old_su,budget10,20,20,0,107.0,60.65,46.35,45.6,15.05,0.566822429906542
dinov2,9,target,0.5,200,old_su,budget25,20,20,0,267.0,171.9,95.1,92.15,79.75,0.6438202247191012
dinov2,9,target,0.5,200,old_su,budget50,20,20,0,535.0,385.95,149.05,146.15,239.8,0.7214018691588786
dinov2,9,target,0.5,200,old_su,full_frozen,0,0,0,0.0,0.0,0.0,0.0,0.0,
dinov2,9,target,0.5,200,old_su,matched,0,0,0,0.0,0.0,0.0,0.0,0.0,
dinov2,9,target,0.5,200,old_su_guard,budget10,20,20,0,107.0,34.6,72.4,0.0,34.6,0.3233644859813084
dinov2,9,target,0.5,200,old_su_guard,budget25,20,20,0,267.0,134.9,132.1,0.0,134.9,0.5052434456928839
dinov2,9,target,0.5,200,old_su_guard,budget50,20,20,0,535.0,356.15,178.85,0.0,356.15,0.6657009345794392
dinov2,9,target,0.5,200,old_su_guard,full_frozen,0,0,0,0.0,0.0,0.0,0.0,0.0,
dinov2,9,target,0.5,200,old_su_guard,matched,1,1,0,7.8,4.45,3.35,0.0,4.45,0.5705128205128205
dinov2,9,target,0.5,200,current_margin,budget10,20,20,0,107.0,34.95,72.05,11.1,23.85,0.3266355140186916
dinov2,9,target,0.5,200,current_margin,budget25,20,20,0,267.0,148.65,118.35,32.75,115.9,0.5567415730337079
dinov2,9,target,0.5,200,current_margin,budget50,20,20,0,535.0,375.85,159.15,84.8,291.05,0.7025233644859814
dinov2,9,target,0.5,200,current_margin,full_frozen,20,20,0,178.6,84.2,94.4,19.75,64.45,0.4717341105064376
dinov2,9,target,0.5,200,current_margin,matched,1,1,0,5.15,2.35,2.8,0.95,1.4,0.4563106796116505
dinov2,9,target,0.5,200,current_margin_guard,budget10,20,20,0,107.0,29.45,77.55,0.0,29.45,0.27523364485981305
dinov2,9,target,0.5,200,current_margin_guard,budget25,20,20,0,267.0,137.7,129.3,0.0,137.7,0.5157303370786517
dinov2,9,target,0.5,200,current_margin_guard,budget50,20,20,0,535.0,362.2,172.8,0.0,362.2,0.6770093457943924
dinov2,9,target,0.5,200,current_margin_guard,full_frozen,20,20,0,149.45,56.7,92.75,0.0,56.7,0.37938284922511806
dinov2,9,target,0.5,200,current_margin_guard,matched,3,3,0,15.05,4.0,11.05,0.0,4.0,0.2530650709998536
dinov2,9,target,0.5,200,old_margin_guard,budget10,20,20,0,107.0,26.7,80.3,0.0,26.7,0.2495327102803738
dinov2,9,target,0.5,200,old_margin_guard,budget25,20,20,0,267.0,136.15,130.85,0.0,136.15,0.5099250936329588
dinov2,9,target,0.5,200,old_margin_guard,budget50,20,20,0,535.0,360.45,174.55,0.0,360.45,0.6737383177570093
dinov2,9,target,0.5,200,old_margin_guard,full_frozen,20,20,0,101.7,23.8,77.9,0.0,23.8,0.2357839265919583
dinov2,9,target,0.5,200,old_margin_guard,matched,7,7,0,52.15,18.5,33.65,0.0,18.5,0.3159490509212089
dinov2,9,target,0.5,200,sq8_margin_guard,budget10,20,20,0,107.0,25.85,81.15,0.0,25.85,0.24158878504672895
dinov2,9,target,0.5,200,sq8_margin_guard,budget25,20,20,0,267.0,136.25,130.75,0.0,136.25,0.5102996254681649
dinov2,9,target,0.5,200,sq8_margin_guard,budget50,6,6,0,535.0,348.6666666666667,186.33333333333334,0.0,348.6666666666667,0.6517133956386293
dinov2,9,target,0.5,200,sq8_margin_guard,full_frozen,20,20,1,89.9,17.0,72.9,0.0,17.0,0.1916806080755808
dinov2,9,target,0.5,200,sq8_margin_guard,matched,7,7,0,54.0,19.2,34.8,0.0,19.2,0.3381800475490922
dinov2,9,target,0.5,250,current_su,budget10,20,20,0,107.0,42.0,65.0,12.5,29.5,0.3925233644859813
dinov2,9,target,0.5,250,current_su,budget25,20,20,0,267.0,138.4,128.6,36.15,102.25,0.5183520599250937
dinov2,9,target,0.5,250,current_su,budget50,20,20,0,535.0,340.4,194.6,93.2,247.2,0.6362616822429906
dinov2,9,target,0.5,250,current_su,full_frozen,20,20,0,364.6,206.65,157.95,55.2,151.45,0.5675282174294107
dinov2,9,target,0.5,250,current_su,matched,1,1,0,4.7,1.6,3.1,0.55,1.05,0.3404255319148936
dinov2,9,target,0.5,250,current_su_guard,budget10,20,20,0,107.0,32.4,74.6,0.0,32.4,0.302803738317757
dinov2,9,target,0.5,250,current_su_guard,budget25,20,20,0,267.0,117.5,149.5,0.0,117.5,0.4400749063670412
dinov2,9,target,0.5,250,current_su_guard,budget50,19,19,0,535.0,326.8421052631579,208.1578947368421,0.0,326.8421052631579,0.6109198229217905
dinov2,9,target,0.5,250,current_su_guard,full_frozen,20,20,0,272.05,120.05,152.0,0.0,120.05,0.4411793106639007
dinov2,9,target,0.5,250,current_su_guard,matched,1,1,0,5.6,1.8,3.8,0.0,1.8,0.32142857142857145
dinov2,9,target,0.5,250,old_su,budget10,20,20,0,107.0,58.65,48.35,48.45,10.2,0.5481308411214953
dinov2,9,target,0.5,250,old_su,budget25,20,20,0,267.0,167.2,99.8,101.0,66.2,0.6262172284644195
dinov2,9,target,0.5,250,old_su,budget50,20,20,0,535.0,361.8,173.2,172.55,189.25,0.6762616822429905
dinov2,9,target,0.5,250,old_su,full_frozen,20,20,0,356.0,229.15,126.85,128.0,101.15,0.6436797752808989
dinov2,9,target,0.5,250,old_su,matched,0,0,0,0.0,0.0,0.0,0.0,0.0,
dinov2,9,target,0.5,250,old_su_guard,budget10,20,20,0,107.0,29.3,77.7,0.0,29.3,0.27383177570093453
dinov2,9,target,0.5,250,old_su_guard,budget25,20,20,0,267.0,111.5,155.5,0.0,111.5,0.4176029962546816
dinov2,9,target,0.5,250,old_su_guard,budget50,19,19,0,535.0,325.8421052631579,209.1578947368421,0.0,325.8421052631579,0.6090506640432857
dinov2,9,target,0.5,250,old_su_guard,full_frozen,20,20,0,185.0,64.0,121.0,0.0,64.0,0.34497289718251534
dinov2,9,target,0.5,250,old_su_guard,matched,3,3,0,20.0,7.05,12.95,0.0,7.05,0.3540890108336501
dinov2,9,target,0.5,250,current_margin,budget10,20,20,0,107.0,30.05,76.95,8.5,21.55,0.2808411214953271
dinov2,9,target,0.5,250,current_margin,budget25,20,20,0,267.0,131.2,135.8,32.2,99.0,0.4913857677902621
dinov2,9,target,0.5,250,current_margin,budget50,20,20,0,535.0,347.25,187.75,91.45,255.8,0.6490654205607476
dinov2,9,target,0.5,250,current_margin,full_frozen,20,20,0,265.4,130.8,134.6,31.2,99.6,0.49412991182932064
dinov2,9,target,0.5,250,current_margin,matched,7,7,0,38.15,11.4,26.75,3.3,8.1,0.27213043476346466
dinov2,9,target,0.5,250,current_margin_guard,budget10,20,20,0,107.0,24.15,82.85,0.0,24.15,0.22570093457943924
dinov2,9,target,0.5,250,current_margin_guard,budget25,20,20,0,267.0,116.5,150.5,0.0,116.5,0.43632958801498134
dinov2,9,target,0.5,250,current_margin_guard,budget50,19,19,0,535.0,328.1578947368421,206.8421052631579,0.0,328.1578947368421,0.6133792424987703
dinov2,9,target,0.5,250,current_margin_guard,full_frozen,20,20,0,215.15,83.9,131.25,0.0,83.9,0.39127994285250645
dinov2,9,target,0.5,250,current_margin_guard,matched,13,13,0,80.5,21.2,59.3,0.0,21.2,0.2505016789750417
dinov2,9,target,0.5,250,old_margin_guard,budget10,20,20,1,107.0,18.5,88.5,0.0,18.5,0.1728971962616822
dinov2,9,target,0.5,250,old_margin_guard,budget25,20,20,0,267.0,112.85,154.15,0.0,112.85,0.4226591760299625
dinov2,9,target,0.5,250,old_margin_guard,budget50,19,19,0,535.0,326.63157894736844,208.3684210526316,0.0,326.63157894736844,0.6105263157894737
dinov2,9,target,0.5,250,old_margin_guard,full_frozen,20,20,0,153.05,43.0,110.05,0.0,43.0,0.28205798027438683
dinov2,9,target,0.5,250,old_margin_guard,matched,17,17,0,107.2,24.25,82.95,0.0,24.25,0.21786351292654293
dinov2,9,target,0.5,250,sq8_margin_guard,budget10,20,20,3,107.0,18.3,88.7,0.0,18.3,0.17102803738317757
dinov2,9,target,0.5,250,sq8_margin_guard,budget25,20,20,0,267.0,110.15,156.85,0.0,110.15,0.41254681647940084
dinov2,9,target,0.5,250,sq8_margin_guard,budget50,3,3,0,535.0,320.0,215.0,0.0,320.0,0.5981308411214953
dinov2,9,target,0.5,250,sq8_margin_guard,full_frozen,20,20,0,129.1,29.2,99.9,0.0,29.2,0.2280524216724297
dinov2,9,target,0.5,250,sq8_margin_guard,matched,18,18,0,117.4,27.3,90.1,0.0,27.3,0.22420788931355823
dinov2,9,target,0.5,300,current_su,budget10,20,20,0,107.0,39.0,68.0,14.25,24.75,0.36448598130841114
dinov2,9,target,0.5,300,current_su,budget25,20,20,0,267.0,118.55,148.45,35.5,83.05,0.4440074906367041
dinov2,9,target,0.5,300,current_su,budget50,20,20,0,535.0,314.0,221.0,101.15,212.85,0.5869158878504672
dinov2,9,target,0.5,300,current_su,full_frozen,20,20,0,430.05,232.4,197.65,72.85,159.55,0.540638728795017
dinov2,9,target,0.5,300,current_su,matched,4,4,0,35.0,15.4,19.6,4.6,10.8,0.43344730488057737
dinov2,9,target,0.5,300,current_su_guard,budget10,20,20,0,107.0,27.75,79.25,0.0,27.75,0.2593457943925233
dinov2,9,target,0.5,300,current_su_guard,budget25,20,20,0,267.0,96.65,170.35,0.0,96.65,0.3619850187265917
dinov2,9,target,0.5,300,current_su_guard,budget50,19,19,0,535.0,295.3157894736842,239.68421052631578,0.0,295.3157894736842,0.5519921298573537
dinov2,9,target,0.5,300,current_su_guard,full_frozen,20,20,0,312.05,122.65,189.4,0.0,122.65,0.39279384162394076
dinov2,9,target,0.5,300,current_su_guard,matched,19,19,0,187.2,56.9,130.3,0.0,56.9,0.2976261729363534
dinov2,9,target,0.5,300,old_su,budget10,20,20,0,107.0,56.7,50.3,50.65,6.05,0.5299065420560746
dinov2,9,target,0.5,300,old_su,budget25,20,20,0,267.0,158.65,108.35,109.3,49.35,0.5941947565543071
dinov2,9,target,0.5,300,old_su,budget50,20,20,0,535.0,340.35,194.65,193.25,147.1,0.6361682242990654
dinov2,9,target,0.5,300,old_su,full_frozen,20,20,0,443.0,277.55,165.45,167.45,110.1,0.6265237020316028
dinov2,9,target,0.5,300,old_su,matched,0,0,0,0.0,0.0,0.0,0.0,0.0,
dinov2,9,target,0.5,300,old_su_guard,budget10,20,20,3,107.0,21.25,85.75,0.0,21.25,0.19859813084112146
dinov2,9,target,0.5,300,old_su_guard,budget25,20,20,0,267.0,87.3,179.7,0.0,87.3,0.3269662921348314
dinov2,9,target,0.5,300,old_su_guard,budget50,19,19,0,535.0,294.5263157894737,240.47368421052633,0.0,294.5263157894737,0.5505164781111658
dinov2,9,target,0.5,300,old_su_guard,full_frozen,20,20,0,226.75,69.2,157.55,0.0,69.2,0.3048897830529141
dinov2,9,target,0.5,300,old_su_guard,matched,20,20,0,203.65,58.0,145.65,0.0,58.0,0.28222367547606714
dinov2,9,target,0.5,300,current_margin,budget10,20,20,1,107.0,21.6,85.4,9.15,12.45,0.2018691588785047
dinov2,9,target,0.5,300,current_margin,budget25,20,20,0,267.0,107.45,159.55,35.55,71.9,0.4024344569288389
dinov2,9,target,0.5,300,current_margin,budget50,20,20,0,535.0,318.5,216.5,105.1,213.4,0.5953271028037382
dinov2,9,target,0.5,300,current_margin,full_frozen,20,20,0,477.5,269.35,208.15,89.75,179.6,0.5640832175289259
dinov2,9,target,0.5,300,current_margin,matched,12,12,2,84.2,22.35,61.85,7.3,15.05,0.2395028366143053
dinov2,9,target,0.5,300,current_margin_guard,budget10,20,20,5,107.0,15.05,91.95,0.0,15.05,0.14065420560747663
dinov2,9,target,0.5,300,current_margin_guard,budget25,20,20,0,267.0,92.05,174.95,0.0,92.05,0.34475655430711616
dinov2,9,target,0.5,300,current_margin_guard,budget50,19,19,0,535.0,296.7894736842105,238.21052631578948,0.0,296.7894736842105,0.5547466797835711
dinov2,9,target,0.5,300,current_margin_guard,full_frozen,20,20,0,337.9,140.25,197.65,0.0,140.25,0.41476916879693554
dinov2,9,target,0.5,300,current_margin_guard,matched,20,20,0,198.4,52.25,146.15,0.0,52.25,0.25598529520970653
dinov2,9,target,0.5,300,old_margin_guard,budget10,20,20,12,107.0,10.1,96.9,0.0,10.1,0.09439252336448598
dinov2,9,target,0.5,300,old_margin_guard,budget25,20,20,0,267.0,87.65,179.35,0.0,87.65,0.3282771535580525
dinov2,9,target,0.5,300,old_margin_guard,budget50,19,19,0,535.0,296.3157894736842,238.68421052631578,0.0,296.3157894736842,0.5538612887358583
dinov2,9,target,0.5,300,old_margin_guard,full_frozen,20,20,0,263.45,84.45,179.0,0.0,84.45,0.32075569141093496
dinov2,9,target,0.5,300,old_margin_guard,matched,20,20,0,245.1,71.8,173.3,0.0,71.8,0.29020588639268685
dinov2,9,target,0.5,300,sq8_margin_guard,budget10,20,20,13,107.0,9.7,97.3,0.0,9.7,0.09065420560747661
dinov2,9,target,0.5,300,sq8_margin_guard,budget25,20,20,0,267.0,85.95,181.05,0.0,85.95,0.3219101123595506
dinov2,9,target,0.5,300,sq8_margin_guard,budget50,1,1,0,535.0,295.0,240.0,0.0,295.0,0.5514018691588785
dinov2,9,target,0.5,300,sq8_margin_guard,full_frozen,20,20,0,229.3,61.85,167.45,0.0,61.85,0.2698866351141807
dinov2,9,target,0.5,300,sq8_margin_guard,matched,20,20,0,226.05,59.9,166.15,0.0,59.9,0.2627761190845721
