source,dataset,model,scope,condition,fold,radius_m,arm,fraction,regime,method,cases,feasible_cases,infeasible_cases,zero_answer_cases,mean_answer_rate_all,mean_risk_feasible,mean_errors_feasible,mean_correct_feasible
A-U1652-MECH-BUDGET-001,University1652,Sample4Geo,pooled,same,none,,full,0.0,budget10,current_su,1,1,0,0,0.09976525821596244,0.011764705882352941,1,84
A-U1652-MECH-BUDGET-001,University1652,Sample4Geo,pooled,same,none,,full,0.0,budget10,current_su_guard,1,1,0,0,0.09976525821596244,0.011764705882352941,1,84
A-U1652-MECH-BUDGET-001,University1652,Sample4Geo,pooled,same,none,,full,0.0,budget10,old_su,1,1,0,0,0.09976525821596244,0.011764705882352941,1,84
A-U1652-MECH-BUDGET-001,University1652,Sample4Geo,pooled,same,none,,full,0.0,budget10,old_su_guard,1,1,0,0,0.09976525821596244,0.011764705882352941,1,84
A-U1652-MECH-BUDGET-001,University1652,Sample4Geo,pooled,same,none,,full,0.0,budget25,current_su,1,1,0,0,0.25,0.023474178403755867,5,208
A-U1652-MECH-BUDGET-001,University1652,Sample4Geo,pooled,same,none,,full,0.0,budget25,current_su_guard,1,1,0,0,0.25,0.023474178403755867,5,208
A-U1652-MECH-BUDGET-001,University1652,Sample4Geo,pooled,same,none,,full,0.0,budget25,old_su,1,1,0,0,0.25,0.023474178403755867,5,208
A-U1652-MECH-BUDGET-001,University1652,Sample4Geo,pooled,same,none,,full,0.0,budget25,old_su_guard,1,1,0,0,0.25,0.023474178403755867,5,208
A-U1652-MECH-BUDGET-001,University1652,Sample4Geo,pooled,same,none,,full,0.0,budget50,current_su,1,1,0,0,0.5,0.01643192488262911,7,419
A-U1652-MECH-BUDGET-001,University1652,Sample4Geo,pooled,same,none,,full,0.0,budget50,current_su_guard,1,1,0,0,0.5,0.01643192488262911,7,419
A-U1652-MECH-BUDGET-001,University1652,Sample4Geo,pooled,same,none,,full,0.0,budget50,old_su,1,1,0,0,0.5,0.01643192488262911,7,419
A-U1652-MECH-BUDGET-001,University1652,Sample4Geo,pooled,same,none,,full,0.0,budget50,old_su_guard,1,1,0,0,0.5,0.01643192488262911,7,419
A-U1652-MECH-BUDGET-001,University1652,Sample4Geo,pooled,same,none,,target,0.25,budget10,current_su,20,20,0,0,0.09976525821596244,0.024705882352941175,2.1,82.9
A-U1652-MECH-BUDGET-001,University1652,Sample4Geo,pooled,same,none,,target,0.25,budget10,current_su_guard,20,20,0,0,0.09976525821596244,0.01764705882352941,1.5,83.5
A-U1652-MECH-BUDGET-001,University1652,Sample4Geo,pooled,same,none,,target,0.25,budget10,old_su,20,20,0,0,0.09976525821596244,0.24705882352941178,21,64
A-U1652-MECH-BUDGET-001,University1652,Sample4Geo,pooled,same,none,,target,0.25,budget10,old_su_guard,20,20,0,0,0.09976525821596244,0.009411764705882352,0.8,84.2
A-U1652-MECH-BUDGET-001,University1652,Sample4Geo,pooled,same,none,,target,0.25,budget25,current_su,20,20,0,0,0.25,0.03145539906103286,6.7,206.3
A-U1652-MECH-BUDGET-001,University1652,Sample4Geo,pooled,same,none,,target,0.25,budget25,current_su_guard,20,20,0,0,0.25,0.023708920187793428,5.05,207.95
A-U1652-MECH-BUDGET-001,University1652,Sample4Geo,pooled,same,none,,target,0.25,budget25,old_su,20,20,0,0,0.25,0.2528169014084507,53.85,159.15
A-U1652-MECH-BUDGET-001,University1652,Sample4Geo,pooled,same,none,,target,0.25,budget25,old_su_guard,20,20,0,0,0.25,0.02323943661971831,4.95,208.05
A-U1652-MECH-BUDGET-001,University1652,Sample4Geo,pooled,same,none,,target,0.25,budget50,current_su,20,20,0,0,0.5,0.042018779342723,17.9,408.1
A-U1652-MECH-BUDGET-001,University1652,Sample4Geo,pooled,same,none,,target,0.25,budget50,current_su_guard,20,20,0,0,0.5,0.022652582159624415,9.65,416.35
A-U1652-MECH-BUDGET-001,University1652,Sample4Geo,pooled,same,none,,target,0.25,budget50,old_su,20,20,0,0,0.5,0.2495305164319249,106.3,319.7
A-U1652-MECH-BUDGET-001,University1652,Sample4Geo,pooled,same,none,,target,0.25,budget50,old_su_guard,20,20,0,0,0.5,0.01643192488262911,7,419
A-U1652-MECH-BUDGET-001,University1652,Sample4Geo,pooled,same,none,,control,0.25,budget10,current_su,20,20,0,0,0.09976525821596244,0.010588235294117647,0.9,84.1
A-U1652-MECH-BUDGET-001,University1652,Sample4Geo,pooled,same,none,,control,0.25,budget10,current_su_guard,20,20,0,0,0.09976525821596244,0.010588235294117647,0.9,84.1
A-U1652-MECH-BUDGET-001,University1652,Sample4Geo,pooled,same,none,,control,0.25,budget10,old_su,20,20,0,0,0.09976525821596244,0.011764705882352941,1,84
A-U1652-MECH-BUDGET-001,University1652,Sample4Geo,pooled,same,none,,control,0.25,budget10,old_su_guard,20,20,0,0,0.09976525821596244,0.011764705882352941,1,84
A-U1652-MECH-BUDGET-001,University1652,Sample4Geo,pooled,same,none,,control,0.25,budget25,current_su,20,20,0,0,0.25,0.02488262910798122,5.3,207.7
A-U1652-MECH-BUDGET-001,University1652,Sample4Geo,pooled,same,none,,control,0.25,budget25,current_su_guard,20,20,0,0,0.25,0.02488262910798122,5.3,207.7
A-U1652-MECH-BUDGET-001,University1652,Sample4Geo,pooled,same,none,,control,0.25,budget25,old_su,20,20,0,0,0.25,0.023474178403755867,5,208
A-U1652-MECH-BUDGET-001,University1652,Sample4Geo,pooled,same,none,,control,0.25,budget25,old_su_guard,20,20,0,0,0.25,0.023474178403755867,5,208
A-U1652-MECH-BUDGET-001,University1652,Sample4Geo,pooled,same,none,,control,0.25,budget50,current_su,20,20,0,0,0.5,0.018544600938967138,7.9,418.1
A-U1652-MECH-BUDGET-001,University1652,Sample4Geo,pooled,same,none,,control,0.25,budget50,current_su_guard,20,20,0,0,0.5,0.018544600938967138,7.9,418.1
A-U1652-MECH-BUDGET-001,University1652,Sample4Geo,pooled,same,none,,control,0.25,budget50,old_su,20,20,0,0,0.5,0.01643192488262911,7,419
A-U1652-MECH-BUDGET-001,University1652,Sample4Geo,pooled,same,none,,control,0.25,budget50,old_su_guard,20,20,0,0,0.5,0.01643192488262911,7,419
A-U1652-MECH-BUDGET-001,University1652,Sample4Geo,pooled,same,none,,target,0.5,budget10,current_su,20,20,0,0,0.09976525821596244,0.04,3.4,81.6
A-U1652-MECH-BUDGET-001,University1652,Sample4Geo,pooled,same,none,,target,0.5,budget10,current_su_guard,20,20,0,0,0.09976525821596244,0.021176470588235293,1.8,83.2
A-U1652-MECH-BUDGET-001,University1652,Sample4Geo,pooled,same,none,,target,0.5,budget10,old_su,20,20,0,0,0.09976525821596244,0.5017647058823529,42.65,42.35
A-U1652-MECH-BUDGET-001,University1652,Sample4Geo,pooled,same,none,,target,0.5,budget10,old_su_guard,20,20,0,0,0.09976525821596244,0.01,0.85,84.15
A-U1652-MECH-BUDGET-001,University1652,Sample4Geo,pooled,same,none,,target,0.5,budget25,current_su,20,20,0,0,0.25,0.047183098591549295,10.05,202.95
A-U1652-MECH-BUDGET-001,University1652,Sample4Geo,pooled,same,none,,target,0.5,budget25,current_su_guard,20,20,0,0,0.25,0.024647887323943664,5.25,207.75
A-U1652-MECH-BUDGET-001,University1652,Sample4Geo,pooled,same,none,,target,0.5,budget25,old_su,20,20,0,0,0.25,0.4953051643192488,105.5,107.5
A-U1652-MECH-BUDGET-001,University1652,Sample4Geo,pooled,same,none,,target,0.5,budget25,old_su_guard,20,20,0,0,0.25,0.01784037558685446,3.8,209.2
A-U1652-MECH-BUDGET-001,University1652,Sample4Geo,pooled,same,none,,target,0.5,budget50,current_su,20,20,0,0,0.5,0.1715962441314554,73.1,352.9
A-U1652-MECH-BUDGET-001,University1652,Sample4Geo,pooled,same,none,,target,0.5,budget50,current_su_guard,20,19,1,1,0.475,0.1013096120583148,43.1578947368421,382.8421052631579
A-U1652-MECH-BUDGET-001,University1652,Sample4Geo,pooled,same,none,,target,0.5,budget50,old_su,20,20,0,0,0.5,0.4971830985915493,211.8,214.2
A-U1652-MECH-BUDGET-001,University1652,Sample4Geo,pooled,same,none,,target,0.5,budget50,old_su_guard,20,19,1,1,0.475,0.10056832221398566,42.8421052631579,383.1578947368421
A-SUES-CONFIRM-001,SUES200,Sample4Geo,pooled,same,none,,full,0.0,budget10,current_su,1,1,0,0,0.09943977591036414,0.0,0,142
A-SUES-CONFIRM-001,SUES200,Sample4Geo,pooled,same,none,,full,0.0,budget25,current_su,1,1,0,0,0.25,0.0056022408963585435,2,355
A-SUES-CONFIRM-001,SUES200,Sample4Geo,pooled,same,none,,full,0.0,budget50,current_su,1,1,0,0,0.5,0.00980392156862745,7,707
A-SUES-CONFIRM-001,SUES200,Sample4Geo,pooled,same,none,,full,0.0,full_frozen,current_su,1,1,0,0,0.65406162464986,0.027837259100642397,26,908
A-SUES-CONFIRM-001,SUES200,Sample4Geo,pooled,same,none,,full,0.0,matched,current_su,1,1,0,0,0.65406162464986,0.027837259100642397,26,908
A-SUES-CONFIRM-001,SUES200,Sample4Geo,pooled,same,none,,full,0.0,budget10,current_su_guard,1,1,0,0,0.09943977591036414,0.0,0,142
A-SUES-CONFIRM-001,SUES200,Sample4Geo,pooled,same,none,,full,0.0,budget25,current_su_guard,1,1,0,0,0.25,0.0056022408963585435,2,355
A-SUES-CONFIRM-001,SUES200,Sample4Geo,pooled,same,none,,full,0.0,budget50,current_su_guard,1,1,0,0,0.5,0.00980392156862745,7,707
A-SUES-CONFIRM-001,SUES200,Sample4Geo,pooled,same,none,,full,0.0,full_frozen,current_su_guard,1,1,0,0,0.65406162464986,0.027837259100642397,26,908
A-SUES-CONFIRM-001,SUES200,Sample4Geo,pooled,same,none,,full,0.0,matched,current_su_guard,1,1,0,0,0.65406162464986,0.027837259100642397,26,908
A-SUES-CONFIRM-001,SUES200,Sample4Geo,pooled,same,none,,full,0.0,budget10,old_su,1,1,0,0,0.09943977591036414,0.0,0,142
A-SUES-CONFIRM-001,SUES200,Sample4Geo,pooled,same,none,,full,0.0,budget25,old_su,1,1,0,0,0.25,0.0056022408963585435,2,355
A-SUES-CONFIRM-001,SUES200,Sample4Geo,pooled,same,none,,full,0.0,budget50,old_su,1,1,0,0,0.5,0.00980392156862745,7,707
A-SUES-CONFIRM-001,SUES200,Sample4Geo,pooled,same,none,,full,0.0,full_frozen,old_su,1,1,0,0,0.65406162464986,0.027837259100642397,26,908
A-SUES-CONFIRM-001,SUES200,Sample4Geo,pooled,same,none,,full,0.0,matched,old_su,1,1,0,0,0.65406162464986,0.027837259100642397,26,908
A-SUES-CONFIRM-001,SUES200,Sample4Geo,pooled,same,none,,full,0.0,budget10,old_su_guard,1,1,0,0,0.09943977591036414,0.0,0,142
A-SUES-CONFIRM-001,SUES200,Sample4Geo,pooled,same,none,,full,0.0,budget25,old_su_guard,1,1,0,0,0.25,0.0056022408963585435,2,355
A-SUES-CONFIRM-001,SUES200,Sample4Geo,pooled,same,none,,full,0.0,budget50,old_su_guard,1,1,0,0,0.5,0.00980392156862745,7,707
A-SUES-CONFIRM-001,SUES200,Sample4Geo,pooled,same,none,,full,0.0,full_frozen,old_su_guard,1,1,0,0,0.65406162464986,0.027837259100642397,26,908
A-SUES-CONFIRM-001,SUES200,Sample4Geo,pooled,same,none,,full,0.0,matched,old_su_guard,1,1,0,0,0.65406162464986,0.027837259100642397,26,908
A-SUES-CONFIRM-001,SUES200,Sample4Geo,pooled,same,none,,full,0.0,budget10,current_margin,1,1,0,0,0.09943977591036414,0.0,0,142
A-SUES-CONFIRM-001,SUES200,Sample4Geo,pooled,same,none,,full,0.0,budget25,current_margin,1,1,0,0,0.25,0.0,0,357
A-SUES-CONFIRM-001,SUES200,Sample4Geo,pooled,same,none,,full,0.0,budget50,current_margin,1,1,0,0,0.5,0.004201680672268907,3,711
A-SUES-CONFIRM-001,SUES200,Sample4Geo,pooled,same,none,,full,0.0,full_frozen,current_margin,1,1,0,0,0.7906162464985994,0.0637732506643047,72,1057
A-SUES-CONFIRM-001,SUES200,Sample4Geo,pooled,same,none,,full,0.0,matched,current_margin,1,1,0,0,0.7906162464985994,0.0637732506643047,72,1057
A-SUES-CONFIRM-001,SUES200,Sample4Geo,pooled,same,none,,full,0.0,budget10,current_margin_guard,1,1,0,0,0.09943977591036414,0.0,0,142
A-SUES-CONFIRM-001,SUES200,Sample4Geo,pooled,same,none,,full,0.0,budget25,current_margin_guard,1,1,0,0,0.25,0.0,0,357
A-SUES-CONFIRM-001,SUES200,Sample4Geo,pooled,same,none,,full,0.0,budget50,current_margin_guard,1,1,0,0,0.5,0.004201680672268907,3,711
A-SUES-CONFIRM-001,SUES200,Sample4Geo,pooled,same,none,,full,0.0,full_frozen,current_margin_guard,1,1,0,0,0.7906162464985994,0.0637732506643047,72,1057
A-SUES-CONFIRM-001,SUES200,Sample4Geo,pooled,same,none,,full,0.0,matched,current_margin_guard,1,1,0,0,0.7906162464985994,0.0637732506643047,72,1057
A-SUES-CONFIRM-001,SUES200,Sample4Geo,pooled,same,none,,full,0.0,budget10,old_margin_guard,1,1,0,0,0.09943977591036414,0.0,0,142
A-SUES-CONFIRM-001,SUES200,Sample4Geo,pooled,same,none,,full,0.0,budget25,old_margin_guard,1,1,0,0,0.25,0.0,0,357
A-SUES-CONFIRM-001,SUES200,Sample4Geo,pooled,same,none,,full,0.0,budget50,old_margin_guard,1,1,0,0,0.5,0.004201680672268907,3,711
A-SUES-CONFIRM-001,SUES200,Sample4Geo,pooled,same,none,,full,0.0,full_frozen,old_margin_guard,1,1,0,0,0.7906162464985994,0.0637732506643047,72,1057
A-SUES-CONFIRM-001,SUES200,Sample4Geo,pooled,same,none,,full,0.0,matched,old_margin_guard,1,1,0,0,0.7906162464985994,0.0637732506643047,72,1057
A-SUES-CONFIRM-001,SUES200,Sample4Geo,pooled,same,none,,full,0.0,budget10,sq8_margin_guard,1,1,0,0,0.09943977591036414,0.0,0,142
A-SUES-CONFIRM-001,SUES200,Sample4Geo,pooled,same,none,,full,0.0,budget25,sq8_margin_guard,1,1,0,0,0.25,0.0,0,357
A-SUES-CONFIRM-001,SUES200,Sample4Geo,pooled,same,none,,full,0.0,budget50,sq8_margin_guard,1,1,0,0,0.5,0.004201680672268907,3,711
A-SUES-CONFIRM-001,SUES200,Sample4Geo,pooled,same,none,,full,0.0,full_frozen,sq8_margin_guard,1,1,0,0,0.7906162464985994,0.0637732506643047,72,1057
A-SUES-CONFIRM-001,SUES200,Sample4Geo,pooled,same,none,,full,0.0,matched,sq8_margin_guard,1,1,0,0,0.7906162464985994,0.0637732506643047,72,1057
A-SUES-CONFIRM-001,SUES200,Sample4Geo,150,same,none,,full,0.0,budget10,current_su,1,1,0,0,0.09803921568627451,0.0,0,35
A-SUES-CONFIRM-001,SUES200,Sample4Geo,150,same,none,,full,0.0,budget25,current_su,1,1,0,0,0.24929971988795518,0.0,0,89
A-SUES-CONFIRM-001,SUES200,Sample4Geo,150,same,none,,full,0.0,budget50,current_su,1,1,0,0,0.49859943977591037,0.033707865168539325,6,172
A-SUES-CONFIRM-001,SUES200,Sample4Geo,150,same,none,,full,0.0,full_frozen,current_su,1,1,0,0,0.2913165266106443,0.0,0,104
A-SUES-CONFIRM-001,SUES200,Sample4Geo,150,same,none,,full,0.0,matched,current_su,1,1,0,0,0.2913165266106443,0.0,0,104
A-SUES-CONFIRM-001,SUES200,Sample4Geo,150,same,none,,full,0.0,budget10,current_su_guard,1,1,0,0,0.09803921568627451,0.0,0,35
A-SUES-CONFIRM-001,SUES200,Sample4Geo,150,same,none,,full,0.0,budget25,current_su_guard,1,1,0,0,0.24929971988795518,0.0,0,89
A-SUES-CONFIRM-001,SUES200,Sample4Geo,150,same,none,,full,0.0,budget50,current_su_guard,1,1,0,0,0.49859943977591037,0.033707865168539325,6,172
A-SUES-CONFIRM-001,SUES200,Sample4Geo,150,same,none,,full,0.0,full_frozen,current_su_guard,1,1,0,0,0.2913165266106443,0.0,0,104
A-SUES-CONFIRM-001,SUES200,Sample4Geo,150,same,none,,full,0.0,matched,current_su_guard,1,1,0,0,0.2913165266106443,0.0,0,104
A-SUES-CONFIRM-001,SUES200,Sample4Geo,150,same,none,,full,0.0,budget10,old_su,1,1,0,0,0.09803921568627451,0.0,0,35
A-SUES-CONFIRM-001,SUES200,Sample4Geo,150,same,none,,full,0.0,budget25,old_su,1,1,0,0,0.24929971988795518,0.0,0,89
A-SUES-CONFIRM-001,SUES200,Sample4Geo,150,same,none,,full,0.0,budget50,old_su,1,1,0,0,0.49859943977591037,0.033707865168539325,6,172
A-SUES-CONFIRM-001,SUES200,Sample4Geo,150,same,none,,full,0.0,full_frozen,old_su,1,1,0,0,0.2913165266106443,0.0,0,104
A-SUES-CONFIRM-001,SUES200,Sample4Geo,150,same,none,,full,0.0,matched,old_su,1,1,0,0,0.2913165266106443,0.0,0,104
A-SUES-CONFIRM-001,SUES200,Sample4Geo,150,same,none,,full,0.0,budget10,old_su_guard,1,1,0,0,0.09803921568627451,0.0,0,35
A-SUES-CONFIRM-001,SUES200,Sample4Geo,150,same,none,,full,0.0,budget25,old_su_guard,1,1,0,0,0.24929971988795518,0.0,0,89
A-SUES-CONFIRM-001,SUES200,Sample4Geo,150,same,none,,full,0.0,budget50,old_su_guard,1,1,0,0,0.49859943977591037,0.033707865168539325,6,172
A-SUES-CONFIRM-001,SUES200,Sample4Geo,150,same,none,,full,0.0,full_frozen,old_su_guard,1,1,0,0,0.2913165266106443,0.0,0,104
A-SUES-CONFIRM-001,SUES200,Sample4Geo,150,same,none,,full,0.0,matched,old_su_guard,1,1,0,0,0.2913165266106443,0.0,0,104
A-SUES-CONFIRM-001,SUES200,Sample4Geo,150,same,none,,full,0.0,budget10,current_margin,1,1,0,0,0.09803921568627451,0.0,0,35
A-SUES-CONFIRM-001,SUES200,Sample4Geo,150,same,none,,full,0.0,budget25,current_margin,1,1,0,0,0.24929971988795518,0.011235955056179775,1,88
A-SUES-CONFIRM-001,SUES200,Sample4Geo,150,same,none,,full,0.0,budget50,current_margin,1,1,0,0,0.49859943977591037,0.05056179775280899,9,169
A-SUES-CONFIRM-001,SUES200,Sample4Geo,150,same,none,,full,0.0,full_frozen,current_margin,1,1,0,0,0.47619047619047616,0.03529411764705882,6,164
A-SUES-CONFIRM-001,SUES200,Sample4Geo,150,same,none,,full,0.0,matched,current_margin,1,1,0,0,0.47619047619047616,0.03529411764705882,6,164
A-SUES-CONFIRM-001,SUES200,Sample4Geo,150,same,none,,full,0.0,budget10,current_margin_guard,1,1,0,0,0.09803921568627451,0.0,0,35
A-SUES-CONFIRM-001,SUES200,Sample4Geo,150,same,none,,full,0.0,budget25,current_margin_guard,1,1,0,0,0.24929971988795518,0.011235955056179775,1,88
A-SUES-CONFIRM-001,SUES200,Sample4Geo,150,same,none,,full,0.0,budget50,current_margin_guard,1,1,0,0,0.49859943977591037,0.05056179775280899,9,169
A-SUES-CONFIRM-001,SUES200,Sample4Geo,150,same,none,,full,0.0,full_frozen,current_margin_guard,1,1,0,0,0.47619047619047616,0.03529411764705882,6,164
A-SUES-CONFIRM-001,SUES200,Sample4Geo,150,same,none,,full,0.0,matched,current_margin_guard,1,1,0,0,0.47619047619047616,0.03529411764705882,6,164
A-SUES-CONFIRM-001,SUES200,Sample4Geo,150,same,none,,full,0.0,budget10,old_margin_guard,1,1,0,0,0.09803921568627451,0.0,0,35
A-SUES-CONFIRM-001,SUES200,Sample4Geo,150,same,none,,full,0.0,budget25,old_margin_guard,1,1,0,0,0.24929971988795518,0.011235955056179775,1,88
A-SUES-CONFIRM-001,SUES200,Sample4Geo,150,same,none,,full,0.0,budget50,old_margin_guard,1,1,0,0,0.49859943977591037,0.05056179775280899,9,169
A-SUES-CONFIRM-001,SUES200,Sample4Geo,150,same,none,,full,0.0,full_frozen,old_margin_guard,1,1,0,0,0.47619047619047616,0.03529411764705882,6,164
A-SUES-CONFIRM-001,SUES200,Sample4Geo,150,same,none,,full,0.0,matched,old_margin_guard,1,1,0,0,0.47619047619047616,0.03529411764705882,6,164
A-SUES-CONFIRM-001,SUES200,Sample4Geo,150,same,none,,full,0.0,budget10,sq8_margin_guard,1,1,0,0,0.09803921568627451,0.0,0,35
A-SUES-CONFIRM-001,SUES200,Sample4Geo,150,same,none,,full,0.0,budget25,sq8_margin_guard,1,1,0,0,0.24929971988795518,0.011235955056179775,1,88
A-SUES-CONFIRM-001,SUES200,Sample4Geo,150,same,none,,full,0.0,budget50,sq8_margin_guard,1,1,0,0,0.49859943977591037,0.05056179775280899,9,169
A-SUES-CONFIRM-001,SUES200,Sample4Geo,150,same,none,,full,0.0,full_frozen,sq8_margin_guard,1,1,0,0,0.47619047619047616,0.03529411764705882,6,164
A-SUES-CONFIRM-001,SUES200,Sample4Geo,150,same,none,,full,0.0,matched,sq8_margin_guard,1,1,0,0,0.47619047619047616,0.03529411764705882,6,164
A-SUES-CONFIRM-001,SUES200,Sample4Geo,200,same,none,,full,0.0,budget10,current_su,1,1,0,0,0.09803921568627451,0.0,0,35
A-SUES-CONFIRM-001,SUES200,Sample4Geo,200,same,none,,full,0.0,budget25,current_su,1,1,0,0,0.24929971988795518,0.0,0,89
A-SUES-CONFIRM-001,SUES200,Sample4Geo,200,same,none,,full,0.0,budget50,current_su,1,1,0,0,0.49859943977591037,0.0056179775280898875,1,177
A-SUES-CONFIRM-001,SUES200,Sample4Geo,200,same,none,,full,0.0,full_frozen,current_su,1,1,0,0,0.5042016806722689,0.005555555555555556,1,179
A-SUES-CONFIRM-001,SUES200,Sample4Geo,200,same,none,,full,0.0,matched,current_su,1,1,0,0,0.5042016806722689,0.005555555555555556,1,179
A-SUES-CONFIRM-001,SUES200,Sample4Geo,200,same,none,,full,0.0,budget10,current_su_guard,1,1,0,0,0.09803921568627451,0.0,0,35
A-SUES-CONFIRM-001,SUES200,Sample4Geo,200,same,none,,full,0.0,budget25,current_su_guard,1,1,0,0,0.24929971988795518,0.0,0,89
A-SUES-CONFIRM-001,SUES200,Sample4Geo,200,same,none,,full,0.0,budget50,current_su_guard,1,1,0,0,0.49859943977591037,0.0056179775280898875,1,177
A-SUES-CONFIRM-001,SUES200,Sample4Geo,200,same,none,,full,0.0,full_frozen,current_su_guard,1,1,0,0,0.5042016806722689,0.005555555555555556,1,179
A-SUES-CONFIRM-001,SUES200,Sample4Geo,200,same,none,,full,0.0,matched,current_su_guard,1,1,0,0,0.5042016806722689,0.005555555555555556,1,179
A-SUES-CONFIRM-001,SUES200,Sample4Geo,200,same,none,,full,0.0,budget10,old_su,1,1,0,0,0.09803921568627451,0.0,0,35
A-SUES-CONFIRM-001,SUES200,Sample4Geo,200,same,none,,full,0.0,budget25,old_su,1,1,0,0,0.24929971988795518,0.0,0,89
A-SUES-CONFIRM-001,SUES200,Sample4Geo,200,same,none,,full,0.0,budget50,old_su,1,1,0,0,0.49859943977591037,0.0056179775280898875,1,177
A-SUES-CONFIRM-001,SUES200,Sample4Geo,200,same,none,,full,0.0,full_frozen,old_su,1,1,0,0,0.5042016806722689,0.005555555555555556,1,179
A-SUES-CONFIRM-001,SUES200,Sample4Geo,200,same,none,,full,0.0,matched,old_su,1,1,0,0,0.5042016806722689,0.005555555555555556,1,179
A-SUES-CONFIRM-001,SUES200,Sample4Geo,200,same,none,,full,0.0,budget10,old_su_guard,1,1,0,0,0.09803921568627451,0.0,0,35
A-SUES-CONFIRM-001,SUES200,Sample4Geo,200,same,none,,full,0.0,budget25,old_su_guard,1,1,0,0,0.24929971988795518,0.0,0,89
A-SUES-CONFIRM-001,SUES200,Sample4Geo,200,same,none,,full,0.0,budget50,old_su_guard,1,1,0,0,0.49859943977591037,0.0056179775280898875,1,177
A-SUES-CONFIRM-001,SUES200,Sample4Geo,200,same,none,,full,0.0,full_frozen,old_su_guard,1,1,0,0,0.5042016806722689,0.005555555555555556,1,179
A-SUES-CONFIRM-001,SUES200,Sample4Geo,200,same,none,,full,0.0,matched,old_su_guard,1,1,0,0,0.5042016806722689,0.005555555555555556,1,179
A-SUES-CONFIRM-001,SUES200,Sample4Geo,200,same,none,,full,0.0,budget10,current_margin,1,1,0,0,0.09803921568627451,0.0,0,35
A-SUES-CONFIRM-001,SUES200,Sample4Geo,200,same,none,,full,0.0,budget25,current_margin,1,1,0,0,0.24929971988795518,0.0,0,89
A-SUES-CONFIRM-001,SUES200,Sample4Geo,200,same,none,,full,0.0,budget50,current_margin,1,1,0,0,0.49859943977591037,0.011235955056179775,2,176
A-SUES-CONFIRM-001,SUES200,Sample4Geo,200,same,none,,full,0.0,full_frozen,current_margin,1,1,0,0,0.7478991596638656,0.06367041198501873,17,250
A-SUES-CONFIRM-001,SUES200,Sample4Geo,200,same,none,,full,0.0,matched,current_margin,1,1,0,0,0.7478991596638656,0.06367041198501873,17,250
A-SUES-CONFIRM-001,SUES200,Sample4Geo,200,same,none,,full,0.0,budget10,current_margin_guard,1,1,0,0,0.09803921568627451,0.0,0,35
A-SUES-CONFIRM-001,SUES200,Sample4Geo,200,same,none,,full,0.0,budget25,current_margin_guard,1,1,0,0,0.24929971988795518,0.0,0,89
A-SUES-CONFIRM-001,SUES200,Sample4Geo,200,same,none,,full,0.0,budget50,current_margin_guard,1,1,0,0,0.49859943977591037,0.011235955056179775,2,176
A-SUES-CONFIRM-001,SUES200,Sample4Geo,200,same,none,,full,0.0,full_frozen,current_margin_guard,1,1,0,0,0.7478991596638656,0.06367041198501873,17,250
A-SUES-CONFIRM-001,SUES200,Sample4Geo,200,same,none,,full,0.0,matched,current_margin_guard,1,1,0,0,0.7478991596638656,0.06367041198501873,17,250
A-SUES-CONFIRM-001,SUES200,Sample4Geo,200,same,none,,full,0.0,budget10,old_margin_guard,1,1,0,0,0.09803921568627451,0.0,0,35
A-SUES-CONFIRM-001,SUES200,Sample4Geo,200,same,none,,full,0.0,budget25,old_margin_guard,1,1,0,0,0.24929971988795518,0.0,0,89
A-SUES-CONFIRM-001,SUES200,Sample4Geo,200,same,none,,full,0.0,budget50,old_margin_guard,1,1,0,0,0.49859943977591037,0.011235955056179775,2,176
A-SUES-CONFIRM-001,SUES200,Sample4Geo,200,same,none,,full,0.0,full_frozen,old_margin_guard,1,1,0,0,0.7478991596638656,0.06367041198501873,17,250
A-SUES-CONFIRM-001,SUES200,Sample4Geo,200,same,none,,full,0.0,matched,old_margin_guard,1,1,0,0,0.7478991596638656,0.06367041198501873,17,250
A-SUES-CONFIRM-001,SUES200,Sample4Geo,200,same,none,,full,0.0,budget10,sq8_margin_guard,1,1,0,0,0.09803921568627451,0.0,0,35
A-SUES-CONFIRM-001,SUES200,Sample4Geo,200,same,none,,full,0.0,budget25,sq8_margin_guard,1,1,0,0,0.24929971988795518,0.0,0,89
A-SUES-CONFIRM-001,SUES200,Sample4Geo,200,same,none,,full,0.0,budget50,sq8_margin_guard,1,1,0,0,0.49859943977591037,0.011235955056179775,2,176
A-SUES-CONFIRM-001,SUES200,Sample4Geo,200,same,none,,full,0.0,full_frozen,sq8_margin_guard,1,1,0,0,0.7478991596638656,0.06367041198501873,17,250
A-SUES-CONFIRM-001,SUES200,Sample4Geo,200,same,none,,full,0.0,matched,sq8_margin_guard,1,1,0,0,0.7478991596638656,0.06367041198501873,17,250
A-SUES-CONFIRM-001,SUES200,Sample4Geo,250,same,none,,full,0.0,budget10,current_su,1,1,0,0,0.09803921568627451,0.0,0,35
A-SUES-CONFIRM-001,SUES200,Sample4Geo,250,same,none,,full,0.0,budget25,current_su,1,1,0,0,0.24929971988795518,0.0,0,89
A-SUES-CONFIRM-001,SUES200,Sample4Geo,250,same,none,,full,0.0,budget50,current_su,1,1,0,0,0.49859943977591037,0.0056179775280898875,1,177
A-SUES-CONFIRM-001,SUES200,Sample4Geo,250,same,none,,full,0.0,full_frozen,current_su,1,1,0,0,0.8879551820728291,0.0694006309148265,22,295
A-SUES-CONFIRM-001,SUES200,Sample4Geo,250,same,none,,full,0.0,matched,current_su,1,1,0,0,0.8879551820728291,0.0694006309148265,22,295
A-SUES-CONFIRM-001,SUES200,Sample4Geo,250,same,none,,full,0.0,budget10,current_su_guard,1,1,0,0,0.09803921568627451,0.0,0,35
A-SUES-CONFIRM-001,SUES200,Sample4Geo,250,same,none,,full,0.0,budget25,current_su_guard,1,1,0,0,0.24929971988795518,0.0,0,89
A-SUES-CONFIRM-001,SUES200,Sample4Geo,250,same,none,,full,0.0,budget50,current_su_guard,1,1,0,0,0.49859943977591037,0.0056179775280898875,1,177
A-SUES-CONFIRM-001,SUES200,Sample4Geo,250,same,none,,full,0.0,full_frozen,current_su_guard,1,1,0,0,0.8879551820728291,0.0694006309148265,22,295
A-SUES-CONFIRM-001,SUES200,Sample4Geo,250,same,none,,full,0.0,matched,current_su_guard,1,1,0,0,0.8879551820728291,0.0694006309148265,22,295
A-SUES-CONFIRM-001,SUES200,Sample4Geo,250,same,none,,full,0.0,budget10,old_su,1,1,0,0,0.09803921568627451,0.0,0,35
A-SUES-CONFIRM-001,SUES200,Sample4Geo,250,same,none,,full,0.0,budget25,old_su,1,1,0,0,0.24929971988795518,0.0,0,89
A-SUES-CONFIRM-001,SUES200,Sample4Geo,250,same,none,,full,0.0,budget50,old_su,1,1,0,0,0.49859943977591037,0.0056179775280898875,1,177
A-SUES-CONFIRM-001,SUES200,Sample4Geo,250,same,none,,full,0.0,full_frozen,old_su,1,1,0,0,0.8879551820728291,0.0694006309148265,22,295
A-SUES-CONFIRM-001,SUES200,Sample4Geo,250,same,none,,full,0.0,matched,old_su,1,1,0,0,0.8879551820728291,0.0694006309148265,22,295
A-SUES-CONFIRM-001,SUES200,Sample4Geo,250,same,none,,full,0.0,budget10,old_su_guard,1,1,0,0,0.09803921568627451,0.0,0,35
A-SUES-CONFIRM-001,SUES200,Sample4Geo,250,same,none,,full,0.0,budget25,old_su_guard,1,1,0,0,0.24929971988795518,0.0,0,89
A-SUES-CONFIRM-001,SUES200,Sample4Geo,250,same,none,,full,0.0,budget50,old_su_guard,1,1,0,0,0.49859943977591037,0.0056179775280898875,1,177
A-SUES-CONFIRM-001,SUES200,Sample4Geo,250,same,none,,full,0.0,full_frozen,old_su_guard,1,1,0,0,0.8879551820728291,0.0694006309148265,22,295
A-SUES-CONFIRM-001,SUES200,Sample4Geo,250,same,none,,full,0.0,matched,old_su_guard,1,1,0,0,0.8879551820728291,0.0694006309148265,22,295
A-SUES-CONFIRM-001,SUES200,Sample4Geo,250,same,none,,full,0.0,budget10,current_margin,1,1,0,0,0.09803921568627451,0.0,0,35
A-SUES-CONFIRM-001,SUES200,Sample4Geo,250,same,none,,full,0.0,budget25,current_margin,1,1,0,0,0.24929971988795518,0.0,0,89
A-SUES-CONFIRM-001,SUES200,Sample4Geo,250,same,none,,full,0.0,budget50,current_margin,1,1,0,0,0.49859943977591037,0.0,0,178
A-SUES-CONFIRM-001,SUES200,Sample4Geo,250,same,none,,full,0.0,full_frozen,current_margin,1,1,0,0,0.9495798319327731,0.10324483775811209,35,304
A-SUES-CONFIRM-001,SUES200,Sample4Geo,250,same,none,,full,0.0,matched,current_margin,1,1,0,0,0.9495798319327731,0.10324483775811209,35,304
A-SUES-CONFIRM-001,SUES200,Sample4Geo,250,same,none,,full,0.0,budget10,current_margin_guard,1,1,0,0,0.09803921568627451,0.0,0,35
A-SUES-CONFIRM-001,SUES200,Sample4Geo,250,same,none,,full,0.0,budget25,current_margin_guard,1,1,0,0,0.24929971988795518,0.0,0,89
A-SUES-CONFIRM-001,SUES200,Sample4Geo,250,same,none,,full,0.0,budget50,current_margin_guard,1,1,0,0,0.49859943977591037,0.0,0,178
A-SUES-CONFIRM-001,SUES200,Sample4Geo,250,same,none,,full,0.0,full_frozen,current_margin_guard,1,1,0,0,0.9495798319327731,0.10324483775811209,35,304
A-SUES-CONFIRM-001,SUES200,Sample4Geo,250,same,none,,full,0.0,matched,current_margin_guard,1,1,0,0,0.9495798319327731,0.10324483775811209,35,304
A-SUES-CONFIRM-001,SUES200,Sample4Geo,250,same,none,,full,0.0,budget10,old_margin_guard,1,1,0,0,0.09803921568627451,0.0,0,35
A-SUES-CONFIRM-001,SUES200,Sample4Geo,250,same,none,,full,0.0,budget25,old_margin_guard,1,1,0,0,0.24929971988795518,0.0,0,89
A-SUES-CONFIRM-001,SUES200,Sample4Geo,250,same,none,,full,0.0,budget50,old_margin_guard,1,1,0,0,0.49859943977591037,0.0,0,178
A-SUES-CONFIRM-001,SUES200,Sample4Geo,250,same,none,,full,0.0,full_frozen,old_margin_guard,1,1,0,0,0.9495798319327731,0.10324483775811209,35,304
A-SUES-CONFIRM-001,SUES200,Sample4Geo,250,same,none,,full,0.0,matched,old_margin_guard,1,1,0,0,0.9495798319327731,0.10324483775811209,35,304
A-SUES-CONFIRM-001,SUES200,Sample4Geo,250,same,none,,full,0.0,budget10,sq8_margin_guard,1,1,0,0,0.09803921568627451,0.0,0,35
A-SUES-CONFIRM-001,SUES200,Sample4Geo,250,same,none,,full,0.0,budget25,sq8_margin_guard,1,1,0,0,0.24929971988795518,0.0,0,89
A-SUES-CONFIRM-001,SUES200,Sample4Geo,250,same,none,,full,0.0,budget50,sq8_margin_guard,1,1,0,0,0.49859943977591037,0.0,0,178
A-SUES-CONFIRM-001,SUES200,Sample4Geo,250,same,none,,full,0.0,full_frozen,sq8_margin_guard,1,1,0,0,0.9495798319327731,0.10324483775811209,35,304
A-SUES-CONFIRM-001,SUES200,Sample4Geo,250,same,none,,full,0.0,matched,sq8_margin_guard,1,1,0,0,0.9495798319327731,0.10324483775811209,35,304
A-SUES-CONFIRM-001,SUES200,Sample4Geo,300,same,none,,full,0.0,budget10,current_su,1,1,0,0,0.09803921568627451,0.0,0,35
A-SUES-CONFIRM-001,SUES200,Sample4Geo,300,same,none,,full,0.0,budget25,current_su,1,1,0,0,0.24929971988795518,0.0,0,89
A-SUES-CONFIRM-001,SUES200,Sample4Geo,300,same,none,,full,0.0,budget50,current_su,1,1,0,0,0.49859943977591037,0.011235955056179775,2,176
A-SUES-CONFIRM-001,SUES200,Sample4Geo,300,same,none,,full,0.0,full_frozen,current_su,1,1,0,0,0.8879551820728291,0.0473186119873817,15,302
A-SUES-CONFIRM-001,SUES200,Sample4Geo,300,same,none,,full,0.0,matched,current_su,1,1,0,0,0.8879551820728291,0.0473186119873817,15,302
A-SUES-CONFIRM-001,SUES200,Sample4Geo,300,same,none,,full,0.0,budget10,current_su_guard,1,1,0,0,0.09803921568627451,0.0,0,35
A-SUES-CONFIRM-001,SUES200,Sample4Geo,300,same,none,,full,0.0,budget25,current_su_guard,1,1,0,0,0.24929971988795518,0.0,0,89
A-SUES-CONFIRM-001,SUES200,Sample4Geo,300,same,none,,full,0.0,budget50,current_su_guard,1,1,0,0,0.49859943977591037,0.011235955056179775,2,176
A-SUES-CONFIRM-001,SUES200,Sample4Geo,300,same,none,,full,0.0,full_frozen,current_su_guard,1,1,0,0,0.8879551820728291,0.0473186119873817,15,302
A-SUES-CONFIRM-001,SUES200,Sample4Geo,300,same,none,,full,0.0,matched,current_su_guard,1,1,0,0,0.8879551820728291,0.0473186119873817,15,302
A-SUES-CONFIRM-001,SUES200,Sample4Geo,300,same,none,,full,0.0,budget10,old_su,1,1,0,0,0.09803921568627451,0.0,0,35
A-SUES-CONFIRM-001,SUES200,Sample4Geo,300,same,none,,full,0.0,budget25,old_su,1,1,0,0,0.24929971988795518,0.0,0,89
A-SUES-CONFIRM-001,SUES200,Sample4Geo,300,same,none,,full,0.0,budget50,old_su,1,1,0,0,0.49859943977591037,0.011235955056179775,2,176
A-SUES-CONFIRM-001,SUES200,Sample4Geo,300,same,none,,full,0.0,full_frozen,old_su,1,1,0,0,0.8879551820728291,0.0473186119873817,15,302
A-SUES-CONFIRM-001,SUES200,Sample4Geo,300,same,none,,full,0.0,matched,old_su,1,1,0,0,0.8879551820728291,0.0473186119873817,15,302
A-SUES-CONFIRM-001,SUES200,Sample4Geo,300,same,none,,full,0.0,budget10,old_su_guard,1,1,0,0,0.09803921568627451,0.0,0,35
A-SUES-CONFIRM-001,SUES200,Sample4Geo,300,same,none,,full,0.0,budget25,old_su_guard,1,1,0,0,0.24929971988795518,0.0,0,89
A-SUES-CONFIRM-001,SUES200,Sample4Geo,300,same,none,,full,0.0,budget50,old_su_guard,1,1,0,0,0.49859943977591037,0.011235955056179775,2,176
A-SUES-CONFIRM-001,SUES200,Sample4Geo,300,same,none,,full,0.0,full_frozen,old_su_guard,1,1,0,0,0.8879551820728291,0.0473186119873817,15,302
A-SUES-CONFIRM-001,SUES200,Sample4Geo,300,same,none,,full,0.0,matched,old_su_guard,1,1,0,0,0.8879551820728291,0.0473186119873817,15,302
A-SUES-CONFIRM-001,SUES200,Sample4Geo,300,same,none,,full,0.0,budget10,current_margin,1,1,0,0,0.09803921568627451,0.0,0,35
A-SUES-CONFIRM-001,SUES200,Sample4Geo,300,same,none,,full,0.0,budget25,current_margin,1,1,0,0,0.24929971988795518,0.0,0,89
A-SUES-CONFIRM-001,SUES200,Sample4Geo,300,same,none,,full,0.0,budget50,current_margin,1,1,0,0,0.49859943977591037,0.0,0,178
A-SUES-CONFIRM-001,SUES200,Sample4Geo,300,same,none,,full,0.0,full_frozen,current_margin,1,1,0,0,0.9775910364145658,0.07736389684813753,27,322
A-SUES-CONFIRM-001,SUES200,Sample4Geo,300,same,none,,full,0.0,matched,current_margin,1,1,0,0,0.9775910364145658,0.07736389684813753,27,322
A-SUES-CONFIRM-001,SUES200,Sample4Geo,300,same,none,,full,0.0,budget10,current_margin_guard,1,1,0,0,0.09803921568627451,0.0,0,35
A-SUES-CONFIRM-001,SUES200,Sample4Geo,300,same,none,,full,0.0,budget25,current_margin_guard,1,1,0,0,0.24929971988795518,0.0,0,89
A-SUES-CONFIRM-001,SUES200,Sample4Geo,300,same,none,,full,0.0,budget50,current_margin_guard,1,1,0,0,0.49859943977591037,0.0,0,178
A-SUES-CONFIRM-001,SUES200,Sample4Geo,300,same,none,,full,0.0,full_frozen,current_margin_guard,1,1,0,0,0.9775910364145658,0.07736389684813753,27,322
A-SUES-CONFIRM-001,SUES200,Sample4Geo,300,same,none,,full,0.0,matched,current_margin_guard,1,1,0,0,0.9775910364145658,0.07736389684813753,27,322
A-SUES-CONFIRM-001,SUES200,Sample4Geo,300,same,none,,full,0.0,budget10,old_margin_guard,1,1,0,0,0.09803921568627451,0.0,0,35
A-SUES-CONFIRM-001,SUES200,Sample4Geo,300,same,none,,full,0.0,budget25,old_margin_guard,1,1,0,0,0.24929971988795518,0.0,0,89
A-SUES-CONFIRM-001,SUES200,Sample4Geo,300,same,none,,full,0.0,budget50,old_margin_guard,1,1,0,0,0.49859943977591037,0.0,0,178
A-SUES-CONFIRM-001,SUES200,Sample4Geo,300,same,none,,full,0.0,full_frozen,old_margin_guard,1,1,0,0,0.9775910364145658,0.07736389684813753,27,322
A-SUES-CONFIRM-001,SUES200,Sample4Geo,300,same,none,,full,0.0,matched,old_margin_guard,1,1,0,0,0.9775910364145658,0.07736389684813753,27,322
A-SUES-CONFIRM-001,SUES200,Sample4Geo,300,same,none,,full,0.0,budget10,sq8_margin_guard,1,1,0,0,0.09803921568627451,0.0,0,35
A-SUES-CONFIRM-001,SUES200,Sample4Geo,300,same,none,,full,0.0,budget25,sq8_margin_guard,1,1,0,0,0.24929971988795518,0.0,0,89
A-SUES-CONFIRM-001,SUES200,Sample4Geo,300,same,none,,full,0.0,budget50,sq8_margin_guard,1,1,0,0,0.49859943977591037,0.0,0,178
A-SUES-CONFIRM-001,SUES200,Sample4Geo,300,same,none,,full,0.0,full_frozen,sq8_margin_guard,1,1,0,0,0.9775910364145658,0.07736389684813753,27,322
A-SUES-CONFIRM-001,SUES200,Sample4Geo,300,same,none,,full,0.0,matched,sq8_margin_guard,1,1,0,0,0.9775910364145658,0.07736389684813753,27,322
A-SUES-CONFIRM-001,SUES200,Sample4Geo,pooled,same,none,,target,0.25,budget10,current_su,20,20,0,0,0.09943977591036414,0.007746478873239437,1.1,140.9
A-SUES-CONFIRM-001,SUES200,Sample4Geo,pooled,same,none,,target,0.25,budget25,current_su,20,20,0,0,0.25,0.01638655462184874,5.85,351.15
A-SUES-CONFIRM-001,SUES200,Sample4Geo,pooled,same,none,,target,0.25,budget50,current_su,20,20,0,0,0.5,0.060364145658263306,43.1,670.9
A-SUES-CONFIRM-001,SUES200,Sample4Geo,pooled,same,none,,target,0.25,full_frozen,current_su,20,20,0,0,0.5420868347338935,0.07782076447790345,60.25,713.85
A-SUES-CONFIRM-001,SUES200,Sample4Geo,pooled,same,none,,target,0.25,matched,current_su,20,20,0,0,0.3912464985994398,0.03052523567560884,17.7,541
A-SUES-CONFIRM-001,SUES200,Sample4Geo,pooled,same,none,,target,0.25,budget10,current_su_guard,20,20,0,0,0.09943977591036414,0.0010563380281690142,0.15,141.85
A-SUES-CONFIRM-001,SUES200,Sample4Geo,pooled,same,none,,target,0.25,budget25,current_su_guard,20,20,0,0,0.25,0.008683473389355743,3.1,353.9
A-SUES-CONFIRM-001,SUES200,Sample4Geo,pooled,same,none,,target,0.25,budget50,current_su_guard,20,20,0,0,0.5,0.03354341736694678,23.95,690.05
A-SUES-CONFIRM-001,SUES200,Sample4Geo,pooled,same,none,,target,0.25,full_frozen,current_su_guard,20,20,0,0,0.5177521008403361,0.0380797558568604,28.15,711.2
A-SUES-CONFIRM-001,SUES200,Sample4Geo,pooled,same,none,,target,0.25,matched,current_su_guard,20,20,0,0,0.4242997198879552,0.02025901244291808,12.55,593.35
A-SUES-CONFIRM-001,SUES200,Sample4Geo,pooled,same,none,,target,0.25,budget10,old_su,20,20,0,0,0.09943977591036414,0.2577464788732394,36.6,105.4
A-SUES-CONFIRM-001,SUES200,Sample4Geo,pooled,same,none,,target,0.25,budget25,old_su,20,20,0,0,0.25,0.2627450980392157,93.8,263.2
A-SUES-CONFIRM-001,SUES200,Sample4Geo,pooled,same,none,,target,0.25,budget50,old_su,20,20,0,0,0.5,0.25945378151260506,185.25,528.75
A-SUES-CONFIRM-001,SUES200,Sample4Geo,pooled,same,none,,target,0.25,full_frozen,old_su,20,20,0,0,0.65406162464986,0.2699678800856531,252.15,681.85
A-SUES-CONFIRM-001,SUES200,Sample4Geo,pooled,same,none,,target,0.25,matched,old_su,20,5,15,15,0.03284313725490196,0.254413326282989,47,140.6
A-SUES-CONFIRM-001,SUES200,Sample4Geo,pooled,same,none,,target,0.25,budget10,old_su_guard,20,20,0,0,0.09943977591036414,0.0,0,142
A-SUES-CONFIRM-001,SUES200,Sample4Geo,pooled,same,none,,target,0.25,budget25,old_su_guard,20,20,0,0,0.25,0.008403361344537815,3,354
A-SUES-CONFIRM-001,SUES200,Sample4Geo,pooled,same,none,,target,0.25,budget50,old_su_guard,20,20,0,0,0.5,0.03053221288515406,21.8,692.2
A-SUES-CONFIRM-001,SUES200,Sample4Geo,pooled,same,none,,target,0.25,full_frozen,old_su_guard,20,20,0,0,0.48841036414565825,0.02801895462961988,19.5,677.95
A-SUES-CONFIRM-001,SUES200,Sample4Geo,pooled,same,none,,target,0.25,matched,old_su_guard,20,20,0,0,0.44684873949579834,0.02158707309176429,13.8,624.3
A-SUES-CONFIRM-001,SUES200,Sample4Geo,pooled,same,none,,target,0.25,budget10,current_margin,20,20,0,0,0.09943977591036414,0.0,0,142
A-SUES-CONFIRM-001,SUES200,Sample4Geo,pooled,same,none,,target,0.25,budget25,current_margin,20,20,0,0,0.25,0.007563025210084034,2.7,354.3
A-SUES-CONFIRM-001,SUES200,Sample4Geo,pooled,same,none,,target,0.25,budget50,current_margin,20,20,0,0,0.5,0.07100840336134454,50.7,663.3
A-SUES-CONFIRM-001,SUES200,Sample4Geo,pooled,same,none,,target,0.25,full_frozen,current_margin,20,20,0,0,0.7032913165266107,0.1972777002264246,198.15,806.15
A-SUES-CONFIRM-001,SUES200,Sample4Geo,pooled,same,none,,target,0.25,matched,current_margin,20,20,0,0,0.5039915966386554,0.07284697125464515,54,665.7
A-SUES-CONFIRM-001,SUES200,Sample4Geo,pooled,same,none,,target,0.25,budget10,current_margin_guard,20,20,0,0,0.09943977591036414,0.0,0,142
A-SUES-CONFIRM-001,SUES200,Sample4Geo,pooled,same,none,,target,0.25,budget25,current_margin_guard,20,20,0,0,0.25,0.00196078431372549,0.7,356.3
A-SUES-CONFIRM-001,SUES200,Sample4Geo,pooled,same,none,,target,0.25,budget50,current_margin_guard,20,20,0,0,0.5,0.03410364145658263,24.35,689.65
A-SUES-CONFIRM-001,SUES200,Sample4Geo,pooled,same,none,,target,0.25,full_frozen,current_margin_guard,20,20,0,0,0.6114495798319328,0.08527801908291444,74.5,798.65
A-SUES-CONFIRM-001,SUES200,Sample4Geo,pooled,same,none,,target,0.25,matched,current_margin_guard,20,20,0,0,0.5656862745098039,0.061967190979540794,50.4,757.4
A-SUES-CONFIRM-001,SUES200,Sample4Geo,pooled,same,none,,target,0.25,budget10,old_margin_guard,20,20,0,0,0.09943977591036414,0.0,0,142
A-SUES-CONFIRM-001,SUES200,Sample4Geo,pooled,same,none,,target,0.25,budget25,old_margin_guard,20,20,0,0,0.25,0.0,0,357
A-SUES-CONFIRM-001,SUES200,Sample4Geo,pooled,same,none,,target,0.25,budget50,old_margin_guard,20,20,0,0,0.5,0.02464985994397759,17.6,696.4
A-SUES-CONFIRM-001,SUES200,Sample4Geo,pooled,same,none,,target,0.25,full_frozen,old_margin_guard,20,20,0,0,0.5909313725490196,0.06838188218014174,57.7,786.15
A-SUES-CONFIRM-001,SUES200,Sample4Geo,pooled,same,none,,target,0.25,matched,old_margin_guard,20,20,0,0,0.5788865546218487,0.06358130553867838,52.7,773.95
A-SUES-CONFIRM-001,SUES200,Sample4Geo,pooled,same,none,,target,0.25,budget10,sq8_margin_guard,20,20,0,0,0.09943977591036414,0.0,0,142
A-SUES-CONFIRM-001,SUES200,Sample4Geo,pooled,same,none,,target,0.25,budget25,sq8_margin_guard,20,20,0,0,0.25,0.0,0,357
A-SUES-CONFIRM-001,SUES200,Sample4Geo,pooled,same,none,,target,0.25,budget50,sq8_margin_guard,20,20,0,0,0.5,0.02570028011204482,18.35,695.65
A-SUES-CONFIRM-001,SUES200,Sample4Geo,pooled,same,none,,target,0.25,full_frozen,sq8_margin_guard,20,20,0,0,0.5821078431372549,0.0638362803783001,53.05,778.2
A-SUES-CONFIRM-001,SUES200,Sample4Geo,pooled,same,none,,target,0.25,matched,sq8_margin_guard,20,20,0,0,0.5801820728291316,0.06309014191741402,52.45,776.05
A-SUES-CONFIRM-001,SUES200,Sample4Geo,150,same,none,,target,0.25,budget10,current_su,20,20,0,0,0.09803921568627451,0.0,0,35
A-SUES-CONFIRM-001,SUES200,Sample4Geo,150,same,none,,target,0.25,budget25,current_su,20,20,0,0,0.24929971988795518,0.03258426966292135,2.9,86.1
A-SUES-CONFIRM-001,SUES200,Sample4Geo,150,same,none,,target,0.25,budget50,current_su,20,20,0,0,0.49859943977591037,0.15280898876404495,27.2,150.8
A-SUES-CONFIRM-001,SUES200,Sample4Geo,150,same,none,,target,0.25,full_frozen,current_su,20,20,0,0,0.2457983193277311,0.028100042042081965,2.45,85.3
A-SUES-CONFIRM-001,SUES200,Sample4Geo,150,same,none,,target,0.25,matched,current_su,20,19,1,1,0.14411764705882352,0.012048069059847585,0.7368421052631579,53.421052631578945
A-SUES-CONFIRM-001,SUES200,Sample4Geo,150,same,none,,target,0.25,budget10,current_su_guard,20,20,0,0,0.09803921568627451,0.0,0,35
A-SUES-CONFIRM-001,SUES200,Sample4Geo,150,same,none,,target,0.25,budget25,current_su_guard,20,20,0,0,0.24929971988795518,0.01741573033707865,1.55,87.45
A-SUES-CONFIRM-001,SUES200,Sample4Geo,150,same,none,,target,0.25,budget50,current_su_guard,20,20,0,0,0.49859943977591037,0.11882022471910113,21.15,156.85
A-SUES-CONFIRM-001,SUES200,Sample4Geo,150,same,none,,target,0.25,full_frozen,current_su_guard,20,20,0,0,0.24201680672268908,0.013892378089962493,1.2,85.2
A-SUES-CONFIRM-001,SUES200,Sample4Geo,150,same,none,,target,0.25,matched,current_su_guard,20,19,1,1,0.15056022408963585,0.0018970058765845662,0.15789473684210525,56.421052631578945
A-SUES-CONFIRM-001,SUES200,Sample4Geo,150,same,none,,target,0.25,budget10,old_su,20,20,0,0,0.09803921568627451,0.25142857142857145,8.8,26.2
A-SUES-CONFIRM-001,SUES200,Sample4Geo,150,same,none,,target,0.25,budget25,old_su,20,20,0,0,0.24929971988795518,0.25617977528089886,22.8,66.2
A-SUES-CONFIRM-001,SUES200,Sample4Geo,150,same,none,,target,0.25,budget50,old_su,20,20,0,0,0.49859943977591037,0.27752808988764044,49.4,128.6
A-SUES-CONFIRM-001,SUES200,Sample4Geo,150,same,none,,target,0.25,full_frozen,old_su,20,20,0,0,0.2913165266106443,0.25384615384615383,26.4,77.6
A-SUES-CONFIRM-001,SUES200,Sample4Geo,150,same,none,,target,0.25,matched,old_su,20,7,13,13,0.05266106442577031,0.2184756585197417,11.857142857142858,41.857142857142854
A-SUES-CONFIRM-001,SUES200,Sample4Geo,150,same,none,,target,0.25,budget10,old_su_guard,20,20,0,0,0.09803921568627451,0.0,0,35
A-SUES-CONFIRM-001,SUES200,Sample4Geo,150,same,none,,target,0.25,budget25,old_su_guard,20,20,0,0,0.24929971988795518,0.019101123595505618,1.7,87.3
A-SUES-CONFIRM-001,SUES200,Sample4Geo,150,same,none,,target,0.25,budget50,old_su_guard,20,20,0,0,0.49859943977591037,0.11797752808988764,21,157
A-SUES-CONFIRM-001,SUES200,Sample4Geo,150,same,none,,target,0.25,full_frozen,old_su_guard,20,20,0,0,0.2173669467787115,0.0,0,77.6
A-SUES-CONFIRM-001,SUES200,Sample4Geo,150,same,none,,target,0.25,matched,old_su_guard,20,20,0,0,0.1673669467787115,0.0021627906976744186,0.2,59.55
A-SUES-CONFIRM-001,SUES200,Sample4Geo,150,same,none,,target,0.25,budget10,current_margin,20,20,0,0,0.09803921568627451,0.0,0,35
A-SUES-CONFIRM-001,SUES200,Sample4Geo,150,same,none,,target,0.25,budget25,current_margin,20,20,0,0,0.24929971988795518,0.05112359550561798,4.55,84.45
A-SUES-CONFIRM-001,SUES200,Sample4Geo,150,same,none,,target,0.25,budget50,current_margin,20,20,0,0,0.49859943977591037,0.20926966292134833,37.25,140.75
A-SUES-CONFIRM-001,SUES200,Sample4Geo,150,same,none,,target,0.25,full_frozen,current_margin,20,20,0,0,0.4032212885154062,0.12291427251599697,17.75,126.2
A-SUES-CONFIRM-001,SUES200,Sample4Geo,150,same,none,,target,0.25,matched,current_margin,20,20,0,0,0.21498599439775912,0.040308476057413924,3.8,72.95
A-SUES-CONFIRM-001,SUES200,Sample4Geo,150,same,none,,target,0.25,budget10,current_margin_guard,20,20,0,0,0.09803921568627451,0.0,0,35
A-SUES-CONFIRM-001,SUES200,Sample4Geo,150,same,none,,target,0.25,budget25,current_margin_guard,20,20,0,0,0.24929971988795518,0.025842696629213482,2.3,86.7
A-SUES-CONFIRM-001,SUES200,Sample4Geo,150,same,none,,target,0.25,budget50,current_margin_guard,20,20,0,0,0.49859943977591037,0.1601123595505618,28.5,149.5
A-SUES-CONFIRM-001,SUES200,Sample4Geo,150,same,none,,target,0.25,full_frozen,current_margin_guard,20,20,0,0,0.37591036414565826,0.06399556628358945,8.6,125.6
A-SUES-CONFIRM-001,SUES200,Sample4Geo,150,same,none,,target,0.25,matched,current_margin_guard,20,20,0,0,0.24019607843137256,0.029894567346995367,2.95,82.8
A-SUES-CONFIRM-001,SUES200,Sample4Geo,150,same,none,,target,0.25,budget10,old_margin_guard,20,20,0,0,0.09803921568627451,0.0,0,35
A-SUES-CONFIRM-001,SUES200,Sample4Geo,150,same,none,,target,0.25,budget25,old_margin_guard,20,20,0,0,0.24929971988795518,0.015730337078651686,1.4,87.6
A-SUES-CONFIRM-001,SUES200,Sample4Geo,150,same,none,,target,0.25,budget50,old_margin_guard,20,20,0,0,0.49859943977591037,0.14719101123595507,26.2,151.8
A-SUES-CONFIRM-001,SUES200,Sample4Geo,150,same,none,,target,0.25,full_frozen,old_margin_guard,20,20,0,0,0.35266106442577033,0.03580419123635235,4.5,121.4
A-SUES-CONFIRM-001,SUES200,Sample4Geo,150,same,none,,target,0.25,matched,old_margin_guard,20,20,0,0,0.33403361344537813,0.041908592922586606,5.05,114.2
A-SUES-CONFIRM-001,SUES200,Sample4Geo,150,same,none,,target,0.25,budget10,sq8_margin_guard,20,20,0,0,0.09803921568627451,0.0,0,35
A-SUES-CONFIRM-001,SUES200,Sample4Geo,150,same,none,,target,0.25,budget25,sq8_margin_guard,20,20,0,0,0.24929971988795518,0.01741573033707865,1.55,87.45
A-SUES-CONFIRM-001,SUES200,Sample4Geo,150,same,none,,target,0.25,budget50,sq8_margin_guard,20,20,0,0,0.49859943977591037,0.149438202247191,26.6,151.4
A-SUES-CONFIRM-001,SUES200,Sample4Geo,150,same,none,,target,0.25,full_frozen,sq8_margin_guard,20,20,0,0,0.3431372549019608,0.036753850292584156,4.5,118
A-SUES-CONFIRM-001,SUES200,Sample4Geo,150,same,none,,target,0.25,matched,sq8_margin_guard,20,20,0,0,0.32366946778711486,0.03877561956690797,4.6,110.95
A-SUES-CONFIRM-001,SUES200,Sample4Geo,200,same,none,,target,0.25,budget10,current_su,20,20,0,0,0.09803921568627451,0.0,0,35
A-SUES-CONFIRM-001,SUES200,Sample4Geo,200,same,none,,target,0.25,budget25,current_su,20,20,0,0,0.24929971988795518,0.007865168539325843,0.7,88.3
A-SUES-CONFIRM-001,SUES200,Sample4Geo,200,same,none,,target,0.25,budget50,current_su,20,20,0,0,0.49859943977591037,0.06404494382022471,11.4,166.6
A-SUES-CONFIRM-001,SUES200,Sample4Geo,200,same,none,,target,0.25,full_frozen,current_su,20,20,0,0,0.42478991596638654,0.03751764684406195,5.7,145.95
A-SUES-CONFIRM-001,SUES200,Sample4Geo,200,same,none,,target,0.25,matched,current_su,20,20,0,0,0.34481792717086834,0.02141440692541183,2.75,120.35
A-SUES-CONFIRM-001,SUES200,Sample4Geo,200,same,none,,target,0.25,budget10,current_su_guard,20,20,0,0,0.09803921568627451,0.0,0,35
A-SUES-CONFIRM-001,SUES200,Sample4Geo,200,same,none,,target,0.25,budget25,current_su_guard,20,20,0,0,0.24929971988795518,0.0011235955056179774,0.1,88.9
A-SUES-CONFIRM-001,SUES200,Sample4Geo,200,same,none,,target,0.25,budget50,current_su_guard,20,20,0,0,0.49859943977591037,0.03595505617977528,6.4,171.6
A-SUES-CONFIRM-001,SUES200,Sample4Geo,200,same,none,,target,0.25,full_frozen,current_su_guard,20,20,0,0,0.415546218487395,0.016278908965480277,2.4,145.95
A-SUES-CONFIRM-001,SUES200,Sample4Geo,200,same,none,,target,0.25,matched,current_su_guard,20,20,0,0,0.3596638655462185,0.009006707947781094,1.15,127.25
A-SUES-CONFIRM-001,SUES200,Sample4Geo,200,same,none,,target,0.25,budget10,old_su,20,20,0,0,0.09803921568627451,0.26,9.1,25.9
A-SUES-CONFIRM-001,SUES200,Sample4Geo,200,same,none,,target,0.25,budget25,old_su,20,20,0,0,0.24929971988795518,0.2573033707865168,22.9,66.1
A-SUES-CONFIRM-001,SUES200,Sample4Geo,200,same,none,,target,0.25,budget50,old_su,20,20,0,0,0.49859943977591037,0.25337078651685396,45.1,132.9
A-SUES-CONFIRM-001,SUES200,Sample4Geo,200,same,none,,target,0.25,full_frozen,old_su,20,20,0,0,0.5042016806722689,0.25222222222222224,45.4,134.6
A-SUES-CONFIRM-001,SUES200,Sample4Geo,200,same,none,,target,0.25,matched,old_su,20,4,16,16,0.04747899159663865,0.20771475256769373,17.25,67.5
A-SUES-CONFIRM-001,SUES200,Sample4Geo,200,same,none,,target,0.25,budget10,old_su_guard,20,20,0,0,0.09803921568627451,0.0,0,35
A-SUES-CONFIRM-001,SUES200,Sample4Geo,200,same,none,,target,0.25,budget25,old_su_guard,20,20,0,0,0.24929971988795518,0.0,0,89
A-SUES-CONFIRM-001,SUES200,Sample4Geo,200,same,none,,target,0.25,budget50,old_su_guard,20,20,0,0,0.49859943977591037,0.03342696629213483,5.95,172.05
A-SUES-CONFIRM-001,SUES200,Sample4Geo,200,same,none,,target,0.25,full_frozen,old_su_guard,20,20,0,0,0.37829131652661063,0.004870010659004464,0.65,134.4
A-SUES-CONFIRM-001,SUES200,Sample4Geo,200,same,none,,target,0.25,matched,old_su_guard,20,20,0,0,0.37633053221288515,0.005231338664876644,0.7,133.65
A-SUES-CONFIRM-001,SUES200,Sample4Geo,200,same,none,,target,0.25,budget10,current_margin,20,20,0,0,0.09803921568627451,0.0,0,35
A-SUES-CONFIRM-001,SUES200,Sample4Geo,200,same,none,,target,0.25,budget25,current_margin,20,20,0,0,0.24929971988795518,0.010674157303370787,0.95,88.05
A-SUES-CONFIRM-001,SUES200,Sample4Geo,200,same,none,,target,0.25,budget50,current_margin,20,20,0,0,0.49859943977591037,0.08623595505617977,15.35,162.65
A-SUES-CONFIRM-001,SUES200,Sample4Geo,200,same,none,,target,0.25,full_frozen,current_margin,20,20,0,0,0.6390756302521009,0.15808721330833964,36.1,192.05
A-SUES-CONFIRM-001,SUES200,Sample4Geo,200,same,none,,target,0.25,matched,current_margin,20,20,0,0,0.4742296918767507,0.07539058353353084,13.7,155.6
A-SUES-CONFIRM-001,SUES200,Sample4Geo,200,same,none,,target,0.25,budget10,current_margin_guard,20,20,0,0,0.09803921568627451,0.0,0,35
A-SUES-CONFIRM-001,SUES200,Sample4Geo,200,same,none,,target,0.25,budget25,current_margin_guard,20,20,0,0,0.24929971988795518,0.0016853932584269663,0.15,88.85
A-SUES-CONFIRM-001,SUES200,Sample4Geo,200,same,none,,target,0.25,budget50,current_margin_guard,20,20,0,0,0.49859943977591037,0.046067415730337076,8.2,169.8
A-SUES-CONFIRM-001,SUES200,Sample4Geo,200,same,none,,target,0.25,full_frozen,current_margin_guard,20,20,0,0,0.5777310924369748,0.07736309337141101,15.95,190.3
A-SUES-CONFIRM-001,SUES200,Sample4Geo,200,same,none,,target,0.25,matched,current_margin_guard,20,20,0,0,0.5292717086834734,0.05410336199502469,10.35,178.6
A-SUES-CONFIRM-001,SUES200,Sample4Geo,200,same,none,,target,0.25,budget10,old_margin_guard,20,20,0,0,0.09803921568627451,0.0,0,35
A-SUES-CONFIRM-001,SUES200,Sample4Geo,200,same,none,,target,0.25,budget25,old_margin_guard,20,20,0,0,0.24929971988795518,0.0,0,89
A-SUES-CONFIRM-001,SUES200,Sample4Geo,200,same,none,,target,0.25,budget50,old_margin_guard,20,20,0,0,0.49859943977591037,0.039887640449438204,7.1,170.9
A-SUES-CONFIRM-001,SUES200,Sample4Geo,200,same,none,,target,0.25,full_frozen,old_margin_guard,20,20,0,0,0.5595238095238095,0.06790910450914583,13.55,186.2
A-SUES-CONFIRM-001,SUES200,Sample4Geo,200,same,none,,target,0.25,matched,old_margin_guard,20,20,0,0,0.5483193277310925,0.056560964018818806,11.2,184.55
A-SUES-CONFIRM-001,SUES200,Sample4Geo,200,same,none,,target,0.25,budget10,sq8_margin_guard,20,20,0,0,0.09803921568627451,0.0,0,35
A-SUES-CONFIRM-001,SUES200,Sample4Geo,200,same,none,,target,0.25,budget25,sq8_margin_guard,20,20,0,0,0.24929971988795518,0.0,0,89
A-SUES-CONFIRM-001,SUES200,Sample4Geo,200,same,none,,target,0.25,budget50,sq8_margin_guard,20,20,0,0,0.49859943977591037,0.040168539325842696,7.15,170.85
A-SUES-CONFIRM-001,SUES200,Sample4Geo,200,same,none,,target,0.25,full_frozen,sq8_margin_guard,20,20,0,0,0.5485994397759104,0.0618344067780679,12.1,183.75
A-SUES-CONFIRM-001,SUES200,Sample4Geo,200,same,none,,target,0.25,matched,sq8_margin_guard,20,20,0,0,0.5498599439775911,0.05653707626972894,11.2,185.1
A-SUES-CONFIRM-001,SUES200,Sample4Geo,250,same,none,,target,0.25,budget10,current_su,20,20,0,0,0.09803921568627451,0.008571428571428572,0.3,34.7
A-SUES-CONFIRM-001,SUES200,Sample4Geo,250,same,none,,target,0.25,budget25,current_su,20,20,0,0,0.24929971988795518,0.01741573033707865,1.55,87.45
A-SUES-CONFIRM-001,SUES200,Sample4Geo,250,same,none,,target,0.25,budget50,current_su,20,20,0,0,0.49859943977591037,0.04241573033707865,7.55,170.45
A-SUES-CONFIRM-001,SUES200,Sample4Geo,250,same,none,,target,0.25,full_frozen,current_su,20,20,0,0,0.7924369747899159,0.2014325161062176,57.05,225.85
A-SUES-CONFIRM-001,SUES200,Sample4Geo,250,same,none,,target,0.25,matched,current_su,20,20,0,0,0.5522408963585435,0.05996703890787992,12.3,184.85
A-SUES-CONFIRM-001,SUES200,Sample4Geo,250,same,none,,target,0.25,budget10,current_su_guard,20,20,0,0,0.09803921568627451,0.0,0,35
A-SUES-CONFIRM-001,SUES200,Sample4Geo,250,same,none,,target,0.25,budget25,current_su_guard,20,20,0,0,0.24929971988795518,0.00898876404494382,0.8,88.2
A-SUES-CONFIRM-001,SUES200,Sample4Geo,250,same,none,,target,0.25,budget50,current_su_guard,20,20,0,0,0.49859943977591037,0.024719101123595506,4.4,173.6
A-SUES-CONFIRM-001,SUES200,Sample4Geo,250,same,none,,target,0.25,full_frozen,current_su_guard,20,20,0,0,0.6910364145658263,0.09454745348167552,23.35,223.35
A-SUES-CONFIRM-001,SUES200,Sample4Geo,250,same,none,,target,0.25,matched,current_su_guard,20,20,0,0,0.5987394957983193,0.046447571016517704,10.05,203.7
A-SUES-CONFIRM-001,SUES200,Sample4Geo,250,same,none,,target,0.25,budget10,old_su,20,20,0,0,0.09803921568627451,0.2557142857142857,8.95,26.05
A-SUES-CONFIRM-001,SUES200,Sample4Geo,250,same,none,,target,0.25,budget25,old_su,20,20,0,0,0.24929971988795518,0.25842696629213485,23,66
A-SUES-CONFIRM-001,SUES200,Sample4Geo,250,same,none,,target,0.25,budget50,old_su,20,20,0,0,0.49859943977591037,0.25337078651685396,45.1,132.9
A-SUES-CONFIRM-001,SUES200,Sample4Geo,250,same,none,,target,0.25,full_frozen,old_su,20,20,0,0,0.8879551820728291,0.2993690851735016,94.9,222.1
A-SUES-CONFIRM-001,SUES200,Sample4Geo,250,same,none,,target,0.25,matched,old_su,20,4,16,16,0.03991596638655462,0.21417125329664027,15,56.25
A-SUES-CONFIRM-001,SUES200,Sample4Geo,250,same,none,,target,0.25,budget10,old_su_guard,20,20,0,0,0.09803921568627451,0.0,0,35
A-SUES-CONFIRM-001,SUES200,Sample4Geo,250,same,none,,target,0.25,budget25,old_su_guard,20,20,0,0,0.24929971988795518,0.011235955056179775,1,88
A-SUES-CONFIRM-001,SUES200,Sample4Geo,250,same,none,,target,0.25,budget50,old_su_guard,20,20,0,0,0.49859943977591037,0.021910112359550562,3.9,174.1
A-SUES-CONFIRM-001,SUES200,Sample4Geo,250,same,none,,target,0.25,full_frozen,old_su_guard,20,20,0,0,0.6663865546218487,0.07543415783777256,17.95,219.95
A-SUES-CONFIRM-001,SUES200,Sample4Geo,250,same,none,,target,0.25,matched,old_su_guard,20,20,0,0,0.6149859943977591,0.052230207072117715,11.7,207.85
A-SUES-CONFIRM-001,SUES200,Sample4Geo,250,same,none,,target,0.25,budget10,current_margin,20,20,0,0,0.09803921568627451,0.0,0,35
A-SUES-CONFIRM-001,SUES200,Sample4Geo,250,same,none,,target,0.25,budget25,current_margin,20,20,0,0,0.24929971988795518,0.006179775280898876,0.55,88.45
A-SUES-CONFIRM-001,SUES200,Sample4Geo,250,same,none,,target,0.25,budget50,current_margin,20,20,0,0,0.49859943977591037,0.033707865168539325,6,172
A-SUES-CONFIRM-001,SUES200,Sample4Geo,250,same,none,,target,0.25,full_frozen,current_margin,20,20,0,0,0.9155462184873949,0.29380658292692907,96.05,230.8
A-SUES-CONFIRM-001,SUES200,Sample4Geo,250,same,none,,target,0.25,matched,current_margin,20,20,0,0,0.6284313725490196,0.1014329960554647,23.6,200.75
A-SUES-CONFIRM-001,SUES200,Sample4Geo,250,same,none,,target,0.25,budget10,current_margin_guard,20,20,0,0,0.09803921568627451,0.0,0,35
A-SUES-CONFIRM-001,SUES200,Sample4Geo,250,same,none,,target,0.25,budget25,current_margin_guard,20,20,0,0,0.24929971988795518,0.0005617977528089887,0.05,88.95
A-SUES-CONFIRM-001,SUES200,Sample4Geo,250,same,none,,target,0.25,budget50,current_margin_guard,20,20,0,0,0.49859943977591037,0.013764044943820225,2.45,175.55
A-SUES-CONFIRM-001,SUES200,Sample4Geo,250,same,none,,target,0.25,full_frozen,current_margin_guard,20,20,0,0,0.7203081232492997,0.11484573143073395,29.55,227.6
A-SUES-CONFIRM-001,SUES200,Sample4Geo,250,same,none,,target,0.25,matched,current_margin_guard,20,20,0,0,0.6969187675070028,0.10229563244876774,25.65,223.15
A-SUES-CONFIRM-001,SUES200,Sample4Geo,250,same,none,,target,0.25,budget10,old_margin_guard,20,20,0,0,0.09803921568627451,0.0,0,35
A-SUES-CONFIRM-001,SUES200,Sample4Geo,250,same,none,,target,0.25,budget25,old_margin_guard,20,20,0,0,0.24929971988795518,0.0,0,89
A-SUES-CONFIRM-001,SUES200,Sample4Geo,250,same,none,,target,0.25,budget50,old_margin_guard,20,20,0,0,0.49859943977591037,0.0053370786516853935,0.95,177.05
A-SUES-CONFIRM-001,SUES200,Sample4Geo,250,same,none,,target,0.25,full_frozen,old_margin_guard,20,20,0,0,0.711764705882353,0.10756994823948066,27.35,226.75
A-SUES-CONFIRM-001,SUES200,Sample4Geo,250,same,none,,target,0.25,matched,old_margin_guard,20,20,0,0,0.7056022408963586,0.10310941397245435,26.05,225.85
A-SUES-CONFIRM-001,SUES200,Sample4Geo,250,same,none,,target,0.25,budget10,sq8_margin_guard,20,20,0,0,0.09803921568627451,0.0,0,35
A-SUES-CONFIRM-001,SUES200,Sample4Geo,250,same,none,,target,0.25,budget25,sq8_margin_guard,20,20,0,0,0.24929971988795518,0.0,0,89
A-SUES-CONFIRM-001,SUES200,Sample4Geo,250,same,none,,target,0.25,budget50,sq8_margin_guard,20,20,0,0,0.49859943977591037,0.0053370786516853935,0.95,177.05
A-SUES-CONFIRM-001,SUES200,Sample4Geo,250,same,none,,target,0.25,full_frozen,sq8_margin_guard,20,20,0,0,0.7030812324929973,0.10148941046977583,25.5,225.5
A-SUES-CONFIRM-001,SUES200,Sample4Geo,250,same,none,,target,0.25,matched,sq8_margin_guard,20,20,0,0,0.6978991596638655,0.09849252864645086,24.6,224.55
A-SUES-CONFIRM-001,SUES200,Sample4Geo,300,same,none,,target,0.25,budget10,current_su,20,20,0,0,0.09803921568627451,0.0,0,35
A-SUES-CONFIRM-001,SUES200,Sample4Geo,300,same,none,,target,0.25,budget25,current_su,20,20,0,0,0.24929971988795518,0.02696629213483146,2.4,86.6
A-SUES-CONFIRM-001,SUES200,Sample4Geo,300,same,none,,target,0.25,budget50,current_su,20,20,0,0,0.49859943977591037,0.03146067415730337,5.6,172.4
A-SUES-CONFIRM-001,SUES200,Sample4Geo,300,same,none,,target,0.25,full_frozen,current_su,20,20,0,0,0.7488795518207283,0.1357810729960908,36.35,231
A-SUES-CONFIRM-001,SUES200,Sample4Geo,300,same,none,,target,0.25,matched,current_su,20,20,0,0,0.5837535014005603,0.0555479236560997,11.9,196.5
A-SUES-CONFIRM-001,SUES200,Sample4Geo,300,same,none,,target,0.25,budget10,current_su_guard,20,20,0,0,0.09803921568627451,0.0,0,35
A-SUES-CONFIRM-001,SUES200,Sample4Geo,300,same,none,,target,0.25,budget25,current_su_guard,20,20,0,0,0.24929971988795518,0.020786516853932582,1.85,87.15
A-SUES-CONFIRM-001,SUES200,Sample4Geo,300,same,none,,target,0.25,budget50,current_su_guard,20,20,0,0,0.49859943977591037,0.020224719101123594,3.6,174.4
A-SUES-CONFIRM-001,SUES200,Sample4Geo,300,same,none,,target,0.25,full_frozen,current_su_guard,20,20,0,0,0.6823529411764706,0.058274303329988245,14.2,229.4
A-SUES-CONFIRM-001,SUES200,Sample4Geo,300,same,none,,target,0.25,matched,current_su_guard,20,20,0,0,0.642296918767507,0.0443191778221841,10.3,219
A-SUES-CONFIRM-001,SUES200,Sample4Geo,300,same,none,,target,0.25,budget10,old_su,20,20,0,0,0.09803921568627451,0.2614285714285714,9.15,25.85
A-SUES-CONFIRM-001,SUES200,Sample4Geo,300,same,none,,target,0.25,budget25,old_su,20,20,0,0,0.24929971988795518,0.2573033707865168,22.9,66.1
A-SUES-CONFIRM-001,SUES200,Sample4Geo,300,same,none,,target,0.25,budget50,old_su,20,20,0,0,0.49859943977591037,0.2603932584269663,46.35,131.65
A-SUES-CONFIRM-001,SUES200,Sample4Geo,300,same,none,,target,0.25,full_frozen,old_su,20,20,0,0,0.8879551820728291,0.2850157728706625,90.35,226.65
A-SUES-CONFIRM-001,SUES200,Sample4Geo,300,same,none,,target,0.25,matched,old_su,20,4,16,16,0.04005602240896359,0.2293421505356346,16.25,55.25
A-SUES-CONFIRM-001,SUES200,Sample4Geo,300,same,none,,target,0.25,budget10,old_su_guard,20,20,0,0,0.09803921568627451,0.0,0,35
A-SUES-CONFIRM-001,SUES200,Sample4Geo,300,same,none,,target,0.25,budget25,old_su_guard,20,20,0,0,0.24929971988795518,0.021910112359550562,1.95,87.05
A-SUES-CONFIRM-001,SUES200,Sample4Geo,300,same,none,,target,0.25,budget50,old_su_guard,20,20,0,0,0.49859943977591037,0.01853932584269663,3.3,174.7
A-SUES-CONFIRM-001,SUES200,Sample4Geo,300,same,none,,target,0.25,full_frozen,old_su_guard,20,20,0,0,0.6648459383753501,0.05241587836564014,12.45,224.9
A-SUES-CONFIRM-001,SUES200,Sample4Geo,300,same,none,,target,0.25,matched,old_su_guard,20,20,0,0,0.6488795518207283,0.045664045829835825,10.7,220.95
A-SUES-CONFIRM-001,SUES200,Sample4Geo,300,same,none,,target,0.25,budget10,current_margin,20,20,0,0,0.09803921568627451,0.0,0,35
A-SUES-CONFIRM-001,SUES200,Sample4Geo,300,same,none,,target,0.25,budget25,current_margin,20,20,0,0,0.24929971988795518,0.006741573033707865,0.6,88.4
A-SUES-CONFIRM-001,SUES200,Sample4Geo,300,same,none,,target,0.25,budget50,current_margin,20,20,0,0,0.49859943977591037,0.022191011235955054,3.95,174.05
A-SUES-CONFIRM-001,SUES200,Sample4Geo,300,same,none,,target,0.25,full_frozen,current_margin,20,20,0,0,0.9369747899159664,0.27152315160634255,90.85,243.65
A-SUES-CONFIRM-001,SUES200,Sample4Geo,300,same,none,,target,0.25,matched,current_margin,20,20,0,0,0.6558823529411765,0.08335159479266822,20,214.15
A-SUES-CONFIRM-001,SUES200,Sample4Geo,300,same,none,,target,0.25,budget10,current_margin_guard,20,20,0,0,0.09803921568627451,0.0,0,35
A-SUES-CONFIRM-001,SUES200,Sample4Geo,300,same,none,,target,0.25,budget25,current_margin_guard,20,20,0,0,0.24929971988795518,0.0011235955056179774,0.1,88.9
A-SUES-CONFIRM-001,SUES200,Sample4Geo,300,same,none,,target,0.25,budget50,current_margin_guard,20,20,0,0,0.49859943977591037,0.006741573033707865,1.2,176.8
A-SUES-CONFIRM-001,SUES200,Sample4Geo,300,same,none,,target,0.25,full_frozen,current_margin_guard,20,20,0,0,0.7359943977591037,0.08482879374466257,22.3,240.45
A-SUES-CONFIRM-001,SUES200,Sample4Geo,300,same,none,,target,0.25,matched,current_margin_guard,20,20,0,0,0.7011204481792717,0.06040483505344293,15.3,235
A-SUES-CONFIRM-001,SUES200,Sample4Geo,300,same,none,,target,0.25,budget10,old_margin_guard,20,20,0,0,0.09803921568627451,0.0,0,35
A-SUES-CONFIRM-001,SUES200,Sample4Geo,300,same,none,,target,0.25,budget25,old_margin_guard,20,20,0,0,0.24929971988795518,0.0,0,89
A-SUES-CONFIRM-001,SUES200,Sample4Geo,300,same,none,,target,0.25,budget50,old_margin_guard,20,20,0,0,0.49859943977591037,0.0,0,178
A-SUES-CONFIRM-001,SUES200,Sample4Geo,300,same,none,,target,0.25,full_frozen,old_margin_guard,20,20,0,0,0.7327731092436974,0.08290922913604037,21.7,239.9
A-SUES-CONFIRM-001,SUES200,Sample4Geo,300,same,none,,target,0.25,matched,old_margin_guard,20,20,0,0,0.7072829131652661,0.0642057449214272,16.35,236.15
A-SUES-CONFIRM-001,SUES200,Sample4Geo,300,same,none,,target,0.25,budget10,sq8_margin_guard,20,20,0,0,0.09803921568627451,0.0,0,35
A-SUES-CONFIRM-001,SUES200,Sample4Geo,300,same,none,,target,0.25,budget25,sq8_margin_guard,20,20,0,0,0.24929971988795518,0.0,0,89
A-SUES-CONFIRM-001,SUES200,Sample4Geo,300,same,none,,target,0.25,budget50,sq8_margin_guard,20,20,0,0,0.49859943977591037,0.0,0,178
A-SUES-CONFIRM-001,SUES200,Sample4Geo,300,same,none,,target,0.25,full_frozen,sq8_margin_guard,20,20,0,0,0.7218487394957983,0.0735149017305455,18.95,238.75
A-SUES-CONFIRM-001,SUES200,Sample4Geo,300,same,none,,target,0.25,matched,sq8_margin_guard,20,20,0,0,0.7046218487394957,0.06098253810505717,15.45,236.1
A-SUES-CONFIRM-001,SUES200,Sample4Geo,pooled,same,none,,target,0.5,budget10,current_su,20,20,0,0,0.09943977591036414,0.02112676056338028,3,139
A-SUES-CONFIRM-001,SUES200,Sample4Geo,pooled,same,none,,target,0.5,budget25,current_su,20,20,0,0,0.25,0.06050420168067227,21.6,335.4
A-SUES-CONFIRM-001,SUES200,Sample4Geo,pooled,same,none,,target,0.5,budget50,current_su,20,20,0,0,0.5,0.2541316526610644,181.45,532.55
A-SUES-CONFIRM-001,SUES200,Sample4Geo,pooled,same,none,,target,0.5,full_frozen,current_su,20,20,0,0,0.44320728291316525,0.1987792928483656,126.3,506.6
A-SUES-CONFIRM-001,SUES200,Sample4Geo,pooled,same,none,,target,0.5,matched,current_su,20,19,1,1,0.18417366946778713,0.037603147710519785,10.947368421052632,265.89473684210526
A-SUES-CONFIRM-001,SUES200,Sample4Geo,pooled,same,none,,target,0.5,budget10,current_su_guard,20,20,0,0,0.09943977591036414,0.013028169014084507,1.85,140.15
A-SUES-CONFIRM-001,SUES200,Sample4Geo,pooled,same,none,,target,0.5,budget25,current_su_guard,20,20,0,0,0.25,0.02072829131652661,7.4,349.6
A-SUES-CONFIRM-001,SUES200,Sample4Geo,pooled,same,none,,target,0.5,budget50,current_su_guard,20,17,3,3,0.425,0.18001318174328554,128.52941176470588,585.4705882352941
A-SUES-CONFIRM-001,SUES200,Sample4Geo,pooled,same,none,,target,0.5,full_frozen,current_su_guard,20,20,0,0,0.3773109243697479,0.06915152293812737,37.5,501.3
A-SUES-CONFIRM-001,SUES200,Sample4Geo,pooled,same,none,,target,0.5,matched,current_su_guard,20,19,1,1,0.20875350140056023,0.02017332956737726,6.7368421052631575,307.05263157894734
A-SUES-CONFIRM-001,SUES200,Sample4Geo,pooled,same,none,,target,0.5,budget10,old_su,20,20,0,0,0.09943977591036414,0.5045774647887324,71.65,70.35
A-SUES-CONFIRM-001,SUES200,Sample4Geo,pooled,same,none,,target,0.5,budget25,old_su,20,20,0,0,0.25,0.5169467787114846,184.55,172.45
A-SUES-CONFIRM-001,SUES200,Sample4Geo,pooled,same,none,,target,0.5,budget50,old_su,20,20,0,0,0.5,0.5107142857142857,364.65,349.35
A-SUES-CONFIRM-001,SUES200,Sample4Geo,pooled,same,none,,target,0.5,full_frozen,old_su,20,20,0,0,0.65406162464986,0.5135974304068522,479.7,454.3
A-SUES-CONFIRM-001,SUES200,Sample4Geo,pooled,same,none,,target,0.5,matched,old_su,20,0,20,20,0.0,,,
A-SUES-CONFIRM-001,SUES200,Sample4Geo,pooled,same,none,,target,0.5,budget10,old_su_guard,20,20,0,0,0.09943977591036414,0.007394366197183099,1.05,140.95
A-SUES-CONFIRM-001,SUES200,Sample4Geo,pooled,same,none,,target,0.5,budget25,old_su_guard,20,20,0,0,0.25,0.015126050420168067,5.4,351.6
A-SUES-CONFIRM-001,SUES200,Sample4Geo,pooled,same,none,,target,0.5,budget50,old_su_guard,20,17,3,3,0.425,0.1754819574888779,125.29411764705883,588.7058823529412
A-SUES-CONFIRM-001,SUES200,Sample4Geo,pooled,same,none,,target,0.5,full_frozen,old_su_guard,20,20,0,0,0.32468487394957984,0.03134479024882038,14.55,449.1
A-SUES-CONFIRM-001,SUES200,Sample4Geo,pooled,same,none,,target,0.5,matched,old_su_guard,20,20,0,0,0.27703081232493,0.019895388873274234,7.95,387.65
A-SUES-CONFIRM-001,SUES200,Sample4Geo,pooled,same,none,,target,0.5,budget10,current_margin,20,20,0,0,0.09943977591036414,0.010915492957746478,1.55,140.45
A-SUES-CONFIRM-001,SUES200,Sample4Geo,pooled,same,none,,target,0.5,budget25,current_margin,20,20,0,0,0.25,0.057703081232493,20.6,336.4
A-SUES-CONFIRM-001,SUES200,Sample4Geo,pooled,same,none,,target,0.5,budget50,current_margin,20,20,0,0,0.5,0.2795518207282913,199.6,514.4
A-SUES-CONFIRM-001,SUES200,Sample4Geo,pooled,same,none,,target,0.5,full_frozen,current_margin,20,20,0,0,0.6221988795518207,0.3819263114124083,339.3,549.2
A-SUES-CONFIRM-001,SUES200,Sample4Geo,pooled,same,none,,target,0.5,matched,current_margin,20,20,0,0,0.24618347338935573,0.05596710704862713,21.05,330.5
A-SUES-CONFIRM-001,SUES200,Sample4Geo,pooled,same,none,,target,0.5,budget10,current_margin_guard,20,20,0,0,0.09943977591036414,0.007042253521126761,1,141
A-SUES-CONFIRM-001,SUES200,Sample4Geo,pooled,same,none,,target,0.5,budget25,current_margin_guard,20,20,0,0,0.25,0.022408963585434174,8,349
A-SUES-CONFIRM-001,SUES200,Sample4Geo,pooled,same,none,,target,0.5,budget50,current_margin_guard,20,17,3,3,0.425,0.1818256714450486,129.8235294117647,584.1764705882352
A-SUES-CONFIRM-001,SUES200,Sample4Geo,pooled,same,none,,target,0.5,full_frozen,current_margin_guard,20,20,0,0,0.4331232492997199,0.12990655585804065,80.5,538
A-SUES-CONFIRM-001,SUES200,Sample4Geo,pooled,same,none,,target,0.5,matched,current_margin_guard,20,20,0,0,0.30654761904761907,0.04826783052022054,22.6,415.15
A-SUES-CONFIRM-001,SUES200,Sample4Geo,pooled,same,none,,target,0.5,budget10,old_margin_guard,20,20,0,0,0.09943977591036414,0.0,0,142
A-SUES-CONFIRM-001,SUES200,Sample4Geo,pooled,same,none,,target,0.5,budget25,old_margin_guard,20,20,0,0,0.25,0.004341736694677871,1.55,355.45
A-SUES-CONFIRM-001,SUES200,Sample4Geo,pooled,same,none,,target,0.5,budget50,old_margin_guard,20,17,3,3,0.425,0.17581150107101665,125.52941176470588,588.4705882352941
A-SUES-CONFIRM-001,SUES200,Sample4Geo,pooled,same,none,,target,0.5,full_frozen,old_margin_guard,20,20,0,0,0.39765406162464983,0.08245707501109807,46.9,520.95
A-SUES-CONFIRM-001,SUES200,Sample4Geo,pooled,same,none,,target,0.5,matched,old_margin_guard,20,20,0,0,0.3745798319327731,0.06297839086778205,33.85,501.05
A-SUES-CONFIRM-001,SUES200,Sample4Geo,pooled,same,none,,target,0.5,budget10,sq8_margin_guard,20,20,0,0,0.09943977591036414,0.0,0,142
A-SUES-CONFIRM-001,SUES200,Sample4Geo,pooled,same,none,,target,0.5,budget25,sq8_margin_guard,20,20,0,0,0.25,0.004481792717086834,1.6,355.4
A-SUES-CONFIRM-001,SUES200,Sample4Geo,pooled,same,none,,target,0.5,budget50,sq8_margin_guard,20,10,10,10,0.25,0.1696078431372549,121.1,592.9
A-SUES-CONFIRM-001,SUES200,Sample4Geo,pooled,same,none,,target,0.5,full_frozen,sq8_margin_guard,20,20,0,0,0.38546918767507005,0.07167253368287735,39.5,510.95
A-SUES-CONFIRM-001,SUES200,Sample4Geo,pooled,same,none,,target,0.5,matched,sq8_margin_guard,20,20,0,0,0.3752450980392157,0.06366361422408351,34.3,501.55
A-SUES-CONFIRM-001,SUES200,Sample4Geo,150,same,none,,target,0.5,budget10,current_su,20,20,0,0,0.09803921568627451,0.025714285714285714,0.9,34.1
A-SUES-CONFIRM-001,SUES200,Sample4Geo,150,same,none,,target,0.5,budget25,current_su,20,20,0,0,0.24929971988795518,0.13820224719101123,12.3,76.7
A-SUES-CONFIRM-001,SUES200,Sample4Geo,150,same,none,,target,0.5,budget50,current_su,20,20,0,0,0.49859943977591037,0.3702247191011236,65.9,112.1
A-SUES-CONFIRM-001,SUES200,Sample4Geo,150,same,none,,target,0.5,full_frozen,current_su,20,20,0,0,0.2019607843137255,0.09888341828044704,7.3,64.8
A-SUES-CONFIRM-001,SUES200,Sample4Geo,150,same,none,,target,0.5,matched,current_su,20,6,14,14,0.02689075630252101,0.015197956577266922,0.5,31.5
A-SUES-CONFIRM-001,SUES200,Sample4Geo,150,same,none,,target,0.5,budget10,current_su_guard,20,20,0,0,0.09803921568627451,0.004285714285714286,0.15,34.85
A-SUES-CONFIRM-001,SUES200,Sample4Geo,150,same,none,,target,0.5,budget25,current_su_guard,20,20,0,0,0.24929971988795518,0.06853932584269663,6.1,82.9
A-SUES-CONFIRM-001,SUES200,Sample4Geo,150,same,none,,target,0.5,budget50,current_su_guard,20,19,1,1,0.47366946778711483,0.29893554109994086,53.21052631578947,124.78947368421052
A-SUES-CONFIRM-001,SUES200,Sample4Geo,150,same,none,,target,0.5,full_frozen,current_su_guard,20,20,0,0,0.18571428571428572,0.025709922431798288,1.75,64.55
A-SUES-CONFIRM-001,SUES200,Sample4Geo,150,same,none,,target,0.5,matched,current_su_guard,20,7,13,13,0.03375350140056022,0.003484320557491289,0.14285714285714285,34.285714285714285
A-SUES-CONFIRM-001,SUES200,Sample4Geo,150,same,none,,target,0.5,budget10,old_su,20,20,0,0,0.09803921568627451,0.5142857142857142,18,17
A-SUES-CONFIRM-001,SUES200,Sample4Geo,150,same,none,,target,0.5,budget25,old_su,20,20,0,0,0.24929971988795518,0.5207865168539326,46.35,42.65
A-SUES-CONFIRM-001,SUES200,Sample4Geo,150,same,none,,target,0.5,budget50,old_su,20,20,0,0,0.49859943977591037,0.5182584269662921,92.25,85.75
A-SUES-CONFIRM-001,SUES200,Sample4Geo,150,same,none,,target,0.5,full_frozen,old_su,20,20,0,0,0.2913165266106443,0.5197115384615385,54.05,49.95
A-SUES-CONFIRM-001,SUES200,Sample4Geo,150,same,none,,target,0.5,matched,old_su,20,0,20,20,0.0,,,
A-SUES-CONFIRM-001,SUES200,Sample4Geo,150,same,none,,target,0.5,budget10,old_su_guard,20,20,0,0,0.09803921568627451,0.0,0,35
A-SUES-CONFIRM-001,SUES200,Sample4Geo,150,same,none,,target,0.5,budget25,old_su_guard,20,20,0,0,0.24929971988795518,0.042134831460674156,3.75,85.25
A-SUES-CONFIRM-001,SUES200,Sample4Geo,150,same,none,,target,0.5,budget50,old_su_guard,20,19,1,1,0.47366946778711483,0.2891780011827321,51.473684210526315,126.52631578947368
A-SUES-CONFIRM-001,SUES200,Sample4Geo,150,same,none,,target,0.5,full_frozen,old_su_guard,20,20,0,0,0.13991596638655462,0.0,0,49.95
A-SUES-CONFIRM-001,SUES200,Sample4Geo,150,same,none,,target,0.5,matched,old_su_guard,20,8,12,12,0.04873949579831933,0.007493412384716733,0.5,43
A-SUES-CONFIRM-001,SUES200,Sample4Geo,150,same,none,,target,0.5,budget10,current_margin,20,20,0,0,0.09803921568627451,0.025714285714285714,0.9,34.1
A-SUES-CONFIRM-001,SUES200,Sample4Geo,150,same,none,,target,0.5,budget25,current_margin,20,20,0,0,0.24929971988795518,0.20730337078651684,18.45,70.55
A-SUES-CONFIRM-001,SUES200,Sample4Geo,150,same,none,,target,0.5,budget50,current_margin,20,20,0,0,0.49859943977591037,0.425,75.65,102.35
A-SUES-CONFIRM-001,SUES200,Sample4Geo,150,same,none,,target,0.5,full_frozen,current_margin,20,20,0,0,0.33837535014005604,0.27594848443882974,33.4,87.4
A-SUES-CONFIRM-001,SUES200,Sample4Geo,150,same,none,,target,0.5,matched,current_margin,20,7,13,13,0.03277310924369748,0.021942507410487706,0.7142857142857143,32.714285714285715
A-SUES-CONFIRM-001,SUES200,Sample4Geo,150,same,none,,target,0.5,budget10,current_margin_guard,20,20,0,0,0.09803921568627451,0.015714285714285715,0.55,34.45
A-SUES-CONFIRM-001,SUES200,Sample4Geo,150,same,none,,target,0.5,budget25,current_margin_guard,20,20,0,0,0.24929971988795518,0.11685393258426965,10.4,78.6
A-SUES-CONFIRM-001,SUES200,Sample4Geo,150,same,none,,target,0.5,budget50,current_margin_guard,20,19,1,1,0.47366946778711483,0.3140153755174453,55.89473684210526,122.10526315789474
A-SUES-CONFIRM-001,SUES200,Sample4Geo,150,same,none,,target,0.5,full_frozen,current_margin_guard,20,20,0,0,0.27492997198879554,0.11946775752817303,11.8,86.35
A-SUES-CONFIRM-001,SUES200,Sample4Geo,150,same,none,,target,0.5,matched,current_margin_guard,20,11,9,9,0.06792717086834733,0.02178594560312759,1.1818181818181819,42.90909090909091
A-SUES-CONFIRM-001,SUES200,Sample4Geo,150,same,none,,target,0.5,budget10,old_margin_guard,20,20,0,0,0.09803921568627451,0.0014285714285714286,0.05,34.95
A-SUES-CONFIRM-001,SUES200,Sample4Geo,150,same,none,,target,0.5,budget25,old_margin_guard,20,20,0,0,0.24929971988795518,0.07528089887640449,6.7,82.3
A-SUES-CONFIRM-001,SUES200,Sample4Geo,150,same,none,,target,0.5,budget50,old_margin_guard,20,19,1,1,0.47366946778711483,0.29509166173861623,52.526315789473685,125.47368421052632
A-SUES-CONFIRM-001,SUES200,Sample4Geo,150,same,none,,target,0.5,full_frozen,old_margin_guard,20,20,0,0,0.2319327731092437,0.041551251242797946,3.45,79.35
A-SUES-CONFIRM-001,SUES200,Sample4Geo,150,same,none,,target,0.5,matched,old_margin_guard,20,14,6,6,0.13473389355742296,0.038999569247456706,2.857142857142857,65.85714285714286
A-SUES-CONFIRM-001,SUES200,Sample4Geo,150,same,none,,target,0.5,budget10,sq8_margin_guard,20,20,0,0,0.09803921568627451,0.0,0,35
A-SUES-CONFIRM-001,SUES200,Sample4Geo,150,same,none,,target,0.5,budget25,sq8_margin_guard,20,20,0,0,0.24929971988795518,0.08033707865168539,7.15,81.85
A-SUES-CONFIRM-001,SUES200,Sample4Geo,150,same,none,,target,0.5,budget50,sq8_margin_guard,20,15,5,5,0.3739495798319328,0.2917602996254682,51.93333333333333,126.06666666666666
A-SUES-CONFIRM-001,SUES200,Sample4Geo,150,same,none,,target,0.5,full_frozen,sq8_margin_guard,20,20,0,0,0.21974789915966386,0.043784331087411546,3.45,75
A-SUES-CONFIRM-001,SUES200,Sample4Geo,150,same,none,,target,0.5,matched,sq8_margin_guard,20,16,4,4,0.14649859943977592,0.040621293486228165,2.875,62.5
A-SUES-CONFIRM-001,SUES200,Sample4Geo,200,same,none,,target,0.5,budget10,current_su,20,20,0,0,0.09803921568627451,0.012857142857142857,0.45,34.55
A-SUES-CONFIRM-001,SUES200,Sample4Geo,200,same,none,,target,0.5,budget25,current_su,20,20,0,0,0.24929971988795518,0.06348314606741573,5.65,83.35
A-SUES-CONFIRM-001,SUES200,Sample4Geo,200,same,none,,target,0.5,budget50,current_su,20,20,0,0,0.49859943977591037,0.2615168539325843,46.55,131.45
A-SUES-CONFIRM-001,SUES200,Sample4Geo,200,same,none,,target,0.5,full_frozen,current_su,20,20,0,0,0.3362745098039216,0.11798346115731445,14.2,105.85
A-SUES-CONFIRM-001,SUES200,Sample4Geo,200,same,none,,target,0.5,matched,current_su,20,10,10,10,0.09621848739495799,0.028667550246545055,2.2,66.5
A-SUES-CONFIRM-001,SUES200,Sample4Geo,200,same,none,,target,0.5,budget10,current_su_guard,20,20,0,0,0.09803921568627451,0.0,0,35
A-SUES-CONFIRM-001,SUES200,Sample4Geo,200,same,none,,target,0.5,budget25,current_su_guard,20,20,0,0,0.24929971988795518,0.01348314606741573,1.2,87.8
A-SUES-CONFIRM-001,SUES200,Sample4Geo,200,same,none,,target,0.5,budget50,current_su_guard,20,15,5,5,0.3739495798319328,0.17827715355805243,31.733333333333334,146.26666666666668
A-SUES-CONFIRM-001,SUES200,Sample4Geo,200,same,none,,target,0.5,full_frozen,current_su_guard,20,20,0,0,0.30350140056022407,0.027988807899487864,3.05,105.3
A-SUES-CONFIRM-001,SUES200,Sample4Geo,200,same,none,,target,0.5,matched,current_su_guard,20,12,8,8,0.12605042016806722,0.00804876674059271,0.6666666666666666,74.33333333333333
A-SUES-CONFIRM-001,SUES200,Sample4Geo,200,same,none,,target,0.5,budget10,old_su,20,20,0,0,0.09803921568627451,0.51,17.85,17.15
A-SUES-CONFIRM-001,SUES200,Sample4Geo,200,same,none,,target,0.5,budget25,old_su,20,20,0,0,0.24929971988795518,0.5106741573033707,45.45,43.55
A-SUES-CONFIRM-001,SUES200,Sample4Geo,200,same,none,,target,0.5,budget50,old_su,20,20,0,0,0.49859943977591037,0.5030898876404495,89.55,88.45
A-SUES-CONFIRM-001,SUES200,Sample4Geo,200,same,none,,target,0.5,full_frozen,old_su,20,20,0,0,0.5042016806722689,0.5016666666666667,90.3,89.7
A-SUES-CONFIRM-001,SUES200,Sample4Geo,200,same,none,,target,0.5,matched,old_su,20,0,20,20,0.0,,,
A-SUES-CONFIRM-001,SUES200,Sample4Geo,200,same,none,,target,0.5,budget10,old_su_guard,20,20,0,0,0.09803921568627451,0.0,0,35
A-SUES-CONFIRM-001,SUES200,Sample4Geo,200,same,none,,target,0.5,budget25,old_su_guard,20,20,0,0,0.24929971988795518,0.0050561797752808986,0.45,88.55
A-SUES-CONFIRM-001,SUES200,Sample4Geo,200,same,none,,target,0.5,budget50,old_su_guard,20,15,5,5,0.3739495798319328,0.17228464419475656,30.666666666666668,147.33333333333334
A-SUES-CONFIRM-001,SUES200,Sample4Geo,200,same,none,,target,0.5,full_frozen,old_su_guard,20,20,0,0,0.2515406162464986,0.004999079019894196,0.45,89.35
A-SUES-CONFIRM-001,SUES200,Sample4Geo,200,same,none,,target,0.5,matched,old_su_guard,20,18,2,2,0.21610644257703082,0.005867199907864763,0.5,85.22222222222223
A-SUES-CONFIRM-001,SUES200,Sample4Geo,200,same,none,,target,0.5,budget10,current_margin,20,20,0,0,0.09803921568627451,0.002857142857142857,0.1,34.9
A-SUES-CONFIRM-001,SUES200,Sample4Geo,200,same,none,,target,0.5,budget25,current_margin,20,20,0,0,0.24929971988795518,0.06853932584269663,6.1,82.9
A-SUES-CONFIRM-001,SUES200,Sample4Geo,200,same,none,,target,0.5,budget50,current_margin,20,20,0,0,0.49859943977591037,0.2808988764044944,50,128
A-SUES-CONFIRM-001,SUES200,Sample4Geo,200,same,none,,target,0.5,full_frozen,current_margin,20,20,0,0,0.538375350140056,0.3118100190710434,59.95,132.25
A-SUES-CONFIRM-001,SUES200,Sample4Geo,200,same,none,,target,0.5,matched,current_margin,20,18,2,2,0.207703081232493,0.0610408151762904,5.444444444444445,76.94444444444444
A-SUES-CONFIRM-001,SUES200,Sample4Geo,200,same,none,,target,0.5,budget10,current_margin_guard,20,20,0,0,0.09803921568627451,0.0014285714285714286,0.05,34.95
A-SUES-CONFIRM-001,SUES200,Sample4Geo,200,same,none,,target,0.5,budget25,current_margin_guard,20,20,0,0,0.24929971988795518,0.021348314606741574,1.9,87.1
A-SUES-CONFIRM-001,SUES200,Sample4Geo,200,same,none,,target,0.5,budget50,current_margin_guard,20,15,5,5,0.3739495798319328,0.1711610486891386,30.466666666666665,147.53333333333333
A-SUES-CONFIRM-001,SUES200,Sample4Geo,200,same,none,,target,0.5,full_frozen,current_margin_guard,20,20,0,0,0.40588235294117647,0.1063283454419672,15.5,129.4
A-SUES-CONFIRM-001,SUES200,Sample4Geo,200,same,none,,target,0.5,matched,current_margin_guard,20,19,1,1,0.28319327731092436,0.05360426216512656,6.421052631578948,100
A-SUES-CONFIRM-001,SUES200,Sample4Geo,200,same,none,,target,0.5,budget10,old_margin_guard,20,20,0,0,0.09803921568627451,0.0,0,35
A-SUES-CONFIRM-001,SUES200,Sample4Geo,200,same,none,,target,0.5,budget25,old_margin_guard,20,20,0,0,0.24929971988795518,0.012359550561797753,1.1,87.9
A-SUES-CONFIRM-001,SUES200,Sample4Geo,200,same,none,,target,0.5,budget50,old_margin_guard,20,15,5,5,0.3739495798319328,0.16367041198501872,29.133333333333333,148.86666666666667
A-SUES-CONFIRM-001,SUES200,Sample4Geo,200,same,none,,target,0.5,full_frozen,old_margin_guard,20,20,0,0,0.3775910364145658,0.08279772151820292,11.15,123.65
A-SUES-CONFIRM-001,SUES200,Sample4Geo,200,same,none,,target,0.5,matched,old_margin_guard,20,20,0,0,0.36050420168067226,0.0645899837325898,8.5,120.2
A-SUES-CONFIRM-001,SUES200,Sample4Geo,200,same,none,,target,0.5,budget10,sq8_margin_guard,20,20,0,0,0.09803921568627451,0.0,0,35
A-SUES-CONFIRM-001,SUES200,Sample4Geo,200,same,none,,target,0.5,budget25,sq8_margin_guard,20,20,0,0,0.24929971988795518,0.012921348314606741,1.15,87.85
A-SUES-CONFIRM-001,SUES200,Sample4Geo,200,same,none,,target,0.5,budget50,sq8_margin_guard,20,7,13,13,0.17450980392156862,0.1476725521669342,26.285714285714285,151.71428571428572
A-SUES-CONFIRM-001,SUES200,Sample4Geo,200,same,none,,target,0.5,full_frozen,sq8_margin_guard,20,20,0,0,0.36288515406162464,0.06649837909603082,8.6,120.95
A-SUES-CONFIRM-001,SUES200,Sample4Geo,200,same,none,,target,0.5,matched,sq8_margin_guard,20,20,0,0,0.36064425770308123,0.06563804446607806,8.6,120.15
A-SUES-CONFIRM-001,SUES200,Sample4Geo,250,same,none,,target,0.5,budget10,current_su,20,20,0,0,0.09803921568627451,0.012857142857142857,0.45,34.55
A-SUES-CONFIRM-001,SUES200,Sample4Geo,250,same,none,,target,0.5,budget25,current_su,20,20,0,0,0.24929971988795518,0.04550561797752809,4.05,84.95
A-SUES-CONFIRM-001,SUES200,Sample4Geo,250,same,none,,target,0.5,budget50,current_su,20,20,0,0,0.49859943977591037,0.20758426966292134,36.95,141.05
A-SUES-CONFIRM-001,SUES200,Sample4Geo,250,same,none,,target,0.5,full_frozen,current_su,20,20,0,0,0.7173669467787115,0.40203671877075087,103,153.1
A-SUES-CONFIRM-001,SUES200,Sample4Geo,250,same,none,,target,0.5,matched,current_su,20,18,2,2,0.2747899159663866,0.06500134220202648,7.611111111111111,101.38888888888889
A-SUES-CONFIRM-001,SUES200,Sample4Geo,250,same,none,,target,0.5,budget10,current_su_guard,20,20,0,0,0.09803921568627451,0.0,0,35
A-SUES-CONFIRM-001,SUES200,Sample4Geo,250,same,none,,target,0.5,budget25,current_su_guard,20,20,0,0,0.24929971988795518,0.015168539325842697,1.35,87.65
A-SUES-CONFIRM-001,SUES200,Sample4Geo,250,same,none,,target,0.5,budget50,current_su_guard,20,15,5,5,0.3739495798319328,0.1397003745318352,24.866666666666667,153.13333333333333
A-SUES-CONFIRM-001,SUES200,Sample4Geo,250,same,none,,target,0.5,full_frozen,current_su_guard,20,20,0,0,0.48753501400560223,0.13829654328737712,24.1,149.95
A-SUES-CONFIRM-001,SUES200,Sample4Geo,250,same,none,,target,0.5,matched,current_su_guard,20,19,1,1,0.3261904761904762,0.03446675901372697,4.421052631578948,118.15789473684211
A-SUES-CONFIRM-001,SUES200,Sample4Geo,250,same,none,,target,0.5,budget10,old_su,20,20,0,0,0.09803921568627451,0.48714285714285716,17.05,17.95
A-SUES-CONFIRM-001,SUES200,Sample4Geo,250,same,none,,target,0.5,budget25,old_su,20,20,0,0,0.24929971988795518,0.5168539325842697,46,43
A-SUES-CONFIRM-001,SUES200,Sample4Geo,250,same,none,,target,0.5,budget50,old_su,20,20,0,0,0.49859943977591037,0.5084269662921348,90.5,87.5
A-SUES-CONFIRM-001,SUES200,Sample4Geo,250,same,none,,target,0.5,full_frozen,old_su,20,20,0,0,0.8879551820728291,0.5318611987381704,168.6,148.4
A-SUES-CONFIRM-001,SUES200,Sample4Geo,250,same,none,,target,0.5,matched,old_su,20,0,20,20,0.0,,,
A-SUES-CONFIRM-001,SUES200,Sample4Geo,250,same,none,,target,0.5,budget10,old_su_guard,20,20,0,0,0.09803921568627451,0.0,0,35
A-SUES-CONFIRM-001,SUES200,Sample4Geo,250,same,none,,target,0.5,budget25,old_su_guard,20,20,0,0,0.24929971988795518,0.011235955056179775,1,88
A-SUES-CONFIRM-001,SUES200,Sample4Geo,250,same,none,,target,0.5,budget50,old_su_guard,20,15,5,5,0.3739495798319328,0.1359550561797753,24.2,153.8
A-SUES-CONFIRM-001,SUES200,Sample4Geo,250,same,none,,target,0.5,full_frozen,old_su_guard,20,20,0,0,0.4504201680672269,0.09363934203468988,15.1,145.7
A-SUES-CONFIRM-001,SUES200,Sample4Geo,250,same,none,,target,0.5,matched,old_su_guard,20,20,0,0,0.38529411764705884,0.04390852890942109,6.05,131.5
A-SUES-CONFIRM-001,SUES200,Sample4Geo,250,same,none,,target,0.5,budget10,current_margin,20,20,0,0,0.09803921568627451,0.0,0,35
A-SUES-CONFIRM-001,SUES200,Sample4Geo,250,same,none,,target,0.5,budget25,current_margin,20,20,0,0,0.24929971988795518,0.03539325842696629,3.15,85.85
A-SUES-CONFIRM-001,SUES200,Sample4Geo,250,same,none,,target,0.5,budget50,current_margin,20,20,0,0,0.49859943977591037,0.22528089887640448,40.1,137.9
A-SUES-CONFIRM-001,SUES200,Sample4Geo,250,same,none,,target,0.5,full_frozen,current_margin,20,20,0,0,0.8766106442577031,0.5019058346989498,157.1,155.85
A-SUES-CONFIRM-001,SUES200,Sample4Geo,250,same,none,,target,0.5,matched,current_margin,20,19,1,1,0.31512605042016806,0.07501684033827331,9.157894736842104,109.26315789473684
A-SUES-CONFIRM-001,SUES200,Sample4Geo,250,same,none,,target,0.5,budget10,current_margin_guard,20,20,0,0,0.09803921568627451,0.0,0,35
A-SUES-CONFIRM-001,SUES200,Sample4Geo,250,same,none,,target,0.5,budget25,current_margin_guard,20,20,0,0,0.24929971988795518,0.014606741573033707,1.3,87.7
A-SUES-CONFIRM-001,SUES200,Sample4Geo,250,same,none,,target,0.5,budget50,current_margin_guard,20,15,5,5,0.3739495798319328,0.14082397003745317,25.066666666666666,152.93333333333334
A-SUES-CONFIRM-001,SUES200,Sample4Geo,250,same,none,,target,0.5,full_frozen,current_margin_guard,20,20,0,0,0.496218487394958,0.1437855250105983,25.55,151.6
A-SUES-CONFIRM-001,SUES200,Sample4Geo,250,same,none,,target,0.5,matched,current_margin_guard,20,20,0,0,0.41988795518207284,0.08686736564118824,13.55,136.35
A-SUES-CONFIRM-001,SUES200,Sample4Geo,250,same,none,,target,0.5,budget10,old_margin_guard,20,20,0,0,0.09803921568627451,0.0,0,35
A-SUES-CONFIRM-001,SUES200,Sample4Geo,250,same,none,,target,0.5,budget25,old_margin_guard,20,20,0,0,0.24929971988795518,0.0,0,89
A-SUES-CONFIRM-001,SUES200,Sample4Geo,250,same,none,,target,0.5,budget50,old_margin_guard,20,15,5,5,0.3739495798319328,0.1355805243445693,24.133333333333333,153.86666666666667
A-SUES-CONFIRM-001,SUES200,Sample4Geo,250,same,none,,target,0.5,full_frozen,old_margin_guard,20,20,0,0,0.4830532212885154,0.12543896550834058,21.7,150.75
A-SUES-CONFIRM-001,SUES200,Sample4Geo,250,same,none,,target,0.5,matched,old_margin_guard,20,20,0,0,0.46414565826330534,0.1073972527701611,17.95,147.75
A-SUES-CONFIRM-001,SUES200,Sample4Geo,250,same,none,,target,0.5,budget10,sq8_margin_guard,20,20,0,0,0.09803921568627451,0.0,0,35
A-SUES-CONFIRM-001,SUES200,Sample4Geo,250,same,none,,target,0.5,budget25,sq8_margin_guard,20,20,0,0,0.24929971988795518,0.0,0,89
A-SUES-CONFIRM-001,SUES200,Sample4Geo,250,same,none,,target,0.5,budget50,sq8_margin_guard,20,10,10,10,0.24929971988795518,0.13426966292134832,23.9,154.1
A-SUES-CONFIRM-001,SUES200,Sample4Geo,250,same,none,,target,0.5,full_frozen,sq8_margin_guard,20,20,0,0,0.4673669467787115,0.10803345723608788,18.1,148.75
A-SUES-CONFIRM-001,SUES200,Sample4Geo,250,same,none,,target,0.5,matched,sq8_margin_guard,20,20,0,0,0.4610644257703081,0.10179508272701752,16.9,147.7
A-SUES-CONFIRM-001,SUES200,Sample4Geo,300,same,none,,target,0.5,budget10,current_su,20,20,0,0,0.09803921568627451,0.024285714285714285,0.85,34.15
A-SUES-CONFIRM-001,SUES200,Sample4Geo,300,same,none,,target,0.5,budget25,current_su,20,20,0,0,0.24929971988795518,0.042134831460674156,3.75,85.25
A-SUES-CONFIRM-001,SUES200,Sample4Geo,300,same,none,,target,0.5,budget50,current_su,20,20,0,0,0.49859943977591037,0.17359550561797754,30.9,147.1
A-SUES-CONFIRM-001,SUES200,Sample4Geo,300,same,none,,target,0.5,full_frozen,current_su,20,20,0,0,0.6214285714285714,0.2916637910767804,64.95,156.9
A-SUES-CONFIRM-001,SUES200,Sample4Geo,300,same,none,,target,0.5,matched,current_su,20,20,0,0,0.32086834733893554,0.05917787994083789,7.25,107.3
A-SUES-CONFIRM-001,SUES200,Sample4Geo,300,same,none,,target,0.5,budget10,current_su_guard,20,20,0,0,0.09803921568627451,0.018571428571428572,0.65,34.35
A-SUES-CONFIRM-001,SUES200,Sample4Geo,300,same,none,,target,0.5,budget25,current_su_guard,20,20,0,0,0.24929971988795518,0.028089887640449437,2.5,86.5
A-SUES-CONFIRM-001,SUES200,Sample4Geo,300,same,none,,target,0.5,budget50,current_su_guard,20,14,6,6,0.34901960784313724,0.09991974317817014,17.785714285714285,160.21428571428572
A-SUES-CONFIRM-001,SUES200,Sample4Geo,300,same,none,,target,0.5,full_frozen,current_su_guard,20,20,0,0,0.47212885154061623,0.08184254368143075,13.85,154.7
A-SUES-CONFIRM-001,SUES200,Sample4Geo,300,same,none,,target,0.5,matched,current_su_guard,20,20,0,0,0.4046218487394958,0.04562807143288342,6.65,137.8
A-SUES-CONFIRM-001,SUES200,Sample4Geo,300,same,none,,target,0.5,budget10,old_su,20,20,0,0,0.09803921568627451,0.49857142857142855,17.45,17.55
A-SUES-CONFIRM-001,SUES200,Sample4Geo,300,same,none,,target,0.5,budget25,old_su,20,20,0,0,0.24929971988795518,0.5157303370786517,45.9,43.1
A-SUES-CONFIRM-001,SUES200,Sample4Geo,300,same,none,,target,0.5,budget50,old_su,20,20,0,0,0.49859943977591037,0.5132022471910113,91.35,86.65
A-SUES-CONFIRM-001,SUES200,Sample4Geo,300,same,none,,target,0.5,full_frozen,old_su,20,20,0,0,0.8879551820728291,0.5230283911671925,165.8,151.2
A-SUES-CONFIRM-001,SUES200,Sample4Geo,300,same,none,,target,0.5,matched,old_su,20,0,20,20,0.0,,,
A-SUES-CONFIRM-001,SUES200,Sample4Geo,300,same,none,,target,0.5,budget10,old_su_guard,20,20,0,0,0.09803921568627451,0.0,0,35
A-SUES-CONFIRM-001,SUES200,Sample4Geo,300,same,none,,target,0.5,budget25,old_su_guard,20,20,0,0,0.24929971988795518,0.025842696629213482,2.3,86.7
A-SUES-CONFIRM-001,SUES200,Sample4Geo,300,same,none,,target,0.5,budget50,old_su_guard,20,14,6,6,0.34901960784313724,0.0971107544141252,17.285714285714285,160.71428571428572
A-SUES-CONFIRM-001,SUES200,Sample4Geo,300,same,none,,target,0.5,full_frozen,old_su_guard,20,20,0,0,0.44635854341736697,0.06412448682292056,10.25,149.1
A-SUES-CONFIRM-001,SUES200,Sample4Geo,300,same,none,,target,0.5,matched,old_su_guard,20,20,0,0,0.41162464985994396,0.045734402243027245,6.8,140.15
A-SUES-CONFIRM-001,SUES200,Sample4Geo,300,same,none,,target,0.5,budget10,current_margin,20,20,0,0,0.09803921568627451,0.0,0,35
A-SUES-CONFIRM-001,SUES200,Sample4Geo,300,same,none,,target,0.5,budget25,current_margin,20,20,0,0,0.24929971988795518,0.02640449438202247,2.35,86.65
A-SUES-CONFIRM-001,SUES200,Sample4Geo,300,same,none,,target,0.5,budget50,current_margin,20,20,0,0,0.49859943977591037,0.18230337078651684,32.45,145.55
A-SUES-CONFIRM-001,SUES200,Sample4Geo,300,same,none,,target,0.5,full_frozen,current_margin,20,20,0,0,0.9057422969187675,0.4952618863097581,160.15,163.2
A-SUES-CONFIRM-001,SUES200,Sample4Geo,300,same,none,,target,0.5,matched,current_margin,20,20,0,0,0.38221288515406165,0.08719362007474812,12.8,123.65
A-SUES-CONFIRM-001,SUES200,Sample4Geo,300,same,none,,target,0.5,budget10,current_margin_guard,20,20,0,0,0.09803921568627451,0.0,0,35
A-SUES-CONFIRM-001,SUES200,Sample4Geo,300,same,none,,target,0.5,budget25,current_margin_guard,20,20,0,0,0.24929971988795518,0.015168539325842697,1.35,87.65
A-SUES-CONFIRM-001,SUES200,Sample4Geo,300,same,none,,target,0.5,budget50,current_margin_guard,20,14,6,6,0.34901960784313724,0.10032102728731943,17.857142857142858,160.14285714285714
A-SUES-CONFIRM-001,SUES200,Sample4Geo,300,same,none,,target,0.5,full_frozen,current_margin_guard,20,20,0,0,0.5022408963585434,0.10829857413150519,19.45,159.85
A-SUES-CONFIRM-001,SUES200,Sample4Geo,300,same,none,,target,0.5,matched,current_margin_guard,20,20,0,0,0.45406162464985994,0.06158519966959188,10.3,151.8
A-SUES-CONFIRM-001,SUES200,Sample4Geo,300,same,none,,target,0.5,budget10,old_margin_guard,20,20,0,0,0.09803921568627451,0.0,0,35
A-SUES-CONFIRM-001,SUES200,Sample4Geo,300,same,none,,target,0.5,budget25,old_margin_guard,20,20,0,0,0.24929971988795518,0.0,0,89
A-SUES-CONFIRM-001,SUES200,Sample4Geo,300,same,none,,target,0.5,budget50,old_margin_guard,20,14,6,6,0.34901960784313724,0.09630818619582664,17.142857142857142,160.85714285714286
A-SUES-CONFIRM-001,SUES200,Sample4Geo,300,same,none,,target,0.5,full_frozen,old_margin_guard,20,20,0,0,0.4966386554621849,0.10135070102788032,18,159.3
A-SUES-CONFIRM-001,SUES200,Sample4Geo,300,same,none,,target,0.5,matched,old_margin_guard,20,20,0,0,0.4649859943977591,0.06418536761880855,10.85,155.15
A-SUES-CONFIRM-001,SUES200,Sample4Geo,300,same,none,,target,0.5,budget10,sq8_margin_guard,20,20,0,0,0.09803921568627451,0.0,0,35
A-SUES-CONFIRM-001,SUES200,Sample4Geo,300,same,none,,target,0.5,budget25,sq8_margin_guard,20,20,0,0,0.24929971988795518,0.0,0,89
A-SUES-CONFIRM-001,SUES200,Sample4Geo,300,same,none,,target,0.5,budget50,sq8_margin_guard,20,7,13,13,0.17450980392156862,0.09149277688603531,16.285714285714285,161.71428571428572
A-SUES-CONFIRM-001,SUES200,Sample4Geo,300,same,none,,target,0.5,full_frozen,sq8_margin_guard,20,20,0,0,0.48067226890756304,0.08009828500110104,13.75,157.85
A-SUES-CONFIRM-001,SUES200,Sample4Geo,300,same,none,,target,0.5,matched,sq8_margin_guard,20,20,0,0,0.4635854341736695,0.06291135105411137,10.5,155
A-SUES-CONFIRM-001,SUES200,Sample4Geo,pooled,same,none,,control,0.25,budget10,current_su,20,20,0,0,0.09943977591036414,0.0,0,142
A-SUES-CONFIRM-001,SUES200,Sample4Geo,pooled,same,none,,control,0.25,budget25,current_su,20,20,0,0,0.25,0.00196078431372549,0.7,356.3
A-SUES-CONFIRM-001,SUES200,Sample4Geo,pooled,same,none,,control,0.25,budget50,current_su,20,20,0,0,0.5,0.0054621848739495795,3.9,710.1
A-SUES-CONFIRM-001,SUES200,Sample4Geo,pooled,same,none,,control,0.25,full_frozen,current_su,20,20,0,0,0.7040616246498599,0.029690893856790957,29.85,975.55
A-SUES-CONFIRM-001,SUES200,Sample4Geo,pooled,same,none,,control,0.25,matched,current_su,20,20,0,0,0.7827731092436975,0.05225522701520558,59.2,1058.6
A-SUES-CONFIRM-001,SUES200,Sample4Geo,pooled,same,none,,control,0.25,budget10,current_su_guard,20,20,0,0,0.09943977591036414,0.0,0,142
A-SUES-CONFIRM-001,SUES200,Sample4Geo,pooled,same,none,,control,0.25,budget25,current_su_guard,20,20,0,0,0.25,0.00196078431372549,0.7,356.3
A-SUES-CONFIRM-001,SUES200,Sample4Geo,pooled,same,none,,control,0.25,budget50,current_su_guard,20,20,0,0,0.5,0.005532212885154061,3.95,710.05
A-SUES-CONFIRM-001,SUES200,Sample4Geo,pooled,same,none,,control,0.25,full_frozen,current_su_guard,20,20,0,0,0.7016456582633053,0.029788994913497756,29.85,972.1
A-SUES-CONFIRM-001,SUES200,Sample4Geo,pooled,same,none,,control,0.25,matched,current_su_guard,20,20,0,0,0.8110294117647059,0.06304947323863708,74,1084.15
A-SUES-CONFIRM-001,SUES200,Sample4Geo,pooled,same,none,,control,0.25,budget10,old_su,20,20,0,0,0.09943977591036414,0.0,0,142
A-SUES-CONFIRM-001,SUES200,Sample4Geo,pooled,same,none,,control,0.25,budget25,old_su,20,20,0,0,0.25,0.00196078431372549,0.7,356.3
A-SUES-CONFIRM-001,SUES200,Sample4Geo,pooled,same,none,,control,0.25,budget50,old_su,20,20,0,0,0.5,0.0061624649859943975,4.4,709.6
A-SUES-CONFIRM-001,SUES200,Sample4Geo,pooled,same,none,,control,0.25,full_frozen,old_su,20,20,0,0,0.65406162464986,0.02505353319057816,23.4,910.6
A-SUES-CONFIRM-001,SUES200,Sample4Geo,pooled,same,none,,control,0.25,matched,old_su,20,20,0,0,0.8008403361344538,0.06135560557631458,71.1,1072.5
A-SUES-CONFIRM-001,SUES200,Sample4Geo,pooled,same,none,,control,0.25,budget10,old_su_guard,20,20,0,0,0.09943977591036414,0.0,0,142
A-SUES-CONFIRM-001,SUES200,Sample4Geo,pooled,same,none,,control,0.25,budget25,old_su_guard,20,20,0,0,0.25,0.00196078431372549,0.7,356.3
A-SUES-CONFIRM-001,SUES200,Sample4Geo,pooled,same,none,,control,0.25,budget50,old_su_guard,20,20,0,0,0.5,0.0061624649859943975,4.4,709.6
A-SUES-CONFIRM-001,SUES200,Sample4Geo,pooled,same,none,,control,0.25,full_frozen,old_su_guard,20,20,0,0,0.6522408963585434,0.025119384771246343,23.4,908
A-SUES-CONFIRM-001,SUES200,Sample4Geo,pooled,same,none,,control,0.25,matched,old_su_guard,20,20,0,0,0.8363095238095238,0.07232761197816216,87.05,1107.2
A-SUES-CONFIRM-001,SUES200,Sample4Geo,pooled,same,none,,control,0.25,budget10,current_margin,20,20,0,0,0.09943977591036414,0.0,0,142
A-SUES-CONFIRM-001,SUES200,Sample4Geo,pooled,same,none,,control,0.25,budget25,current_margin,20,20,0,0,0.25,0.0,0,357
A-SUES-CONFIRM-001,SUES200,Sample4Geo,pooled,same,none,,control,0.25,budget50,current_margin,20,20,0,0,0.5,0.0021008403361344537,1.5,712.5
A-SUES-CONFIRM-001,SUES200,Sample4Geo,pooled,same,none,,control,0.25,full_frozen,current_margin,20,20,0,0,0.8215336134453781,0.06124019152651986,71.85,1101.3
A-SUES-CONFIRM-001,SUES200,Sample4Geo,pooled,same,none,,control,0.25,matched,current_margin,20,20,0,0,0.8204481792717087,0.06206179864501666,73.2,1098.4
A-SUES-CONFIRM-001,SUES200,Sample4Geo,pooled,same,none,,control,0.25,budget10,current_margin_guard,20,20,0,0,0.09943977591036414,0.0,0,142
A-SUES-CONFIRM-001,SUES200,Sample4Geo,pooled,same,none,,control,0.25,budget25,current_margin_guard,20,20,0,0,0.25,0.0,0,357
A-SUES-CONFIRM-001,SUES200,Sample4Geo,pooled,same,none,,control,0.25,budget50,current_margin_guard,20,20,0,0,0.5,0.002240896358543417,1.6,712.4
A-SUES-CONFIRM-001,SUES200,Sample4Geo,pooled,same,none,,control,0.25,full_frozen,current_margin_guard,20,20,0,0,0.8094187675070028,0.05714225477335788,66.05,1089.8
A-SUES-CONFIRM-001,SUES200,Sample4Geo,pooled,same,none,,control,0.25,matched,current_margin_guard,20,20,0,0,0.8445378151260504,0.07132890805541786,86.3,1119.7
A-SUES-CONFIRM-001,SUES200,Sample4Geo,pooled,same,none,,control,0.25,budget10,old_margin_guard,20,20,0,0,0.09943977591036414,0.0,0,142
A-SUES-CONFIRM-001,SUES200,Sample4Geo,pooled,same,none,,control,0.25,budget25,old_margin_guard,20,20,0,0,0.25,0.0,0,357
A-SUES-CONFIRM-001,SUES200,Sample4Geo,pooled,same,none,,control,0.25,budget50,old_margin_guard,20,20,0,0,0.5,0.004201680672268907,3,711
A-SUES-CONFIRM-001,SUES200,Sample4Geo,pooled,same,none,,control,0.25,full_frozen,old_margin_guard,20,20,0,0,0.7797619047619048,0.050732461826478746,56.5,1057
A-SUES-CONFIRM-001,SUES200,Sample4Geo,pooled,same,none,,control,0.25,matched,old_margin_guard,20,20,0,0,0.8486344537815126,0.07680292080654391,93.3,1118.55
A-SUES-CONFIRM-001,SUES200,Sample4Geo,pooled,same,none,,control,0.25,budget10,sq8_margin_guard,20,20,0,0,0.09943977591036414,0.0,0,142
A-SUES-CONFIRM-001,SUES200,Sample4Geo,pooled,same,none,,control,0.25,budget25,sq8_margin_guard,20,20,0,0,0.25,0.0,0,357
A-SUES-CONFIRM-001,SUES200,Sample4Geo,pooled,same,none,,control,0.25,budget50,sq8_margin_guard,20,20,0,0,0.5,0.005532212885154062,3.95,710.05
A-SUES-CONFIRM-001,SUES200,Sample4Geo,pooled,same,none,,control,0.25,full_frozen,sq8_margin_guard,20,20,0,0,0.7637955182072829,0.04724867532149612,51.55,1039.15
A-SUES-CONFIRM-001,SUES200,Sample4Geo,pooled,same,none,,control,0.25,matched,sq8_margin_guard,20,20,0,0,0.8511204481792717,0.08071985124389643,98.65,1116.75
A-SUES-CONFIRM-001,SUES200,Sample4Geo,150,same,none,,control,0.25,budget10,current_su,20,20,0,0,0.09803921568627451,0.0,0,35
A-SUES-CONFIRM-001,SUES200,Sample4Geo,150,same,none,,control,0.25,budget25,current_su,20,20,0,0,0.24929971988795518,0.0,0,89
A-SUES-CONFIRM-001,SUES200,Sample4Geo,150,same,none,,control,0.25,budget50,current_su,20,20,0,0,0.49859943977591037,0.027247191011235954,4.85,173.15
A-SUES-CONFIRM-001,SUES200,Sample4Geo,150,same,none,,control,0.25,full_frozen,current_su,20,20,0,0,0.33165266106442576,0.008015508763788355,0.95,117.45
A-SUES-CONFIRM-001,SUES200,Sample4Geo,150,same,none,,control,0.25,matched,current_su,20,20,0,0,0.41092436974789914,0.018783938750637705,2.85,143.85
A-SUES-CONFIRM-001,SUES200,Sample4Geo,150,same,none,,control,0.25,budget10,current_su_guard,20,20,0,0,0.09803921568627451,0.0,0,35
A-SUES-CONFIRM-001,SUES200,Sample4Geo,150,same,none,,control,0.25,budget25,current_su_guard,20,20,0,0,0.24929971988795518,0.0,0,89
A-SUES-CONFIRM-001,SUES200,Sample4Geo,150,same,none,,control,0.25,budget50,current_su_guard,20,20,0,0,0.49859943977591037,0.02752808988764045,4.9,173.1
A-SUES-CONFIRM-001,SUES200,Sample4Geo,150,same,none,,control,0.25,full_frozen,current_su_guard,20,20,0,0,0.33165266106442576,0.008015508763788355,0.95,117.45
A-SUES-CONFIRM-001,SUES200,Sample4Geo,150,same,none,,control,0.25,matched,current_su_guard,20,20,0,0,0.4484593837535014,0.024591367124331052,4.1,156
A-SUES-CONFIRM-001,SUES200,Sample4Geo,150,same,none,,control,0.25,budget10,old_su,20,20,0,0,0.09803921568627451,0.0,0,35
A-SUES-CONFIRM-001,SUES200,Sample4Geo,150,same,none,,control,0.25,budget25,old_su,20,20,0,0,0.24929971988795518,0.0,0,89
A-SUES-CONFIRM-001,SUES200,Sample4Geo,150,same,none,,control,0.25,budget50,old_su,20,20,0,0,0.49859943977591037,0.033707865168539325,6,172
A-SUES-CONFIRM-001,SUES200,Sample4Geo,150,same,none,,control,0.25,full_frozen,old_su,20,20,0,0,0.2913165266106443,0.0,0,104
A-SUES-CONFIRM-001,SUES200,Sample4Geo,150,same,none,,control,0.25,matched,old_su,20,20,0,0,0.36498599439775914,0.018903450564034505,2.55,127.75
A-SUES-CONFIRM-001,SUES200,Sample4Geo,150,same,none,,control,0.25,budget10,old_su_guard,20,20,0,0,0.09803921568627451,0.0,0,35
A-SUES-CONFIRM-001,SUES200,Sample4Geo,150,same,none,,control,0.25,budget25,old_su_guard,20,20,0,0,0.24929971988795518,0.0,0,89
A-SUES-CONFIRM-001,SUES200,Sample4Geo,150,same,none,,control,0.25,budget50,old_su_guard,20,20,0,0,0.49859943977591037,0.030056179775280897,5.35,172.65
A-SUES-CONFIRM-001,SUES200,Sample4Geo,150,same,none,,control,0.25,full_frozen,old_su_guard,20,20,0,0,0.2913165266106443,0.0,0,104
A-SUES-CONFIRM-001,SUES200,Sample4Geo,150,same,none,,control,0.25,matched,old_su_guard,20,20,0,0,0.44719887955182075,0.025097181399106997,4.25,155.4
A-SUES-CONFIRM-001,SUES200,Sample4Geo,150,same,none,,control,0.25,budget10,current_margin,20,20,0,0,0.09803921568627451,0.0,0,35
A-SUES-CONFIRM-001,SUES200,Sample4Geo,150,same,none,,control,0.25,budget25,current_margin,20,20,0,0,0.24929971988795518,0.0,0,89
A-SUES-CONFIRM-001,SUES200,Sample4Geo,150,same,none,,control,0.25,budget50,current_margin,20,20,0,0,0.49859943977591037,0.045786516853932584,8.15,169.85
A-SUES-CONFIRM-001,SUES200,Sample4Geo,150,same,none,,control,0.25,full_frozen,current_margin,20,20,0,0,0.5449579831932773,0.05521164005214092,10.75,183.8
A-SUES-CONFIRM-001,SUES200,Sample4Geo,150,same,none,,control,0.25,matched,current_margin,20,20,0,0,0.523109243697479,0.05505166500763429,10.8,175.95
A-SUES-CONFIRM-001,SUES200,Sample4Geo,150,same,none,,control,0.25,budget10,current_margin_guard,20,20,0,0,0.09803921568627451,0.0,0,35
A-SUES-CONFIRM-001,SUES200,Sample4Geo,150,same,none,,control,0.25,budget25,current_margin_guard,20,20,0,0,0.24929971988795518,0.0,0,89
A-SUES-CONFIRM-001,SUES200,Sample4Geo,150,same,none,,control,0.25,budget50,current_margin_guard,20,20,0,0,0.49859943977591037,0.044101123595505616,7.85,170.15
A-SUES-CONFIRM-001,SUES200,Sample4Geo,150,same,none,,control,0.25,full_frozen,current_margin_guard,20,20,0,0,0.5393557422969187,0.04907245360217427,9.45,183.1
A-SUES-CONFIRM-001,SUES200,Sample4Geo,150,same,none,,control,0.25,matched,current_margin_guard,20,20,0,0,0.6243697478991597,0.09571238608782323,21.4,201.5
A-SUES-CONFIRM-001,SUES200,Sample4Geo,150,same,none,,control,0.25,budget10,old_margin_guard,20,20,0,0,0.09803921568627451,0.0,0,35
A-SUES-CONFIRM-001,SUES200,Sample4Geo,150,same,none,,control,0.25,budget25,old_margin_guard,20,20,0,0,0.24929971988795518,0.011235955056179775,1,88
A-SUES-CONFIRM-001,SUES200,Sample4Geo,150,same,none,,control,0.25,budget50,old_margin_guard,20,20,0,0,0.49859943977591037,0.042134831460674156,7.5,170.5
A-SUES-CONFIRM-001,SUES200,Sample4Geo,150,same,none,,control,0.25,full_frozen,old_margin_guard,20,20,0,0,0.4742296918767507,0.031298294465715276,5.3,164
A-SUES-CONFIRM-001,SUES200,Sample4Geo,150,same,none,,control,0.25,matched,old_margin_guard,20,20,0,0,0.5724089635854341,0.08810688081782216,18.1,186.25
A-SUES-CONFIRM-001,SUES200,Sample4Geo,150,same,none,,control,0.25,budget10,sq8_margin_guard,20,20,0,0,0.09803921568627451,0.0,0,35
A-SUES-CONFIRM-001,SUES200,Sample4Geo,150,same,none,,control,0.25,budget25,sq8_margin_guard,20,20,0,0,0.24929971988795518,0.011235955056179775,1,88
A-SUES-CONFIRM-001,SUES200,Sample4Geo,150,same,none,,control,0.25,budget50,sq8_margin_guard,20,20,0,0,0.49859943977591037,0.05449438202247191,9.7,168.3
A-SUES-CONFIRM-001,SUES200,Sample4Geo,150,same,none,,control,0.25,full_frozen,sq8_margin_guard,20,20,0,0,0.4492997198879552,0.033042618849606825,5.3,155.1
A-SUES-CONFIRM-001,SUES200,Sample4Geo,150,same,none,,control,0.25,matched,sq8_margin_guard,20,20,0,0,0.5481792717086835,0.07383740391707004,14.55,181.15
A-SUES-CONFIRM-001,SUES200,Sample4Geo,200,same,none,,control,0.25,budget10,current_su,20,20,0,0,0.09803921568627451,0.0,0,35
A-SUES-CONFIRM-001,SUES200,Sample4Geo,200,same,none,,control,0.25,budget25,current_su,20,20,0,0,0.24929971988795518,0.0,0,89
A-SUES-CONFIRM-001,SUES200,Sample4Geo,200,same,none,,control,0.25,budget50,current_su,20,20,0,0,0.49859943977591037,0.0056179775280898875,1,177
A-SUES-CONFIRM-001,SUES200,Sample4Geo,200,same,none,,control,0.25,full_frozen,current_su,20,20,0,0,0.5682072829131652,0.00886388595683356,1.8,201.05
A-SUES-CONFIRM-001,SUES200,Sample4Geo,200,same,none,,control,0.25,matched,current_su,20,20,0,0,0.7144257703081233,0.04920482820213399,12.95,242.1
A-SUES-CONFIRM-001,SUES200,Sample4Geo,200,same,none,,control,0.25,budget10,current_su_guard,20,20,0,0,0.09803921568627451,0.0,0,35
A-SUES-CONFIRM-001,SUES200,Sample4Geo,200,same,none,,control,0.25,budget25,current_su_guard,20,20,0,0,0.24929971988795518,0.0,0,89
A-SUES-CONFIRM-001,SUES200,Sample4Geo,200,same,none,,control,0.25,budget50,current_su_guard,20,20,0,0,0.49859943977591037,0.0056179775280898875,1,177
A-SUES-CONFIRM-001,SUES200,Sample4Geo,200,same,none,,control,0.25,full_frozen,current_su_guard,20,20,0,0,0.5682072829131652,0.00886388595683356,1.8,201.05
A-SUES-CONFIRM-001,SUES200,Sample4Geo,200,same,none,,control,0.25,matched,current_su_guard,20,20,0,0,0.7445378151260504,0.05711549248272769,15.45,250.35
A-SUES-CONFIRM-001,SUES200,Sample4Geo,200,same,none,,control,0.25,budget10,old_su,20,20,0,0,0.09803921568627451,0.0,0,35
A-SUES-CONFIRM-001,SUES200,Sample4Geo,200,same,none,,control,0.25,budget25,old_su,20,20,0,0,0.24929971988795518,0.0,0,89
A-SUES-CONFIRM-001,SUES200,Sample4Geo,200,same,none,,control,0.25,budget50,old_su,20,20,0,0,0.49859943977591037,0.0056179775280898875,1,177
A-SUES-CONFIRM-001,SUES200,Sample4Geo,200,same,none,,control,0.25,full_frozen,old_su,20,20,0,0,0.5042016806722689,0.005555555555555556,1,179
A-SUES-CONFIRM-001,SUES200,Sample4Geo,200,same,none,,control,0.25,matched,old_su,20,20,0,0,0.7630252100840336,0.06409647163981193,17.7,254.7
A-SUES-CONFIRM-001,SUES200,Sample4Geo,200,same,none,,control,0.25,budget10,old_su_guard,20,20,0,0,0.09803921568627451,0.0,0,35
A-SUES-CONFIRM-001,SUES200,Sample4Geo,200,same,none,,control,0.25,budget25,old_su_guard,20,20,0,0,0.24929971988795518,0.0,0,89
A-SUES-CONFIRM-001,SUES200,Sample4Geo,200,same,none,,control,0.25,budget50,old_su_guard,20,20,0,0,0.49859943977591037,0.0056179775280898875,1,177
A-SUES-CONFIRM-001,SUES200,Sample4Geo,200,same,none,,control,0.25,full_frozen,old_su_guard,20,20,0,0,0.5042016806722689,0.005555555555555556,1,179
A-SUES-CONFIRM-001,SUES200,Sample4Geo,200,same,none,,control,0.25,matched,old_su_guard,20,20,0,0,0.7677871148459383,0.06084893452694984,16.9,257.2
A-SUES-CONFIRM-001,SUES200,Sample4Geo,200,same,none,,control,0.25,budget10,current_margin,20,20,0,0,0.09803921568627451,0.0,0,35
A-SUES-CONFIRM-001,SUES200,Sample4Geo,200,same,none,,control,0.25,budget25,current_margin,20,20,0,0,0.24929971988795518,0.0,0,89
A-SUES-CONFIRM-001,SUES200,Sample4Geo,200,same,none,,control,0.25,budget50,current_margin,20,20,0,0,0.49859943977591037,0.0016853932584269663,0.3,177.7
A-SUES-CONFIRM-001,SUES200,Sample4Geo,200,same,none,,control,0.25,full_frozen,current_margin,20,20,0,0,0.77703081232493,0.055518076039767085,15.4,262
A-SUES-CONFIRM-001,SUES200,Sample4Geo,200,same,none,,control,0.25,matched,current_margin,20,20,0,0,0.7981792717086834,0.06339891263014048,18.1,266.85
A-SUES-CONFIRM-001,SUES200,Sample4Geo,200,same,none,,control,0.25,budget10,current_margin_guard,20,20,0,0,0.09803921568627451,0.0,0,35
A-SUES-CONFIRM-001,SUES200,Sample4Geo,200,same,none,,control,0.25,budget25,current_margin_guard,20,20,0,0,0.24929971988795518,0.0,0,89
A-SUES-CONFIRM-001,SUES200,Sample4Geo,200,same,none,,control,0.25,budget50,current_margin_guard,20,20,0,0,0.49859943977591037,0.0016853932584269663,0.3,177.7
A-SUES-CONFIRM-001,SUES200,Sample4Geo,200,same,none,,control,0.25,full_frozen,current_margin_guard,20,20,0,0,0.7690476190476191,0.050984811029001806,14,260.55
A-SUES-CONFIRM-001,SUES200,Sample4Geo,200,same,none,,control,0.25,matched,current_margin_guard,20,20,0,0,0.7717086834733894,0.051208779392223944,14.2,261.3
A-SUES-CONFIRM-001,SUES200,Sample4Geo,200,same,none,,control,0.25,budget10,old_margin_guard,20,20,0,0,0.09803921568627451,0.0,0,35
A-SUES-CONFIRM-001,SUES200,Sample4Geo,200,same,none,,control,0.25,budget25,old_margin_guard,20,20,0,0,0.24929971988795518,0.0,0,89
A-SUES-CONFIRM-001,SUES200,Sample4Geo,200,same,none,,control,0.25,budget50,old_margin_guard,20,20,0,0,0.49859943977591037,0.011235955056179775,2,176
A-SUES-CONFIRM-001,SUES200,Sample4Geo,200,same,none,,control,0.25,full_frozen,old_margin_guard,20,20,0,0,0.7394957983193278,0.05301404419389361,14,250
A-SUES-CONFIRM-001,SUES200,Sample4Geo,200,same,none,,control,0.25,matched,old_margin_guard,20,20,0,0,0.7946778711484594,0.06320665094339091,17.95,265.75
A-SUES-CONFIRM-001,SUES200,Sample4Geo,200,same,none,,control,0.25,budget10,sq8_margin_guard,20,20,0,0,0.09803921568627451,0.0,0,35
A-SUES-CONFIRM-001,SUES200,Sample4Geo,200,same,none,,control,0.25,budget25,sq8_margin_guard,20,20,0,0,0.24929971988795518,0.0,0,89
A-SUES-CONFIRM-001,SUES200,Sample4Geo,200,same,none,,control,0.25,budget50,sq8_margin_guard,20,20,0,0,0.49859943977591037,0.011235955056179775,2,176
A-SUES-CONFIRM-001,SUES200,Sample4Geo,200,same,none,,control,0.25,full_frozen,sq8_margin_guard,20,20,0,0,0.7200280112044818,0.047053109669594376,12.1,244.95
A-SUES-CONFIRM-001,SUES200,Sample4Geo,200,same,none,,control,0.25,matched,sq8_margin_guard,20,20,0,0,0.803921568627451,0.06577770707258776,18.95,268.05
A-SUES-CONFIRM-001,SUES200,Sample4Geo,250,same,none,,control,0.25,budget10,current_su,20,20,0,0,0.09803921568627451,0.0,0,35
A-SUES-CONFIRM-001,SUES200,Sample4Geo,250,same,none,,control,0.25,budget25,current_su,20,20,0,0,0.24929971988795518,0.0,0,89
A-SUES-CONFIRM-001,SUES200,Sample4Geo,250,same,none,,control,0.25,budget50,current_su,20,20,0,0,0.49859943977591037,0.001966292134831461,0.35,177.65
A-SUES-CONFIRM-001,SUES200,Sample4Geo,250,same,none,,control,0.25,full_frozen,current_su,20,20,0,0,0.9207282913165266,0.06996663251720858,23,305.7
A-SUES-CONFIRM-001,SUES200,Sample4Geo,250,same,none,,control,0.25,matched,current_su,20,20,0,0,0.9222689075630252,0.07163889664802492,23.7,305.55
A-SUES-CONFIRM-001,SUES200,Sample4Geo,250,same,none,,control,0.25,budget10,current_su_guard,20,20,0,0,0.09803921568627451,0.0,0,35
A-SUES-CONFIRM-001,SUES200,Sample4Geo,250,same,none,,control,0.25,budget25,current_su_guard,20,20,0,0,0.24929971988795518,0.0,0,89
A-SUES-CONFIRM-001,SUES200,Sample4Geo,250,same,none,,control,0.25,budget50,current_su_guard,20,20,0,0,0.49859943977591037,0.001966292134831461,0.35,177.65
A-SUES-CONFIRM-001,SUES200,Sample4Geo,250,same,none,,control,0.25,full_frozen,current_su_guard,20,20,0,0,0.9065826330532213,0.06625622618262582,21.45,302.2
A-SUES-CONFIRM-001,SUES200,Sample4Geo,250,same,none,,control,0.25,matched,current_su_guard,20,20,0,0,0.9488795518207283,0.09325582284425235,31.85,306.9
A-SUES-CONFIRM-001,SUES200,Sample4Geo,250,same,none,,control,0.25,budget10,old_su,20,20,0,0,0.09803921568627451,0.0,0,35
A-SUES-CONFIRM-001,SUES200,Sample4Geo,250,same,none,,control,0.25,budget25,old_su,20,20,0,0,0.24929971988795518,0.0,0,89
A-SUES-CONFIRM-001,SUES200,Sample4Geo,250,same,none,,control,0.25,budget50,old_su,20,20,0,0,0.49859943977591037,0.001966292134831461,0.35,177.65
A-SUES-CONFIRM-001,SUES200,Sample4Geo,250,same,none,,control,0.25,full_frozen,old_su,20,20,0,0,0.8879551820728291,0.05914826498422713,18.75,298.25
A-SUES-CONFIRM-001,SUES200,Sample4Geo,250,same,none,,control,0.25,matched,old_su,20,20,0,0,0.9327731092436975,0.07892485446773898,26.45,306.55
A-SUES-CONFIRM-001,SUES200,Sample4Geo,250,same,none,,control,0.25,budget10,old_su_guard,20,20,0,0,0.09803921568627451,0.0,0,35
A-SUES-CONFIRM-001,SUES200,Sample4Geo,250,same,none,,control,0.25,budget25,old_su_guard,20,20,0,0,0.24929971988795518,0.0,0,89
A-SUES-CONFIRM-001,SUES200,Sample4Geo,250,same,none,,control,0.25,budget50,old_su_guard,20,20,0,0,0.49859943977591037,0.001966292134831461,0.35,177.65
A-SUES-CONFIRM-001,SUES200,Sample4Geo,250,same,none,,control,0.25,full_frozen,old_su_guard,20,20,0,0,0.8711484593837535,0.05141076026087661,16,295
A-SUES-CONFIRM-001,SUES200,Sample4Geo,250,same,none,,control,0.25,matched,old_su_guard,20,20,0,0,0.9478991596638655,0.09202876319430534,31.3,307.1
A-SUES-CONFIRM-001,SUES200,Sample4Geo,250,same,none,,control,0.25,budget10,current_margin,20,20,0,0,0.09803921568627451,0.0,0,35
A-SUES-CONFIRM-001,SUES200,Sample4Geo,250,same,none,,control,0.25,budget25,current_margin,20,20,0,0,0.24929971988795518,0.0,0,89
A-SUES-CONFIRM-001,SUES200,Sample4Geo,250,same,none,,control,0.25,budget50,current_margin,20,20,0,0,0.49859943977591037,0.0,0,178
A-SUES-CONFIRM-001,SUES200,Sample4Geo,250,same,none,,control,0.25,full_frozen,current_margin,20,20,0,0,0.9605042016806723,0.09288430862179395,31.85,311.05
A-SUES-CONFIRM-001,SUES200,Sample4Geo,250,same,none,,control,0.25,matched,current_margin,20,20,0,0,0.9658263305322129,0.09610077848902955,33.2,311.6
A-SUES-CONFIRM-001,SUES200,Sample4Geo,250,same,none,,control,0.25,budget10,current_margin_guard,20,20,0,0,0.09803921568627451,0.0,0,35
A-SUES-CONFIRM-001,SUES200,Sample4Geo,250,same,none,,control,0.25,budget25,current_margin_guard,20,20,0,0,0.24929971988795518,0.0,0,89
A-SUES-CONFIRM-001,SUES200,Sample4Geo,250,same,none,,control,0.25,budget50,current_margin_guard,20,20,0,0,0.49859943977591037,0.0,0,178
A-SUES-CONFIRM-001,SUES200,Sample4Geo,250,same,none,,control,0.25,full_frozen,current_margin_guard,20,20,0,0,0.9394957983193277,0.08867614169119523,29.75,305.65
A-SUES-CONFIRM-001,SUES200,Sample4Geo,250,same,none,,control,0.25,matched,current_margin_guard,20,20,0,0,0.9642857142857143,0.09912993174923279,34.15,310.1
A-SUES-CONFIRM-001,SUES200,Sample4Geo,250,same,none,,control,0.25,budget10,old_margin_guard,20,20,0,0,0.09803921568627451,0.0,0,35
A-SUES-CONFIRM-001,SUES200,Sample4Geo,250,same,none,,control,0.25,budget25,old_margin_guard,20,20,0,0,0.24929971988795518,0.0,0,89
A-SUES-CONFIRM-001,SUES200,Sample4Geo,250,same,none,,control,0.25,budget50,old_margin_guard,20,20,0,0,0.49859943977591037,0.0,0,178
A-SUES-CONFIRM-001,SUES200,Sample4Geo,250,same,none,,control,0.25,full_frozen,old_margin_guard,20,20,0,0,0.9326330532212885,0.08692087282067594,28.95,304
A-SUES-CONFIRM-001,SUES200,Sample4Geo,250,same,none,,control,0.25,matched,old_margin_guard,20,20,0,0,0.9633053221288516,0.09907637987452188,34.1,309.8
A-SUES-CONFIRM-001,SUES200,Sample4Geo,250,same,none,,control,0.25,budget10,sq8_margin_guard,20,20,0,0,0.09803921568627451,0.0,0,35
A-SUES-CONFIRM-001,SUES200,Sample4Geo,250,same,none,,control,0.25,budget25,sq8_margin_guard,20,20,0,0,0.24929971988795518,0.0,0,89
A-SUES-CONFIRM-001,SUES200,Sample4Geo,250,same,none,,control,0.25,budget50,sq8_margin_guard,20,20,0,0,0.49859943977591037,0.0,0,178
A-SUES-CONFIRM-001,SUES200,Sample4Geo,250,same,none,,control,0.25,full_frozen,sq8_margin_guard,20,20,0,0,0.9200280112044817,0.08291522107435903,27.25,301.2
A-SUES-CONFIRM-001,SUES200,Sample4Geo,250,same,none,,control,0.25,matched,sq8_margin_guard,20,20,0,0,0.9528011204481792,0.09753202513318152,33.2,306.95
A-SUES-CONFIRM-001,SUES200,Sample4Geo,300,same,none,,control,0.25,budget10,current_su,20,20,0,0,0.09803921568627451,0.0,0,35
A-SUES-CONFIRM-001,SUES200,Sample4Geo,300,same,none,,control,0.25,budget25,current_su,20,20,0,0,0.24929971988795518,0.0,0,89
A-SUES-CONFIRM-001,SUES200,Sample4Geo,300,same,none,,control,0.25,budget50,current_su,20,20,0,0,0.49859943977591037,0.003932584269662922,0.7,177.3
A-SUES-CONFIRM-001,SUES200,Sample4Geo,300,same,none,,control,0.25,full_frozen,current_su,20,20,0,0,0.9105042016806723,0.041203995803695145,13.4,311.65
A-SUES-CONFIRM-001,SUES200,Sample4Geo,300,same,none,,control,0.25,matched,current_su,20,20,0,0,0.9785714285714285,0.06178474889197026,21.6,327.75
A-SUES-CONFIRM-001,SUES200,Sample4Geo,300,same,none,,control,0.25,budget10,current_su_guard,20,20,0,0,0.09803921568627451,0.0,0,35
A-SUES-CONFIRM-001,SUES200,Sample4Geo,300,same,none,,control,0.25,budget25,current_su_guard,20,20,0,0,0.24929971988795518,0.0,0,89
A-SUES-CONFIRM-001,SUES200,Sample4Geo,300,same,none,,control,0.25,budget50,current_su_guard,20,20,0,0,0.49859943977591037,0.003932584269662922,0.7,177.3
A-SUES-CONFIRM-001,SUES200,Sample4Geo,300,same,none,,control,0.25,full_frozen,current_su_guard,20,20,0,0,0.9026610644257703,0.038907900757368385,12.55,309.7
A-SUES-CONFIRM-001,SUES200,Sample4Geo,300,same,none,,control,0.25,matched,current_su_guard,20,20,0,0,0.9645658263305322,0.05803840467075175,20,324.35
A-SUES-CONFIRM-001,SUES200,Sample4Geo,300,same,none,,control,0.25,budget10,old_su,20,20,0,0,0.09803921568627451,0.0,0,35
A-SUES-CONFIRM-001,SUES200,Sample4Geo,300,same,none,,control,0.25,budget25,old_su,20,20,0,0,0.24929971988795518,0.0,0,89
A-SUES-CONFIRM-001,SUES200,Sample4Geo,300,same,none,,control,0.25,budget50,old_su,20,20,0,0,0.49859943977591037,0.003932584269662922,0.7,177.3
A-SUES-CONFIRM-001,SUES200,Sample4Geo,300,same,none,,control,0.25,full_frozen,old_su,20,20,0,0,0.8879551820728291,0.03722397476340694,11.8,305.2
A-SUES-CONFIRM-001,SUES200,Sample4Geo,300,same,none,,control,0.25,matched,old_su,20,20,0,0,0.9827731092436974,0.06498305334512232,22.8,328.05
A-SUES-CONFIRM-001,SUES200,Sample4Geo,300,same,none,,control,0.25,budget10,old_su_guard,20,20,0,0,0.09803921568627451,0.0,0,35
A-SUES-CONFIRM-001,SUES200,Sample4Geo,300,same,none,,control,0.25,budget25,old_su_guard,20,20,0,0,0.24929971988795518,0.0,0,89
A-SUES-CONFIRM-001,SUES200,Sample4Geo,300,same,none,,control,0.25,budget50,old_su_guard,20,20,0,0,0.49859943977591037,0.003932584269662922,0.7,177.3
A-SUES-CONFIRM-001,SUES200,Sample4Geo,300,same,none,,control,0.25,full_frozen,old_su_guard,20,20,0,0,0.8760504201680672,0.03433230232306304,10.75,302
A-SUES-CONFIRM-001,SUES200,Sample4Geo,300,same,none,,control,0.25,matched,old_su_guard,20,20,0,0,0.9642857142857143,0.05878089355859422,20.25,324
A-SUES-CONFIRM-001,SUES200,Sample4Geo,300,same,none,,control,0.25,budget10,current_margin,20,20,0,0,0.09803921568627451,0.0,0,35
A-SUES-CONFIRM-001,SUES200,Sample4Geo,300,same,none,,control,0.25,budget25,current_margin,20,20,0,0,0.24929971988795518,0.0,0,89
A-SUES-CONFIRM-001,SUES200,Sample4Geo,300,same,none,,control,0.25,budget50,current_margin,20,20,0,0,0.49859943977591037,0.0,0,178
A-SUES-CONFIRM-001,SUES200,Sample4Geo,300,same,none,,control,0.25,full_frozen,current_margin,20,20,0,0,0.9749299719887955,0.06564944218187596,22.85,325.2
A-SUES-CONFIRM-001,SUES200,Sample4Geo,300,same,none,,control,0.25,matched,current_margin,20,20,0,0,0.9990196078431373,0.07499719887955182,26.75,329.9
A-SUES-CONFIRM-001,SUES200,Sample4Geo,300,same,none,,control,0.25,budget10,current_margin_guard,20,20,0,0,0.09803921568627451,0.0,0,35
A-SUES-CONFIRM-001,SUES200,Sample4Geo,300,same,none,,control,0.25,budget25,current_margin_guard,20,20,0,0,0.24929971988795518,0.0,0,89
A-SUES-CONFIRM-001,SUES200,Sample4Geo,300,same,none,,control,0.25,budget50,current_margin_guard,20,20,0,0,0.49859943977591037,0.0,0,178
A-SUES-CONFIRM-001,SUES200,Sample4Geo,300,same,none,,control,0.25,full_frozen,current_margin_guard,20,20,0,0,0.9586834733893558,0.05912415640040567,20.25,322
A-SUES-CONFIRM-001,SUES200,Sample4Geo,300,same,none,,control,0.25,matched,current_margin_guard,20,20,0,0,0.9792717086834734,0.06744768258902473,23.6,326
A-SUES-CONFIRM-001,SUES200,Sample4Geo,300,same,none,,control,0.25,budget10,old_margin_guard,20,20,0,0,0.09803921568627451,0.0,0,35
A-SUES-CONFIRM-001,SUES200,Sample4Geo,300,same,none,,control,0.25,budget25,old_margin_guard,20,20,0,0,0.24929971988795518,0.0,0,89
A-SUES-CONFIRM-001,SUES200,Sample4Geo,300,same,none,,control,0.25,budget50,old_margin_guard,20,20,0,0,0.49859943977591037,0.0,0,178
A-SUES-CONFIRM-001,SUES200,Sample4Geo,300,same,none,,control,0.25,full_frozen,old_margin_guard,20,20,0,0,0.9586834733893558,0.05912415640040567,20.25,322
A-SUES-CONFIRM-001,SUES200,Sample4Geo,300,same,none,,control,0.25,matched,old_margin_guard,20,20,0,0,0.9792717086834734,0.06744768258902473,23.6,326
A-SUES-CONFIRM-001,SUES200,Sample4Geo,300,same,none,,control,0.25,budget10,sq8_margin_guard,20,20,0,0,0.09803921568627451,0.0,0,35
A-SUES-CONFIRM-001,SUES200,Sample4Geo,300,same,none,,control,0.25,budget25,sq8_margin_guard,20,20,0,0,0.24929971988795518,0.0,0,89
A-SUES-CONFIRM-001,SUES200,Sample4Geo,300,same,none,,control,0.25,budget50,sq8_margin_guard,20,20,0,0,0.49859943977591037,0.0,0,178
A-SUES-CONFIRM-001,SUES200,Sample4Geo,300,same,none,,control,0.25,full_frozen,sq8_margin_guard,20,20,0,0,0.9492997198879551,0.05971132408907562,20.25,318.65
A-SUES-CONFIRM-001,SUES200,Sample4Geo,300,same,none,,control,0.25,matched,sq8_margin_guard,20,20,0,0,0.969327731092437,0.06539342419260559,22.65,323.4
A-CAMP-ROBUSTNESS-001/university,University1652,CAMP,pooled,same,none,,full,0.0,budget10,current_su,1,1,0,0,0.09976525821596244,0.0,0,85
A-CAMP-ROBUSTNESS-001/university,University1652,CAMP,pooled,same,none,,full,0.0,budget25,current_su,1,1,0,0,0.25,0.0,0,213
A-CAMP-ROBUSTNESS-001/university,University1652,CAMP,pooled,same,none,,full,0.0,budget50,current_su,1,1,0,0,0.5,0.01643192488262911,7,419
A-CAMP-ROBUSTNESS-001/university,University1652,CAMP,pooled,same,none,,full,0.0,full_frozen,current_su,1,1,0,0,1.0,0.06455399061032864,55,797
A-CAMP-ROBUSTNESS-001/university,University1652,CAMP,pooled,same,none,,full,0.0,matched,current_su,1,1,0,0,1.0,0.06455399061032864,55,797
A-CAMP-ROBUSTNESS-001/university,University1652,CAMP,pooled,same,none,,full,0.0,budget10,current_su_guard,1,1,0,0,0.09976525821596244,0.0,0,85
A-CAMP-ROBUSTNESS-001/university,University1652,CAMP,pooled,same,none,,full,0.0,budget25,current_su_guard,1,1,0,0,0.25,0.0,0,213
A-CAMP-ROBUSTNESS-001/university,University1652,CAMP,pooled,same,none,,full,0.0,budget50,current_su_guard,1,1,0,0,0.5,0.01643192488262911,7,419
A-CAMP-ROBUSTNESS-001/university,University1652,CAMP,pooled,same,none,,full,0.0,full_frozen,current_su_guard,1,1,0,0,1.0,0.06455399061032864,55,797
A-CAMP-ROBUSTNESS-001/university,University1652,CAMP,pooled,same,none,,full,0.0,matched,current_su_guard,1,1,0,0,1.0,0.06455399061032864,55,797
A-CAMP-ROBUSTNESS-001/university,University1652,CAMP,pooled,same,none,,full,0.0,budget10,old_su,1,1,0,0,0.09976525821596244,0.0,0,85
A-CAMP-ROBUSTNESS-001/university,University1652,CAMP,pooled,same,none,,full,0.0,budget25,old_su,1,1,0,0,0.25,0.0,0,213
A-CAMP-ROBUSTNESS-001/university,University1652,CAMP,pooled,same,none,,full,0.0,budget50,old_su,1,1,0,0,0.5,0.01643192488262911,7,419
A-CAMP-ROBUSTNESS-001/university,University1652,CAMP,pooled,same,none,,full,0.0,full_frozen,old_su,1,1,0,0,1.0,0.06455399061032864,55,797
A-CAMP-ROBUSTNESS-001/university,University1652,CAMP,pooled,same,none,,full,0.0,matched,old_su,1,1,0,0,1.0,0.06455399061032864,55,797
A-CAMP-ROBUSTNESS-001/university,University1652,CAMP,pooled,same,none,,full,0.0,budget10,old_su_guard,1,1,0,0,0.09976525821596244,0.0,0,85
A-CAMP-ROBUSTNESS-001/university,University1652,CAMP,pooled,same,none,,full,0.0,budget25,old_su_guard,1,1,0,0,0.25,0.0,0,213
A-CAMP-ROBUSTNESS-001/university,University1652,CAMP,pooled,same,none,,full,0.0,budget50,old_su_guard,1,1,0,0,0.5,0.01643192488262911,7,419
A-CAMP-ROBUSTNESS-001/university,University1652,CAMP,pooled,same,none,,full,0.0,full_frozen,old_su_guard,1,1,0,0,1.0,0.06455399061032864,55,797
A-CAMP-ROBUSTNESS-001/university,University1652,CAMP,pooled,same,none,,full,0.0,matched,old_su_guard,1,1,0,0,1.0,0.06455399061032864,55,797
A-CAMP-ROBUSTNESS-001/university,University1652,CAMP,pooled,same,none,,full,0.0,budget10,current_margin,1,1,0,0,0.09976525821596244,0.0,0,85
A-CAMP-ROBUSTNESS-001/university,University1652,CAMP,pooled,same,none,,full,0.0,budget25,current_margin,1,1,0,0,0.25,0.0,0,213
A-CAMP-ROBUSTNESS-001/university,University1652,CAMP,pooled,same,none,,full,0.0,budget50,current_margin,1,1,0,0,0.5,0.002347417840375587,1,425
A-CAMP-ROBUSTNESS-001/university,University1652,CAMP,pooled,same,none,,full,0.0,full_frozen,current_margin,1,1,0,0,1.0,0.06455399061032864,55,797
A-CAMP-ROBUSTNESS-001/university,University1652,CAMP,pooled,same,none,,full,0.0,matched,current_margin,1,1,0,0,1.0,0.06455399061032864,55,797
A-CAMP-ROBUSTNESS-001/university,University1652,CAMP,pooled,same,none,,full,0.0,budget10,current_margin_guard,1,1,0,0,0.09976525821596244,0.0,0,85
A-CAMP-ROBUSTNESS-001/university,University1652,CAMP,pooled,same,none,,full,0.0,budget25,current_margin_guard,1,1,0,0,0.25,0.0,0,213
A-CAMP-ROBUSTNESS-001/university,University1652,CAMP,pooled,same,none,,full,0.0,budget50,current_margin_guard,1,1,0,0,0.5,0.002347417840375587,1,425
A-CAMP-ROBUSTNESS-001/university,University1652,CAMP,pooled,same,none,,full,0.0,full_frozen,current_margin_guard,1,1,0,0,1.0,0.06455399061032864,55,797
A-CAMP-ROBUSTNESS-001/university,University1652,CAMP,pooled,same,none,,full,0.0,matched,current_margin_guard,1,1,0,0,1.0,0.06455399061032864,55,797
A-CAMP-ROBUSTNESS-001/university,University1652,CAMP,pooled,same,none,,full,0.0,budget10,old_margin_guard,1,1,0,0,0.09976525821596244,0.0,0,85
A-CAMP-ROBUSTNESS-001/university,University1652,CAMP,pooled,same,none,,full,0.0,budget25,old_margin_guard,1,1,0,0,0.25,0.0,0,213
A-CAMP-ROBUSTNESS-001/university,University1652,CAMP,pooled,same,none,,full,0.0,budget50,old_margin_guard,1,1,0,0,0.5,0.002347417840375587,1,425
A-CAMP-ROBUSTNESS-001/university,University1652,CAMP,pooled,same,none,,full,0.0,full_frozen,old_margin_guard,1,1,0,0,1.0,0.06455399061032864,55,797
A-CAMP-ROBUSTNESS-001/university,University1652,CAMP,pooled,same,none,,full,0.0,matched,old_margin_guard,1,1,0,0,1.0,0.06455399061032864,55,797
A-CAMP-ROBUSTNESS-001/university,University1652,CAMP,pooled,same,none,,full,0.0,budget10,sq8_margin_guard,1,1,0,0,0.09976525821596244,0.0,0,85
A-CAMP-ROBUSTNESS-001/university,University1652,CAMP,pooled,same,none,,full,0.0,budget25,sq8_margin_guard,1,1,0,0,0.25,0.0,0,213
A-CAMP-ROBUSTNESS-001/university,University1652,CAMP,pooled,same,none,,full,0.0,budget50,sq8_margin_guard,1,1,0,0,0.5,0.002347417840375587,1,425
A-CAMP-ROBUSTNESS-001/university,University1652,CAMP,pooled,same,none,,full,0.0,full_frozen,sq8_margin_guard,1,1,0,0,1.0,0.06455399061032864,55,797
A-CAMP-ROBUSTNESS-001/university,University1652,CAMP,pooled,same,none,,full,0.0,matched,sq8_margin_guard,1,1,0,0,1.0,0.06455399061032864,55,797
A-CAMP-ROBUSTNESS-001/university,University1652,CAMP,pooled,same,none,,target,0.25,budget10,current_su,20,20,0,0,0.09976525821596244,0.004705882352941176,0.4,84.6
A-CAMP-ROBUSTNESS-001/university,University1652,CAMP,pooled,same,none,,target,0.25,budget25,current_su,20,20,0,0,0.25,0.018544600938967138,3.95,209.05
A-CAMP-ROBUSTNESS-001/university,University1652,CAMP,pooled,same,none,,target,0.25,budget50,current_su,20,20,0,0,0.5,0.030868544600938966,13.15,412.85
A-CAMP-ROBUSTNESS-001/university,University1652,CAMP,pooled,same,none,,target,0.25,full_frozen,current_su,20,20,0,0,0.9934859154929577,0.28654602606031776,242.55,603.9
A-CAMP-ROBUSTNESS-001/university,University1652,CAMP,pooled,same,none,,target,0.25,matched,current_su,20,20,0,0,0.7235328638497652,0.09056347393087735,56,560.45
A-CAMP-ROBUSTNESS-001/university,University1652,CAMP,pooled,same,none,,target,0.25,budget10,current_su_guard,20,20,0,0,0.09976525821596244,0.000588235294117647,0.05,84.95
A-CAMP-ROBUSTNESS-001/university,University1652,CAMP,pooled,same,none,,target,0.25,budget25,current_su_guard,20,20,0,0,0.25,0.011737089201877934,2.5,210.5
A-CAMP-ROBUSTNESS-001/university,University1652,CAMP,pooled,same,none,,target,0.25,budget50,current_su_guard,20,20,0,0,0.5,0.01643192488262911,7,419
A-CAMP-ROBUSTNESS-001/university,University1652,CAMP,pooled,same,none,,target,0.25,full_frozen,current_su_guard,20,20,0,0,0.7532863849765258,0.06728467641997517,43.2,598.6
A-CAMP-ROBUSTNESS-001/university,University1652,CAMP,pooled,same,none,,target,0.25,matched,current_su_guard,20,20,0,0,0.7525234741784037,0.06633460711468074,42.55,598.6
A-CAMP-ROBUSTNESS-001/university,University1652,CAMP,pooled,same,none,,target,0.25,budget10,old_su,20,20,0,0,0.09976525821596244,0.24823529411764705,21.1,63.9
A-CAMP-ROBUSTNESS-001/university,University1652,CAMP,pooled,same,none,,target,0.25,budget25,old_su,20,20,0,0,0.25,0.23497652582159625,50.05,162.95
A-CAMP-ROBUSTNESS-001/university,University1652,CAMP,pooled,same,none,,target,0.25,budget50,old_su,20,20,0,0,0.5,0.24859154929577465,105.9,320.1
A-CAMP-ROBUSTNESS-001/university,University1652,CAMP,pooled,same,none,,target,0.25,full_frozen,old_su,20,20,0,0,1.0,0.29119718309859155,248.1,603.9
A-CAMP-ROBUSTNESS-001/university,University1652,CAMP,pooled,same,none,,target,0.25,matched,old_su,20,0,20,20,0.0,,,
A-CAMP-ROBUSTNESS-001/university,University1652,CAMP,pooled,same,none,,target,0.25,budget10,old_su_guard,20,20,0,0,0.09976525821596244,0.0,0,85
A-CAMP-ROBUSTNESS-001/university,University1652,CAMP,pooled,same,none,,target,0.25,budget25,old_su_guard,20,20,0,0,0.25,0.011032863849765259,2.35,210.65
A-CAMP-ROBUSTNESS-001/university,University1652,CAMP,pooled,same,none,,target,0.25,budget50,old_su_guard,20,20,0,0,0.5,0.015258215962441314,6.5,419.5
A-CAMP-ROBUSTNESS-001/university,University1652,CAMP,pooled,same,none,,target,0.25,full_frozen,old_su_guard,20,20,0,0,0.7532863849765258,0.06728467641997517,43.2,598.6
A-CAMP-ROBUSTNESS-001/university,University1652,CAMP,pooled,same,none,,target,0.25,matched,old_su_guard,20,20,0,0,0.7526408450704225,0.06648232902257781,42.65,598.6
A-CAMP-ROBUSTNESS-001/university,University1652,CAMP,pooled,same,none,,target,0.25,budget10,current_margin,20,20,0,0,0.09976525821596244,0.011176470588235295,0.95,84.05
A-CAMP-ROBUSTNESS-001/university,University1652,CAMP,pooled,same,none,,target,0.25,budget25,current_margin,20,20,0,0,0.25,0.016666666666666666,3.55,209.45
A-CAMP-ROBUSTNESS-001/university,University1652,CAMP,pooled,same,none,,target,0.25,budget50,current_margin,20,20,0,0,0.5,0.024178403755868546,10.3,415.7
A-CAMP-ROBUSTNESS-001/university,University1652,CAMP,pooled,same,none,,target,0.25,full_frozen,current_margin,20,20,0,0,1.0,0.29119718309859155,248.1,603.9
A-CAMP-ROBUSTNESS-001/university,University1652,CAMP,pooled,same,none,,target,0.25,matched,current_margin,20,20,0,0,0.7118544600938967,0.100368347250305,61.15,545.35
A-CAMP-ROBUSTNESS-001/university,University1652,CAMP,pooled,same,none,,target,0.25,budget10,current_margin_guard,20,20,0,0,0.09976525821596244,0.002352941176470588,0.2,84.8
A-CAMP-ROBUSTNESS-001/university,University1652,CAMP,pooled,same,none,,target,0.25,budget25,current_margin_guard,20,20,0,0,0.25,0.008215962441314555,1.75,211.25
A-CAMP-ROBUSTNESS-001/university,University1652,CAMP,pooled,same,none,,target,0.25,budget50,current_margin_guard,20,20,0,0,0.5,0.007394366197183098,3.15,422.85
A-CAMP-ROBUSTNESS-001/university,University1652,CAMP,pooled,same,none,,target,0.25,full_frozen,current_margin_guard,20,20,0,0,0.7532863849765258,0.06728467641997517,43.2,598.6
A-CAMP-ROBUSTNESS-001/university,University1652,CAMP,pooled,same,none,,target,0.25,matched,current_margin_guard,20,20,0,0,0.7522300469483568,0.06667275488339804,42.75,598.15
A-CAMP-ROBUSTNESS-001/university,University1652,CAMP,pooled,same,none,,target,0.25,budget10,old_margin_guard,20,20,0,0,0.09976525821596244,0.0,0,85
A-CAMP-ROBUSTNESS-001/university,University1652,CAMP,pooled,same,none,,target,0.25,budget25,old_margin_guard,20,20,0,0,0.25,0.0,0,213
A-CAMP-ROBUSTNESS-001/university,University1652,CAMP,pooled,same,none,,target,0.25,budget50,old_margin_guard,20,20,0,0,0.5,0.001995305164319249,0.85,425.15
A-CAMP-ROBUSTNESS-001/university,University1652,CAMP,pooled,same,none,,target,0.25,full_frozen,old_margin_guard,20,20,0,0,0.7532863849765258,0.06728467641997517,43.2,598.6
A-CAMP-ROBUSTNESS-001/university,University1652,CAMP,pooled,same,none,,target,0.25,matched,old_margin_guard,20,20,0,0,0.7515258215962441,0.06626463185500686,42.45,597.85
A-CAMP-ROBUSTNESS-001/university,University1652,CAMP,pooled,same,none,,target,0.25,budget10,sq8_margin_guard,20,20,0,0,0.09976525821596244,0.0,0,85
A-CAMP-ROBUSTNESS-001/university,University1652,CAMP,pooled,same,none,,target,0.25,budget25,sq8_margin_guard,20,20,0,0,0.25,0.0,0,213
A-CAMP-ROBUSTNESS-001/university,University1652,CAMP,pooled,same,none,,target,0.25,budget50,sq8_margin_guard,20,20,0,0,0.5,0.001995305164319249,0.85,425.15
A-CAMP-ROBUSTNESS-001/university,University1652,CAMP,pooled,same,none,,target,0.25,full_frozen,sq8_margin_guard,20,20,0,0,0.7414906103286385,0.05891703510606873,37.25,594.5
A-CAMP-ROBUSTNESS-001/university,University1652,CAMP,pooled,same,none,,target,0.25,matched,sq8_margin_guard,20,20,0,0,0.7402582159624413,0.05806189307844726,36.65,594.05
A-CAMP-ROBUSTNESS-001/university,University1652,CAMP,pooled,same,none,,control,0.25,budget10,current_su,20,20,0,0,0.09976525821596244,0.0,0,85
A-CAMP-ROBUSTNESS-001/university,University1652,CAMP,pooled,same,none,,control,0.25,budget25,current_su,20,20,0,0,0.25,0.0025821596244131454,0.55,212.45
A-CAMP-ROBUSTNESS-001/university,University1652,CAMP,pooled,same,none,,control,0.25,budget50,current_su,20,20,0,0,0.5,0.01267605633802817,5.4,420.6
A-CAMP-ROBUSTNESS-001/university,University1652,CAMP,pooled,same,none,,control,0.25,full_frozen,current_su,20,20,0,0,1.0,0.06296948356807512,53.65,798.35
A-CAMP-ROBUSTNESS-001/university,University1652,CAMP,pooled,same,none,,control,0.25,matched,current_su,20,20,0,0,0.9999413145539906,0.06291445303233423,53.6,798.35
A-CAMP-ROBUSTNESS-001/university,University1652,CAMP,pooled,same,none,,control,0.25,budget10,current_su_guard,20,20,0,0,0.09976525821596244,0.0,0,85
A-CAMP-ROBUSTNESS-001/university,University1652,CAMP,pooled,same,none,,control,0.25,budget25,current_su_guard,20,20,0,0,0.25,0.003051643192488263,0.65,212.35
A-CAMP-ROBUSTNESS-001/university,University1652,CAMP,pooled,same,none,,control,0.25,budget50,current_su_guard,20,20,0,0,0.5,0.01267605633802817,5.4,420.6
A-CAMP-ROBUSTNESS-001/university,University1652,CAMP,pooled,same,none,,control,0.25,full_frozen,current_su_guard,20,20,0,0,0.9966549295774648,0.06141314918198912,52.15,797
A-CAMP-ROBUSTNESS-001/university,University1652,CAMP,pooled,same,none,,control,0.25,matched,current_su_guard,20,20,0,0,0.9965962441314554,0.06135779826970608,52.1,797
A-CAMP-ROBUSTNESS-001/university,University1652,CAMP,pooled,same,none,,control,0.25,budget10,old_su,20,20,0,0,0.09976525821596244,0.0,0,85
A-CAMP-ROBUSTNESS-001/university,University1652,CAMP,pooled,same,none,,control,0.25,budget25,old_su,20,20,0,0,0.25,0.0,0,213
A-CAMP-ROBUSTNESS-001/university,University1652,CAMP,pooled,same,none,,control,0.25,budget50,old_su,20,20,0,0,0.5,0.015023474178403757,6.4,419.6
A-CAMP-ROBUSTNESS-001/university,University1652,CAMP,pooled,same,none,,control,0.25,full_frozen,old_su,20,20,0,0,1.0,0.06296948356807512,53.65,798.35
A-CAMP-ROBUSTNESS-001/university,University1652,CAMP,pooled,same,none,,control,0.25,matched,old_su,20,20,0,0,1.0,0.06296948356807512,53.65,798.35
A-CAMP-ROBUSTNESS-001/university,University1652,CAMP,pooled,same,none,,control,0.25,budget10,old_su_guard,20,20,0,0,0.09976525821596244,0.0,0,85
A-CAMP-ROBUSTNESS-001/university,University1652,CAMP,pooled,same,none,,control,0.25,budget25,old_su_guard,20,20,0,0,0.25,0.0,0,213
A-CAMP-ROBUSTNESS-001/university,University1652,CAMP,pooled,same,none,,control,0.25,budget50,old_su_guard,20,20,0,0,0.5,0.015023474178403757,6.4,419.6
A-CAMP-ROBUSTNESS-001/university,University1652,CAMP,pooled,same,none,,control,0.25,full_frozen,old_su_guard,20,20,0,0,0.9966549295774648,0.06141314918198912,52.15,797
A-CAMP-ROBUSTNESS-001/university,University1652,CAMP,pooled,same,none,,control,0.25,matched,old_su_guard,20,20,0,0,0.9966549295774648,0.06141314918198912,52.15,797
A-CAMP-ROBUSTNESS-001/university,University1652,CAMP,pooled,same,none,,control,0.25,budget10,current_margin,20,20,0,0,0.09976525821596244,0.0,0,85
A-CAMP-ROBUSTNESS-001/university,University1652,CAMP,pooled,same,none,,control,0.25,budget25,current_margin,20,20,0,0,0.25,0.0,0,213
A-CAMP-ROBUSTNESS-001/university,University1652,CAMP,pooled,same,none,,control,0.25,budget50,current_margin,20,20,0,0,0.5,0.002347417840375587,1,425
A-CAMP-ROBUSTNESS-001/university,University1652,CAMP,pooled,same,none,,control,0.25,full_frozen,current_margin,20,20,0,0,1.0,0.06296948356807512,53.65,798.35
A-CAMP-ROBUSTNESS-001/university,University1652,CAMP,pooled,same,none,,control,0.25,matched,current_margin,20,20,0,0,0.994718309859155,0.06064537342256851,51.4,796.1
A-CAMP-ROBUSTNESS-001/university,University1652,CAMP,pooled,same,none,,control,0.25,budget10,current_margin_guard,20,20,0,0,0.09976525821596244,0.0,0,85
A-CAMP-ROBUSTNESS-001/university,University1652,CAMP,pooled,same,none,,control,0.25,budget25,current_margin_guard,20,20,0,0,0.25,0.0,0,213
A-CAMP-ROBUSTNESS-001/university,University1652,CAMP,pooled,same,none,,control,0.25,budget50,current_margin_guard,20,20,0,0,0.5,0.002347417840375587,1,425
A-CAMP-ROBUSTNESS-001/university,University1652,CAMP,pooled,same,none,,control,0.25,full_frozen,current_margin_guard,20,20,0,0,0.9966549295774648,0.06141314918198912,52.15,797
A-CAMP-ROBUSTNESS-001/university,University1652,CAMP,pooled,same,none,,control,0.25,matched,current_margin_guard,20,20,0,0,0.9913732394366197,0.059072200821746086,49.9,794.75
A-CAMP-ROBUSTNESS-001/university,University1652,CAMP,pooled,same,none,,control,0.25,budget10,old_margin_guard,20,20,0,0,0.09976525821596244,0.0,0,85
A-CAMP-ROBUSTNESS-001/university,University1652,CAMP,pooled,same,none,,control,0.25,budget25,old_margin_guard,20,20,0,0,0.25,0.0,0,213
A-CAMP-ROBUSTNESS-001/university,University1652,CAMP,pooled,same,none,,control,0.25,budget50,old_margin_guard,20,20,0,0,0.5,0.002347417840375587,1,425
A-CAMP-ROBUSTNESS-001/university,University1652,CAMP,pooled,same,none,,control,0.25,full_frozen,old_margin_guard,20,20,0,0,0.9966549295774648,0.06141314918198912,52.15,797
A-CAMP-ROBUSTNESS-001/university,University1652,CAMP,pooled,same,none,,control,0.25,matched,old_margin_guard,20,20,0,0,0.9966549295774648,0.06141314918198912,52.15,797
A-CAMP-ROBUSTNESS-001/university,University1652,CAMP,pooled,same,none,,control,0.25,budget10,sq8_margin_guard,20,20,0,0,0.09976525821596244,0.0,0,85
A-CAMP-ROBUSTNESS-001/university,University1652,CAMP,pooled,same,none,,control,0.25,budget25,sq8_margin_guard,20,20,0,0,0.25,0.0,0,213
A-CAMP-ROBUSTNESS-001/university,University1652,CAMP,pooled,same,none,,control,0.25,budget50,sq8_margin_guard,20,20,0,0,0.5,0.002347417840375587,1,425
A-CAMP-ROBUSTNESS-001/university,University1652,CAMP,pooled,same,none,,control,0.25,full_frozen,sq8_margin_guard,20,20,0,0,0.9907863849765258,0.058220708922436665,49.15,795
A-CAMP-ROBUSTNESS-001/university,University1652,CAMP,pooled,same,none,,control,0.25,matched,sq8_margin_guard,20,20,0,0,0.9855046948356807,0.055848641410531,46.9,792.75
A-CAMP-ROBUSTNESS-001/university,University1652,CAMP,pooled,same,none,,target,0.5,budget10,current_su,20,20,0,0,0.09976525821596244,0.018823529411764704,1.6,83.4
A-CAMP-ROBUSTNESS-001/university,University1652,CAMP,pooled,same,none,,target,0.5,budget25,current_su,20,20,0,0,0.25,0.039671361502347416,8.45,204.55
A-CAMP-ROBUSTNESS-001/university,University1652,CAMP,pooled,same,none,,target,0.5,budget50,current_su,20,20,0,0,0.5,0.14706572769953052,62.65,363.35
A-CAMP-ROBUSTNESS-001/university,University1652,CAMP,pooled,same,none,,target,0.5,full_frozen,current_su,20,20,0,0,0.988556338028169,0.5197894364250586,437.8,404.45
A-CAMP-ROBUSTNESS-001/university,University1652,CAMP,pooled,same,none,,target,0.5,matched,current_su,20,20,0,0,0.38884976525821596,0.07607090897079653,25.35,305.95
A-CAMP-ROBUSTNESS-001/university,University1652,CAMP,pooled,same,none,,target,0.5,budget10,current_su_guard,20,20,0,0,0.09976525821596244,0.009411764705882352,0.8,84.2
A-CAMP-ROBUSTNESS-001/university,University1652,CAMP,pooled,same,none,,target,0.5,budget25,current_su_guard,20,20,0,0,0.25,0.019014084507042252,4.05,208.95
A-CAMP-ROBUSTNESS-001/university,University1652,CAMP,pooled,same,none,,target,0.5,budget50,current_su_guard,20,11,9,9,0.275,0.06572769953051644,28,398
A-CAMP-ROBUSTNESS-001/university,University1652,CAMP,pooled,same,none,,target,0.5,full_frozen,current_su_guard,20,20,0,0,0.5020539906103286,0.06997282687613109,30,397.75
A-CAMP-ROBUSTNESS-001/university,University1652,CAMP,pooled,same,none,,target,0.5,matched,current_su_guard,20,20,0,0,0.5005868544600939,0.06747617431999438,28.85,397.65
A-CAMP-ROBUSTNESS-001/university,University1652,CAMP,pooled,same,none,,target,0.5,budget10,old_su,20,20,0,0,0.09976525821596244,0.49529411764705883,42.1,42.9
A-CAMP-ROBUSTNESS-001/university,University1652,CAMP,pooled,same,none,,target,0.5,budget25,old_su,20,20,0,0,0.25,0.4884976525821596,104.05,108.95
A-CAMP-ROBUSTNESS-001/university,University1652,CAMP,pooled,same,none,,target,0.5,budget50,old_su,20,20,0,0,0.5,0.4950704225352113,210.9,215.1
A-CAMP-ROBUSTNESS-001/university,University1652,CAMP,pooled,same,none,,target,0.5,full_frozen,old_su,20,20,0,0,1.0,0.525293427230047,447.55,404.45
A-CAMP-ROBUSTNESS-001/university,University1652,CAMP,pooled,same,none,,target,0.5,matched,old_su,20,0,20,20,0.0,,,
A-CAMP-ROBUSTNESS-001/university,University1652,CAMP,pooled,same,none,,target,0.5,budget10,old_su_guard,20,20,0,0,0.09976525821596244,0.0,0,85
A-CAMP-ROBUSTNESS-001/university,University1652,CAMP,pooled,same,none,,target,0.5,budget25,old_su_guard,20,20,0,0,0.25,0.01784037558685446,3.8,209.2
A-CAMP-ROBUSTNESS-001/university,University1652,CAMP,pooled,same,none,,target,0.5,budget50,old_su_guard,20,11,9,9,0.275,0.06487409304310712,27.636363636363637,398.3636363636364
A-CAMP-ROBUSTNESS-001/university,University1652,CAMP,pooled,same,none,,target,0.5,full_frozen,old_su_guard,20,20,0,0,0.5020539906103286,0.06997282687613109,30,397.75
A-CAMP-ROBUSTNESS-001/university,University1652,CAMP,pooled,same,none,,target,0.5,matched,old_su_guard,20,20,0,0,0.501056338028169,0.06810492692237821,29.15,397.75
A-CAMP-ROBUSTNESS-001/university,University1652,CAMP,pooled,same,none,,target,0.5,budget10,current_margin,20,20,0,0,0.09976525821596244,0.020588235294117647,1.75,83.25
A-CAMP-ROBUSTNESS-001/university,University1652,CAMP,pooled,same,none,,target,0.5,budget25,current_margin,20,20,0,0,0.25,0.03051643192488263,6.5,206.5
A-CAMP-ROBUSTNESS-001/university,University1652,CAMP,pooled,same,none,,target,0.5,budget50,current_margin,20,20,0,0,0.5,0.1647887323943662,70.2,355.8
A-CAMP-ROBUSTNESS-001/university,University1652,CAMP,pooled,same,none,,target,0.5,full_frozen,current_margin,20,20,0,0,1.0,0.525293427230047,447.55,404.45
A-CAMP-ROBUSTNESS-001/university,University1652,CAMP,pooled,same,none,,target,0.5,matched,current_margin,20,20,0,0,0.4004107981220657,0.08297895210537207,28.7,312.45
A-CAMP-ROBUSTNESS-001/university,University1652,CAMP,pooled,same,none,,target,0.5,budget10,current_margin_guard,20,20,0,0,0.09976525821596244,0.007058823529411765,0.6,84.4
A-CAMP-ROBUSTNESS-001/university,University1652,CAMP,pooled,same,none,,target,0.5,budget25,current_margin_guard,20,20,0,0,0.25,0.009624413145539907,2.05,210.95
A-CAMP-ROBUSTNESS-001/university,University1652,CAMP,pooled,same,none,,target,0.5,budget50,current_margin_guard,20,11,9,9,0.275,0.06764831412718737,28.818181818181817,397.1818181818182
A-CAMP-ROBUSTNESS-001/university,University1652,CAMP,pooled,same,none,,target,0.5,full_frozen,current_margin_guard,20,20,0,0,0.5020539906103286,0.06997282687613109,30,397.75
A-CAMP-ROBUSTNESS-001/university,University1652,CAMP,pooled,same,none,,target,0.5,matched,current_margin_guard,20,20,0,0,0.5004107981220657,0.06799430643468612,29.05,397.3
A-CAMP-ROBUSTNESS-001/university,University1652,CAMP,pooled,same,none,,target,0.5,budget10,old_margin_guard,20,20,0,0,0.09976525821596244,0.0,0,85
A-CAMP-ROBUSTNESS-001/university,University1652,CAMP,pooled,same,none,,target,0.5,budget25,old_margin_guard,20,20,0,0,0.25,0.0018779342723004694,0.4,212.6
A-CAMP-ROBUSTNESS-001/university,University1652,CAMP,pooled,same,none,,target,0.5,budget50,old_margin_guard,20,11,9,9,0.275,0.06850192061459667,29.181818181818183,396.8181818181818
A-CAMP-ROBUSTNESS-001/university,University1652,CAMP,pooled,same,none,,target,0.5,full_frozen,old_margin_guard,20,20,0,0,0.5020539906103286,0.06997282687613109,30,397.75
A-CAMP-ROBUSTNESS-001/university,University1652,CAMP,pooled,same,none,,target,0.5,matched,old_margin_guard,20,20,0,0,0.4993544600938967,0.06746943280176504,28.75,396.7
A-CAMP-ROBUSTNESS-001/university,University1652,CAMP,pooled,same,none,,target,0.5,budget10,sq8_margin_guard,20,20,0,0,0.09976525821596244,0.0,0,85
A-CAMP-ROBUSTNESS-001/university,University1652,CAMP,pooled,same,none,,target,0.5,budget25,sq8_margin_guard,20,20,0,0,0.25,0.0018779342723004694,0.4,212.6
A-CAMP-ROBUSTNESS-001/university,University1652,CAMP,pooled,same,none,,target,0.5,budget50,sq8_margin_guard,20,2,18,18,0.05,0.06103286384976526,26,400
A-CAMP-ROBUSTNESS-001/university,University1652,CAMP,pooled,same,none,,target,0.5,full_frozen,sq8_margin_guard,20,20,0,0,0.4876760563380282,0.05483648090039434,22.85,392.65
A-CAMP-ROBUSTNESS-001/university,University1652,CAMP,pooled,same,none,,target,0.5,matched,sq8_margin_guard,20,20,0,0,0.48597417840375584,0.05264804582113609,21.85,392.2
A-CAMP-ROBUSTNESS-001/sues,SUES200,CAMP,pooled,same,none,,full,0.0,budget10,current_su,1,1,0,0,0.09943977591036414,0.0,0,142
A-CAMP-ROBUSTNESS-001/sues,SUES200,CAMP,pooled,same,none,,full,0.0,budget25,current_su,1,1,0,0,0.25,0.0,0,357
A-CAMP-ROBUSTNESS-001/sues,SUES200,CAMP,pooled,same,none,,full,0.0,budget50,current_su,1,1,0,0,0.5,0.0056022408963585435,4,710
A-CAMP-ROBUSTNESS-001/sues,SUES200,CAMP,pooled,same,none,,full,0.0,full_frozen,current_su,1,1,0,0,0.8592436974789915,0.10024449877750612,123,1104
A-CAMP-ROBUSTNESS-001/sues,SUES200,CAMP,pooled,same,none,,full,0.0,matched,current_su,1,1,0,0,0.8592436974789915,0.10024449877750612,123,1104
A-CAMP-ROBUSTNESS-001/sues,SUES200,CAMP,pooled,same,none,,full,0.0,budget10,current_su_guard,1,1,0,0,0.09943977591036414,0.0,0,142
A-CAMP-ROBUSTNESS-001/sues,SUES200,CAMP,pooled,same,none,,full,0.0,budget25,current_su_guard,1,1,0,0,0.25,0.0,0,357
A-CAMP-ROBUSTNESS-001/sues,SUES200,CAMP,pooled,same,none,,full,0.0,budget50,current_su_guard,1,1,0,0,0.5,0.0056022408963585435,4,710
A-CAMP-ROBUSTNESS-001/sues,SUES200,CAMP,pooled,same,none,,full,0.0,full_frozen,current_su_guard,1,1,0,0,0.8592436974789915,0.10024449877750612,123,1104
A-CAMP-ROBUSTNESS-001/sues,SUES200,CAMP,pooled,same,none,,full,0.0,matched,current_su_guard,1,1,0,0,0.8592436974789915,0.10024449877750612,123,1104
A-CAMP-ROBUSTNESS-001/sues,SUES200,CAMP,pooled,same,none,,full,0.0,budget10,old_su,1,1,0,0,0.09943977591036414,0.0,0,142
A-CAMP-ROBUSTNESS-001/sues,SUES200,CAMP,pooled,same,none,,full,0.0,budget25,old_su,1,1,0,0,0.25,0.0,0,357
A-CAMP-ROBUSTNESS-001/sues,SUES200,CAMP,pooled,same,none,,full,0.0,budget50,old_su,1,1,0,0,0.5,0.0056022408963585435,4,710
A-CAMP-ROBUSTNESS-001/sues,SUES200,CAMP,pooled,same,none,,full,0.0,full_frozen,old_su,1,1,0,0,0.8592436974789915,0.10024449877750612,123,1104
A-CAMP-ROBUSTNESS-001/sues,SUES200,CAMP,pooled,same,none,,full,0.0,matched,old_su,1,1,0,0,0.8592436974789915,0.10024449877750612,123,1104
A-CAMP-ROBUSTNESS-001/sues,SUES200,CAMP,pooled,same,none,,full,0.0,budget10,old_su_guard,1,1,0,0,0.09943977591036414,0.0,0,142
A-CAMP-ROBUSTNESS-001/sues,SUES200,CAMP,pooled,same,none,,full,0.0,budget25,old_su_guard,1,1,0,0,0.25,0.0,0,357
A-CAMP-ROBUSTNESS-001/sues,SUES200,CAMP,pooled,same,none,,full,0.0,budget50,old_su_guard,1,1,0,0,0.5,0.0056022408963585435,4,710
A-CAMP-ROBUSTNESS-001/sues,SUES200,CAMP,pooled,same,none,,full,0.0,full_frozen,old_su_guard,1,1,0,0,0.8592436974789915,0.10024449877750612,123,1104
A-CAMP-ROBUSTNESS-001/sues,SUES200,CAMP,pooled,same,none,,full,0.0,matched,old_su_guard,1,1,0,0,0.8592436974789915,0.10024449877750612,123,1104
A-CAMP-ROBUSTNESS-001/sues,SUES200,CAMP,pooled,same,none,,full,0.0,budget10,current_margin,1,1,0,0,0.09943977591036414,0.0,0,142
A-CAMP-ROBUSTNESS-001/sues,SUES200,CAMP,pooled,same,none,,full,0.0,budget25,current_margin,1,1,0,0,0.25,0.0,0,357
A-CAMP-ROBUSTNESS-001/sues,SUES200,CAMP,pooled,same,none,,full,0.0,budget50,current_margin,1,1,0,0,0.5,0.0028011204481792717,2,712
A-CAMP-ROBUSTNESS-001/sues,SUES200,CAMP,pooled,same,none,,full,0.0,full_frozen,current_margin,1,1,0,0,0.9467787114845938,0.14940828402366865,202,1150
A-CAMP-ROBUSTNESS-001/sues,SUES200,CAMP,pooled,same,none,,full,0.0,matched,current_margin,1,1,0,0,0.9467787114845938,0.14940828402366865,202,1150
A-CAMP-ROBUSTNESS-001/sues,SUES200,CAMP,pooled,same,none,,full,0.0,budget10,current_margin_guard,1,1,0,0,0.09943977591036414,0.0,0,142
A-CAMP-ROBUSTNESS-001/sues,SUES200,CAMP,pooled,same,none,,full,0.0,budget25,current_margin_guard,1,1,0,0,0.25,0.0,0,357
A-CAMP-ROBUSTNESS-001/sues,SUES200,CAMP,pooled,same,none,,full,0.0,budget50,current_margin_guard,1,1,0,0,0.5,0.0028011204481792717,2,712
A-CAMP-ROBUSTNESS-001/sues,SUES200,CAMP,pooled,same,none,,full,0.0,full_frozen,current_margin_guard,1,1,0,0,0.9467787114845938,0.14940828402366865,202,1150
A-CAMP-ROBUSTNESS-001/sues,SUES200,CAMP,pooled,same,none,,full,0.0,matched,current_margin_guard,1,1,0,0,0.9467787114845938,0.14940828402366865,202,1150
A-CAMP-ROBUSTNESS-001/sues,SUES200,CAMP,pooled,same,none,,full,0.0,budget10,old_margin_guard,1,1,0,0,0.09943977591036414,0.0,0,142
A-CAMP-ROBUSTNESS-001/sues,SUES200,CAMP,pooled,same,none,,full,0.0,budget25,old_margin_guard,1,1,0,0,0.25,0.0,0,357
A-CAMP-ROBUSTNESS-001/sues,SUES200,CAMP,pooled,same,none,,full,0.0,budget50,old_margin_guard,1,1,0,0,0.5,0.0028011204481792717,2,712
A-CAMP-ROBUSTNESS-001/sues,SUES200,CAMP,pooled,same,none,,full,0.0,full_frozen,old_margin_guard,1,1,0,0,0.9467787114845938,0.14940828402366865,202,1150
A-CAMP-ROBUSTNESS-001/sues,SUES200,CAMP,pooled,same,none,,full,0.0,matched,old_margin_guard,1,1,0,0,0.9467787114845938,0.14940828402366865,202,1150
A-CAMP-ROBUSTNESS-001/sues,SUES200,CAMP,pooled,same,none,,full,0.0,budget10,sq8_margin_guard,1,1,0,0,0.09943977591036414,0.0,0,142
A-CAMP-ROBUSTNESS-001/sues,SUES200,CAMP,pooled,same,none,,full,0.0,budget25,sq8_margin_guard,1,1,0,0,0.25,0.0,0,357
A-CAMP-ROBUSTNESS-001/sues,SUES200,CAMP,pooled,same,none,,full,0.0,budget50,sq8_margin_guard,1,1,0,0,0.5,0.0028011204481792717,2,712
A-CAMP-ROBUSTNESS-001/sues,SUES200,CAMP,pooled,same,none,,full,0.0,full_frozen,sq8_margin_guard,1,1,0,0,0.9467787114845938,0.14940828402366865,202,1150
A-CAMP-ROBUSTNESS-001/sues,SUES200,CAMP,pooled,same,none,,full,0.0,matched,sq8_margin_guard,1,1,0,0,0.9467787114845938,0.14940828402366865,202,1150
A-CAMP-ROBUSTNESS-001/sues,SUES200,CAMP,150,same,none,,full,0.0,budget10,current_su,1,1,0,0,0.09803921568627451,0.0,0,35
A-CAMP-ROBUSTNESS-001/sues,SUES200,CAMP,150,same,none,,full,0.0,budget25,current_su,1,1,0,0,0.24929971988795518,0.02247191011235955,2,87
A-CAMP-ROBUSTNESS-001/sues,SUES200,CAMP,150,same,none,,full,0.0,budget50,current_su,1,1,0,0,0.49859943977591037,0.07303370786516854,13,165
A-CAMP-ROBUSTNESS-001/sues,SUES200,CAMP,150,same,none,,full,0.0,full_frozen,current_su,1,1,0,0,0.5826330532212886,0.09134615384615384,19,189
A-CAMP-ROBUSTNESS-001/sues,SUES200,CAMP,150,same,none,,full,0.0,matched,current_su,1,1,0,0,0.5826330532212886,0.09134615384615384,19,189
A-CAMP-ROBUSTNESS-001/sues,SUES200,CAMP,150,same,none,,full,0.0,budget10,current_su_guard,1,1,0,0,0.09803921568627451,0.0,0,35
A-CAMP-ROBUSTNESS-001/sues,SUES200,CAMP,150,same,none,,full,0.0,budget25,current_su_guard,1,1,0,0,0.24929971988795518,0.02247191011235955,2,87
A-CAMP-ROBUSTNESS-001/sues,SUES200,CAMP,150,same,none,,full,0.0,budget50,current_su_guard,1,1,0,0,0.49859943977591037,0.07303370786516854,13,165
A-CAMP-ROBUSTNESS-001/sues,SUES200,CAMP,150,same,none,,full,0.0,full_frozen,current_su_guard,1,1,0,0,0.5826330532212886,0.09134615384615384,19,189
A-CAMP-ROBUSTNESS-001/sues,SUES200,CAMP,150,same,none,,full,0.0,matched,current_su_guard,1,1,0,0,0.5826330532212886,0.09134615384615384,19,189
A-CAMP-ROBUSTNESS-001/sues,SUES200,CAMP,150,same,none,,full,0.0,budget10,old_su,1,1,0,0,0.09803921568627451,0.0,0,35
A-CAMP-ROBUSTNESS-001/sues,SUES200,CAMP,150,same,none,,full,0.0,budget25,old_su,1,1,0,0,0.24929971988795518,0.02247191011235955,2,87
A-CAMP-ROBUSTNESS-001/sues,SUES200,CAMP,150,same,none,,full,0.0,budget50,old_su,1,1,0,0,0.49859943977591037,0.07303370786516854,13,165
A-CAMP-ROBUSTNESS-001/sues,SUES200,CAMP,150,same,none,,full,0.0,full_frozen,old_su,1,1,0,0,0.5826330532212886,0.09134615384615384,19,189
A-CAMP-ROBUSTNESS-001/sues,SUES200,CAMP,150,same,none,,full,0.0,matched,old_su,1,1,0,0,0.5826330532212886,0.09134615384615384,19,189
A-CAMP-ROBUSTNESS-001/sues,SUES200,CAMP,150,same,none,,full,0.0,budget10,old_su_guard,1,1,0,0,0.09803921568627451,0.0,0,35
A-CAMP-ROBUSTNESS-001/sues,SUES200,CAMP,150,same,none,,full,0.0,budget25,old_su_guard,1,1,0,0,0.24929971988795518,0.02247191011235955,2,87
A-CAMP-ROBUSTNESS-001/sues,SUES200,CAMP,150,same,none,,full,0.0,budget50,old_su_guard,1,1,0,0,0.49859943977591037,0.07303370786516854,13,165
A-CAMP-ROBUSTNESS-001/sues,SUES200,CAMP,150,same,none,,full,0.0,full_frozen,old_su_guard,1,1,0,0,0.5826330532212886,0.09134615384615384,19,189
A-CAMP-ROBUSTNESS-001/sues,SUES200,CAMP,150,same,none,,full,0.0,matched,old_su_guard,1,1,0,0,0.5826330532212886,0.09134615384615384,19,189
A-CAMP-ROBUSTNESS-001/sues,SUES200,CAMP,150,same,none,,full,0.0,budget10,current_margin,1,1,0,0,0.09803921568627451,0.0,0,35
A-CAMP-ROBUSTNESS-001/sues,SUES200,CAMP,150,same,none,,full,0.0,budget25,current_margin,1,1,0,0,0.24929971988795518,0.0,0,89
A-CAMP-ROBUSTNESS-001/sues,SUES200,CAMP,150,same,none,,full,0.0,budget50,current_margin,1,1,0,0,0.49859943977591037,0.06741573033707865,12,166
A-CAMP-ROBUSTNESS-001/sues,SUES200,CAMP,150,same,none,,full,0.0,full_frozen,current_margin,1,1,0,0,0.6274509803921569,0.10714285714285714,24,200
A-CAMP-ROBUSTNESS-001/sues,SUES200,CAMP,150,same,none,,full,0.0,matched,current_margin,1,1,0,0,0.6274509803921569,0.10714285714285714,24,200
A-CAMP-ROBUSTNESS-001/sues,SUES200,CAMP,150,same,none,,full,0.0,budget10,current_margin_guard,1,1,0,0,0.09803921568627451,0.0,0,35
A-CAMP-ROBUSTNESS-001/sues,SUES200,CAMP,150,same,none,,full,0.0,budget25,current_margin_guard,1,1,0,0,0.24929971988795518,0.0,0,89
A-CAMP-ROBUSTNESS-001/sues,SUES200,CAMP,150,same,none,,full,0.0,budget50,current_margin_guard,1,1,0,0,0.49859943977591037,0.06741573033707865,12,166
A-CAMP-ROBUSTNESS-001/sues,SUES200,CAMP,150,same,none,,full,0.0,full_frozen,current_margin_guard,1,1,0,0,0.6274509803921569,0.10714285714285714,24,200
A-CAMP-ROBUSTNESS-001/sues,SUES200,CAMP,150,same,none,,full,0.0,matched,current_margin_guard,1,1,0,0,0.6274509803921569,0.10714285714285714,24,200
A-CAMP-ROBUSTNESS-001/sues,SUES200,CAMP,150,same,none,,full,0.0,budget10,old_margin_guard,1,1,0,0,0.09803921568627451,0.0,0,35
A-CAMP-ROBUSTNESS-001/sues,SUES200,CAMP,150,same,none,,full,0.0,budget25,old_margin_guard,1,1,0,0,0.24929971988795518,0.0,0,89
A-CAMP-ROBUSTNESS-001/sues,SUES200,CAMP,150,same,none,,full,0.0,budget50,old_margin_guard,1,1,0,0,0.49859943977591037,0.06741573033707865,12,166
A-CAMP-ROBUSTNESS-001/sues,SUES200,CAMP,150,same,none,,full,0.0,full_frozen,old_margin_guard,1,1,0,0,0.6274509803921569,0.10714285714285714,24,200
A-CAMP-ROBUSTNESS-001/sues,SUES200,CAMP,150,same,none,,full,0.0,matched,old_margin_guard,1,1,0,0,0.6274509803921569,0.10714285714285714,24,200
A-CAMP-ROBUSTNESS-001/sues,SUES200,CAMP,150,same,none,,full,0.0,budget10,sq8_margin_guard,1,1,0,0,0.09803921568627451,0.0,0,35
A-CAMP-ROBUSTNESS-001/sues,SUES200,CAMP,150,same,none,,full,0.0,budget25,sq8_margin_guard,1,1,0,0,0.24929971988795518,0.0,0,89
A-CAMP-ROBUSTNESS-001/sues,SUES200,CAMP,150,same,none,,full,0.0,budget50,sq8_margin_guard,1,1,0,0,0.49859943977591037,0.06741573033707865,12,166
A-CAMP-ROBUSTNESS-001/sues,SUES200,CAMP,150,same,none,,full,0.0,full_frozen,sq8_margin_guard,1,1,0,0,0.6274509803921569,0.10714285714285714,24,200
A-CAMP-ROBUSTNESS-001/sues,SUES200,CAMP,150,same,none,,full,0.0,matched,sq8_margin_guard,1,1,0,0,0.6274509803921569,0.10714285714285714,24,200
A-CAMP-ROBUSTNESS-001/sues,SUES200,CAMP,200,same,none,,full,0.0,budget10,current_su,1,1,0,0,0.09803921568627451,0.0,0,35
A-CAMP-ROBUSTNESS-001/sues,SUES200,CAMP,200,same,none,,full,0.0,budget25,current_su,1,1,0,0,0.24929971988795518,0.0,0,89
A-CAMP-ROBUSTNESS-001/sues,SUES200,CAMP,200,same,none,,full,0.0,budget50,current_su,1,1,0,0,0.49859943977591037,0.0056179775280898875,1,177
A-CAMP-ROBUSTNESS-001/sues,SUES200,CAMP,200,same,none,,full,0.0,full_frozen,current_su,1,1,0,0,0.7619047619047619,0.08088235294117647,22,250
A-CAMP-ROBUSTNESS-001/sues,SUES200,CAMP,200,same,none,,full,0.0,matched,current_su,1,1,0,0,0.7619047619047619,0.08088235294117647,22,250
A-CAMP-ROBUSTNESS-001/sues,SUES200,CAMP,200,same,none,,full,0.0,budget10,current_su_guard,1,1,0,0,0.09803921568627451,0.0,0,35
A-CAMP-ROBUSTNESS-001/sues,SUES200,CAMP,200,same,none,,full,0.0,budget25,current_su_guard,1,1,0,0,0.24929971988795518,0.0,0,89
A-CAMP-ROBUSTNESS-001/sues,SUES200,CAMP,200,same,none,,full,0.0,budget50,current_su_guard,1,1,0,0,0.49859943977591037,0.0056179775280898875,1,177
A-CAMP-ROBUSTNESS-001/sues,SUES200,CAMP,200,same,none,,full,0.0,full_frozen,current_su_guard,1,1,0,0,0.7619047619047619,0.08088235294117647,22,250
A-CAMP-ROBUSTNESS-001/sues,SUES200,CAMP,200,same,none,,full,0.0,matched,current_su_guard,1,1,0,0,0.7619047619047619,0.08088235294117647,22,250
A-CAMP-ROBUSTNESS-001/sues,SUES200,CAMP,200,same,none,,full,0.0,budget10,old_su,1,1,0,0,0.09803921568627451,0.0,0,35
A-CAMP-ROBUSTNESS-001/sues,SUES200,CAMP,200,same,none,,full,0.0,budget25,old_su,1,1,0,0,0.24929971988795518,0.0,0,89
A-CAMP-ROBUSTNESS-001/sues,SUES200,CAMP,200,same,none,,full,0.0,budget50,old_su,1,1,0,0,0.49859943977591037,0.0056179775280898875,1,177
A-CAMP-ROBUSTNESS-001/sues,SUES200,CAMP,200,same,none,,full,0.0,full_frozen,old_su,1,1,0,0,0.7619047619047619,0.08088235294117647,22,250
A-CAMP-ROBUSTNESS-001/sues,SUES200,CAMP,200,same,none,,full,0.0,matched,old_su,1,1,0,0,0.7619047619047619,0.08088235294117647,22,250
A-CAMP-ROBUSTNESS-001/sues,SUES200,CAMP,200,same,none,,full,0.0,budget10,old_su_guard,1,1,0,0,0.09803921568627451,0.0,0,35
A-CAMP-ROBUSTNESS-001/sues,SUES200,CAMP,200,same,none,,full,0.0,budget25,old_su_guard,1,1,0,0,0.24929971988795518,0.0,0,89
A-CAMP-ROBUSTNESS-001/sues,SUES200,CAMP,200,same,none,,full,0.0,budget50,old_su_guard,1,1,0,0,0.49859943977591037,0.0056179775280898875,1,177
A-CAMP-ROBUSTNESS-001/sues,SUES200,CAMP,200,same,none,,full,0.0,full_frozen,old_su_guard,1,1,0,0,0.7619047619047619,0.08088235294117647,22,250
A-CAMP-ROBUSTNESS-001/sues,SUES200,CAMP,200,same,none,,full,0.0,matched,old_su_guard,1,1,0,0,0.7619047619047619,0.08088235294117647,22,250
A-CAMP-ROBUSTNESS-001/sues,SUES200,CAMP,200,same,none,,full,0.0,budget10,current_margin,1,1,0,0,0.09803921568627451,0.0,0,35
A-CAMP-ROBUSTNESS-001/sues,SUES200,CAMP,200,same,none,,full,0.0,budget25,current_margin,1,1,0,0,0.24929971988795518,0.0,0,89
A-CAMP-ROBUSTNESS-001/sues,SUES200,CAMP,200,same,none,,full,0.0,budget50,current_margin,1,1,0,0,0.49859943977591037,0.0056179775280898875,1,177
A-CAMP-ROBUSTNESS-001/sues,SUES200,CAMP,200,same,none,,full,0.0,full_frozen,current_margin,1,1,0,0,0.9355742296918768,0.16766467065868262,56,278
A-CAMP-ROBUSTNESS-001/sues,SUES200,CAMP,200,same,none,,full,0.0,matched,current_margin,1,1,0,0,0.9355742296918768,0.16766467065868262,56,278
A-CAMP-ROBUSTNESS-001/sues,SUES200,CAMP,200,same,none,,full,0.0,budget10,current_margin_guard,1,1,0,0,0.09803921568627451,0.0,0,35
A-CAMP-ROBUSTNESS-001/sues,SUES200,CAMP,200,same,none,,full,0.0,budget25,current_margin_guard,1,1,0,0,0.24929971988795518,0.0,0,89
A-CAMP-ROBUSTNESS-001/sues,SUES200,CAMP,200,same,none,,full,0.0,budget50,current_margin_guard,1,1,0,0,0.49859943977591037,0.0056179775280898875,1,177
A-CAMP-ROBUSTNESS-001/sues,SUES200,CAMP,200,same,none,,full,0.0,full_frozen,current_margin_guard,1,1,0,0,0.9355742296918768,0.16766467065868262,56,278
A-CAMP-ROBUSTNESS-001/sues,SUES200,CAMP,200,same,none,,full,0.0,matched,current_margin_guard,1,1,0,0,0.9355742296918768,0.16766467065868262,56,278
A-CAMP-ROBUSTNESS-001/sues,SUES200,CAMP,200,same,none,,full,0.0,budget10,old_margin_guard,1,1,0,0,0.09803921568627451,0.0,0,35
A-CAMP-ROBUSTNESS-001/sues,SUES200,CAMP,200,same,none,,full,0.0,budget25,old_margin_guard,1,1,0,0,0.24929971988795518,0.0,0,89
A-CAMP-ROBUSTNESS-001/sues,SUES200,CAMP,200,same,none,,full,0.0,budget50,old_margin_guard,1,1,0,0,0.49859943977591037,0.0056179775280898875,1,177
A-CAMP-ROBUSTNESS-001/sues,SUES200,CAMP,200,same,none,,full,0.0,full_frozen,old_margin_guard,1,1,0,0,0.9355742296918768,0.16766467065868262,56,278
A-CAMP-ROBUSTNESS-001/sues,SUES200,CAMP,200,same,none,,full,0.0,matched,old_margin_guard,1,1,0,0,0.9355742296918768,0.16766467065868262,56,278
A-CAMP-ROBUSTNESS-001/sues,SUES200,CAMP,200,same,none,,full,0.0,budget10,sq8_margin_guard,1,1,0,0,0.09803921568627451,0.0,0,35
A-CAMP-ROBUSTNESS-001/sues,SUES200,CAMP,200,same,none,,full,0.0,budget25,sq8_margin_guard,1,1,0,0,0.24929971988795518,0.0,0,89
A-CAMP-ROBUSTNESS-001/sues,SUES200,CAMP,200,same,none,,full,0.0,budget50,sq8_margin_guard,1,1,0,0,0.49859943977591037,0.0056179775280898875,1,177
A-CAMP-ROBUSTNESS-001/sues,SUES200,CAMP,200,same,none,,full,0.0,full_frozen,sq8_margin_guard,1,1,0,0,0.9355742296918768,0.16766467065868262,56,278
A-CAMP-ROBUSTNESS-001/sues,SUES200,CAMP,200,same,none,,full,0.0,matched,sq8_margin_guard,1,1,0,0,0.9355742296918768,0.16766467065868262,56,278
A-CAMP-ROBUSTNESS-001/sues,SUES200,CAMP,250,same,none,,full,0.0,budget10,current_su,1,1,0,0,0.09803921568627451,0.0,0,35
A-CAMP-ROBUSTNESS-001/sues,SUES200,CAMP,250,same,none,,full,0.0,budget25,current_su,1,1,0,0,0.24929971988795518,0.0,0,89
A-CAMP-ROBUSTNESS-001/sues,SUES200,CAMP,250,same,none,,full,0.0,budget50,current_su,1,1,0,0,0.49859943977591037,0.0,0,178
A-CAMP-ROBUSTNESS-001/sues,SUES200,CAMP,250,same,none,,full,0.0,full_frozen,current_su,1,1,0,0,0.9187675070028011,0.08841463414634146,29,299
A-CAMP-ROBUSTNESS-001/sues,SUES200,CAMP,250,same,none,,full,0.0,matched,current_su,1,1,0,0,0.9187675070028011,0.08841463414634146,29,299
A-CAMP-ROBUSTNESS-001/sues,SUES200,CAMP,250,same,none,,full,0.0,budget10,current_su_guard,1,1,0,0,0.09803921568627451,0.0,0,35
A-CAMP-ROBUSTNESS-001/sues,SUES200,CAMP,250,same,none,,full,0.0,budget25,current_su_guard,1,1,0,0,0.24929971988795518,0.0,0,89
A-CAMP-ROBUSTNESS-001/sues,SUES200,CAMP,250,same,none,,full,0.0,budget50,current_su_guard,1,1,0,0,0.49859943977591037,0.0,0,178
A-CAMP-ROBUSTNESS-001/sues,SUES200,CAMP,250,same,none,,full,0.0,full_frozen,current_su_guard,1,1,0,0,0.9187675070028011,0.08841463414634146,29,299
A-CAMP-ROBUSTNESS-001/sues,SUES200,CAMP,250,same,none,,full,0.0,matched,current_su_guard,1,1,0,0,0.9187675070028011,0.08841463414634146,29,299
A-CAMP-ROBUSTNESS-001/sues,SUES200,CAMP,250,same,none,,full,0.0,budget10,old_su,1,1,0,0,0.09803921568627451,0.0,0,35
A-CAMP-ROBUSTNESS-001/sues,SUES200,CAMP,250,same,none,,full,0.0,budget25,old_su,1,1,0,0,0.24929971988795518,0.0,0,89
A-CAMP-ROBUSTNESS-001/sues,SUES200,CAMP,250,same,none,,full,0.0,budget50,old_su,1,1,0,0,0.49859943977591037,0.0,0,178
A-CAMP-ROBUSTNESS-001/sues,SUES200,CAMP,250,same,none,,full,0.0,full_frozen,old_su,1,1,0,0,0.9187675070028011,0.08841463414634146,29,299
A-CAMP-ROBUSTNESS-001/sues,SUES200,CAMP,250,same,none,,full,0.0,matched,old_su,1,1,0,0,0.9187675070028011,0.08841463414634146,29,299
A-CAMP-ROBUSTNESS-001/sues,SUES200,CAMP,250,same,none,,full,0.0,budget10,old_su_guard,1,1,0,0,0.09803921568627451,0.0,0,35
A-CAMP-ROBUSTNESS-001/sues,SUES200,CAMP,250,same,none,,full,0.0,budget25,old_su_guard,1,1,0,0,0.24929971988795518,0.0,0,89
A-CAMP-ROBUSTNESS-001/sues,SUES200,CAMP,250,same,none,,full,0.0,budget50,old_su_guard,1,1,0,0,0.49859943977591037,0.0,0,178
A-CAMP-ROBUSTNESS-001/sues,SUES200,CAMP,250,same,none,,full,0.0,full_frozen,old_su_guard,1,1,0,0,0.9187675070028011,0.08841463414634146,29,299
A-CAMP-ROBUSTNESS-001/sues,SUES200,CAMP,250,same,none,,full,0.0,matched,old_su_guard,1,1,0,0,0.9187675070028011,0.08841463414634146,29,299
A-CAMP-ROBUSTNESS-001/sues,SUES200,CAMP,250,same,none,,full,0.0,budget10,current_margin,1,1,0,0,0.09803921568627451,0.0,0,35
A-CAMP-ROBUSTNESS-001/sues,SUES200,CAMP,250,same,none,,full,0.0,budget25,current_margin,1,1,0,0,0.24929971988795518,0.0,0,89
A-CAMP-ROBUSTNESS-001/sues,SUES200,CAMP,250,same,none,,full,0.0,budget50,current_margin,1,1,0,0,0.49859943977591037,0.0,0,178
A-CAMP-ROBUSTNESS-001/sues,SUES200,CAMP,250,same,none,,full,0.0,full_frozen,current_margin,1,1,0,0,0.9831932773109243,0.12535612535612536,44,307
A-CAMP-ROBUSTNESS-001/sues,SUES200,CAMP,250,same,none,,full,0.0,matched,current_margin,1,1,0,0,0.9831932773109243,0.12535612535612536,44,307
A-CAMP-ROBUSTNESS-001/sues,SUES200,CAMP,250,same,none,,full,0.0,budget10,current_margin_guard,1,1,0,0,0.09803921568627451,0.0,0,35
A-CAMP-ROBUSTNESS-001/sues,SUES200,CAMP,250,same,none,,full,0.0,budget25,current_margin_guard,1,1,0,0,0.24929971988795518,0.0,0,89
A-CAMP-ROBUSTNESS-001/sues,SUES200,CAMP,250,same,none,,full,0.0,budget50,current_margin_guard,1,1,0,0,0.49859943977591037,0.0,0,178
A-CAMP-ROBUSTNESS-001/sues,SUES200,CAMP,250,same,none,,full,0.0,full_frozen,current_margin_guard,1,1,0,0,0.9831932773109243,0.12535612535612536,44,307
A-CAMP-ROBUSTNESS-001/sues,SUES200,CAMP,250,same,none,,full,0.0,matched,current_margin_guard,1,1,0,0,0.9831932773109243,0.12535612535612536,44,307
A-CAMP-ROBUSTNESS-001/sues,SUES200,CAMP,250,same,none,,full,0.0,budget10,old_margin_guard,1,1,0,0,0.09803921568627451,0.0,0,35
A-CAMP-ROBUSTNESS-001/sues,SUES200,CAMP,250,same,none,,full,0.0,budget25,old_margin_guard,1,1,0,0,0.24929971988795518,0.0,0,89
A-CAMP-ROBUSTNESS-001/sues,SUES200,CAMP,250,same,none,,full,0.0,budget50,old_margin_guard,1,1,0,0,0.49859943977591037,0.0,0,178
A-CAMP-ROBUSTNESS-001/sues,SUES200,CAMP,250,same,none,,full,0.0,full_frozen,old_margin_guard,1,1,0,0,0.9831932773109243,0.12535612535612536,44,307
A-CAMP-ROBUSTNESS-001/sues,SUES200,CAMP,250,same,none,,full,0.0,matched,old_margin_guard,1,1,0,0,0.9831932773109243,0.12535612535612536,44,307
A-CAMP-ROBUSTNESS-001/sues,SUES200,CAMP,250,same,none,,full,0.0,budget10,sq8_margin_guard,1,1,0,0,0.09803921568627451,0.0,0,35
A-CAMP-ROBUSTNESS-001/sues,SUES200,CAMP,250,same,none,,full,0.0,budget25,sq8_margin_guard,1,1,0,0,0.24929971988795518,0.0,0,89
A-CAMP-ROBUSTNESS-001/sues,SUES200,CAMP,250,same,none,,full,0.0,budget50,sq8_margin_guard,1,1,0,0,0.49859943977591037,0.0,0,178
A-CAMP-ROBUSTNESS-001/sues,SUES200,CAMP,250,same,none,,full,0.0,full_frozen,sq8_margin_guard,1,1,0,0,0.9831932773109243,0.12535612535612536,44,307
A-CAMP-ROBUSTNESS-001/sues,SUES200,CAMP,250,same,none,,full,0.0,matched,sq8_margin_guard,1,1,0,0,0.9831932773109243,0.12535612535612536,44,307
A-CAMP-ROBUSTNESS-001/sues,SUES200,CAMP,300,same,none,,full,0.0,budget10,current_su,1,1,0,0,0.09803921568627451,0.0,0,35
A-CAMP-ROBUSTNESS-001/sues,SUES200,CAMP,300,same,none,,full,0.0,budget25,current_su,1,1,0,0,0.24929971988795518,0.0,0,89
A-CAMP-ROBUSTNESS-001/sues,SUES200,CAMP,300,same,none,,full,0.0,budget50,current_su,1,1,0,0,0.49859943977591037,0.0,0,178
A-CAMP-ROBUSTNESS-001/sues,SUES200,CAMP,300,same,none,,full,0.0,full_frozen,current_su,1,1,0,0,0.9971988795518207,0.06179775280898876,22,334
A-CAMP-ROBUSTNESS-001/sues,SUES200,CAMP,300,same,none,,full,0.0,matched,current_su,1,1,0,0,0.9971988795518207,0.06179775280898876,22,334
A-CAMP-ROBUSTNESS-001/sues,SUES200,CAMP,300,same,none,,full,0.0,budget10,current_su_guard,1,1,0,0,0.09803921568627451,0.0,0,35
A-CAMP-ROBUSTNESS-001/sues,SUES200,CAMP,300,same,none,,full,0.0,budget25,current_su_guard,1,1,0,0,0.24929971988795518,0.0,0,89
A-CAMP-ROBUSTNESS-001/sues,SUES200,CAMP,300,same,none,,full,0.0,budget50,current_su_guard,1,1,0,0,0.49859943977591037,0.0,0,178
A-CAMP-ROBUSTNESS-001/sues,SUES200,CAMP,300,same,none,,full,0.0,full_frozen,current_su_guard,1,1,0,0,0.9971988795518207,0.06179775280898876,22,334
A-CAMP-ROBUSTNESS-001/sues,SUES200,CAMP,300,same,none,,full,0.0,matched,current_su_guard,1,1,0,0,0.9971988795518207,0.06179775280898876,22,334
A-CAMP-ROBUSTNESS-001/sues,SUES200,CAMP,300,same,none,,full,0.0,budget10,old_su,1,1,0,0,0.09803921568627451,0.0,0,35
A-CAMP-ROBUSTNESS-001/sues,SUES200,CAMP,300,same,none,,full,0.0,budget25,old_su,1,1,0,0,0.24929971988795518,0.0,0,89
A-CAMP-ROBUSTNESS-001/sues,SUES200,CAMP,300,same,none,,full,0.0,budget50,old_su,1,1,0,0,0.49859943977591037,0.0,0,178
A-CAMP-ROBUSTNESS-001/sues,SUES200,CAMP,300,same,none,,full,0.0,full_frozen,old_su,1,1,0,0,0.9971988795518207,0.06179775280898876,22,334
A-CAMP-ROBUSTNESS-001/sues,SUES200,CAMP,300,same,none,,full,0.0,matched,old_su,1,1,0,0,0.9971988795518207,0.06179775280898876,22,334
A-CAMP-ROBUSTNESS-001/sues,SUES200,CAMP,300,same,none,,full,0.0,budget10,old_su_guard,1,1,0,0,0.09803921568627451,0.0,0,35
A-CAMP-ROBUSTNESS-001/sues,SUES200,CAMP,300,same,none,,full,0.0,budget25,old_su_guard,1,1,0,0,0.24929971988795518,0.0,0,89
A-CAMP-ROBUSTNESS-001/sues,SUES200,CAMP,300,same,none,,full,0.0,budget50,old_su_guard,1,1,0,0,0.49859943977591037,0.0,0,178
A-CAMP-ROBUSTNESS-001/sues,SUES200,CAMP,300,same,none,,full,0.0,full_frozen,old_su_guard,1,1,0,0,0.9971988795518207,0.06179775280898876,22,334
A-CAMP-ROBUSTNESS-001/sues,SUES200,CAMP,300,same,none,,full,0.0,matched,old_su_guard,1,1,0,0,0.9971988795518207,0.06179775280898876,22,334
A-CAMP-ROBUSTNESS-001/sues,SUES200,CAMP,300,same,none,,full,0.0,budget10,current_margin,1,1,0,0,0.09803921568627451,0.0,0,35
A-CAMP-ROBUSTNESS-001/sues,SUES200,CAMP,300,same,none,,full,0.0,budget25,current_margin,1,1,0,0,0.24929971988795518,0.0,0,89
A-CAMP-ROBUSTNESS-001/sues,SUES200,CAMP,300,same,none,,full,0.0,budget50,current_margin,1,1,0,0,0.49859943977591037,0.0,0,178
A-CAMP-ROBUSTNESS-001/sues,SUES200,CAMP,300,same,none,,full,0.0,full_frozen,current_margin,1,1,0,0,1.0,0.06442577030812324,23,334
A-CAMP-ROBUSTNESS-001/sues,SUES200,CAMP,300,same,none,,full,0.0,matched,current_margin,1,1,0,0,1.0,0.06442577030812324,23,334
A-CAMP-ROBUSTNESS-001/sues,SUES200,CAMP,300,same,none,,full,0.0,budget10,current_margin_guard,1,1,0,0,0.09803921568627451,0.0,0,35
A-CAMP-ROBUSTNESS-001/sues,SUES200,CAMP,300,same,none,,full,0.0,budget25,current_margin_guard,1,1,0,0,0.24929971988795518,0.0,0,89
A-CAMP-ROBUSTNESS-001/sues,SUES200,CAMP,300,same,none,,full,0.0,budget50,current_margin_guard,1,1,0,0,0.49859943977591037,0.0,0,178
A-CAMP-ROBUSTNESS-001/sues,SUES200,CAMP,300,same,none,,full,0.0,full_frozen,current_margin_guard,1,1,0,0,1.0,0.06442577030812324,23,334
A-CAMP-ROBUSTNESS-001/sues,SUES200,CAMP,300,same,none,,full,0.0,matched,current_margin_guard,1,1,0,0,1.0,0.06442577030812324,23,334
A-CAMP-ROBUSTNESS-001/sues,SUES200,CAMP,300,same,none,,full,0.0,budget10,old_margin_guard,1,1,0,0,0.09803921568627451,0.0,0,35
A-CAMP-ROBUSTNESS-001/sues,SUES200,CAMP,300,same,none,,full,0.0,budget25,old_margin_guard,1,1,0,0,0.24929971988795518,0.0,0,89
A-CAMP-ROBUSTNESS-001/sues,SUES200,CAMP,300,same,none,,full,0.0,budget50,old_margin_guard,1,1,0,0,0.49859943977591037,0.0,0,178
A-CAMP-ROBUSTNESS-001/sues,SUES200,CAMP,300,same,none,,full,0.0,full_frozen,old_margin_guard,1,1,0,0,1.0,0.06442577030812324,23,334
A-CAMP-ROBUSTNESS-001/sues,SUES200,CAMP,300,same,none,,full,0.0,matched,old_margin_guard,1,1,0,0,1.0,0.06442577030812324,23,334
A-CAMP-ROBUSTNESS-001/sues,SUES200,CAMP,300,same,none,,full,0.0,budget10,sq8_margin_guard,1,1,0,0,0.09803921568627451,0.0,0,35
A-CAMP-ROBUSTNESS-001/sues,SUES200,CAMP,300,same,none,,full,0.0,budget25,sq8_margin_guard,1,1,0,0,0.24929971988795518,0.0,0,89
A-CAMP-ROBUSTNESS-001/sues,SUES200,CAMP,300,same,none,,full,0.0,budget50,sq8_margin_guard,1,1,0,0,0.49859943977591037,0.0,0,178
A-CAMP-ROBUSTNESS-001/sues,SUES200,CAMP,300,same,none,,full,0.0,full_frozen,sq8_margin_guard,1,1,0,0,1.0,0.06442577030812324,23,334
A-CAMP-ROBUSTNESS-001/sues,SUES200,CAMP,300,same,none,,full,0.0,matched,sq8_margin_guard,1,1,0,0,1.0,0.06442577030812324,23,334
A-CAMP-ROBUSTNESS-001/sues,SUES200,CAMP,pooled,same,none,,target,0.25,budget10,current_su,20,20,0,0,0.09943977591036414,0.0,0,142
A-CAMP-ROBUSTNESS-001/sues,SUES200,CAMP,pooled,same,none,,target,0.25,budget25,current_su,20,20,0,0,0.25,0.002380952380952381,0.85,356.15
A-CAMP-ROBUSTNESS-001/sues,SUES200,CAMP,pooled,same,none,,target,0.25,budget50,current_su,20,20,0,0,0.5,0.04586834733893558,32.75,681.25
A-CAMP-ROBUSTNESS-001/sues,SUES200,CAMP,pooled,same,none,,target,0.25,full_frozen,current_su,20,20,0,0,0.7684873949579832,0.22486142661082012,246.95,850.45
A-CAMP-ROBUSTNESS-001/sues,SUES200,CAMP,pooled,same,none,,target,0.25,matched,current_su,20,20,0,0,0.5646708683473389,0.084094517419769,68.9,737.45
A-CAMP-ROBUSTNESS-001/sues,SUES200,CAMP,pooled,same,none,,target,0.25,budget10,current_su_guard,20,20,0,0,0.09943977591036414,0.0,0,142
A-CAMP-ROBUSTNESS-001/sues,SUES200,CAMP,pooled,same,none,,target,0.25,budget25,current_su_guard,20,20,0,0,0.25,0.0011204481792717086,0.4,356.6
A-CAMP-ROBUSTNESS-001/sues,SUES200,CAMP,pooled,same,none,,target,0.25,budget50,current_su_guard,20,20,0,0,0.5,0.032492997198879554,23.2,690.8
A-CAMP-ROBUSTNESS-001/sues,SUES200,CAMP,pooled,same,none,,target,0.25,full_frozen,current_su_guard,20,20,0,0,0.6762254901960785,0.12793369660609297,123.55,842.1
A-CAMP-ROBUSTNESS-001/sues,SUES200,CAMP,pooled,same,none,,target,0.25,matched,current_su_guard,20,20,0,0,0.5954831932773109,0.07816932411800155,66.8,783.55
A-CAMP-ROBUSTNESS-001/sues,SUES200,CAMP,pooled,same,none,,target,0.25,budget10,old_su,20,20,0,0,0.09943977591036414,0.2545774647887324,36.15,105.85
A-CAMP-ROBUSTNESS-001/sues,SUES200,CAMP,pooled,same,none,,target,0.25,budget25,old_su,20,20,0,0,0.25,0.25280112044817926,90.25,266.75
A-CAMP-ROBUSTNESS-001/sues,SUES200,CAMP,pooled,same,none,,target,0.25,budget50,old_su,20,20,0,0,0.5,0.2560224089635854,182.8,531.2
A-CAMP-ROBUSTNESS-001/sues,SUES200,CAMP,pooled,same,none,,target,0.25,full_frozen,old_su,20,20,0,0,0.8592436974789915,0.3185004074979625,390.8,836.2
A-CAMP-ROBUSTNESS-001/sues,SUES200,CAMP,pooled,same,none,,target,0.25,matched,old_su,20,8,12,12,0.04964985994397759,0.2798303008502565,44.125,133.125
A-CAMP-ROBUSTNESS-001/sues,SUES200,CAMP,pooled,same,none,,target,0.25,budget10,old_su_guard,20,20,0,0,0.09943977591036414,0.0,0,142
A-CAMP-ROBUSTNESS-001/sues,SUES200,CAMP,pooled,same,none,,target,0.25,budget25,old_su_guard,20,20,0,0,0.25,0.0005602240896358543,0.2,356.8
A-CAMP-ROBUSTNESS-001/sues,SUES200,CAMP,pooled,same,none,,target,0.25,budget50,old_su_guard,20,20,0,0,0.5,0.02997198879551821,21.4,692.6
A-CAMP-ROBUSTNESS-001/sues,SUES200,CAMP,pooled,same,none,,target,0.25,full_frozen,old_su_guard,20,20,0,0,0.6515406162464986,0.11163076555746378,103.9,826.5
A-CAMP-ROBUSTNESS-001/sues,SUES200,CAMP,pooled,same,none,,target,0.25,matched,old_su_guard,20,20,0,0,0.6104341736694678,0.08757574375651997,76.5,795.2
A-CAMP-ROBUSTNESS-001/sues,SUES200,CAMP,pooled,same,none,,target,0.25,budget10,current_margin,20,20,0,0,0.09943977591036414,0.0,0,142
A-CAMP-ROBUSTNESS-001/sues,SUES200,CAMP,pooled,same,none,,target,0.25,budget25,current_margin,20,20,0,0,0.25,0.0015406162464985994,0.55,356.45
A-CAMP-ROBUSTNESS-001/sues,SUES200,CAMP,pooled,same,none,,target,0.25,budget50,current_margin,20,20,0,0,0.5,0.06050420168067227,43.2,670.8
A-CAMP-ROBUSTNESS-001/sues,SUES200,CAMP,pooled,same,none,,target,0.25,full_frozen,current_margin,20,20,0,0,0.9139355742296918,0.3283905116637547,428.6,876.5
A-CAMP-ROBUSTNESS-001/sues,SUES200,CAMP,pooled,same,none,,target,0.25,matched,current_margin,20,20,0,0,0.5790966386554622,0.10758814869899004,91.1,735.85
A-CAMP-ROBUSTNESS-001/sues,SUES200,CAMP,pooled,same,none,,target,0.25,budget10,current_margin_guard,20,20,0,0,0.09943977591036414,0.0,0,142
A-CAMP-ROBUSTNESS-001/sues,SUES200,CAMP,pooled,same,none,,target,0.25,budget25,current_margin_guard,20,20,0,0,0.25,0.00014005602240896358,0.05,356.95
A-CAMP-ROBUSTNESS-001/sues,SUES200,CAMP,pooled,same,none,,target,0.25,budget50,current_margin_guard,20,20,0,0,0.5,0.03711484593837535,26.5,687.5
A-CAMP-ROBUSTNESS-001/sues,SUES200,CAMP,pooled,same,none,,target,0.25,full_frozen,current_margin_guard,20,20,0,0,0.728781512605042,0.17094317818595417,178,862.7
A-CAMP-ROBUSTNESS-001/sues,SUES200,CAMP,pooled,same,none,,target,0.25,matched,current_margin_guard,20,20,0,0,0.6611694677871148,0.11768494560896285,111.2,832.95
A-CAMP-ROBUSTNESS-001/sues,SUES200,CAMP,pooled,same,none,,target,0.25,budget10,old_margin_guard,20,20,0,0,0.09943977591036414,0.0,0,142
A-CAMP-ROBUSTNESS-001/sues,SUES200,CAMP,pooled,same,none,,target,0.25,budget25,old_margin_guard,20,20,0,0,0.25,0.0004201680672268908,0.15,356.85
A-CAMP-ROBUSTNESS-001/sues,SUES200,CAMP,pooled,same,none,,target,0.25,budget50,old_margin_guard,20,20,0,0,0.5,0.029551820728291316,21.1,692.9
A-CAMP-ROBUSTNESS-001/sues,SUES200,CAMP,pooled,same,none,,target,0.25,full_frozen,old_margin_guard,20,20,0,0,0.7198179271708683,0.16308113554135914,167.75,860.15
A-CAMP-ROBUSTNESS-001/sues,SUES200,CAMP,pooled,same,none,,target,0.25,matched,old_margin_guard,20,20,0,0,0.6602941176470588,0.11377634807324791,107.7,835.2
A-CAMP-ROBUSTNESS-001/sues,SUES200,CAMP,pooled,same,none,,target,0.25,budget10,sq8_margin_guard,20,20,0,0,0.09943977591036414,0.0,0,142
A-CAMP-ROBUSTNESS-001/sues,SUES200,CAMP,pooled,same,none,,target,0.25,budget25,sq8_margin_guard,20,20,0,0,0.25,0.0005602240896358543,0.2,356.8
A-CAMP-ROBUSTNESS-001/sues,SUES200,CAMP,pooled,same,none,,target,0.25,budget50,sq8_margin_guard,20,20,0,0,0.5,0.029481792717086834,21.05,692.95
A-CAMP-ROBUSTNESS-001/sues,SUES200,CAMP,pooled,same,none,,target,0.25,full_frozen,sq8_margin_guard,20,20,0,0,0.6998949579831932,0.14805619804734524,148.15,851.3
A-CAMP-ROBUSTNESS-001/sues,SUES200,CAMP,pooled,same,none,,target,0.25,matched,sq8_margin_guard,20,20,0,0,0.6757352941176471,0.12771261598640476,123.75,841.2
A-CAMP-ROBUSTNESS-001/sues,SUES200,CAMP,150,same,none,,target,0.25,budget10,current_su,20,20,0,0,0.09803921568627451,0.0,0,35
A-CAMP-ROBUSTNESS-001/sues,SUES200,CAMP,150,same,none,,target,0.25,budget25,current_su,20,20,0,0,0.24929971988795518,0.05898876404494382,5.25,83.75
A-CAMP-ROBUSTNESS-001/sues,SUES200,CAMP,150,same,none,,target,0.25,budget50,current_su,20,20,0,0,0.49859943977591037,0.1662921348314607,29.6,148.4
A-CAMP-ROBUSTNESS-001/sues,SUES200,CAMP,150,same,none,,target,0.25,full_frozen,current_su,20,20,0,0,0.49593837535014007,0.16212266256920801,28.7,148.35
A-CAMP-ROBUSTNESS-001/sues,SUES200,CAMP,150,same,none,,target,0.25,matched,current_su,20,20,0,0,0.3396358543417367,0.08820625783605293,10.9,110.35
A-CAMP-ROBUSTNESS-001/sues,SUES200,CAMP,150,same,none,,target,0.25,budget10,current_su_guard,20,20,0,0,0.09803921568627451,0.0,0,35
A-CAMP-ROBUSTNESS-001/sues,SUES200,CAMP,150,same,none,,target,0.25,budget25,current_su_guard,20,20,0,0,0.24929971988795518,0.05337078651685393,4.75,84.25
A-CAMP-ROBUSTNESS-001/sues,SUES200,CAMP,150,same,none,,target,0.25,budget50,current_su_guard,20,20,0,0,0.49859943977591037,0.14662921348314606,26.1,151.9
A-CAMP-ROBUSTNESS-001/sues,SUES200,CAMP,150,same,none,,target,0.25,full_frozen,current_su_guard,20,20,0,0,0.4781512605042017,0.13134597158710368,22.4,148.3
A-CAMP-ROBUSTNESS-001/sues,SUES200,CAMP,150,same,none,,target,0.25,matched,current_su_guard,20,20,0,0,0.3649859943977591,0.08650956523702276,11.45,118.85
A-CAMP-ROBUSTNESS-001/sues,SUES200,CAMP,150,same,none,,target,0.25,budget10,old_su,20,20,0,0,0.09803921568627451,0.27,9.45,25.55
A-CAMP-ROBUSTNESS-001/sues,SUES200,CAMP,150,same,none,,target,0.25,budget25,old_su,20,20,0,0,0.24929971988795518,0.2696629213483146,24,65
A-CAMP-ROBUSTNESS-001/sues,SUES200,CAMP,150,same,none,,target,0.25,budget50,old_su,20,20,0,0,0.49859943977591037,0.3047752808988764,54.25,123.75
A-CAMP-ROBUSTNESS-001/sues,SUES200,CAMP,150,same,none,,target,0.25,full_frozen,old_su,20,20,0,0,0.5826330532212886,0.3177884615384615,66.1,141.9
A-CAMP-ROBUSTNESS-001/sues,SUES200,CAMP,150,same,none,,target,0.25,matched,old_su,20,9,11,11,0.05518207282913165,0.2610188261351052,11.222222222222221,32.55555555555556
A-CAMP-ROBUSTNESS-001/sues,SUES200,CAMP,150,same,none,,target,0.25,budget10,old_su_guard,20,20,0,0,0.09803921568627451,0.0014285714285714286,0.05,34.95
A-CAMP-ROBUSTNESS-001/sues,SUES200,CAMP,150,same,none,,target,0.25,budget25,old_su_guard,20,20,0,0,0.24929971988795518,0.04719101123595505,4.2,84.8
A-CAMP-ROBUSTNESS-001/sues,SUES200,CAMP,150,same,none,,target,0.25,budget50,old_su_guard,20,20,0,0,0.49859943977591037,0.14887640449438203,26.5,151.5
A-CAMP-ROBUSTNESS-001/sues,SUES200,CAMP,150,same,none,,target,0.25,full_frozen,old_su_guard,20,20,0,0,0.4452380952380952,0.11015653134376174,17.5,141.45
A-CAMP-ROBUSTNESS-001/sues,SUES200,CAMP,150,same,none,,target,0.25,matched,old_su_guard,20,20,0,0,0.361484593837535,0.0747579445892755,9.7,119.35
A-CAMP-ROBUSTNESS-001/sues,SUES200,CAMP,150,same,none,,target,0.25,budget10,current_margin,20,20,0,0,0.09803921568627451,0.0,0,35
A-CAMP-ROBUSTNESS-001/sues,SUES200,CAMP,150,same,none,,target,0.25,budget25,current_margin,20,20,0,0,0.24929971988795518,0.037640449438202245,3.35,85.65
A-CAMP-ROBUSTNESS-001/sues,SUES200,CAMP,150,same,none,,target,0.25,budget50,current_margin,20,20,0,0,0.49859943977591037,0.16348314606741574,29.1,148.9
A-CAMP-ROBUSTNESS-001/sues,SUES200,CAMP,150,same,none,,target,0.25,full_frozen,current_margin,20,20,0,0,0.5357142857142857,0.1934060889695164,37.05,154.2
A-CAMP-ROBUSTNESS-001/sues,SUES200,CAMP,150,same,none,,target,0.25,matched,current_margin,20,20,0,0,0.3273109243697479,0.0721964914215488,9.2,107.65
A-CAMP-ROBUSTNESS-001/sues,SUES200,CAMP,150,same,none,,target,0.25,budget10,current_margin_guard,20,20,0,0,0.09803921568627451,0.0,0,35
A-CAMP-ROBUSTNESS-001/sues,SUES200,CAMP,150,same,none,,target,0.25,budget25,current_margin_guard,20,20,0,0,0.24929971988795518,0.0348314606741573,3.1,85.9
A-CAMP-ROBUSTNESS-001/sues,SUES200,CAMP,150,same,none,,target,0.25,budget50,current_margin_guard,20,20,0,0,0.49859943977591037,0.14157303370786517,25.2,152.8
A-CAMP-ROBUSTNESS-001/sues,SUES200,CAMP,150,same,none,,target,0.25,full_frozen,current_margin_guard,20,20,0,0,0.5016806722689076,0.14367551555497593,25.75,153.35
A-CAMP-ROBUSTNESS-001/sues,SUES200,CAMP,150,same,none,,target,0.25,matched,current_margin_guard,20,20,0,0,0.39873949579831935,0.09640988877112316,14.65,127.7
A-CAMP-ROBUSTNESS-001/sues,SUES200,CAMP,150,same,none,,target,0.25,budget10,old_margin_guard,20,20,0,0,0.09803921568627451,0.0,0,35
A-CAMP-ROBUSTNESS-001/sues,SUES200,CAMP,150,same,none,,target,0.25,budget25,old_margin_guard,20,20,0,0,0.24929971988795518,0.02752808988764045,2.45,86.55
A-CAMP-ROBUSTNESS-001/sues,SUES200,CAMP,150,same,none,,target,0.25,budget50,old_margin_guard,20,20,0,0,0.49859943977591037,0.1356741573033708,24.15,153.85
A-CAMP-ROBUSTNESS-001/sues,SUES200,CAMP,150,same,none,,target,0.25,full_frozen,old_margin_guard,20,20,0,0,0.47507002801120446,0.11949803962747003,20.25,149.35
A-CAMP-ROBUSTNESS-001/sues,SUES200,CAMP,150,same,none,,target,0.25,matched,old_margin_guard,20,20,0,0,0.45182072829131653,0.10265322955595214,16.8,144.5
A-CAMP-ROBUSTNESS-001/sues,SUES200,CAMP,150,same,none,,target,0.25,budget10,sq8_margin_guard,20,20,0,0,0.09803921568627451,0.0,0,35
A-CAMP-ROBUSTNESS-001/sues,SUES200,CAMP,150,same,none,,target,0.25,budget25,sq8_margin_guard,20,20,0,0,0.24929971988795518,0.021348314606741574,1.9,87.1
A-CAMP-ROBUSTNESS-001/sues,SUES200,CAMP,150,same,none,,target,0.25,budget50,sq8_margin_guard,20,20,0,0,0.49859943977591037,0.13539325842696628,24.1,153.9
A-CAMP-ROBUSTNESS-001/sues,SUES200,CAMP,150,same,none,,target,0.25,full_frozen,sq8_margin_guard,20,20,0,0,0.457563025210084,0.10811994530298331,17.65,145.7
A-CAMP-ROBUSTNESS-001/sues,SUES200,CAMP,150,same,none,,target,0.25,matched,sq8_margin_guard,20,20,0,0,0.4592436974789916,0.11123104095677344,18.6,145.35
A-CAMP-ROBUSTNESS-001/sues,SUES200,CAMP,200,same,none,,target,0.25,budget10,current_su,20,20,0,0,0.09803921568627451,0.0,0,35
A-CAMP-ROBUSTNESS-001/sues,SUES200,CAMP,200,same,none,,target,0.25,budget25,current_su,20,20,0,0,0.24929971988795518,0.0016853932584269663,0.15,88.85
A-CAMP-ROBUSTNESS-001/sues,SUES200,CAMP,200,same,none,,target,0.25,budget50,current_su,20,20,0,0,0.49859943977591037,0.06376404494382022,11.35,166.65
A-CAMP-ROBUSTNESS-001/sues,SUES200,CAMP,200,same,none,,target,0.25,full_frozen,current_su,20,20,0,0,0.6516806722689076,0.16893823094122185,39.35,193.3
A-CAMP-ROBUSTNESS-001/sues,SUES200,CAMP,200,same,none,,target,0.25,matched,current_su,20,20,0,0,0.5352941176470588,0.0851587840559957,16.5,174.6
A-CAMP-ROBUSTNESS-001/sues,SUES200,CAMP,200,same,none,,target,0.25,budget10,current_su_guard,20,20,0,0,0.09803921568627451,0.0,0,35
A-CAMP-ROBUSTNESS-001/sues,SUES200,CAMP,200,same,none,,target,0.25,budget25,current_su_guard,20,20,0,0,0.24929971988795518,0.0005617977528089887,0.05,88.95
A-CAMP-ROBUSTNESS-001/sues,SUES200,CAMP,200,same,none,,target,0.25,budget50,current_su_guard,20,20,0,0,0.49859943977591037,0.046067415730337076,8.2,169.8
A-CAMP-ROBUSTNESS-001/sues,SUES200,CAMP,200,same,none,,target,0.25,full_frozen,current_su_guard,20,20,0,0,0.6007002801120448,0.10676516486511514,22.9,191.55
A-CAMP-ROBUSTNESS-001/sues,SUES200,CAMP,200,same,none,,target,0.25,matched,current_su_guard,20,20,0,0,0.545798319327731,0.0703291395918147,13.85,181
A-CAMP-ROBUSTNESS-001/sues,SUES200,CAMP,200,same,none,,target,0.25,budget10,old_su,20,20,0,0,0.09803921568627451,0.24428571428571427,8.55,26.45
A-CAMP-ROBUSTNESS-001/sues,SUES200,CAMP,200,same,none,,target,0.25,budget25,old_su,20,20,0,0,0.24929971988795518,0.24719101123595505,22,67
A-CAMP-ROBUSTNESS-001/sues,SUES200,CAMP,200,same,none,,target,0.25,budget50,old_su,20,20,0,0,0.49859943977591037,0.25337078651685396,45.1,132.9
A-CAMP-ROBUSTNESS-001/sues,SUES200,CAMP,200,same,none,,target,0.25,full_frozen,old_su,20,20,0,0,0.7619047619047619,0.3088235294117647,84,188
A-CAMP-ROBUSTNESS-001/sues,SUES200,CAMP,200,same,none,,target,0.25,matched,old_su,20,5,15,15,0.0515406162464986,0.2545021745703189,18.2,55.4
A-CAMP-ROBUSTNESS-001/sues,SUES200,CAMP,200,same,none,,target,0.25,budget10,old_su_guard,20,20,0,0,0.09803921568627451,0.0,0,35
A-CAMP-ROBUSTNESS-001/sues,SUES200,CAMP,200,same,none,,target,0.25,budget25,old_su_guard,20,20,0,0,0.24929971988795518,0.0,0,89
A-CAMP-ROBUSTNESS-001/sues,SUES200,CAMP,200,same,none,,target,0.25,budget50,old_su_guard,20,20,0,0,0.49859943977591037,0.043820224719101124,7.8,170.2
A-CAMP-ROBUSTNESS-001/sues,SUES200,CAMP,200,same,none,,target,0.25,full_frozen,old_su_guard,20,20,0,0,0.5726890756302521,0.08947722320633127,18.3,186.15
A-CAMP-ROBUSTNESS-001/sues,SUES200,CAMP,200,same,none,,target,0.25,matched,old_su_guard,20,20,0,0,0.5682072829131652,0.08604638568250685,17.45,185.4
A-CAMP-ROBUSTNESS-001/sues,SUES200,CAMP,200,same,none,,target,0.25,budget10,current_margin,20,20,0,0,0.09803921568627451,0.0,0,35
A-CAMP-ROBUSTNESS-001/sues,SUES200,CAMP,200,same,none,,target,0.25,budget25,current_margin,20,20,0,0,0.24929971988795518,0.011235955056179775,1,88
A-CAMP-ROBUSTNESS-001/sues,SUES200,CAMP,200,same,none,,target,0.25,budget50,current_margin,20,20,0,0,0.49859943977591037,0.08595505617977528,15.3,162.7
A-CAMP-ROBUSTNESS-001/sues,SUES200,CAMP,200,same,none,,target,0.25,full_frozen,current_margin,20,20,0,0,0.9120448179271708,0.3480520327177448,113.35,212.25
A-CAMP-ROBUSTNESS-001/sues,SUES200,CAMP,200,same,none,,target,0.25,matched,current_margin,20,20,0,0,0.5492997198879552,0.11750741894015657,23.6,172.5
A-CAMP-ROBUSTNESS-001/sues,SUES200,CAMP,200,same,none,,target,0.25,budget10,current_margin_guard,20,20,0,0,0.09803921568627451,0.0,0,35
A-CAMP-ROBUSTNESS-001/sues,SUES200,CAMP,200,same,none,,target,0.25,budget25,current_margin_guard,20,20,0,0,0.24929971988795518,0.010674157303370787,0.95,88.05
A-CAMP-ROBUSTNESS-001/sues,SUES200,CAMP,200,same,none,,target,0.25,budget50,current_margin_guard,20,20,0,0,0.49859943977591037,0.05730337078651685,10.2,167.8
A-CAMP-ROBUSTNESS-001/sues,SUES200,CAMP,200,same,none,,target,0.25,full_frozen,current_margin_guard,20,20,0,0,0.7203081232492997,0.19213887471984872,49.45,207.7
A-CAMP-ROBUSTNESS-001/sues,SUES200,CAMP,200,same,none,,target,0.25,matched,current_margin_guard,20,20,0,0,0.6439775910364146,0.13311499374053132,30.95,198.95
A-CAMP-ROBUSTNESS-001/sues,SUES200,CAMP,200,same,none,,target,0.25,budget10,old_margin_guard,20,20,0,0,0.09803921568627451,0.0,0,35
A-CAMP-ROBUSTNESS-001/sues,SUES200,CAMP,200,same,none,,target,0.25,budget25,old_margin_guard,20,20,0,0,0.24929971988795518,0.010674157303370787,0.95,88.05
A-CAMP-ROBUSTNESS-001/sues,SUES200,CAMP,200,same,none,,target,0.25,budget50,old_margin_guard,20,20,0,0,0.49859943977591037,0.050280898876404495,8.95,169.05
A-CAMP-ROBUSTNESS-001/sues,SUES200,CAMP,200,same,none,,target,0.25,full_frozen,old_margin_guard,20,20,0,0,0.7110644257703082,0.18412235440619992,46.8,207.05
A-CAMP-ROBUSTNESS-001/sues,SUES200,CAMP,200,same,none,,target,0.25,matched,old_margin_guard,20,20,0,0,0.6848739495798319,0.15940238181490463,39.05,205.45
A-CAMP-ROBUSTNESS-001/sues,SUES200,CAMP,200,same,none,,target,0.25,budget10,sq8_margin_guard,20,20,0,0,0.09803921568627451,0.0,0,35
A-CAMP-ROBUSTNESS-001/sues,SUES200,CAMP,200,same,none,,target,0.25,budget25,sq8_margin_guard,20,20,0,0,0.24929971988795518,0.009550561797752809,0.85,88.15
A-CAMP-ROBUSTNESS-001/sues,SUES200,CAMP,200,same,none,,target,0.25,budget50,sq8_margin_guard,20,20,0,0,0.49859943977591037,0.04662921348314607,8.3,169.7
A-CAMP-ROBUSTNESS-001/sues,SUES200,CAMP,200,same,none,,target,0.25,full_frozen,sq8_margin_guard,20,20,0,0,0.6876750700280112,0.16938156486452888,41.65,203.85
A-CAMP-ROBUSTNESS-001/sues,SUES200,CAMP,200,same,none,,target,0.25,matched,sq8_margin_guard,20,20,0,0,0.6635854341736694,0.1474272525658537,35,201.9
A-CAMP-ROBUSTNESS-001/sues,SUES200,CAMP,250,same,none,,target,0.25,budget10,current_su,20,20,0,0,0.09803921568627451,0.0,0,35
A-CAMP-ROBUSTNESS-001/sues,SUES200,CAMP,250,same,none,,target,0.25,budget25,current_su,20,20,0,0,0.24929971988795518,0.0016853932584269663,0.15,88.85
A-CAMP-ROBUSTNESS-001/sues,SUES200,CAMP,250,same,none,,target,0.25,budget50,current_su,20,20,0,0,0.49859943977591037,0.02050561797752809,3.65,174.35
A-CAMP-ROBUSTNESS-001/sues,SUES200,CAMP,250,same,none,,target,0.25,full_frozen,current_su,20,20,0,0,0.8425770308123249,0.2309096782421493,69.5,231.3
A-CAMP-ROBUSTNESS-001/sues,SUES200,CAMP,250,same,none,,target,0.25,matched,current_su,20,20,0,0,0.6340336134453781,0.09237668674858703,21.3,205.05
A-CAMP-ROBUSTNESS-001/sues,SUES200,CAMP,250,same,none,,target,0.25,budget10,current_su_guard,20,20,0,0,0.09803921568627451,0.0,0,35
A-CAMP-ROBUSTNESS-001/sues,SUES200,CAMP,250,same,none,,target,0.25,budget25,current_su_guard,20,20,0,0,0.24929971988795518,0.0,0,89
A-CAMP-ROBUSTNESS-001/sues,SUES200,CAMP,250,same,none,,target,0.25,budget50,current_su_guard,20,20,0,0,0.49859943977591037,0.012921348314606741,2.3,175.7
A-CAMP-ROBUSTNESS-001/sues,SUES200,CAMP,250,same,none,,target,0.25,full_frozen,current_su_guard,20,20,0,0,0.7147058823529412,0.10772144233769415,27.5,227.65
A-CAMP-ROBUSTNESS-001/sues,SUES200,CAMP,250,same,none,,target,0.25,matched,current_su_guard,20,20,0,0,0.6641456582633053,0.08246674718355376,19.7,217.4
A-CAMP-ROBUSTNESS-001/sues,SUES200,CAMP,250,same,none,,target,0.25,budget10,old_su,20,20,0,0,0.09803921568627451,0.27714285714285714,9.7,25.3
A-CAMP-ROBUSTNESS-001/sues,SUES200,CAMP,250,same,none,,target,0.25,budget25,old_su,20,20,0,0,0.24929971988795518,0.251685393258427,22.4,66.6
A-CAMP-ROBUSTNESS-001/sues,SUES200,CAMP,250,same,none,,target,0.25,budget50,old_su,20,20,0,0,0.49859943977591037,0.2514044943820225,44.75,133.25
A-CAMP-ROBUSTNESS-001/sues,SUES200,CAMP,250,same,none,,target,0.25,full_frozen,old_su,20,20,0,0,0.9187675070028011,0.3070121951219512,100.7,227.3
A-CAMP-ROBUSTNESS-001/sues,SUES200,CAMP,250,same,none,,target,0.25,matched,old_su,20,3,17,17,0.03669467787114846,0.2193120226656812,19.333333333333332,68
A-CAMP-ROBUSTNESS-001/sues,SUES200,CAMP,250,same,none,,target,0.25,budget10,old_su_guard,20,20,0,0,0.09803921568627451,0.0,0,35
A-CAMP-ROBUSTNESS-001/sues,SUES200,CAMP,250,same,none,,target,0.25,budget25,old_su_guard,20,20,0,0,0.24929971988795518,0.0,0,89
A-CAMP-ROBUSTNESS-001/sues,SUES200,CAMP,250,same,none,,target,0.25,budget50,old_su_guard,20,20,0,0,0.49859943977591037,0.007865168539325843,1.4,176.6
A-CAMP-ROBUSTNESS-001/sues,SUES200,CAMP,250,same,none,,target,0.25,full_frozen,old_su_guard,20,20,0,0,0.6953781512605042,0.0972307785469172,24.15,224.1
A-CAMP-ROBUSTNESS-001/sues,SUES200,CAMP,250,same,none,,target,0.25,matched,old_su_guard,20,20,0,0,0.6752100840336135,0.0869755684216026,21.05,220
A-CAMP-ROBUSTNESS-001/sues,SUES200,CAMP,250,same,none,,target,0.25,budget10,current_margin,20,20,0,0,0.09803921568627451,0.0,0,35
A-CAMP-ROBUSTNESS-001/sues,SUES200,CAMP,250,same,none,,target,0.25,budget25,current_margin,20,20,0,0,0.24929971988795518,0.0011235955056179774,0.1,88.9
A-CAMP-ROBUSTNESS-001/sues,SUES200,CAMP,250,same,none,,target,0.25,budget50,current_margin,20,20,0,0,0.49859943977591037,0.028370786516853933,5.05,172.95
A-CAMP-ROBUSTNESS-001/sues,SUES200,CAMP,250,same,none,,target,0.25,full_frozen,current_margin,20,20,0,0,0.9707282913165266,0.3223202982813386,111.7,234.85
A-CAMP-ROBUSTNESS-001/sues,SUES200,CAMP,250,same,none,,target,0.25,matched,current_margin,20,20,0,0,0.638235294117647,0.11420586872731892,27,200.85
A-CAMP-ROBUSTNESS-001/sues,SUES200,CAMP,250,same,none,,target,0.25,budget10,current_margin_guard,20,20,0,0,0.09803921568627451,0.0,0,35
A-CAMP-ROBUSTNESS-001/sues,SUES200,CAMP,250,same,none,,target,0.25,budget25,current_margin_guard,20,20,0,0,0.24929971988795518,0.0,0,89
A-CAMP-ROBUSTNESS-001/sues,SUES200,CAMP,250,same,none,,target,0.25,budget50,current_margin_guard,20,20,0,0,0.49859943977591037,0.011797752808988763,2.1,175.9
A-CAMP-ROBUSTNESS-001/sues,SUES200,CAMP,250,same,none,,target,0.25,full_frozen,current_margin_guard,20,20,0,0,0.7497198879551821,0.13810109987752622,37,230.65
A-CAMP-ROBUSTNESS-001/sues,SUES200,CAMP,250,same,none,,target,0.25,matched,current_margin_guard,20,20,0,0,0.7294117647058823,0.12030903460813135,31.4,229
A-CAMP-ROBUSTNESS-001/sues,SUES200,CAMP,250,same,none,,target,0.25,budget10,old_margin_guard,20,20,0,0,0.09803921568627451,0.0,0,35
A-CAMP-ROBUSTNESS-001/sues,SUES200,CAMP,250,same,none,,target,0.25,budget25,old_margin_guard,20,20,0,0,0.24929971988795518,0.0,0,89
A-CAMP-ROBUSTNESS-001/sues,SUES200,CAMP,250,same,none,,target,0.25,budget50,old_margin_guard,20,20,0,0,0.49859943977591037,0.006179775280898876,1.1,176.9
A-CAMP-ROBUSTNESS-001/sues,SUES200,CAMP,250,same,none,,target,0.25,full_frozen,old_margin_guard,20,20,0,0,0.746078431372549,0.1354431097677051,36.1,230.25
A-CAMP-ROBUSTNESS-001/sues,SUES200,CAMP,250,same,none,,target,0.25,matched,old_margin_guard,20,20,0,0,0.734453781512605,0.12308005301966198,32.3,229.9
A-CAMP-ROBUSTNESS-001/sues,SUES200,CAMP,250,same,none,,target,0.25,budget10,sq8_margin_guard,20,20,0,0,0.09803921568627451,0.0,0,35
A-CAMP-ROBUSTNESS-001/sues,SUES200,CAMP,250,same,none,,target,0.25,budget25,sq8_margin_guard,20,20,0,0,0.24929971988795518,0.0,0,89
A-CAMP-ROBUSTNESS-001/sues,SUES200,CAMP,250,same,none,,target,0.25,budget50,sq8_margin_guard,20,20,0,0,0.49859943977591037,0.0058988764044943815,1.05,176.95
A-CAMP-ROBUSTNESS-001/sues,SUES200,CAMP,250,same,none,,target,0.25,full_frozen,sq8_margin_guard,20,20,0,0,0.7239495798319328,0.11754081676689943,30.4,228.05
A-CAMP-ROBUSTNESS-001/sues,SUES200,CAMP,250,same,none,,target,0.25,matched,sq8_margin_guard,20,20,0,0,0.7162464985994398,0.10897665686145382,27.9,227.8
A-CAMP-ROBUSTNESS-001/sues,SUES200,CAMP,300,same,none,,target,0.25,budget10,current_su,20,20,0,0,0.09803921568627451,0.0,0,35
A-CAMP-ROBUSTNESS-001/sues,SUES200,CAMP,300,same,none,,target,0.25,budget25,current_su,20,20,0,0,0.24929971988795518,0.0,0,89
A-CAMP-ROBUSTNESS-001/sues,SUES200,CAMP,300,same,none,,target,0.25,budget50,current_su,20,20,0,0,0.49859943977591037,0.0028089887640449437,0.5,177.5
A-CAMP-ROBUSTNESS-001/sues,SUES200,CAMP,300,same,none,,target,0.25,full_frozen,current_su,20,20,0,0,0.9792717086834734,0.28163640726660494,98.5,251.1
A-CAMP-ROBUSTNESS-001/sues,SUES200,CAMP,300,same,none,,target,0.25,matched,current_su,20,20,0,0,0.7169467787114846,0.09062547410184231,24.05,231.9
A-CAMP-ROBUSTNESS-001/sues,SUES200,CAMP,300,same,none,,target,0.25,budget10,current_su_guard,20,20,0,0,0.09803921568627451,0.0,0,35
A-CAMP-ROBUSTNESS-001/sues,SUES200,CAMP,300,same,none,,target,0.25,budget25,current_su_guard,20,20,0,0,0.24929971988795518,0.0,0,89
A-CAMP-ROBUSTNESS-001/sues,SUES200,CAMP,300,same,none,,target,0.25,budget50,current_su_guard,20,20,0,0,0.49859943977591037,0.0,0,178
A-CAMP-ROBUSTNESS-001/sues,SUES200,CAMP,300,same,none,,target,0.25,full_frozen,current_su_guard,20,20,0,0,0.7578431372549019,0.07536377905181083,20.4,250.15
A-CAMP-ROBUSTNESS-001/sues,SUES200,CAMP,300,same,none,,target,0.25,matched,current_su_guard,20,20,0,0,0.7474789915966387,0.06501500484914818,17.4,249.45
A-CAMP-ROBUSTNESS-001/sues,SUES200,CAMP,300,same,none,,target,0.25,budget10,old_su,20,20,0,0,0.09803921568627451,0.2357142857142857,8.25,26.75
A-CAMP-ROBUSTNESS-001/sues,SUES200,CAMP,300,same,none,,target,0.25,budget25,old_su,20,20,0,0,0.24929971988795518,0.2539325842696629,22.6,66.4
A-CAMP-ROBUSTNESS-001/sues,SUES200,CAMP,300,same,none,,target,0.25,budget50,old_su,20,20,0,0,0.49859943977591037,0.24943820224719102,44.4,133.6
A-CAMP-ROBUSTNESS-001/sues,SUES200,CAMP,300,same,none,,target,0.25,full_frozen,old_su,20,20,0,0,0.9971988795518207,0.2946629213483146,104.9,251.1
A-CAMP-ROBUSTNESS-001/sues,SUES200,CAMP,300,same,none,,target,0.25,matched,old_su,20,5,15,15,0.05700280112044818,0.23458168753903721,18.8,62.6
A-CAMP-ROBUSTNESS-001/sues,SUES200,CAMP,300,same,none,,target,0.25,budget10,old_su_guard,20,20,0,0,0.09803921568627451,0.0,0,35
A-CAMP-ROBUSTNESS-001/sues,SUES200,CAMP,300,same,none,,target,0.25,budget25,old_su_guard,20,20,0,0,0.24929971988795518,0.0,0,89
A-CAMP-ROBUSTNESS-001/sues,SUES200,CAMP,300,same,none,,target,0.25,budget50,old_su_guard,20,20,0,0,0.49859943977591037,0.0,0,178
A-CAMP-ROBUSTNESS-001/sues,SUES200,CAMP,300,same,none,,target,0.25,full_frozen,old_su_guard,20,20,0,0,0.7558823529411764,0.07296542572669448,19.7,250.15
A-CAMP-ROBUSTNESS-001/sues,SUES200,CAMP,300,same,none,,target,0.25,matched,old_su_guard,20,20,0,0,0.7514005602240896,0.06941137673134028,18.65,249.6
A-CAMP-ROBUSTNESS-001/sues,SUES200,CAMP,300,same,none,,target,0.25,budget10,current_margin,20,20,0,0,0.09803921568627451,0.0,0,35
A-CAMP-ROBUSTNESS-001/sues,SUES200,CAMP,300,same,none,,target,0.25,budget25,current_margin,20,20,0,0,0.24929971988795518,0.0,0,89
A-CAMP-ROBUSTNESS-001/sues,SUES200,CAMP,300,same,none,,target,0.25,budget50,current_margin,20,20,0,0,0.49859943977591037,0.0053370786516853935,0.95,177.05
A-CAMP-ROBUSTNESS-001/sues,SUES200,CAMP,300,same,none,,target,0.25,full_frozen,current_margin,20,20,0,0,0.9816526610644257,0.28376388734002184,99.45,251
A-CAMP-ROBUSTNESS-001/sues,SUES200,CAMP,300,same,none,,target,0.25,matched,current_margin,20,20,0,0,0.7102240896358544,0.09963504993699945,26.25,227.3
A-CAMP-ROBUSTNESS-001/sues,SUES200,CAMP,300,same,none,,target,0.25,budget10,current_margin_guard,20,20,0,0,0.09803921568627451,0.0,0,35
A-CAMP-ROBUSTNESS-001/sues,SUES200,CAMP,300,same,none,,target,0.25,budget25,current_margin_guard,20,20,0,0,0.24929971988795518,0.0,0,89
A-CAMP-ROBUSTNESS-001/sues,SUES200,CAMP,300,same,none,,target,0.25,budget50,current_margin_guard,20,20,0,0,0.49859943977591037,0.00028089887640449435,0.05,177.95
A-CAMP-ROBUSTNESS-001/sues,SUES200,CAMP,300,same,none,,target,0.25,full_frozen,current_margin_guard,20,20,0,0,0.7581232492997199,0.0756955702666534,20.5,250.15
A-CAMP-ROBUSTNESS-001/sues,SUES200,CAMP,300,same,none,,target,0.25,matched,current_margin_guard,20,20,0,0,0.7543417366946779,0.07305541633637726,19.7,249.6
A-CAMP-ROBUSTNESS-001/sues,SUES200,CAMP,300,same,none,,target,0.25,budget10,old_margin_guard,20,20,0,0,0.09803921568627451,0.0,0,35
A-CAMP-ROBUSTNESS-001/sues,SUES200,CAMP,300,same,none,,target,0.25,budget25,old_margin_guard,20,20,0,0,0.24929971988795518,0.0,0,89
A-CAMP-ROBUSTNESS-001/sues,SUES200,CAMP,300,same,none,,target,0.25,budget50,old_margin_guard,20,20,0,0,0.49859943977591037,0.0,0,178
A-CAMP-ROBUSTNESS-001/sues,SUES200,CAMP,300,same,none,,target,0.25,full_frozen,old_margin_guard,20,20,0,0,0.7581232492997199,0.0756955702666534,20.5,250.15
A-CAMP-ROBUSTNESS-001/sues,SUES200,CAMP,300,same,none,,target,0.25,matched,old_margin_guard,20,20,0,0,0.7532212885154062,0.07182522931285255,19.35,249.55
A-CAMP-ROBUSTNESS-001/sues,SUES200,CAMP,300,same,none,,target,0.25,budget10,sq8_margin_guard,20,20,0,0,0.09803921568627451,0.0,0,35
A-CAMP-ROBUSTNESS-001/sues,SUES200,CAMP,300,same,none,,target,0.25,budget25,sq8_margin_guard,20,20,0,0,0.24929971988795518,0.0,0,89
A-CAMP-ROBUSTNESS-001/sues,SUES200,CAMP,300,same,none,,target,0.25,budget50,sq8_margin_guard,20,20,0,0,0.49859943977591037,0.0,0,178
A-CAMP-ROBUSTNESS-001/sues,SUES200,CAMP,300,same,none,,target,0.25,full_frozen,sq8_margin_guard,20,20,0,0,0.7478991596638656,0.0705513174407516,18.85,248.15
A-CAMP-ROBUSTNESS-001/sues,SUES200,CAMP,300,same,none,,target,0.25,matched,sq8_margin_guard,20,20,0,0,0.7448179271708684,0.06795798773749488,18.1,247.8
A-CAMP-ROBUSTNESS-001/sues,SUES200,CAMP,pooled,same,none,,target,0.5,budget10,current_su,20,20,0,0,0.09943977591036414,0.0,0,142
A-CAMP-ROBUSTNESS-001/sues,SUES200,CAMP,pooled,same,none,,target,0.5,budget25,current_su,20,20,0,0,0.25,0.03823529411764706,13.65,343.35
A-CAMP-ROBUSTNESS-001/sues,SUES200,CAMP,pooled,same,none,,target,0.5,budget50,current_su,20,20,0,0,0.5,0.2522408963585434,180.1,533.9
A-CAMP-ROBUSTNESS-001/sues,SUES200,CAMP,pooled,same,none,,target,0.5,full_frozen,current_su,20,20,0,0,0.6898109243697479,0.410837534494458,405.1,579.95
A-CAMP-ROBUSTNESS-001/sues,SUES200,CAMP,pooled,same,none,,target,0.5,matched,current_su,20,20,0,0,0.32829131652661064,0.08404339912097028,39.8,429
A-CAMP-ROBUSTNESS-001/sues,SUES200,CAMP,pooled,same,none,,target,0.5,budget10,current_su_guard,20,20,0,0,0.09943977591036414,0.0,0,142
A-CAMP-ROBUSTNESS-001/sues,SUES200,CAMP,pooled,same,none,,target,0.5,budget25,current_su_guard,20,20,0,0,0.25,0.018627450980392157,6.65,350.35
A-CAMP-ROBUSTNESS-001/sues,SUES200,CAMP,pooled,same,none,,target,0.5,budget50,current_su_guard,20,20,0,0,0.5,0.19663865546218487,140.4,573.6
A-CAMP-ROBUSTNESS-001/sues,SUES200,CAMP,pooled,same,none,,target,0.5,full_frozen,current_su_guard,20,20,0,0,0.48308823529411765,0.17748139907320473,122.45,567.4
A-CAMP-ROBUSTNESS-001/sues,SUES200,CAMP,pooled,same,none,,target,0.5,matched,current_su_guard,20,20,0,0,0.35896358543417367,0.06690402873538641,34.6,478
A-CAMP-ROBUSTNESS-001/sues,SUES200,CAMP,pooled,same,none,,target,0.5,budget10,old_su,20,20,0,0,0.09943977591036414,0.49471830985915494,70.25,71.75
A-CAMP-ROBUSTNESS-001/sues,SUES200,CAMP,pooled,same,none,,target,0.5,budget25,old_su,20,20,0,0,0.25,0.5,178.5,178.5
A-CAMP-ROBUSTNESS-001/sues,SUES200,CAMP,pooled,same,none,,target,0.5,budget50,old_su,20,20,0,0,0.5,0.5032212885154062,359.3,354.7
A-CAMP-ROBUSTNESS-001/sues,SUES200,CAMP,pooled,same,none,,target,0.5,full_frozen,old_su,20,20,0,0,0.8592436974789915,0.5438875305623472,667.35,559.65
A-CAMP-ROBUSTNESS-001/sues,SUES200,CAMP,pooled,same,none,,target,0.5,matched,old_su,20,0,20,20,0.0,,,
A-CAMP-ROBUSTNESS-001/sues,SUES200,CAMP,pooled,same,none,,target,0.5,budget10,old_su_guard,20,20,0,0,0.09943977591036414,0.0,0,142
A-CAMP-ROBUSTNESS-001/sues,SUES200,CAMP,pooled,same,none,,target,0.5,budget25,old_su_guard,20,20,0,0,0.25,0.011624649859943978,4.15,352.85
A-CAMP-ROBUSTNESS-001/sues,SUES200,CAMP,pooled,same,none,,target,0.5,budget50,old_su_guard,20,20,0,0,0.5,0.19516806722689076,139.35,574.65
A-CAMP-ROBUSTNESS-001/sues,SUES200,CAMP,pooled,same,none,,target,0.5,full_frozen,old_su_guard,20,20,0,0,0.4457633053221288,0.13917881124416007,88.6,547.95
A-CAMP-ROBUSTNESS-001/sues,SUES200,CAMP,pooled,same,none,,target,0.5,matched,old_su_guard,20,20,0,0,0.38189775910364143,0.07683584542644906,41.95,503.4
A-CAMP-ROBUSTNESS-001/sues,SUES200,CAMP,pooled,same,none,,target,0.5,budget10,current_margin,20,20,0,0,0.09943977591036414,0.0017605633802816902,0.25,141.75
A-CAMP-ROBUSTNESS-001/sues,SUES200,CAMP,pooled,same,none,,target,0.5,budget25,current_margin,20,20,0,0,0.25,0.038795518207282914,13.85,343.15
A-CAMP-ROBUSTNESS-001/sues,SUES200,CAMP,pooled,same,none,,target,0.5,budget50,current_margin,20,20,0,0,0.5,0.2696078431372549,192.5,521.5
A-CAMP-ROBUSTNESS-001/sues,SUES200,CAMP,pooled,same,none,,target,0.5,full_frozen,current_margin,20,20,0,0,0.8807773109243697,0.5292009474462629,665.6,592.15
A-CAMP-ROBUSTNESS-001/sues,SUES200,CAMP,pooled,same,none,,target,0.5,matched,current_margin,20,20,0,0,0.3394607843137255,0.11377933544118093,56.75,428
A-CAMP-ROBUSTNESS-001/sues,SUES200,CAMP,pooled,same,none,,target,0.5,budget10,current_margin_guard,20,20,0,0,0.09943977591036414,0.0,0,142
A-CAMP-ROBUSTNESS-001/sues,SUES200,CAMP,pooled,same,none,,target,0.5,budget25,current_margin_guard,20,20,0,0,0.25,0.0180672268907563,6.45,350.55
A-CAMP-ROBUSTNESS-001/sues,SUES200,CAMP,pooled,same,none,,target,0.5,budget50,current_margin_guard,20,20,0,0,0.5,0.1992997198879552,142.3,571.7
A-CAMP-ROBUSTNESS-001/sues,SUES200,CAMP,pooled,same,none,,target,0.5,full_frozen,current_margin_guard,20,20,0,0,0.5074579831932773,0.20835753920981964,151,573.65
A-CAMP-ROBUSTNESS-001/sues,SUES200,CAMP,pooled,same,none,,target,0.5,matched,current_margin_guard,20,20,0,0,0.40276610644257704,0.10398873889770116,60.1,515.05
A-CAMP-ROBUSTNESS-001/sues,SUES200,CAMP,pooled,same,none,,target,0.5,budget10,old_margin_guard,20,20,0,0,0.09943977591036414,0.0,0,142
A-CAMP-ROBUSTNESS-001/sues,SUES200,CAMP,pooled,same,none,,target,0.5,budget25,old_margin_guard,20,20,0,0,0.25,0.006862745098039216,2.45,354.55
A-CAMP-ROBUSTNESS-001/sues,SUES200,CAMP,pooled,same,none,,target,0.5,budget50,old_margin_guard,20,20,0,0,0.5,0.19866946778711486,141.85,572.15
A-CAMP-ROBUSTNESS-001/sues,SUES200,CAMP,pooled,same,none,,target,0.5,full_frozen,old_margin_guard,20,20,0,0,0.4948529411764706,0.19279663753400278,136.25,570.4
A-CAMP-ROBUSTNESS-001/sues,SUES200,CAMP,pooled,same,none,,target,0.5,matched,old_margin_guard,20,20,0,0,0.41876750700280113,0.10431088868290567,62.35,535.65
A-CAMP-ROBUSTNESS-001/sues,SUES200,CAMP,pooled,same,none,,target,0.5,budget10,sq8_margin_guard,20,20,0,0,0.09943977591036414,0.0,0,142
A-CAMP-ROBUSTNESS-001/sues,SUES200,CAMP,pooled,same,none,,target,0.5,budget25,sq8_margin_guard,20,20,0,0,0.25,0.0065826330532212885,2.35,354.65
A-CAMP-ROBUSTNESS-001/sues,SUES200,CAMP,pooled,same,none,,target,0.5,budget50,sq8_margin_guard,20,7,13,13,0.175,0.1908763505402161,136.28571428571428,577.7142857142857
A-CAMP-ROBUSTNESS-001/sues,SUES200,CAMP,pooled,same,none,,target,0.5,full_frozen,sq8_margin_guard,20,20,0,0,0.4667717086834734,0.15899874694169527,106.05,560.5
A-CAMP-ROBUSTNESS-001/sues,SUES200,CAMP,pooled,same,none,,target,0.5,matched,sq8_margin_guard,20,20,0,0,0.41299019607843135,0.09908623705787478,58.5,531.25
A-CAMP-ROBUSTNESS-001/sues,SUES200,CAMP,150,same,none,,target,0.5,budget10,current_su,20,20,0,0,0.09803921568627451,0.04,1.4,33.6
A-CAMP-ROBUSTNESS-001/sues,SUES200,CAMP,150,same,none,,target,0.5,budget25,current_su,20,20,0,0,0.24929971988795518,0.15224719101123596,13.55,75.45
A-CAMP-ROBUSTNESS-001/sues,SUES200,CAMP,150,same,none,,target,0.5,budget50,current_su,20,20,0,0,0.49859943977591037,0.37808988764044943,67.3,110.7
A-CAMP-ROBUSTNESS-001/sues,SUES200,CAMP,150,same,none,,target,0.5,full_frozen,current_su,20,20,0,0,0.4275910364145658,0.3089533360575688,47.1,105.55
A-CAMP-ROBUSTNESS-001/sues,SUES200,CAMP,150,same,none,,target,0.5,matched,current_su,20,12,8,8,0.10252100840336134,0.09502932641886126,6.083333333333333,54.916666666666664
A-CAMP-ROBUSTNESS-001/sues,SUES200,CAMP,150,same,none,,target,0.5,budget10,current_su_guard,20,20,0,0,0.09803921568627451,0.03571428571428571,1.25,33.75
A-CAMP-ROBUSTNESS-001/sues,SUES200,CAMP,150,same,none,,target,0.5,budget25,current_su_guard,20,20,0,0,0.24929971988795518,0.13146067415730336,11.7,77.3
A-CAMP-ROBUSTNESS-001/sues,SUES200,CAMP,150,same,none,,target,0.5,budget50,current_su_guard,20,20,0,0,0.49859943977591037,0.3401685393258427,60.55,117.45
A-CAMP-ROBUSTNESS-001/sues,SUES200,CAMP,150,same,none,,target,0.5,full_frozen,current_su_guard,20,20,0,0,0.37408963585434174,0.21503677446159114,28.65,104.9
A-CAMP-ROBUSTNESS-001/sues,SUES200,CAMP,150,same,none,,target,0.5,matched,current_su_guard,20,12,8,8,0.11008403361344538,0.09092632588232988,6.25,59.25
A-CAMP-ROBUSTNESS-001/sues,SUES200,CAMP,150,same,none,,target,0.5,budget10,old_su,20,20,0,0,0.09803921568627451,0.51,17.85,17.15
A-CAMP-ROBUSTNESS-001/sues,SUES200,CAMP,150,same,none,,target,0.5,budget25,old_su,20,20,0,0,0.24929971988795518,0.5061797752808989,45.05,43.95
A-CAMP-ROBUSTNESS-001/sues,SUES200,CAMP,150,same,none,,target,0.5,budget50,old_su,20,20,0,0,0.49859943977591037,0.5387640449438202,95.9,82.1
A-CAMP-ROBUSTNESS-001/sues,SUES200,CAMP,150,same,none,,target,0.5,full_frozen,old_su,20,20,0,0,0.5826330532212886,0.5480769230769231,114,94
A-CAMP-ROBUSTNESS-001/sues,SUES200,CAMP,150,same,none,,target,0.5,matched,old_su,20,0,20,20,0.0,,,
A-CAMP-ROBUSTNESS-001/sues,SUES200,CAMP,150,same,none,,target,0.5,budget10,old_su_guard,20,20,0,0,0.09803921568627451,0.045714285714285714,1.6,33.4
A-CAMP-ROBUSTNESS-001/sues,SUES200,CAMP,150,same,none,,target,0.5,budget25,old_su_guard,20,20,0,0,0.24929971988795518,0.11123595505617977,9.9,79.1
A-CAMP-ROBUSTNESS-001/sues,SUES200,CAMP,150,same,none,,target,0.5,budget50,old_su_guard,20,20,0,0,0.49859943977591037,0.34101123595505617,60.7,117.3
A-CAMP-ROBUSTNESS-001/sues,SUES200,CAMP,150,same,none,,target,0.5,full_frozen,old_su_guard,20,20,0,0,0.30840336134453783,0.15155963249321697,16.65,93.45
A-CAMP-ROBUSTNESS-001/sues,SUES200,CAMP,150,same,none,,target,0.5,matched,old_su_guard,20,19,1,1,0.19089635854341735,0.0856699868768007,6.2105263157894735,65.52631578947368
A-CAMP-ROBUSTNESS-001/sues,SUES200,CAMP,150,same,none,,target,0.5,budget10,current_margin,20,20,0,0,0.09803921568627451,0.018571428571428572,0.65,34.35
A-CAMP-ROBUSTNESS-001/sues,SUES200,CAMP,150,same,none,,target,0.5,budget25,current_margin,20,20,0,0,0.24929971988795518,0.15393258426966291,13.7,75.3
A-CAMP-ROBUSTNESS-001/sues,SUES200,CAMP,150,same,none,,target,0.5,budget50,current_margin,20,20,0,0,0.49859943977591037,0.3806179775280899,67.75,110.25
A-CAMP-ROBUSTNESS-001/sues,SUES200,CAMP,150,same,none,,target,0.5,full_frozen,current_margin,20,20,0,0,0.45812324929971987,0.3483192780107639,57.05,106.5
A-CAMP-ROBUSTNESS-001/sues,SUES200,CAMP,150,same,none,,target,0.5,matched,current_margin,20,17,3,3,0.1530812324929972,0.08638783117633206,5.705882352941177,58.588235294117645
A-CAMP-ROBUSTNESS-001/sues,SUES200,CAMP,150,same,none,,target,0.5,budget10,current_margin_guard,20,20,0,0,0.09803921568627451,0.018571428571428572,0.65,34.35
A-CAMP-ROBUSTNESS-001/sues,SUES200,CAMP,150,same,none,,target,0.5,budget25,current_margin_guard,20,20,0,0,0.24929971988795518,0.13370786516853933,11.9,77.1
A-CAMP-ROBUSTNESS-001/sues,SUES200,CAMP,150,same,none,,target,0.5,budget50,current_margin_guard,20,20,0,0,0.49859943977591037,0.34213483146067414,60.9,117.1
A-CAMP-ROBUSTNESS-001/sues,SUES200,CAMP,150,same,none,,target,0.5,full_frozen,current_margin_guard,20,20,0,0,0.3742296918767507,0.21626729866327982,28.9,104.7
A-CAMP-ROBUSTNESS-001/sues,SUES200,CAMP,150,same,none,,target,0.5,matched,current_margin_guard,20,20,0,0,0.21162464985994398,0.09733181916976213,7.95,67.6
A-CAMP-ROBUSTNESS-001/sues,SUES200,CAMP,150,same,none,,target,0.5,budget10,old_margin_guard,20,20,0,0,0.09803921568627451,0.0,0,35
A-CAMP-ROBUSTNESS-001/sues,SUES200,CAMP,150,same,none,,target,0.5,budget25,old_margin_guard,20,20,0,0,0.24929971988795518,0.0898876404494382,8,81
A-CAMP-ROBUSTNESS-001/sues,SUES200,CAMP,150,same,none,,target,0.5,budget50,old_margin_guard,20,20,0,0,0.49859943977591037,0.34353932584269664,61.15,116.85
A-CAMP-ROBUSTNESS-001/sues,SUES200,CAMP,150,same,none,,target,0.5,full_frozen,old_margin_guard,20,20,0,0,0.32492997198879553,0.14142612944699612,16.35,99.65
A-CAMP-ROBUSTNESS-001/sues,SUES200,CAMP,150,same,none,,target,0.5,matched,old_margin_guard,20,19,1,1,0.2107843137254902,0.07058736020977886,6.052631578947368,73.15789473684211
A-CAMP-ROBUSTNESS-001/sues,SUES200,CAMP,150,same,none,,target,0.5,budget10,sq8_margin_guard,20,20,0,0,0.09803921568627451,0.0014285714285714286,0.05,34.95
A-CAMP-ROBUSTNESS-001/sues,SUES200,CAMP,150,same,none,,target,0.5,budget25,sq8_margin_guard,20,20,0,0,0.24929971988795518,0.08651685393258426,7.7,81.3
A-CAMP-ROBUSTNESS-001/sues,SUES200,CAMP,150,same,none,,target,0.5,budget50,sq8_margin_guard,20,11,9,9,0.2742296918767507,0.32788559754851887,58.36363636363637,119.63636363636364
A-CAMP-ROBUSTNESS-001/sues,SUES200,CAMP,150,same,none,,target,0.5,full_frozen,sq8_margin_guard,20,20,0,0,0.2980392156862745,0.11443094282438473,12.15,94.25
A-CAMP-ROBUSTNESS-001/sues,SUES200,CAMP,150,same,none,,target,0.5,matched,sq8_margin_guard,20,19,1,1,0.23333333333333334,0.0823897200808937,7.894736842105263,79.78947368421052
A-CAMP-ROBUSTNESS-001/sues,SUES200,CAMP,200,same,none,,target,0.5,budget10,current_su,20,20,0,0,0.09803921568627451,0.005714285714285714,0.2,34.8
A-CAMP-ROBUSTNESS-001/sues,SUES200,CAMP,200,same,none,,target,0.5,budget25,current_su,20,20,0,0,0.24929971988795518,0.04943820224719101,4.4,84.6
A-CAMP-ROBUSTNESS-001/sues,SUES200,CAMP,200,same,none,,target,0.5,budget50,current_su,20,20,0,0,0.49859943977591037,0.26910112359550564,47.9,130.1
A-CAMP-ROBUSTNESS-001/sues,SUES200,CAMP,200,same,none,,target,0.5,full_frozen,current_su,20,20,0,0,0.561484593837535,0.3257089313569482,65.4,135.05
A-CAMP-ROBUSTNESS-001/sues,SUES200,CAMP,200,same,none,,target,0.5,matched,current_su,20,20,0,0,0.3042016806722689,0.08444619169574714,9.7,98.9
A-CAMP-ROBUSTNESS-001/sues,SUES200,CAMP,200,same,none,,target,0.5,budget10,current_su_guard,20,20,0,0,0.09803921568627451,0.0,0,35
A-CAMP-ROBUSTNESS-001/sues,SUES200,CAMP,200,same,none,,target,0.5,budget25,current_su_guard,20,20,0,0,0.24929971988795518,0.023595505617977526,2.1,86.9
A-CAMP-ROBUSTNESS-001/sues,SUES200,CAMP,200,same,none,,target,0.5,budget50,current_su_guard,20,19,1,1,0.47366946778711483,0.21437019515079833,38.1578947368421,139.8421052631579
A-CAMP-ROBUSTNESS-001/sues,SUES200,CAMP,200,same,none,,target,0.5,full_frozen,current_su_guard,20,20,0,0,0.4392156862745098,0.1558172884972073,24.45,132.35
A-CAMP-ROBUSTNESS-001/sues,SUES200,CAMP,200,same,none,,target,0.5,matched,current_su_guard,20,20,0,0,0.3303921568627451,0.05858893348174471,6.95,111
A-CAMP-ROBUSTNESS-001/sues,SUES200,CAMP,200,same,none,,target,0.5,budget10,old_su,20,20,0,0,0.09803921568627451,0.49142857142857144,17.2,17.8
A-CAMP-ROBUSTNESS-001/sues,SUES200,CAMP,200,same,none,,target,0.5,budget25,old_su,20,20,0,0,0.24929971988795518,0.503370786516854,44.8,44.2
A-CAMP-ROBUSTNESS-001/sues,SUES200,CAMP,200,same,none,,target,0.5,budget50,old_su,20,20,0,0,0.49859943977591037,0.49859550561797755,88.75,89.25
A-CAMP-ROBUSTNESS-001/sues,SUES200,CAMP,200,same,none,,target,0.5,full_frozen,old_su,20,20,0,0,0.7619047619047619,0.5384191176470589,146.45,125.55
A-CAMP-ROBUSTNESS-001/sues,SUES200,CAMP,200,same,none,,target,0.5,matched,old_su,20,0,20,20,0.0,,,
A-CAMP-ROBUSTNESS-001/sues,SUES200,CAMP,200,same,none,,target,0.5,budget10,old_su_guard,20,20,0,0,0.09803921568627451,0.0,0,35
A-CAMP-ROBUSTNESS-001/sues,SUES200,CAMP,200,same,none,,target,0.5,budget25,old_su_guard,20,20,0,0,0.24929971988795518,0.011797752808988763,1.05,87.95
A-CAMP-ROBUSTNESS-001/sues,SUES200,CAMP,200,same,none,,target,0.5,budget50,old_su_guard,20,19,1,1,0.47366946778711483,0.21230041395623891,37.78947368421053,140.21052631578948
A-CAMP-ROBUSTNESS-001/sues,SUES200,CAMP,200,same,none,,target,0.5,full_frozen,old_su_guard,20,20,0,0,0.3907563025210084,0.11438979203166243,15.95,123.55
A-CAMP-ROBUSTNESS-001/sues,SUES200,CAMP,200,same,none,,target,0.5,matched,old_su_guard,20,20,0,0,0.3634453781512605,0.08715587570966038,11.4,118.35
A-CAMP-ROBUSTNESS-001/sues,SUES200,CAMP,200,same,none,,target,0.5,budget10,current_margin,20,20,0,0,0.09803921568627451,0.0014285714285714286,0.05,34.95
A-CAMP-ROBUSTNESS-001/sues,SUES200,CAMP,200,same,none,,target,0.5,budget25,current_margin,20,20,0,0,0.24929971988795518,0.05337078651685393,4.75,84.25
A-CAMP-ROBUSTNESS-001/sues,SUES200,CAMP,200,same,none,,target,0.5,budget50,current_margin,20,20,0,0,0.49859943977591037,0.29297752808988764,52.15,125.85
A-CAMP-ROBUSTNESS-001/sues,SUES200,CAMP,200,same,none,,target,0.5,full_frozen,current_margin,20,20,0,0,0.8855742296918767,0.5421509953590756,171.4,144.75
A-CAMP-ROBUSTNESS-001/sues,SUES200,CAMP,200,same,none,,target,0.5,matched,current_margin,20,20,0,0,0.33361344537815124,0.13565943245735831,17.05,102.05
A-CAMP-ROBUSTNESS-001/sues,SUES200,CAMP,200,same,none,,target,0.5,budget10,current_margin_guard,20,20,0,0,0.09803921568627451,0.0,0,35
A-CAMP-ROBUSTNESS-001/sues,SUES200,CAMP,200,same,none,,target,0.5,budget25,current_margin_guard,20,20,0,0,0.24929971988795518,0.02696629213483146,2.4,86.6
A-CAMP-ROBUSTNESS-001/sues,SUES200,CAMP,200,same,none,,target,0.5,budget50,current_margin_guard,20,19,1,1,0.47366946778711483,0.21910112359550563,39,139
A-CAMP-ROBUSTNESS-001/sues,SUES200,CAMP,200,same,none,,target,0.5,full_frozen,current_margin_guard,20,20,0,0,0.5071428571428571,0.23460029560388462,42.5,138.55
A-CAMP-ROBUSTNESS-001/sues,SUES200,CAMP,200,same,none,,target,0.5,matched,current_margin_guard,20,20,0,0,0.3680672268907563,0.10390443279458139,13.8,117.6
A-CAMP-ROBUSTNESS-001/sues,SUES200,CAMP,200,same,none,,target,0.5,budget10,old_margin_guard,20,20,0,0,0.09803921568627451,0.0,0,35
A-CAMP-ROBUSTNESS-001/sues,SUES200,CAMP,200,same,none,,target,0.5,budget25,old_margin_guard,20,20,0,0,0.24929971988795518,0.011797752808988763,1.05,87.95
A-CAMP-ROBUSTNESS-001/sues,SUES200,CAMP,200,same,none,,target,0.5,budget50,old_margin_guard,20,19,1,1,0.47366946778711483,0.21732702542874038,38.68421052631579,139.31578947368422
A-CAMP-ROBUSTNESS-001/sues,SUES200,CAMP,200,same,none,,target,0.5,full_frozen,old_margin_guard,20,20,0,0,0.4942577030812325,0.2189515683953225,38.65,137.8
A-CAMP-ROBUSTNESS-001/sues,SUES200,CAMP,200,same,none,,target,0.5,matched,old_margin_guard,20,20,0,0,0.34901960784313724,0.0722402526737156,9.05,115.55
A-CAMP-ROBUSTNESS-001/sues,SUES200,CAMP,200,same,none,,target,0.5,budget10,sq8_margin_guard,20,20,0,0,0.09803921568627451,0.0,0,35
A-CAMP-ROBUSTNESS-001/sues,SUES200,CAMP,200,same,none,,target,0.5,budget25,sq8_margin_guard,20,20,0,0,0.24929971988795518,0.011797752808988763,1.05,87.95
A-CAMP-ROBUSTNESS-001/sues,SUES200,CAMP,200,same,none,,target,0.5,budget50,sq8_margin_guard,20,8,12,12,0.19943977591036416,0.2092696629213483,37.25,140.75
A-CAMP-ROBUSTNESS-001/sues,SUES200,CAMP,200,same,none,,target,0.5,full_frozen,sq8_margin_guard,20,20,0,0,0.457563025210084,0.17976108731954232,29.4,133.95
A-CAMP-ROBUSTNESS-001/sues,SUES200,CAMP,200,same,none,,target,0.5,matched,sq8_margin_guard,20,20,0,0,0.35448179271708685,0.07433089786524948,9.5,117.05
A-CAMP-ROBUSTNESS-001/sues,SUES200,CAMP,250,same,none,,target,0.5,budget10,current_su,20,20,0,0,0.09803921568627451,0.0,0,35
A-CAMP-ROBUSTNESS-001/sues,SUES200,CAMP,250,same,none,,target,0.5,budget25,current_su,20,20,0,0,0.24929971988795518,0.015168539325842697,1.35,87.65
A-CAMP-ROBUSTNESS-001/sues,SUES200,CAMP,250,same,none,,target,0.5,budget50,current_su,20,20,0,0,0.49859943977591037,0.2053370786516854,36.55,141.45
A-CAMP-ROBUSTNESS-001/sues,SUES200,CAMP,250,same,none,,target,0.5,full_frozen,current_su,20,20,0,0,0.7654061624649859,0.4268725968035897,116.75,156.5
A-CAMP-ROBUSTNESS-001/sues,SUES200,CAMP,250,same,none,,target,0.5,matched,current_su,20,20,0,0,0.38599439775910366,0.09456891881936283,13.3,124.5
A-CAMP-ROBUSTNESS-001/sues,SUES200,CAMP,250,same,none,,target,0.5,budget10,current_su_guard,20,20,0,0,0.09803921568627451,0.0,0,35
A-CAMP-ROBUSTNESS-001/sues,SUES200,CAMP,250,same,none,,target,0.5,budget25,current_su_guard,20,20,0,0,0.24929971988795518,0.0028089887640449437,0.25,88.75
A-CAMP-ROBUSTNESS-001/sues,SUES200,CAMP,250,same,none,,target,0.5,budget50,current_su_guard,20,20,0,0,0.49859943977591037,0.1446629213483146,25.75,152.25
A-CAMP-ROBUSTNESS-001/sues,SUES200,CAMP,250,same,none,,target,0.5,full_frozen,current_su_guard,20,20,0,0,0.5002801120448179,0.14593016350798196,26.1,152.5
A-CAMP-ROBUSTNESS-001/sues,SUES200,CAMP,250,same,none,,target,0.5,matched,current_su_guard,20,20,0,0,0.407703081232493,0.07007674128293695,10.45,135.1
A-CAMP-ROBUSTNESS-001/sues,SUES200,CAMP,250,same,none,,target,0.5,budget10,old_su,20,20,0,0,0.09803921568627451,0.5157142857142857,18.05,16.95
A-CAMP-ROBUSTNESS-001/sues,SUES200,CAMP,250,same,none,,target,0.5,budget25,old_su,20,20,0,0,0.24929971988795518,0.49325842696629213,43.9,45.1
A-CAMP-ROBUSTNESS-001/sues,SUES200,CAMP,250,same,none,,target,0.5,budget50,old_su,20,20,0,0,0.49859943977591037,0.5053370786516854,89.95,88.05
A-CAMP-ROBUSTNESS-001/sues,SUES200,CAMP,250,same,none,,target,0.5,full_frozen,old_su,20,20,0,0,0.9187675070028011,0.5373475609756098,176.25,151.75
A-CAMP-ROBUSTNESS-001/sues,SUES200,CAMP,250,same,none,,target,0.5,matched,old_su,20,0,20,20,0.0,,,
A-CAMP-ROBUSTNESS-001/sues,SUES200,CAMP,250,same,none,,target,0.5,budget10,old_su_guard,20,20,0,0,0.09803921568627451,0.0,0,35
A-CAMP-ROBUSTNESS-001/sues,SUES200,CAMP,250,same,none,,target,0.5,budget25,old_su_guard,20,20,0,0,0.24929971988795518,0.0,0,89
A-CAMP-ROBUSTNESS-001/sues,SUES200,CAMP,250,same,none,,target,0.5,budget50,old_su_guard,20,20,0,0,0.49859943977591037,0.14213483146067415,25.3,152.7
A-CAMP-ROBUSTNESS-001/sues,SUES200,CAMP,250,same,none,,target,0.5,full_frozen,old_su_guard,20,20,0,0,0.47478991596638653,0.12293056267391003,20.85,148.65
A-CAMP-ROBUSTNESS-001/sues,SUES200,CAMP,250,same,none,,target,0.5,matched,old_su_guard,20,20,0,0,0.41946778711484595,0.06741898196805203,10.1,139.65
A-CAMP-ROBUSTNESS-001/sues,SUES200,CAMP,250,same,none,,target,0.5,budget10,current_margin,20,20,0,0,0.09803921568627451,0.0014285714285714286,0.05,34.95
A-CAMP-ROBUSTNESS-001/sues,SUES200,CAMP,250,same,none,,target,0.5,budget25,current_margin,20,20,0,0,0.24929971988795518,0.01741573033707865,1.55,87.45
A-CAMP-ROBUSTNESS-001/sues,SUES200,CAMP,250,same,none,,target,0.5,budget50,current_margin,20,20,0,0,0.49859943977591037,0.23174157303370788,41.25,136.75
A-CAMP-ROBUSTNESS-001/sues,SUES200,CAMP,250,same,none,,target,0.5,full_frozen,current_margin,20,20,0,0,0.9557422969187676,0.5363535135021538,183,158.2
A-CAMP-ROBUSTNESS-001/sues,SUES200,CAMP,250,same,none,,target,0.5,matched,current_margin,20,20,0,0,0.3934173669467787,0.12641740648097743,18.45,122
A-CAMP-ROBUSTNESS-001/sues,SUES200,CAMP,250,same,none,,target,0.5,budget10,current_margin_guard,20,20,0,0,0.09803921568627451,0.0,0,35
A-CAMP-ROBUSTNESS-001/sues,SUES200,CAMP,250,same,none,,target,0.5,budget25,current_margin_guard,20,20,0,0,0.24929971988795518,0.002247191011235955,0.2,88.8
A-CAMP-ROBUSTNESS-001/sues,SUES200,CAMP,250,same,none,,target,0.5,budget50,current_margin_guard,20,20,0,0,0.49859943977591037,0.1457865168539326,25.95,152.05
A-CAMP-ROBUSTNESS-001/sues,SUES200,CAMP,250,same,none,,target,0.5,full_frozen,current_margin_guard,20,20,0,0,0.5128851540616246,0.1628492683686663,29.85,153.25
A-CAMP-ROBUSTNESS-001/sues,SUES200,CAMP,250,same,none,,target,0.5,matched,current_margin_guard,20,20,0,0,0.46260504201680674,0.11314604080857825,18.75,146.4
A-CAMP-ROBUSTNESS-001/sues,SUES200,CAMP,250,same,none,,target,0.5,budget10,old_margin_guard,20,20,0,0,0.09803921568627451,0.0,0,35
A-CAMP-ROBUSTNESS-001/sues,SUES200,CAMP,250,same,none,,target,0.5,budget25,old_margin_guard,20,20,0,0,0.24929971988795518,0.0,0,89
A-CAMP-ROBUSTNESS-001/sues,SUES200,CAMP,250,same,none,,target,0.5,budget50,old_margin_guard,20,20,0,0,0.49859943977591037,0.14410112359550561,25.65,152.35
A-CAMP-ROBUSTNESS-001/sues,SUES200,CAMP,250,same,none,,target,0.5,full_frozen,old_margin_guard,20,20,0,0,0.507703081232493,0.15735770886415723,28.55,152.7
A-CAMP-ROBUSTNESS-001/sues,SUES200,CAMP,250,same,none,,target,0.5,matched,old_margin_guard,20,20,0,0,0.4457983193277311,0.08277327560605759,13.35,145.8
A-CAMP-ROBUSTNESS-001/sues,SUES200,CAMP,250,same,none,,target,0.5,budget10,sq8_margin_guard,20,20,0,0,0.09803921568627451,0.0,0,35
A-CAMP-ROBUSTNESS-001/sues,SUES200,CAMP,250,same,none,,target,0.5,budget25,sq8_margin_guard,20,20,0,0,0.24929971988795518,0.0,0,89
A-CAMP-ROBUSTNESS-001/sues,SUES200,CAMP,250,same,none,,target,0.5,budget50,sq8_margin_guard,20,4,16,16,0.09971988795518208,0.1306179775280899,23.25,154.75
A-CAMP-ROBUSTNESS-001/sues,SUES200,CAMP,250,same,none,,target,0.5,full_frozen,sq8_margin_guard,20,20,0,0,0.47759103641456585,0.11824318656419036,20.2,150.3
A-CAMP-ROBUSTNESS-001/sues,SUES200,CAMP,250,same,none,,target,0.5,matched,sq8_margin_guard,20,20,0,0,0.4459383753501401,0.08254379231048058,13.25,145.95
A-CAMP-ROBUSTNESS-001/sues,SUES200,CAMP,300,same,none,,target,0.5,budget10,current_su,20,20,0,0,0.09803921568627451,0.0,0,35
A-CAMP-ROBUSTNESS-001/sues,SUES200,CAMP,300,same,none,,target,0.5,budget25,current_su,20,20,0,0,0.24929971988795518,0.010112359550561797,0.9,88.1
A-CAMP-ROBUSTNESS-001/sues,SUES200,CAMP,300,same,none,,target,0.5,budget50,current_su,20,20,0,0,0.49859943977591037,0.15870786516853932,28.25,149.75
A-CAMP-ROBUSTNESS-001/sues,SUES200,CAMP,300,same,none,,target,0.5,full_frozen,current_su,20,20,0,0,0.9634453781512605,0.5156808023250298,177.4,166.55
A-CAMP-ROBUSTNESS-001/sues,SUES200,CAMP,300,same,none,,target,0.5,matched,current_su,20,20,0,0,0.42408963585434173,0.07340425972922424,11.4,140
A-CAMP-ROBUSTNESS-001/sues,SUES200,CAMP,300,same,none,,target,0.5,budget10,current_su_guard,20,20,0,0,0.09803921568627451,0.0,0,35
A-CAMP-ROBUSTNESS-001/sues,SUES200,CAMP,300,same,none,,target,0.5,budget25,current_su_guard,20,20,0,0,0.24929971988795518,0.0,0,89
A-CAMP-ROBUSTNESS-001/sues,SUES200,CAMP,300,same,none,,target,0.5,budget50,current_su_guard,20,18,2,2,0.44873949579831934,0.0764669163545568,13.61111111111111,164.38888888888889
A-CAMP-ROBUSTNESS-001/sues,SUES200,CAMP,300,same,none,,target,0.5,full_frozen,current_su_guard,20,20,0,0,0.5079831932773109,0.09117003386260551,16.55,164.8
A-CAMP-ROBUSTNESS-001/sues,SUES200,CAMP,300,same,none,,target,0.5,matched,current_su_guard,20,20,0,0,0.48249299719887956,0.0628614372905879,10.85,161.4
A-CAMP-ROBUSTNESS-001/sues,SUES200,CAMP,300,same,none,,target,0.5,budget10,old_su,20,20,0,0,0.09803921568627451,0.4685714285714286,16.4,18.6
A-CAMP-ROBUSTNESS-001/sues,SUES200,CAMP,300,same,none,,target,0.5,budget25,old_su,20,20,0,0,0.24929971988795518,0.5028089887640449,44.75,44.25
A-CAMP-ROBUSTNESS-001/sues,SUES200,CAMP,300,same,none,,target,0.5,budget50,old_su,20,20,0,0,0.49859943977591037,0.5030898876404495,89.55,88.45
A-CAMP-ROBUSTNESS-001/sues,SUES200,CAMP,300,same,none,,target,0.5,full_frozen,old_su,20,20,0,0,0.9971988795518207,0.5320224719101123,189.4,166.6
A-CAMP-ROBUSTNESS-001/sues,SUES200,CAMP,300,same,none,,target,0.5,matched,old_su,20,0,20,20,0.0,,,
A-CAMP-ROBUSTNESS-001/sues,SUES200,CAMP,300,same,none,,target,0.5,budget10,old_su_guard,20,20,0,0,0.09803921568627451,0.0,0,35
A-CAMP-ROBUSTNESS-001/sues,SUES200,CAMP,300,same,none,,target,0.5,budget25,old_su_guard,20,20,0,0,0.24929971988795518,0.0,0,89
A-CAMP-ROBUSTNESS-001/sues,SUES200,CAMP,300,same,none,,target,0.5,budget50,old_su_guard,20,18,2,2,0.44873949579831934,0.0764669163545568,13.61111111111111,164.38888888888889
A-CAMP-ROBUSTNESS-001/sues,SUES200,CAMP,300,same,none,,target,0.5,full_frozen,old_su_guard,20,20,0,0,0.5067226890756302,0.08893428821481558,16.1,164.8
A-CAMP-ROBUSTNESS-001/sues,SUES200,CAMP,300,same,none,,target,0.5,matched,old_su_guard,20,20,0,0,0.484593837535014,0.06355489217044896,11,162
A-CAMP-ROBUSTNESS-001/sues,SUES200,CAMP,300,same,none,,target,0.5,budget10,current_margin,20,20,0,0,0.09803921568627451,0.0,0,35
A-CAMP-ROBUSTNESS-001/sues,SUES200,CAMP,300,same,none,,target,0.5,budget25,current_margin,20,20,0,0,0.24929971988795518,0.00898876404494382,0.8,88.2
A-CAMP-ROBUSTNESS-001/sues,SUES200,CAMP,300,same,none,,target,0.5,budget50,current_margin,20,20,0,0,0.49859943977591037,0.17050561797752808,30.35,147.65
A-CAMP-ROBUSTNESS-001/sues,SUES200,CAMP,300,same,none,,target,0.5,full_frozen,current_margin,20,20,0,0,0.965266106442577,0.5170869812188987,178.2,166.4
A-CAMP-ROBUSTNESS-001/sues,SUES200,CAMP,300,same,none,,target,0.5,matched,current_margin,20,20,0,0,0.43445378151260505,0.11255270605267843,17.95,137.15
A-CAMP-ROBUSTNESS-001/sues,SUES200,CAMP,300,same,none,,target,0.5,budget10,current_margin_guard,20,20,0,0,0.09803921568627451,0.0,0,35
A-CAMP-ROBUSTNESS-001/sues,SUES200,CAMP,300,same,none,,target,0.5,budget25,current_margin_guard,20,20,0,0,0.24929971988795518,0.0,0,89
A-CAMP-ROBUSTNESS-001/sues,SUES200,CAMP,300,same,none,,target,0.5,budget50,current_margin_guard,20,18,2,2,0.44873949579831934,0.07927590511860175,14.11111111111111,163.88888888888889
A-CAMP-ROBUSTNESS-001/sues,SUES200,CAMP,300,same,none,,target,0.5,full_frozen,current_margin_guard,20,20,0,0,0.5079831932773109,0.09117003386260551,16.55,164.8
A-CAMP-ROBUSTNESS-001/sues,SUES200,CAMP,300,same,none,,target,0.5,matched,current_margin_guard,20,20,0,0,0.4812324929971989,0.06131589103575487,10.55,161.25
A-CAMP-ROBUSTNESS-001/sues,SUES200,CAMP,300,same,none,,target,0.5,budget10,old_margin_guard,20,20,0,0,0.09803921568627451,0.0,0,35
A-CAMP-ROBUSTNESS-001/sues,SUES200,CAMP,300,same,none,,target,0.5,budget25,old_margin_guard,20,20,0,0,0.24929971988795518,0.0,0,89
A-CAMP-ROBUSTNESS-001/sues,SUES200,CAMP,300,same,none,,target,0.5,budget50,old_margin_guard,20,18,2,2,0.44873949579831934,0.07865168539325842,14,164
A-CAMP-ROBUSTNESS-001/sues,SUES200,CAMP,300,same,none,,target,0.5,full_frozen,old_margin_guard,20,20,0,0,0.5079831932773109,0.09117003386260551,16.55,164.8
A-CAMP-ROBUSTNESS-001/sues,SUES200,CAMP,300,same,none,,target,0.5,matched,old_margin_guard,20,20,0,0,0.4726890756302521,0.05328365318588064,9,159.75
A-CAMP-ROBUSTNESS-001/sues,SUES200,CAMP,300,same,none,,target,0.5,budget10,sq8_margin_guard,20,20,0,0,0.09803921568627451,0.0,0,35
A-CAMP-ROBUSTNESS-001/sues,SUES200,CAMP,300,same,none,,target,0.5,budget25,sq8_margin_guard,20,20,0,0,0.24929971988795518,0.0,0,89
A-CAMP-ROBUSTNESS-001/sues,SUES200,CAMP,300,same,none,,target,0.5,budget50,sq8_margin_guard,20,6,14,14,0.1495798319327731,0.06928838951310862,12.333333333333334,165.66666666666666
A-CAMP-ROBUSTNESS-001/sues,SUES200,CAMP,300,same,none,,target,0.5,full_frozen,sq8_margin_guard,20,20,0,0,0.49495798319327733,0.07911582537048327,14,162.7
A-CAMP-ROBUSTNESS-001/sues,SUES200,CAMP,300,same,none,,target,0.5,matched,sq8_margin_guard,20,20,0,0,0.4854341736694678,0.06807253685113294,11.85,161.45
A-CAMP-ROBUSTNESS-001/sues,SUES200,CAMP,pooled,same,none,,control,0.25,budget10,current_su,20,20,0,0,0.09943977591036414,0.0,0,142
A-CAMP-ROBUSTNESS-001/sues,SUES200,CAMP,pooled,same,none,,control,0.25,budget25,current_su,20,20,0,0,0.25,0.0,0,357
A-CAMP-ROBUSTNESS-001/sues,SUES200,CAMP,pooled,same,none,,control,0.25,budget50,current_su,20,20,0,0,0.5,0.0027310924369747898,1.95,712.05
A-CAMP-ROBUSTNESS-001/sues,SUES200,CAMP,pooled,same,none,,control,0.25,full_frozen,current_su,20,20,0,0,0.8837885154061624,0.08921562508144082,112.6,1149.45
A-CAMP-ROBUSTNESS-001/sues,SUES200,CAMP,pooled,same,none,,control,0.25,matched,current_su,20,20,0,0,0.9674719887955182,0.13713687096044036,190.25,1191.3
A-CAMP-ROBUSTNESS-001/sues,SUES200,CAMP,pooled,same,none,,control,0.25,budget10,current_su_guard,20,20,0,0,0.09943977591036414,0.0,0,142
A-CAMP-ROBUSTNESS-001/sues,SUES200,CAMP,pooled,same,none,,control,0.25,budget25,current_su_guard,20,20,0,0,0.25,0.0,0,357
A-CAMP-ROBUSTNESS-001/sues,SUES200,CAMP,pooled,same,none,,control,0.25,budget50,current_su_guard,20,20,0,0,0.5,0.0027310924369747898,1.95,712.05
A-CAMP-ROBUSTNESS-001/sues,SUES200,CAMP,pooled,same,none,,control,0.25,full_frozen,current_su_guard,20,20,0,0,0.862780112044818,0.08415642024673062,103.7,1128.35
A-CAMP-ROBUSTNESS-001/sues,SUES200,CAMP,pooled,same,none,,control,0.25,matched,current_su_guard,20,20,0,0,0.9451330532212885,0.13482186733640103,182,1167.65
A-CAMP-ROBUSTNESS-001/sues,SUES200,CAMP,pooled,same,none,,control,0.25,budget10,old_su,20,20,0,0,0.09943977591036414,0.0,0,142
A-CAMP-ROBUSTNESS-001/sues,SUES200,CAMP,pooled,same,none,,control,0.25,budget25,old_su,20,20,0,0,0.25,0.0,0,357
A-CAMP-ROBUSTNESS-001/sues,SUES200,CAMP,pooled,same,none,,control,0.25,budget50,old_su,20,20,0,0,0.5,0.0029411764705882353,2.1,711.9
A-CAMP-ROBUSTNESS-001/sues,SUES200,CAMP,pooled,same,none,,control,0.25,full_frozen,old_su,20,20,0,0,0.8592436974789915,0.08105134474327629,99.45,1127.55
A-CAMP-ROBUSTNESS-001/sues,SUES200,CAMP,pooled,same,none,,control,0.25,matched,old_su,20,20,0,0,0.9623949579831933,0.1346401235391944,186.4,1187.9
A-CAMP-ROBUSTNESS-001/sues,SUES200,CAMP,pooled,same,none,,control,0.25,budget10,old_su_guard,20,20,0,0,0.09943977591036414,0.0,0,142
A-CAMP-ROBUSTNESS-001/sues,SUES200,CAMP,pooled,same,none,,control,0.25,budget25,old_su_guard,20,20,0,0,0.25,0.0,0,357
A-CAMP-ROBUSTNESS-001/sues,SUES200,CAMP,pooled,same,none,,control,0.25,budget50,old_su_guard,20,20,0,0,0.5,0.0014005602240896359,1,713
A-CAMP-ROBUSTNESS-001/sues,SUES200,CAMP,pooled,same,none,,control,0.25,full_frozen,old_su_guard,20,20,0,0,0.8307773109243698,0.06939292501537717,82.35,1104
A-CAMP-ROBUSTNESS-001/sues,SUES200,CAMP,pooled,same,none,,control,0.25,matched,old_su_guard,20,20,0,0,0.9493697478991596,0.13769033377938847,186.7,1169
A-CAMP-ROBUSTNESS-001/sues,SUES200,CAMP,pooled,same,none,,control,0.25,budget10,current_margin,20,20,0,0,0.09943977591036414,0.0,0,142
A-CAMP-ROBUSTNESS-001/sues,SUES200,CAMP,pooled,same,none,,control,0.25,budget25,current_margin,20,20,0,0,0.25,0.0,0,357
A-CAMP-ROBUSTNESS-001/sues,SUES200,CAMP,pooled,same,none,,control,0.25,budget50,current_margin,20,20,0,0,0.5,0.0004201680672268908,0.3,713.7
A-CAMP-ROBUSTNESS-001/sues,SUES200,CAMP,pooled,same,none,,control,0.25,full_frozen,current_margin,20,20,0,0,0.95,0.1282991388166751,174.05,1182.55
A-CAMP-ROBUSTNESS-001/sues,SUES200,CAMP,pooled,same,none,,control,0.25,matched,current_margin,20,20,0,0,0.9903011204481793,0.15237980634235862,215.5,1198.65
A-CAMP-ROBUSTNESS-001/sues,SUES200,CAMP,pooled,same,none,,control,0.25,budget10,current_margin_guard,20,20,0,0,0.09943977591036414,0.0,0,142
A-CAMP-ROBUSTNESS-001/sues,SUES200,CAMP,pooled,same,none,,control,0.25,budget25,current_margin_guard,20,20,0,0,0.25,0.0,0,357
A-CAMP-ROBUSTNESS-001/sues,SUES200,CAMP,pooled,same,none,,control,0.25,budget50,current_margin_guard,20,20,0,0,0.5,0.0004201680672268908,0.3,713.7
A-CAMP-ROBUSTNESS-001/sues,SUES200,CAMP,pooled,same,none,,control,0.25,full_frozen,current_margin_guard,20,20,0,0,0.9110294117647059,0.11309131883159809,147.15,1153.8
A-CAMP-ROBUSTNESS-001/sues,SUES200,CAMP,pooled,same,none,,control,0.25,matched,current_margin_guard,20,20,0,0,0.9472689075630252,0.1357778058665334,183.7,1169
A-CAMP-ROBUSTNESS-001/sues,SUES200,CAMP,pooled,same,none,,control,0.25,budget10,old_margin_guard,20,20,0,0,0.09943977591036414,0.0,0,142
A-CAMP-ROBUSTNESS-001/sues,SUES200,CAMP,pooled,same,none,,control,0.25,budget25,old_margin_guard,20,20,0,0,0.25,0.0,0,357
A-CAMP-ROBUSTNESS-001/sues,SUES200,CAMP,pooled,same,none,,control,0.25,budget50,old_margin_guard,20,20,0,0,0.5,0.0004201680672268908,0.3,713.7
A-CAMP-ROBUSTNESS-001/sues,SUES200,CAMP,pooled,same,none,,control,0.25,full_frozen,old_margin_guard,20,20,0,0,0.9055322128851541,0.11064206288758004,143.1,1150
A-CAMP-ROBUSTNESS-001/sues,SUES200,CAMP,pooled,same,none,,control,0.25,matched,old_margin_guard,20,20,0,0,0.9472689075630252,0.1357778058665334,183.7,1169
A-CAMP-ROBUSTNESS-001/sues,SUES200,CAMP,pooled,same,none,,control,0.25,budget10,sq8_margin_guard,20,20,0,0,0.09943977591036414,0.0,0,142
A-CAMP-ROBUSTNESS-001/sues,SUES200,CAMP,pooled,same,none,,control,0.25,budget25,sq8_margin_guard,20,20,0,0,0.25,0.0,0,357
A-CAMP-ROBUSTNESS-001/sues,SUES200,CAMP,pooled,same,none,,control,0.25,budget50,sq8_margin_guard,20,20,0,0,0.5,0.0018207282913165266,1.3,712.7
A-CAMP-ROBUSTNESS-001/sues,SUES200,CAMP,pooled,same,none,,control,0.25,full_frozen,sq8_margin_guard,20,20,0,0,0.8838235294117647,0.10066465392893317,127.1,1135
A-CAMP-ROBUSTNESS-001/sues,SUES200,CAMP,pooled,same,none,,control,0.25,matched,sq8_margin_guard,20,20,0,0,0.9268557422969188,0.12620962030593944,167.1,1156.45
A-CAMP-ROBUSTNESS-001/sues,SUES200,CAMP,150,same,none,,control,0.25,budget10,current_su,20,20,0,0,0.09803921568627451,0.0,0,35
A-CAMP-ROBUSTNESS-001/sues,SUES200,CAMP,150,same,none,,control,0.25,budget25,current_su,20,20,0,0,0.24929971988795518,0.011797752808988763,1.05,87.95
A-CAMP-ROBUSTNESS-001/sues,SUES200,CAMP,150,same,none,,control,0.25,budget50,current_su,20,20,0,0,0.49859943977591037,0.03258426966292135,5.8,172.2
A-CAMP-ROBUSTNESS-001/sues,SUES200,CAMP,150,same,none,,control,0.25,full_frozen,current_su,20,20,0,0,0.6060224089635854,0.07271454211647313,15.75,200.6
A-CAMP-ROBUSTNESS-001/sues,SUES200,CAMP,150,same,none,,control,0.25,matched,current_su,20,20,0,0,0.6602240896358543,0.10640155846470915,25.9,209.8
A-CAMP-ROBUSTNESS-001/sues,SUES200,CAMP,150,same,none,,control,0.25,budget10,current_su_guard,20,20,0,0,0.09803921568627451,0.0,0,35
A-CAMP-ROBUSTNESS-001/sues,SUES200,CAMP,150,same,none,,control,0.25,budget25,current_su_guard,20,20,0,0,0.24929971988795518,0.011797752808988763,1.05,87.95
A-CAMP-ROBUSTNESS-001/sues,SUES200,CAMP,150,same,none,,control,0.25,budget50,current_su_guard,20,20,0,0,0.49859943977591037,0.029213483146067414,5.2,172.8
A-CAMP-ROBUSTNESS-001/sues,SUES200,CAMP,150,same,none,,control,0.25,full_frozen,current_su_guard,20,20,0,0,0.5949579831932773,0.06814056584914946,14.5,197.9
A-CAMP-ROBUSTNESS-001/sues,SUES200,CAMP,150,same,none,,control,0.25,matched,current_su_guard,20,20,0,0,0.7373949579831933,0.15386198896143644,41.9,221.35
A-CAMP-ROBUSTNESS-001/sues,SUES200,CAMP,150,same,none,,control,0.25,budget10,old_su,20,20,0,0,0.09803921568627451,0.0,0,35
A-CAMP-ROBUSTNESS-001/sues,SUES200,CAMP,150,same,none,,control,0.25,budget25,old_su,20,20,0,0,0.24929971988795518,0.007865168539325843,0.7,88.3
A-CAMP-ROBUSTNESS-001/sues,SUES200,CAMP,150,same,none,,control,0.25,budget50,old_su,20,20,0,0,0.49859943977591037,0.05449438202247191,9.7,168.3
A-CAMP-ROBUSTNESS-001/sues,SUES200,CAMP,150,same,none,,control,0.25,full_frozen,old_su,20,20,0,0,0.5826330532212886,0.071875,14.95,193.05
A-CAMP-ROBUSTNESS-001/sues,SUES200,CAMP,150,same,none,,control,0.25,matched,old_su,20,20,0,0,0.6196078431372549,0.09169569411106707,20.35,200.85
A-CAMP-ROBUSTNESS-001/sues,SUES200,CAMP,150,same,none,,control,0.25,budget10,old_su_guard,20,20,0,0,0.09803921568627451,0.0,0,35
A-CAMP-ROBUSTNESS-001/sues,SUES200,CAMP,150,same,none,,control,0.25,budget25,old_su_guard,20,20,0,0,0.24929971988795518,0.009550561797752809,0.85,88.15
A-CAMP-ROBUSTNESS-001/sues,SUES200,CAMP,150,same,none,,control,0.25,budget50,old_su_guard,20,20,0,0,0.49859943977591037,0.036235955056179776,6.45,171.55
A-CAMP-ROBUSTNESS-001/sues,SUES200,CAMP,150,same,none,,control,0.25,full_frozen,old_su_guard,20,20,0,0,0.5528011204481793,0.04216541953175604,8.35,189
A-CAMP-ROBUSTNESS-001/sues,SUES200,CAMP,150,same,none,,control,0.25,matched,old_su_guard,20,20,0,0,0.7252100840336134,0.14797079945155395,40.9,218
A-CAMP-ROBUSTNESS-001/sues,SUES200,CAMP,150,same,none,,control,0.25,budget10,current_margin,20,20,0,0,0.09803921568627451,0.0,0,35
A-CAMP-ROBUSTNESS-001/sues,SUES200,CAMP,150,same,none,,control,0.25,budget25,current_margin,20,20,0,0,0.24929971988795518,0.0016853932584269663,0.15,88.85
A-CAMP-ROBUSTNESS-001/sues,SUES200,CAMP,150,same,none,,control,0.25,budget50,current_margin,20,20,0,0,0.49859943977591037,0.046348314606741575,8.25,169.75
A-CAMP-ROBUSTNESS-001/sues,SUES200,CAMP,150,same,none,,control,0.25,full_frozen,current_margin,20,20,0,0,0.6630252100840336,0.09266461912001529,21.95,214.75
A-CAMP-ROBUSTNESS-001/sues,SUES200,CAMP,150,same,none,,control,0.25,matched,current_margin,20,20,0,0,0.8148459383753501,0.18334957590095954,53.7,237.2
A-CAMP-ROBUSTNESS-001/sues,SUES200,CAMP,150,same,none,,control,0.25,budget10,current_margin_guard,20,20,0,0,0.09803921568627451,0.0,0,35
A-CAMP-ROBUSTNESS-001/sues,SUES200,CAMP,150,same,none,,control,0.25,budget25,current_margin_guard,20,20,0,0,0.24929971988795518,0.0016853932584269663,0.15,88.85
A-CAMP-ROBUSTNESS-001/sues,SUES200,CAMP,150,same,none,,control,0.25,budget50,current_margin_guard,20,20,0,0,0.49859943977591037,0.047752808988764044,8.5,169.5
A-CAMP-ROBUSTNESS-001/sues,SUES200,CAMP,150,same,none,,control,0.25,full_frozen,current_margin_guard,20,20,0,0,0.6428571428571429,0.08793846337172258,20.2,209.3
A-CAMP-ROBUSTNESS-001/sues,SUES200,CAMP,150,same,none,,control,0.25,matched,current_margin_guard,20,20,0,0,0.7949579831932773,0.18510623524764389,53.25,230.55
A-CAMP-ROBUSTNESS-001/sues,SUES200,CAMP,150,same,none,,control,0.25,budget10,old_margin_guard,20,20,0,0,0.09803921568627451,0.0,0,35
A-CAMP-ROBUSTNESS-001/sues,SUES200,CAMP,150,same,none,,control,0.25,budget25,old_margin_guard,20,20,0,0,0.24929971988795518,0.0,0,89
A-CAMP-ROBUSTNESS-001/sues,SUES200,CAMP,150,same,none,,control,0.25,budget50,old_margin_guard,20,20,0,0,0.49859943977591037,0.04915730337078651,8.75,169.25
A-CAMP-ROBUSTNESS-001/sues,SUES200,CAMP,150,same,none,,control,0.25,full_frozen,old_margin_guard,20,20,0,0,0.6056022408963585,0.07486248235451629,16.2,200
A-CAMP-ROBUSTNESS-001/sues,SUES200,CAMP,150,same,none,,control,0.25,matched,old_margin_guard,20,20,0,0,0.7819327731092437,0.17333387136176603,49.6,229.55
A-CAMP-ROBUSTNESS-001/sues,SUES200,CAMP,150,same,none,,control,0.25,budget10,sq8_margin_guard,20,20,0,0,0.09803921568627451,0.0,0,35
A-CAMP-ROBUSTNESS-001/sues,SUES200,CAMP,150,same,none,,control,0.25,budget25,sq8_margin_guard,20,20,0,0,0.24929971988795518,0.0,0,89
A-CAMP-ROBUSTNESS-001/sues,SUES200,CAMP,150,same,none,,control,0.25,budget50,sq8_margin_guard,20,20,0,0,0.49859943977591037,0.05056179775280899,9,169
A-CAMP-ROBUSTNESS-001/sues,SUES200,CAMP,150,same,none,,control,0.25,full_frozen,sq8_margin_guard,20,20,0,0,0.5913165266106443,0.0721569877521197,15.25,195.85
A-CAMP-ROBUSTNESS-001/sues,SUES200,CAMP,150,same,none,,control,0.25,matched,sq8_margin_guard,20,20,0,0,0.788375350140056,0.18342936021810485,53,228.45
A-CAMP-ROBUSTNESS-001/sues,SUES200,CAMP,200,same,none,,control,0.25,budget10,current_su,20,20,0,0,0.09803921568627451,0.0,0,35
A-CAMP-ROBUSTNESS-001/sues,SUES200,CAMP,200,same,none,,control,0.25,budget25,current_su,20,20,0,0,0.24929971988795518,0.0,0,89
A-CAMP-ROBUSTNESS-001/sues,SUES200,CAMP,200,same,none,,control,0.25,budget50,current_su,20,20,0,0,0.49859943977591037,0.0008426966292134832,0.15,177.85
A-CAMP-ROBUSTNESS-001/sues,SUES200,CAMP,200,same,none,,control,0.25,full_frozen,current_su,20,20,0,0,0.7729691876750701,0.06304493001010994,17.4,258.55
A-CAMP-ROBUSTNESS-001/sues,SUES200,CAMP,200,same,none,,control,0.25,matched,current_su,20,20,0,0,0.915126050420168,0.13170480637782184,43.5,283.2
A-CAMP-ROBUSTNESS-001/sues,SUES200,CAMP,200,same,none,,control,0.25,budget10,current_su_guard,20,20,0,0,0.09803921568627451,0.0,0,35
A-CAMP-ROBUSTNESS-001/sues,SUES200,CAMP,200,same,none,,control,0.25,budget25,current_su_guard,20,20,0,0,0.24929971988795518,0.0,0,89
A-CAMP-ROBUSTNESS-001/sues,SUES200,CAMP,200,same,none,,control,0.25,budget50,current_su_guard,20,20,0,0,0.49859943977591037,0.0008426966292134832,0.15,177.85
A-CAMP-ROBUSTNESS-001/sues,SUES200,CAMP,200,same,none,,control,0.25,full_frozen,current_su_guard,20,20,0,0,0.7648459383753501,0.061141837603828894,16.7,256.35
A-CAMP-ROBUSTNESS-001/sues,SUES200,CAMP,200,same,none,,control,0.25,matched,current_su_guard,20,20,0,0,0.8917366946778711,0.12367630169093172,39.5,278.85
A-CAMP-ROBUSTNESS-001/sues,SUES200,CAMP,200,same,none,,control,0.25,budget10,old_su,20,20,0,0,0.09803921568627451,0.0,0,35
A-CAMP-ROBUSTNESS-001/sues,SUES200,CAMP,200,same,none,,control,0.25,budget25,old_su,20,20,0,0,0.24929971988795518,0.0,0,89
A-CAMP-ROBUSTNESS-001/sues,SUES200,CAMP,200,same,none,,control,0.25,budget50,old_su,20,20,0,0,0.49859943977591037,0.002247191011235955,0.4,177.6
A-CAMP-ROBUSTNESS-001/sues,SUES200,CAMP,200,same,none,,control,0.25,full_frozen,old_su,20,20,0,0,0.7619047619047619,0.061213235294117645,16.65,255.35
A-CAMP-ROBUSTNESS-001/sues,SUES200,CAMP,200,same,none,,control,0.25,matched,old_su,20,20,0,0,0.9322128851540616,0.1374506177992635,46,286.8
A-CAMP-ROBUSTNESS-001/sues,SUES200,CAMP,200,same,none,,control,0.25,budget10,old_su_guard,20,20,0,0,0.09803921568627451,0.0,0,35
A-CAMP-ROBUSTNESS-001/sues,SUES200,CAMP,200,same,none,,control,0.25,budget25,old_su_guard,20,20,0,0,0.24929971988795518,0.0,0,89
A-CAMP-ROBUSTNESS-001/sues,SUES200,CAMP,200,same,none,,control,0.25,budget50,old_su_guard,20,20,0,0,0.49859943977591037,0.0008426966292134832,0.15,177.85
A-CAMP-ROBUSTNESS-001/sues,SUES200,CAMP,200,same,none,,control,0.25,full_frozen,old_su_guard,20,20,0,0,0.7397759103641457,0.053370001399255726,14.1,250
A-CAMP-ROBUSTNESS-001/sues,SUES200,CAMP,200,same,none,,control,0.25,matched,old_su_guard,20,20,0,0,0.9168067226890756,0.13881735303283238,45.45,281.85
A-CAMP-ROBUSTNESS-001/sues,SUES200,CAMP,200,same,none,,control,0.25,budget10,current_margin,20,20,0,0,0.09803921568627451,0.0,0,35
A-CAMP-ROBUSTNESS-001/sues,SUES200,CAMP,200,same,none,,control,0.25,budget25,current_margin,20,20,0,0,0.24929971988795518,0.0,0,89
A-CAMP-ROBUSTNESS-001/sues,SUES200,CAMP,200,same,none,,control,0.25,budget50,current_margin,20,20,0,0,0.49859943977591037,0.0008426966292134832,0.15,177.85
A-CAMP-ROBUSTNESS-001/sues,SUES200,CAMP,200,same,none,,control,0.25,full_frozen,current_margin,20,20,0,0,0.9322128851540616,0.13371155118690858,44.5,288.3
A-CAMP-ROBUSTNESS-001/sues,SUES200,CAMP,200,same,none,,control,0.25,matched,current_margin,20,20,0,0,0.9697478991596639,0.15438626659336807,53.5,292.7
A-CAMP-ROBUSTNESS-001/sues,SUES200,CAMP,200,same,none,,control,0.25,budget10,current_margin_guard,20,20,0,0,0.09803921568627451,0.0,0,35
A-CAMP-ROBUSTNESS-001/sues,SUES200,CAMP,200,same,none,,control,0.25,budget25,current_margin_guard,20,20,0,0,0.24929971988795518,0.0,0,89
A-CAMP-ROBUSTNESS-001/sues,SUES200,CAMP,200,same,none,,control,0.25,budget50,current_margin_guard,20,20,0,0,0.49859943977591037,0.0008426966292134832,0.15,177.85
A-CAMP-ROBUSTNESS-001/sues,SUES200,CAMP,200,same,none,,control,0.25,full_frozen,current_margin_guard,20,20,0,0,0.8948179271708684,0.12250913015291513,39.15,280.3
A-CAMP-ROBUSTNESS-001/sues,SUES200,CAMP,200,same,none,,control,0.25,matched,current_margin_guard,20,20,0,0,0.9253501400560225,0.13873712296590085,45.85,284.5
A-CAMP-ROBUSTNESS-001/sues,SUES200,CAMP,200,same,none,,control,0.25,budget10,old_margin_guard,20,20,0,0,0.09803921568627451,0.0,0,35
A-CAMP-ROBUSTNESS-001/sues,SUES200,CAMP,200,same,none,,control,0.25,budget25,old_margin_guard,20,20,0,0,0.24929971988795518,0.0,0,89
A-CAMP-ROBUSTNESS-001/sues,SUES200,CAMP,200,same,none,,control,0.25,budget50,old_margin_guard,20,20,0,0,0.49859943977591037,0.0008426966292134832,0.15,177.85
A-CAMP-ROBUSTNESS-001/sues,SUES200,CAMP,200,same,none,,control,0.25,full_frozen,old_margin_guard,20,20,0,0,0.8861344537815126,0.12118240060170374,38.35,278
A-CAMP-ROBUSTNESS-001/sues,SUES200,CAMP,200,same,none,,control,0.25,matched,old_margin_guard,20,20,0,0,0.9243697478991597,0.13841680230938713,45.7,284.3
A-CAMP-ROBUSTNESS-001/sues,SUES200,CAMP,200,same,none,,control,0.25,budget10,sq8_margin_guard,20,20,0,0,0.09803921568627451,0.0,0,35
A-CAMP-ROBUSTNESS-001/sues,SUES200,CAMP,200,same,none,,control,0.25,budget25,sq8_margin_guard,20,20,0,0,0.24929971988795518,0.0,0,89
A-CAMP-ROBUSTNESS-001/sues,SUES200,CAMP,200,same,none,,control,0.25,budget50,sq8_margin_guard,20,20,0,0,0.49859943977591037,0.0008426966292134832,0.15,177.85
A-CAMP-ROBUSTNESS-001/sues,SUES200,CAMP,200,same,none,,control,0.25,full_frozen,sq8_margin_guard,20,20,0,0,0.8701680672268908,0.11244956556025244,34.95,275.7
A-CAMP-ROBUSTNESS-001/sues,SUES200,CAMP,200,same,none,,control,0.25,matched,sq8_margin_guard,20,20,0,0,0.892436974789916,0.12423241186641663,39.6,279
A-CAMP-ROBUSTNESS-001/sues,SUES200,CAMP,250,same,none,,control,0.25,budget10,current_su,20,20,0,0,0.09803921568627451,0.0,0,35
A-CAMP-ROBUSTNESS-001/sues,SUES200,CAMP,250,same,none,,control,0.25,budget25,current_su,20,20,0,0,0.24929971988795518,0.0,0,89
A-CAMP-ROBUSTNESS-001/sues,SUES200,CAMP,250,same,none,,control,0.25,budget50,current_su,20,20,0,0,0.49859943977591037,0.0,0,178
A-CAMP-ROBUSTNESS-001/sues,SUES200,CAMP,250,same,none,,control,0.25,full_frozen,current_su,20,20,0,0,0.9448179271708683,0.07365423467272786,24.85,312.45
A-CAMP-ROBUSTNESS-001/sues,SUES200,CAMP,250,same,none,,control,0.25,matched,current_su,20,20,0,0,0.953501400560224,0.08260027577215859,28.35,312.05
A-CAMP-ROBUSTNESS-001/sues,SUES200,CAMP,250,same,none,,control,0.25,budget10,current_su_guard,20,20,0,0,0.09803921568627451,0.0,0,35
A-CAMP-ROBUSTNESS-001/sues,SUES200,CAMP,250,same,none,,control,0.25,budget25,current_su_guard,20,20,0,0,0.24929971988795518,0.0,0,89
A-CAMP-ROBUSTNESS-001/sues,SUES200,CAMP,250,same,none,,control,0.25,budget50,current_su_guard,20,20,0,0,0.49859943977591037,0.0,0,178
A-CAMP-ROBUSTNESS-001/sues,SUES200,CAMP,250,same,none,,control,0.25,full_frozen,current_su_guard,20,20,0,0,0.9242296918767507,0.0752799527508836,24.85,305.1
A-CAMP-ROBUSTNESS-001/sues,SUES200,CAMP,250,same,none,,control,0.25,matched,current_su_guard,20,20,0,0,0.907563025210084,0.06567835479323843,21.35,302.65
A-CAMP-ROBUSTNESS-001/sues,SUES200,CAMP,250,same,none,,control,0.25,budget10,old_su,20,20,0,0,0.09803921568627451,0.0,0,35
A-CAMP-ROBUSTNESS-001/sues,SUES200,CAMP,250,same,none,,control,0.25,budget25,old_su,20,20,0,0,0.24929971988795518,0.0,0,89
A-CAMP-ROBUSTNESS-001/sues,SUES200,CAMP,250,same,none,,control,0.25,budget50,old_su,20,20,0,0,0.49859943977591037,0.0,0,178
A-CAMP-ROBUSTNESS-001/sues,SUES200,CAMP,250,same,none,,control,0.25,full_frozen,old_su,20,20,0,0,0.9187675070028011,0.06356707317073171,20.85,307.15
A-CAMP-ROBUSTNESS-001/sues,SUES200,CAMP,250,same,none,,control,0.25,matched,old_su,20,20,0,0,0.9490196078431372,0.07570909916042659,25.65,313.15
A-CAMP-ROBUSTNESS-001/sues,SUES200,CAMP,250,same,none,,control,0.25,budget10,old_su_guard,20,20,0,0,0.09803921568627451,0.0,0,35
A-CAMP-ROBUSTNESS-001/sues,SUES200,CAMP,250,same,none,,control,0.25,budget25,old_su_guard,20,20,0,0,0.24929971988795518,0.0,0,89
A-CAMP-ROBUSTNESS-001/sues,SUES200,CAMP,250,same,none,,control,0.25,budget50,old_su_guard,20,20,0,0,0.49859943977591037,0.0,0,178
A-CAMP-ROBUSTNESS-001/sues,SUES200,CAMP,250,same,none,,control,0.25,full_frozen,old_su_guard,20,20,0,0,0.8914565826330533,0.06046119574908776,19.25,299
A-CAMP-ROBUSTNESS-001/sues,SUES200,CAMP,250,same,none,,control,0.25,matched,old_su_guard,20,20,0,0,0.9222689075630252,0.07362843306053507,24.25,305
A-CAMP-ROBUSTNESS-001/sues,SUES200,CAMP,250,same,none,,control,0.25,budget10,current_margin,20,20,0,0,0.09803921568627451,0.0,0,35
A-CAMP-ROBUSTNESS-001/sues,SUES200,CAMP,250,same,none,,control,0.25,budget25,current_margin,20,20,0,0,0.24929971988795518,0.0,0,89
A-CAMP-ROBUSTNESS-001/sues,SUES200,CAMP,250,same,none,,control,0.25,budget50,current_margin,20,20,0,0,0.49859943977591037,0.0,0,178
A-CAMP-ROBUSTNESS-001/sues,SUES200,CAMP,250,same,none,,control,0.25,full_frozen,current_margin,20,20,0,0,0.9831932773109243,0.10441595441595442,36.65,314.35
A-CAMP-ROBUSTNESS-001/sues,SUES200,CAMP,250,same,none,,control,0.25,matched,current_margin,20,20,0,0,0.9882352941176471,0.10402556250682848,36.7,316.1
A-CAMP-ROBUSTNESS-001/sues,SUES200,CAMP,250,same,none,,control,0.25,budget10,current_margin_guard,20,20,0,0,0.09803921568627451,0.0,0,35
A-CAMP-ROBUSTNESS-001/sues,SUES200,CAMP,250,same,none,,control,0.25,budget25,current_margin_guard,20,20,0,0,0.24929971988795518,0.0,0,89
A-CAMP-ROBUSTNESS-001/sues,SUES200,CAMP,250,same,none,,control,0.25,budget50,current_margin_guard,20,20,0,0,0.49859943977591037,0.0,0,178
A-CAMP-ROBUSTNESS-001/sues,SUES200,CAMP,250,same,none,,control,0.25,full_frozen,current_margin_guard,20,20,0,0,0.9516806722689075,0.09637336124389466,32.75,307
A-CAMP-ROBUSTNESS-001/sues,SUES200,CAMP,250,same,none,,control,0.25,matched,current_margin_guard,20,20,0,0,0.9253501400560225,0.07834347521641712,26,304.35
A-CAMP-ROBUSTNESS-001/sues,SUES200,CAMP,250,same,none,,control,0.25,budget10,old_margin_guard,20,20,0,0,0.09803921568627451,0.0,0,35
A-CAMP-ROBUSTNESS-001/sues,SUES200,CAMP,250,same,none,,control,0.25,budget25,old_margin_guard,20,20,0,0,0.24929971988795518,0.0,0,89
A-CAMP-ROBUSTNESS-001/sues,SUES200,CAMP,250,same,none,,control,0.25,budget50,old_margin_guard,20,20,0,0,0.49859943977591037,0.0,0,178
A-CAMP-ROBUSTNESS-001/sues,SUES200,CAMP,250,same,none,,control,0.25,full_frozen,old_margin_guard,20,20,0,0,0.9516806722689075,0.09637336124389466,32.75,307
A-CAMP-ROBUSTNESS-001/sues,SUES200,CAMP,250,same,none,,control,0.25,matched,old_margin_guard,20,20,0,0,0.9525210084033613,0.09628548194692903,32.75,307.3
A-CAMP-ROBUSTNESS-001/sues,SUES200,CAMP,250,same,none,,control,0.25,budget10,sq8_margin_guard,20,20,0,0,0.09803921568627451,0.0,0,35
A-CAMP-ROBUSTNESS-001/sues,SUES200,CAMP,250,same,none,,control,0.25,budget25,sq8_margin_guard,20,20,0,0,0.24929971988795518,0.0,0,89
A-CAMP-ROBUSTNESS-001/sues,SUES200,CAMP,250,same,none,,control,0.25,budget50,sq8_margin_guard,20,20,0,0,0.49859943977591037,0.0,0,178
A-CAMP-ROBUSTNESS-001/sues,SUES200,CAMP,250,same,none,,control,0.25,full_frozen,sq8_margin_guard,20,20,0,0,0.9350140056022409,0.09435059324649003,31.5,302.3
A-CAMP-ROBUSTNESS-001/sues,SUES200,CAMP,250,same,none,,control,0.25,matched,sq8_margin_guard,20,20,0,0,0.9418767507002801,0.09617852448674295,32.35,303.9
A-CAMP-ROBUSTNESS-001/sues,SUES200,CAMP,300,same,none,,control,0.25,budget10,current_su,20,20,0,0,0.09803921568627451,0.0,0,35
A-CAMP-ROBUSTNESS-001/sues,SUES200,CAMP,300,same,none,,control,0.25,budget25,current_su,20,20,0,0,0.24929971988795518,0.0,0,89
A-CAMP-ROBUSTNESS-001/sues,SUES200,CAMP,300,same,none,,control,0.25,budget50,current_su,20,20,0,0,0.49859943977591037,0.0,0,178
A-CAMP-ROBUSTNESS-001/sues,SUES200,CAMP,300,same,none,,control,0.25,full_frozen,current_su,20,20,0,0,0.9988795518207283,0.05257730454105997,18.75,337.85
A-CAMP-ROBUSTNESS-001/sues,SUES200,CAMP,300,same,none,,control,0.25,matched,current_su,20,20,0,0,0.992296918767507,0.04670185456630894,16.55,337.7
A-CAMP-ROBUSTNESS-001/sues,SUES200,CAMP,300,same,none,,control,0.25,budget10,current_su_guard,20,20,0,0,0.09803921568627451,0.0,0,35
A-CAMP-ROBUSTNESS-001/sues,SUES200,CAMP,300,same,none,,control,0.25,budget25,current_su_guard,20,20,0,0,0.24929971988795518,0.0,0,89
A-CAMP-ROBUSTNESS-001/sues,SUES200,CAMP,300,same,none,,control,0.25,budget50,current_su_guard,20,20,0,0,0.49859943977591037,0.0,0,178
A-CAMP-ROBUSTNESS-001/sues,SUES200,CAMP,300,same,none,,control,0.25,full_frozen,current_su_guard,20,20,0,0,0.9780112044817927,0.043374392576804165,15.15,334
A-CAMP-ROBUSTNESS-001/sues,SUES200,CAMP,300,same,none,,control,0.25,matched,current_su_guard,20,20,0,0,0.9680672268907563,0.03644143874017949,12.6,333
A-CAMP-ROBUSTNESS-001/sues,SUES200,CAMP,300,same,none,,control,0.25,budget10,old_su,20,20,0,0,0.09803921568627451,0.0,0,35
A-CAMP-ROBUSTNESS-001/sues,SUES200,CAMP,300,same,none,,control,0.25,budget25,old_su,20,20,0,0,0.24929971988795518,0.0,0,89
A-CAMP-ROBUSTNESS-001/sues,SUES200,CAMP,300,same,none,,control,0.25,budget50,old_su,20,20,0,0,0.49859943977591037,0.0,0,178
A-CAMP-ROBUSTNESS-001/sues,SUES200,CAMP,300,same,none,,control,0.25,full_frozen,old_su,20,20,0,0,0.9971988795518207,0.050983146067415726,18.15,337.85
A-CAMP-ROBUSTNESS-001/sues,SUES200,CAMP,300,same,none,,control,0.25,matched,old_su,20,20,0,0,0.9971988795518207,0.050983146067415726,18.15,337.85
A-CAMP-ROBUSTNESS-001/sues,SUES200,CAMP,300,same,none,,control,0.25,budget10,old_su_guard,20,20,0,0,0.09803921568627451,0.0,0,35
A-CAMP-ROBUSTNESS-001/sues,SUES200,CAMP,300,same,none,,control,0.25,budget25,old_su_guard,20,20,0,0,0.24929971988795518,0.0,0,89
A-CAMP-ROBUSTNESS-001/sues,SUES200,CAMP,300,same,none,,control,0.25,budget50,old_su_guard,20,20,0,0,0.49859943977591037,0.0,0,178
A-CAMP-ROBUSTNESS-001/sues,SUES200,CAMP,300,same,none,,control,0.25,full_frozen,old_su_guard,20,20,0,0,0.9754901960784313,0.04090315410396933,14.25,334
A-CAMP-ROBUSTNESS-001/sues,SUES200,CAMP,300,same,none,,control,0.25,matched,old_su_guard,20,20,0,0,0.9754901960784313,0.04090315410396933,14.25,334
A-CAMP-ROBUSTNESS-001/sues,SUES200,CAMP,300,same,none,,control,0.25,budget10,current_margin,20,20,0,0,0.09803921568627451,0.0,0,35
A-CAMP-ROBUSTNESS-001/sues,SUES200,CAMP,300,same,none,,control,0.25,budget25,current_margin,20,20,0,0,0.24929971988795518,0.0,0,89
A-CAMP-ROBUSTNESS-001/sues,SUES200,CAMP,300,same,none,,control,0.25,budget50,current_margin,20,20,0,0,0.49859943977591037,0.0,0,178
A-CAMP-ROBUSTNESS-001/sues,SUES200,CAMP,300,same,none,,control,0.25,full_frozen,current_margin,20,20,0,0,0.9974789915966387,0.05124838588703404,18.25,337.85
A-CAMP-ROBUSTNESS-001/sues,SUES200,CAMP,300,same,none,,control,0.25,matched,current_margin,20,20,0,0,0.9991596638655462,0.0528436093538539,18.85,337.85
A-CAMP-ROBUSTNESS-001/sues,SUES200,CAMP,300,same,none,,control,0.25,budget10,current_margin_guard,20,20,0,0,0.09803921568627451,0.0,0,35
A-CAMP-ROBUSTNESS-001/sues,SUES200,CAMP,300,same,none,,control,0.25,budget25,current_margin_guard,20,20,0,0,0.24929971988795518,0.0,0,89
A-CAMP-ROBUSTNESS-001/sues,SUES200,CAMP,300,same,none,,control,0.25,budget50,current_margin_guard,20,20,0,0,0.49859943977591037,0.0,0,178
A-CAMP-ROBUSTNESS-001/sues,SUES200,CAMP,300,same,none,,control,0.25,full_frozen,current_margin_guard,20,20,0,0,0.9782913165266106,0.04364940513345928,15.25,334
A-CAMP-ROBUSTNESS-001/sues,SUES200,CAMP,300,same,none,,control,0.25,matched,current_margin_guard,20,20,0,0,0.9782913165266106,0.04364940513345928,15.25,334
A-CAMP-ROBUSTNESS-001/sues,SUES200,CAMP,300,same,none,,control,0.25,budget10,old_margin_guard,20,20,0,0,0.09803921568627451,0.0,0,35
A-CAMP-ROBUSTNESS-001/sues,SUES200,CAMP,300,same,none,,control,0.25,budget25,old_margin_guard,20,20,0,0,0.24929971988795518,0.0,0,89
A-CAMP-ROBUSTNESS-001/sues,SUES200,CAMP,300,same,none,,control,0.25,budget50,old_margin_guard,20,20,0,0,0.49859943977591037,0.0,0,178
A-CAMP-ROBUSTNESS-001/sues,SUES200,CAMP,300,same,none,,control,0.25,full_frozen,old_margin_guard,20,20,0,0,0.9782913165266106,0.04364940513345928,15.25,334
A-CAMP-ROBUSTNESS-001/sues,SUES200,CAMP,300,same,none,,control,0.25,matched,old_margin_guard,20,20,0,0,0.9782913165266106,0.04364940513345928,15.25,334
A-CAMP-ROBUSTNESS-001/sues,SUES200,CAMP,300,same,none,,control,0.25,budget10,sq8_margin_guard,20,20,0,0,0.09803921568627451,0.0,0,35
A-CAMP-ROBUSTNESS-001/sues,SUES200,CAMP,300,same,none,,control,0.25,budget25,sq8_margin_guard,20,20,0,0,0.24929971988795518,0.0,0,89
A-CAMP-ROBUSTNESS-001/sues,SUES200,CAMP,300,same,none,,control,0.25,budget50,sq8_margin_guard,20,20,0,0,0.49859943977591037,0.0,0,178
A-CAMP-ROBUSTNESS-001/sues,SUES200,CAMP,300,same,none,,control,0.25,full_frozen,sq8_margin_guard,20,20,0,0,0.9707282913165266,0.04341643310828569,15.05,331.5
A-CAMP-ROBUSTNESS-001/sues,SUES200,CAMP,300,same,none,,control,0.25,matched,sq8_margin_guard,20,20,0,0,0.930812324929972,0.028892938232238707,9.7,322.6
A-CROSS-ENCODER-001/university,University1652,DINOv2,pooled,same,none,,full,0.0,budget10,current_su,1,1,0,0,0.09976525821596244,0.4470588235294118,38,47
A-CROSS-ENCODER-001/university,University1652,DINOv2,pooled,same,none,,full,0.0,budget25,current_su,1,1,0,0,0.25,0.5539906103286385,118,95
A-CROSS-ENCODER-001/university,University1652,DINOv2,pooled,same,none,,full,0.0,budget50,current_su,1,1,0,0,0.5,0.6948356807511737,296,130
A-CROSS-ENCODER-001/university,University1652,DINOv2,pooled,same,none,,full,0.0,full_frozen,current_su,1,0,1,1,0.0,,,
A-CROSS-ENCODER-001/university,University1652,DINOv2,pooled,same,none,,full,0.0,matched,current_su,1,0,1,1,0.0,,,
A-CROSS-ENCODER-001/university,University1652,DINOv2,pooled,same,none,,full,0.0,budget10,current_su_guard,1,1,0,0,0.09976525821596244,0.4470588235294118,38,47
A-CROSS-ENCODER-001/university,University1652,DINOv2,pooled,same,none,,full,0.0,budget25,current_su_guard,1,1,0,0,0.25,0.5539906103286385,118,95
A-CROSS-ENCODER-001/university,University1652,DINOv2,pooled,same,none,,full,0.0,budget50,current_su_guard,1,1,0,0,0.5,0.6948356807511737,296,130
A-CROSS-ENCODER-001/university,University1652,DINOv2,pooled,same,none,,full,0.0,full_frozen,current_su_guard,1,0,1,1,0.0,,,
A-CROSS-ENCODER-001/university,University1652,DINOv2,pooled,same,none,,full,0.0,matched,current_su_guard,1,0,1,1,0.0,,,
A-CROSS-ENCODER-001/university,University1652,DINOv2,pooled,same,none,,full,0.0,budget10,old_su,1,1,0,0,0.09976525821596244,0.4470588235294118,38,47
A-CROSS-ENCODER-001/university,University1652,DINOv2,pooled,same,none,,full,0.0,budget25,old_su,1,1,0,0,0.25,0.5539906103286385,118,95
A-CROSS-ENCODER-001/university,University1652,DINOv2,pooled,same,none,,full,0.0,budget50,old_su,1,1,0,0,0.5,0.6948356807511737,296,130
A-CROSS-ENCODER-001/university,University1652,DINOv2,pooled,same,none,,full,0.0,full_frozen,old_su,1,0,1,1,0.0,,,
A-CROSS-ENCODER-001/university,University1652,DINOv2,pooled,same,none,,full,0.0,matched,old_su,1,0,1,1,0.0,,,
A-CROSS-ENCODER-001/university,University1652,DINOv2,pooled,same,none,,full,0.0,budget10,old_su_guard,1,1,0,0,0.09976525821596244,0.4470588235294118,38,47
A-CROSS-ENCODER-001/university,University1652,DINOv2,pooled,same,none,,full,0.0,budget25,old_su_guard,1,1,0,0,0.25,0.5539906103286385,118,95
A-CROSS-ENCODER-001/university,University1652,DINOv2,pooled,same,none,,full,0.0,budget50,old_su_guard,1,1,0,0,0.5,0.6948356807511737,296,130
A-CROSS-ENCODER-001/university,University1652,DINOv2,pooled,same,none,,full,0.0,full_frozen,old_su_guard,1,0,1,1,0.0,,,
A-CROSS-ENCODER-001/university,University1652,DINOv2,pooled,same,none,,full,0.0,matched,old_su_guard,1,0,1,1,0.0,,,
A-CROSS-ENCODER-001/university,University1652,DINOv2,pooled,same,none,,full,0.0,budget10,current_margin,1,1,0,0,0.09976525821596244,0.3411764705882353,29,56
A-CROSS-ENCODER-001/university,University1652,DINOv2,pooled,same,none,,full,0.0,budget25,current_margin,1,1,0,0,0.25,0.5727699530516432,122,91
A-CROSS-ENCODER-001/university,University1652,DINOv2,pooled,same,none,,full,0.0,budget50,current_margin,1,1,0,0,0.5,0.715962441314554,305,121
A-CROSS-ENCODER-001/university,University1652,DINOv2,pooled,same,none,,full,0.0,full_frozen,current_margin,1,0,1,1,0.0,,,
A-CROSS-ENCODER-001/university,University1652,DINOv2,pooled,same,none,,full,0.0,matched,current_margin,1,0,1,1,0.0,,,
A-CROSS-ENCODER-001/university,University1652,DINOv2,pooled,same,none,,full,0.0,budget10,current_margin_guard,1,1,0,0,0.09976525821596244,0.3411764705882353,29,56
A-CROSS-ENCODER-001/university,University1652,DINOv2,pooled,same,none,,full,0.0,budget25,current_margin_guard,1,1,0,0,0.25,0.5727699530516432,122,91
A-CROSS-ENCODER-001/university,University1652,DINOv2,pooled,same,none,,full,0.0,budget50,current_margin_guard,1,1,0,0,0.5,0.715962441314554,305,121
A-CROSS-ENCODER-001/university,University1652,DINOv2,pooled,same,none,,full,0.0,full_frozen,current_margin_guard,1,0,1,1,0.0,,,
A-CROSS-ENCODER-001/university,University1652,DINOv2,pooled,same,none,,full,0.0,matched,current_margin_guard,1,0,1,1,0.0,,,
A-CROSS-ENCODER-001/university,University1652,DINOv2,pooled,same,none,,full,0.0,budget10,old_margin_guard,1,1,0,0,0.09976525821596244,0.3411764705882353,29,56
A-CROSS-ENCODER-001/university,University1652,DINOv2,pooled,same,none,,full,0.0,budget25,old_margin_guard,1,1,0,0,0.25,0.5727699530516432,122,91
A-CROSS-ENCODER-001/university,University1652,DINOv2,pooled,same,none,,full,0.0,budget50,old_margin_guard,1,1,0,0,0.5,0.715962441314554,305,121
A-CROSS-ENCODER-001/university,University1652,DINOv2,pooled,same,none,,full,0.0,full_frozen,old_margin_guard,1,0,1,1,0.0,,,
A-CROSS-ENCODER-001/university,University1652,DINOv2,pooled,same,none,,full,0.0,matched,old_margin_guard,1,0,1,1,0.0,,,
A-CROSS-ENCODER-001/university,University1652,DINOv2,pooled,same,none,,full,0.0,budget10,sq8_margin_guard,1,1,0,0,0.09976525821596244,0.3411764705882353,29,56
A-CROSS-ENCODER-001/university,University1652,DINOv2,pooled,same,none,,full,0.0,budget25,sq8_margin_guard,1,1,0,0,0.25,0.5727699530516432,122,91
A-CROSS-ENCODER-001/university,University1652,DINOv2,pooled,same,none,,full,0.0,budget50,sq8_margin_guard,1,1,0,0,0.5,0.715962441314554,305,121
A-CROSS-ENCODER-001/university,University1652,DINOv2,pooled,same,none,,full,0.0,full_frozen,sq8_margin_guard,1,0,1,1,0.0,,,
A-CROSS-ENCODER-001/university,University1652,DINOv2,pooled,same,none,,full,0.0,matched,sq8_margin_guard,1,0,1,1,0.0,,,
A-CROSS-ENCODER-001/university,University1652,DINOv2,pooled,same,none,,target,0.25,budget10,current_su,20,20,0,0,0.09976525821596244,0.5123529411764706,43.55,41.45
A-CROSS-ENCODER-001/university,University1652,DINOv2,pooled,same,none,,target,0.25,budget25,current_su,20,20,0,0,0.25,0.6199530516431925,132.05,80.95
A-CROSS-ENCODER-001/university,University1652,DINOv2,pooled,same,none,,target,0.25,budget50,current_su,20,20,0,0,0.5,0.7449530516431925,317.35,108.65
A-CROSS-ENCODER-001/university,University1652,DINOv2,pooled,same,none,,target,0.25,full_frozen,current_su,20,0,20,20,0.0,,,
A-CROSS-ENCODER-001/university,University1652,DINOv2,pooled,same,none,,target,0.25,matched,current_su,20,0,20,20,0.0,,,
A-CROSS-ENCODER-001/university,University1652,DINOv2,pooled,same,none,,target,0.25,budget10,current_su_guard,20,20,0,0,0.09976525821596244,0.4988235294117647,42.4,42.6
A-CROSS-ENCODER-001/university,University1652,DINOv2,pooled,same,none,,target,0.25,budget25,current_su_guard,20,20,0,0,0.25,0.6152582159624413,131.05,81.95
A-CROSS-ENCODER-001/university,University1652,DINOv2,pooled,same,none,,target,0.25,budget50,current_su_guard,20,20,0,0,0.5,0.7534037558685446,320.95,105.05
A-CROSS-ENCODER-001/university,University1652,DINOv2,pooled,same,none,,target,0.25,full_frozen,current_su_guard,20,0,20,20,0.0,,,
A-CROSS-ENCODER-001/university,University1652,DINOv2,pooled,same,none,,target,0.25,matched,current_su_guard,20,0,20,20,0.0,,,
A-CROSS-ENCODER-001/university,University1652,DINOv2,pooled,same,none,,target,0.25,budget10,old_su,20,20,0,0,0.09976525821596244,0.5664705882352942,48.15,36.85
A-CROSS-ENCODER-001/university,University1652,DINOv2,pooled,same,none,,target,0.25,budget25,old_su,20,20,0,0,0.25,0.6401408450704226,136.35,76.65
A-CROSS-ENCODER-001/university,University1652,DINOv2,pooled,same,none,,target,0.25,budget50,old_su,20,20,0,0,0.5,0.7474178403755869,318.4,107.6
A-CROSS-ENCODER-001/university,University1652,DINOv2,pooled,same,none,,target,0.25,full_frozen,old_su,20,0,20,20,0.0,,,
A-CROSS-ENCODER-001/university,University1652,DINOv2,pooled,same,none,,target,0.25,matched,old_su,20,0,20,20,0.0,,,
A-CROSS-ENCODER-001/university,University1652,DINOv2,pooled,same,none,,target,0.25,budget10,old_su_guard,20,20,0,0,0.09976525821596244,0.4811764705882353,40.9,44.1
A-CROSS-ENCODER-001/university,University1652,DINOv2,pooled,same,none,,target,0.25,budget25,old_su_guard,20,20,0,0,0.25,0.6103286384976526,130,83
A-CROSS-ENCODER-001/university,University1652,DINOv2,pooled,same,none,,target,0.25,budget50,old_su_guard,20,20,0,0,0.5,0.7532863849765258,320.9,105.1
A-CROSS-ENCODER-001/university,University1652,DINOv2,pooled,same,none,,target,0.25,full_frozen,old_su_guard,20,0,20,20,0.0,,,
A-CROSS-ENCODER-001/university,University1652,DINOv2,pooled,same,none,,target,0.25,matched,old_su_guard,20,0,20,20,0.0,,,
A-CROSS-ENCODER-001/university,University1652,DINOv2,pooled,same,none,,target,0.25,budget10,current_margin,20,20,0,0,0.09976525821596244,0.44529411764705884,37.85,47.15
A-CROSS-ENCODER-001/university,University1652,DINOv2,pooled,same,none,,target,0.25,budget25,current_margin,20,20,0,0,0.25,0.6417840375586854,136.7,76.3
A-CROSS-ENCODER-001/university,University1652,DINOv2,pooled,same,none,,target,0.25,budget50,current_margin,20,20,0,0,0.5,0.7633802816901408,325.2,100.8
A-CROSS-ENCODER-001/university,University1652,DINOv2,pooled,same,none,,target,0.25,full_frozen,current_margin,20,0,20,20,0.0,,,
A-CROSS-ENCODER-001/university,University1652,DINOv2,pooled,same,none,,target,0.25,matched,current_margin,20,0,20,20,0.0,,,
A-CROSS-ENCODER-001/university,University1652,DINOv2,pooled,same,none,,target,0.25,budget10,current_margin_guard,20,20,0,0,0.09976525821596244,0.4429411764705882,37.65,47.35
A-CROSS-ENCODER-001/university,University1652,DINOv2,pooled,same,none,,target,0.25,budget25,current_margin_guard,20,20,0,0,0.25,0.6363849765258216,135.55,77.45
A-CROSS-ENCODER-001/university,University1652,DINOv2,pooled,same,none,,target,0.25,budget50,current_margin_guard,20,20,0,0,0.5,0.7685446009389671,327.4,98.6
A-CROSS-ENCODER-001/university,University1652,DINOv2,pooled,same,none,,target,0.25,full_frozen,current_margin_guard,20,0,20,20,0.0,,,
A-CROSS-ENCODER-001/university,University1652,DINOv2,pooled,same,none,,target,0.25,matched,current_margin_guard,20,0,20,20,0.0,,,
A-CROSS-ENCODER-001/university,University1652,DINOv2,pooled,same,none,,target,0.25,budget10,old_margin_guard,20,20,0,0,0.09976525821596244,0.46,39.1,45.9
A-CROSS-ENCODER-001/university,University1652,DINOv2,pooled,same,none,,target,0.25,budget25,old_margin_guard,20,20,0,0,0.25,0.6352112676056338,135.3,77.7
A-CROSS-ENCODER-001/university,University1652,DINOv2,pooled,same,none,,target,0.25,budget50,old_margin_guard,20,20,0,0,0.5,0.7677230046948357,327.05,98.95
A-CROSS-ENCODER-001/university,University1652,DINOv2,pooled,same,none,,target,0.25,full_frozen,old_margin_guard,20,0,20,20,0.0,,,
A-CROSS-ENCODER-001/university,University1652,DINOv2,pooled,same,none,,target,0.25,matched,old_margin_guard,20,0,20,20,0.0,,,
A-CROSS-ENCODER-001/university,University1652,DINOv2,pooled,same,none,,target,0.25,budget10,sq8_margin_guard,20,20,0,0,0.09976525821596244,0.4576470588235294,38.9,46.1
A-CROSS-ENCODER-001/university,University1652,DINOv2,pooled,same,none,,target,0.25,budget25,sq8_margin_guard,20,20,0,0,0.25,0.634037558685446,135.05,77.95
A-CROSS-ENCODER-001/university,University1652,DINOv2,pooled,same,none,,target,0.25,budget50,sq8_margin_guard,20,20,0,0,0.5,0.7680751173708921,327.2,98.8
A-CROSS-ENCODER-001/university,University1652,DINOv2,pooled,same,none,,target,0.25,full_frozen,sq8_margin_guard,20,0,20,20,0.0,,,
A-CROSS-ENCODER-001/university,University1652,DINOv2,pooled,same,none,,target,0.25,matched,sq8_margin_guard,20,0,20,20,0.0,,,
A-CROSS-ENCODER-001/university,University1652,DINOv2,pooled,same,none,,control,0.25,budget10,current_su,20,20,0,0,0.09976525821596244,0.4535294117647059,38.55,46.45
A-CROSS-ENCODER-001/university,University1652,DINOv2,pooled,same,none,,control,0.25,budget25,current_su,20,20,0,0,0.25,0.52981220657277,112.85,100.15
A-CROSS-ENCODER-001/university,University1652,DINOv2,pooled,same,none,,control,0.25,budget50,current_su,20,20,0,0,0.5,0.6862676056338028,292.35,133.65
A-CROSS-ENCODER-001/university,University1652,DINOv2,pooled,same,none,,control,0.25,full_frozen,current_su,20,0,20,20,0.0,,,
A-CROSS-ENCODER-001/university,University1652,DINOv2,pooled,same,none,,control,0.25,matched,current_su,20,0,20,20,0.0,,,
A-CROSS-ENCODER-001/university,University1652,DINOv2,pooled,same,none,,control,0.25,budget10,current_su_guard,20,20,0,0,0.09976525821596244,0.4470588235294118,38,47
A-CROSS-ENCODER-001/university,University1652,DINOv2,pooled,same,none,,control,0.25,budget25,current_su_guard,20,20,0,0,0.25,0.5286384976525822,112.6,100.4
A-CROSS-ENCODER-001/university,University1652,DINOv2,pooled,same,none,,control,0.25,budget50,current_su_guard,20,20,0,0,0.5,0.6927230046948357,295.1,130.9
A-CROSS-ENCODER-001/university,University1652,DINOv2,pooled,same,none,,control,0.25,full_frozen,current_su_guard,20,0,20,20,0.0,,,
A-CROSS-ENCODER-001/university,University1652,DINOv2,pooled,same,none,,control,0.25,matched,current_su_guard,20,0,20,20,0.0,,,
A-CROSS-ENCODER-001/university,University1652,DINOv2,pooled,same,none,,control,0.25,budget10,old_su,20,20,0,0,0.09976525821596244,0.4470588235294118,38,47
A-CROSS-ENCODER-001/university,University1652,DINOv2,pooled,same,none,,control,0.25,budget25,old_su,20,20,0,0,0.25,0.5370892018779343,114.4,98.6
A-CROSS-ENCODER-001/university,University1652,DINOv2,pooled,same,none,,control,0.25,budget50,old_su,20,20,0,0,0.5,0.6847417840375587,291.7,134.3
A-CROSS-ENCODER-001/university,University1652,DINOv2,pooled,same,none,,control,0.25,full_frozen,old_su,20,0,20,20,0.0,,,
A-CROSS-ENCODER-001/university,University1652,DINOv2,pooled,same,none,,control,0.25,matched,old_su,20,0,20,20,0.0,,,
A-CROSS-ENCODER-001/university,University1652,DINOv2,pooled,same,none,,control,0.25,budget10,old_su_guard,20,20,0,0,0.09976525821596244,0.41764705882352937,35.5,49.5
A-CROSS-ENCODER-001/university,University1652,DINOv2,pooled,same,none,,control,0.25,budget25,old_su_guard,20,20,0,0,0.25,0.5314553990610329,113.2,99.8
A-CROSS-ENCODER-001/university,University1652,DINOv2,pooled,same,none,,control,0.25,budget50,old_su_guard,20,20,0,0,0.5,0.6919014084507042,294.75,131.25
A-CROSS-ENCODER-001/university,University1652,DINOv2,pooled,same,none,,control,0.25,full_frozen,old_su_guard,20,0,20,20,0.0,,,
A-CROSS-ENCODER-001/university,University1652,DINOv2,pooled,same,none,,control,0.25,matched,old_su_guard,20,0,20,20,0.0,,,
A-CROSS-ENCODER-001/university,University1652,DINOv2,pooled,same,none,,control,0.25,budget10,current_margin,20,20,0,0,0.09976525821596244,0.3517647058823529,29.9,55.1
A-CROSS-ENCODER-001/university,University1652,DINOv2,pooled,same,none,,control,0.25,budget25,current_margin,20,20,0,0,0.25,0.5687793427230047,121.15,91.85
A-CROSS-ENCODER-001/university,University1652,DINOv2,pooled,same,none,,control,0.25,budget50,current_margin,20,20,0,0,0.5,0.7070422535211267,301.2,124.8
A-CROSS-ENCODER-001/university,University1652,DINOv2,pooled,same,none,,control,0.25,full_frozen,current_margin,20,0,20,20,0.0,,,
A-CROSS-ENCODER-001/university,University1652,DINOv2,pooled,same,none,,control,0.25,matched,current_margin,20,8,12,12,0.03186619718309859,0.30349873206860767,20.625,47.25
A-CROSS-ENCODER-001/university,University1652,DINOv2,pooled,same,none,,control,0.25,budget10,current_margin_guard,20,20,0,0,0.09976525821596244,0.34058823529411764,28.95,56.05
A-CROSS-ENCODER-001/university,University1652,DINOv2,pooled,same,none,,control,0.25,budget25,current_margin_guard,20,20,0,0,0.25,0.5664319248826291,120.65,92.35
A-CROSS-ENCODER-001/university,University1652,DINOv2,pooled,same,none,,control,0.25,budget50,current_margin_guard,20,20,0,0,0.5,0.7115023474178405,303.1,122.9
A-CROSS-ENCODER-001/university,University1652,DINOv2,pooled,same,none,,control,0.25,full_frozen,current_margin_guard,20,0,20,20,0.0,,,
A-CROSS-ENCODER-001/university,University1652,DINOv2,pooled,same,none,,control,0.25,matched,current_margin_guard,20,10,10,10,0.04014084507042254,0.2982691169065119,20.4,48
A-CROSS-ENCODER-001/university,University1652,DINOv2,pooled,same,none,,control,0.25,budget10,old_margin_guard,20,20,0,0,0.09976525821596244,0.3411764705882353,29,56
A-CROSS-ENCODER-001/university,University1652,DINOv2,pooled,same,none,,control,0.25,budget25,old_margin_guard,20,20,0,0,0.25,0.5589201877934272,119.05,93.95
A-CROSS-ENCODER-001/university,University1652,DINOv2,pooled,same,none,,control,0.25,budget50,old_margin_guard,20,20,0,0,0.5,0.7136150234741784,304,122
A-CROSS-ENCODER-001/university,University1652,DINOv2,pooled,same,none,,control,0.25,full_frozen,old_margin_guard,20,0,20,20,0.0,,,
A-CROSS-ENCODER-001/university,University1652,DINOv2,pooled,same,none,,control,0.25,matched,old_margin_guard,20,0,20,20,0.0,,,
A-CROSS-ENCODER-001/university,University1652,DINOv2,pooled,same,none,,control,0.25,budget10,sq8_margin_guard,20,20,0,0,0.09976525821596244,0.34411764705882353,29.25,55.75
A-CROSS-ENCODER-001/university,University1652,DINOv2,pooled,same,none,,control,0.25,budget25,sq8_margin_guard,20,20,0,0,0.25,0.5650234741784037,120.35,92.65
A-CROSS-ENCODER-001/university,University1652,DINOv2,pooled,same,none,,control,0.25,budget50,sq8_margin_guard,20,20,0,0,0.5,0.7126760563380282,303.6,122.4
A-CROSS-ENCODER-001/university,University1652,DINOv2,pooled,same,none,,control,0.25,full_frozen,sq8_margin_guard,20,0,20,20,0.0,,,
A-CROSS-ENCODER-001/university,University1652,DINOv2,pooled,same,none,,control,0.25,matched,sq8_margin_guard,20,0,20,20,0.0,,,
A-CROSS-ENCODER-001/university,University1652,DINOv2,pooled,same,none,,target,0.5,budget10,current_su,20,20,0,0,0.09976525821596244,0.6111764705882353,51.95,33.05
A-CROSS-ENCODER-001/university,University1652,DINOv2,pooled,same,none,,target,0.5,budget25,current_su,20,20,0,0,0.25,0.7154929577464789,152.4,60.6
A-CROSS-ENCODER-001/university,University1652,DINOv2,pooled,same,none,,target,0.5,budget50,current_su,20,20,0,0,0.5,0.8143192488262911,346.9,79.1
A-CROSS-ENCODER-001/university,University1652,DINOv2,pooled,same,none,,target,0.5,full_frozen,current_su,20,0,20,20,0.0,,,
A-CROSS-ENCODER-001/university,University1652,DINOv2,pooled,same,none,,target,0.5,matched,current_su,20,0,20,20,0.0,,,
A-CROSS-ENCODER-001/university,University1652,DINOv2,pooled,same,none,,target,0.5,budget10,current_su_guard,20,20,0,0,0.09976525821596244,0.5711764705882353,48.55,36.45
A-CROSS-ENCODER-001/university,University1652,DINOv2,pooled,same,none,,target,0.5,budget25,current_su_guard,20,20,0,0,0.25,0.7065727699530516,150.5,62.5
A-CROSS-ENCODER-001/university,University1652,DINOv2,pooled,same,none,,target,0.5,budget50,current_su_guard,20,15,5,5,0.375,0.821283255086072,349.8666666666667,76.13333333333334
A-CROSS-ENCODER-001/university,University1652,DINOv2,pooled,same,none,,target,0.5,full_frozen,current_su_guard,20,0,20,20,0.0,,,
A-CROSS-ENCODER-001/university,University1652,DINOv2,pooled,same,none,,target,0.5,matched,current_su_guard,20,0,20,20,0.0,,,
A-CROSS-ENCODER-001/university,University1652,DINOv2,pooled,same,none,,target,0.5,budget10,old_su,20,20,0,0,0.09976525821596244,0.6976470588235294,59.3,25.7
A-CROSS-ENCODER-001/university,University1652,DINOv2,pooled,same,none,,target,0.5,budget25,old_su,20,20,0,0,0.25,0.7474178403755869,159.2,53.8
A-CROSS-ENCODER-001/university,University1652,DINOv2,pooled,same,none,,target,0.5,budget50,old_su,20,20,0,0,0.5,0.8188967136150235,348.85,77.15
A-CROSS-ENCODER-001/university,University1652,DINOv2,pooled,same,none,,target,0.5,full_frozen,old_su,20,0,20,20,0.0,,,
A-CROSS-ENCODER-001/university,University1652,DINOv2,pooled,same,none,,target,0.5,matched,old_su,20,0,20,20,0.0,,,
A-CROSS-ENCODER-001/university,University1652,DINOv2,pooled,same,none,,target,0.5,budget10,old_su_guard,20,20,0,0,0.09976525821596244,0.5441176470588235,46.25,38.75
A-CROSS-ENCODER-001/university,University1652,DINOv2,pooled,same,none,,target,0.5,budget25,old_su_guard,20,20,0,0,0.25,0.6978873239436619,148.65,64.35
A-CROSS-ENCODER-001/university,University1652,DINOv2,pooled,same,none,,target,0.5,budget50,old_su_guard,20,15,5,5,0.375,0.819718309859155,349.2,76.8
A-CROSS-ENCODER-001/university,University1652,DINOv2,pooled,same,none,,target,0.5,full_frozen,old_su_guard,20,0,20,20,0.0,,,
A-CROSS-ENCODER-001/university,University1652,DINOv2,pooled,same,none,,target,0.5,matched,old_su_guard,20,0,20,20,0.0,,,
A-CROSS-ENCODER-001/university,University1652,DINOv2,pooled,same,none,,target,0.5,budget10,current_margin,20,20,0,0,0.09976525821596244,0.581764705882353,49.45,35.55
A-CROSS-ENCODER-001/university,University1652,DINOv2,pooled,same,none,,target,0.5,budget25,current_margin,20,20,0,0,0.25,0.7307511737089202,155.65,57.35
A-CROSS-ENCODER-001/university,University1652,DINOv2,pooled,same,none,,target,0.5,budget50,current_margin,20,20,0,0,0.5,0.8235915492957746,350.85,75.15
A-CROSS-ENCODER-001/university,University1652,DINOv2,pooled,same,none,,target,0.5,full_frozen,current_margin,20,0,20,20,0.0,,,
A-CROSS-ENCODER-001/university,University1652,DINOv2,pooled,same,none,,target,0.5,matched,current_margin,20,0,20,20,0.0,,,
A-CROSS-ENCODER-001/university,University1652,DINOv2,pooled,same,none,,target,0.5,budget10,current_margin_guard,20,20,0,0,0.09976525821596244,0.5688235294117647,48.35,36.65
A-CROSS-ENCODER-001/university,University1652,DINOv2,pooled,same,none,,target,0.5,budget25,current_margin_guard,20,20,0,0,0.25,0.725586854460094,154.55,58.45
A-CROSS-ENCODER-001/university,University1652,DINOv2,pooled,same,none,,target,0.5,budget50,current_margin_guard,20,15,5,5,0.375,0.8245696400625978,351.26666666666665,74.73333333333333
A-CROSS-ENCODER-001/university,University1652,DINOv2,pooled,same,none,,target,0.5,full_frozen,current_margin_guard,20,0,20,20,0.0,,,
A-CROSS-ENCODER-001/university,University1652,DINOv2,pooled,same,none,,target,0.5,matched,current_margin_guard,20,0,20,20,0.0,,,
A-CROSS-ENCODER-001/university,University1652,DINOv2,pooled,same,none,,target,0.5,budget10,old_margin_guard,20,20,0,0,0.09976525821596244,0.5617647058823529,47.75,37.25
A-CROSS-ENCODER-001/university,University1652,DINOv2,pooled,same,none,,target,0.5,budget25,old_margin_guard,20,20,0,0,0.25,0.719718309859155,153.3,59.7
A-CROSS-ENCODER-001/university,University1652,DINOv2,pooled,same,none,,target,0.5,budget50,old_margin_guard,20,15,5,5,0.375,0.8253521126760563,351.6,74.4
A-CROSS-ENCODER-001/university,University1652,DINOv2,pooled,same,none,,target,0.5,full_frozen,old_margin_guard,20,0,20,20,0.0,,,
A-CROSS-ENCODER-001/university,University1652,DINOv2,pooled,same,none,,target,0.5,matched,old_margin_guard,20,0,20,20,0.0,,,
A-CROSS-ENCODER-001/university,University1652,DINOv2,pooled,same,none,,target,0.5,budget10,sq8_margin_guard,20,20,0,0,0.09976525821596244,0.56,47.6,37.4
A-CROSS-ENCODER-001/university,University1652,DINOv2,pooled,same,none,,target,0.5,budget25,sq8_margin_guard,20,20,0,0,0.25,0.7237089201877934,154.15,58.85
A-CROSS-ENCODER-001/university,University1652,DINOv2,pooled,same,none,,target,0.5,budget50,sq8_margin_guard,20,0,20,20,0.0,,,
A-CROSS-ENCODER-001/university,University1652,DINOv2,pooled,same,none,,target,0.5,full_frozen,sq8_margin_guard,20,0,20,20,0.0,,,
A-CROSS-ENCODER-001/university,University1652,DINOv2,pooled,same,none,,target,0.5,matched,sq8_margin_guard,20,0,20,20,0.0,,,
A-CROSS-ENCODER-001/sues,SUES200,DINOv2,pooled,same,none,,full,0.0,budget10,current_su,1,1,0,0,0.09943977591036414,0.1619718309859155,23,119
A-CROSS-ENCODER-001/sues,SUES200,DINOv2,pooled,same,none,,full,0.0,budget25,current_su,1,1,0,0,0.25,0.3445378151260504,123,234
A-CROSS-ENCODER-001/sues,SUES200,DINOv2,pooled,same,none,,full,0.0,budget50,current_su,1,1,0,0,0.5,0.44537815126050423,318,396
A-CROSS-ENCODER-001/sues,SUES200,DINOv2,pooled,same,none,,full,0.0,full_frozen,current_su,1,1,0,0,0.2605042016806723,0.3521505376344086,131,241
A-CROSS-ENCODER-001/sues,SUES200,DINOv2,pooled,same,none,,full,0.0,matched,current_su,1,1,0,0,0.2605042016806723,0.3521505376344086,131,241
A-CROSS-ENCODER-001/sues,SUES200,DINOv2,pooled,same,none,,full,0.0,budget10,current_su_guard,1,1,0,0,0.09943977591036414,0.1619718309859155,23,119
A-CROSS-ENCODER-001/sues,SUES200,DINOv2,pooled,same,none,,full,0.0,budget25,current_su_guard,1,1,0,0,0.25,0.3445378151260504,123,234
A-CROSS-ENCODER-001/sues,SUES200,DINOv2,pooled,same,none,,full,0.0,budget50,current_su_guard,1,1,0,0,0.5,0.44537815126050423,318,396
A-CROSS-ENCODER-001/sues,SUES200,DINOv2,pooled,same,none,,full,0.0,full_frozen,current_su_guard,1,1,0,0,0.2605042016806723,0.3521505376344086,131,241
A-CROSS-ENCODER-001/sues,SUES200,DINOv2,pooled,same,none,,full,0.0,matched,current_su_guard,1,1,0,0,0.2605042016806723,0.3521505376344086,131,241
A-CROSS-ENCODER-001/sues,SUES200,DINOv2,pooled,same,none,,full,0.0,budget10,old_su,1,1,0,0,0.09943977591036414,0.1619718309859155,23,119
A-CROSS-ENCODER-001/sues,SUES200,DINOv2,pooled,same,none,,full,0.0,budget25,old_su,1,1,0,0,0.25,0.3445378151260504,123,234
A-CROSS-ENCODER-001/sues,SUES200,DINOv2,pooled,same,none,,full,0.0,budget50,old_su,1,1,0,0,0.5,0.44537815126050423,318,396
A-CROSS-ENCODER-001/sues,SUES200,DINOv2,pooled,same,none,,full,0.0,full_frozen,old_su,1,1,0,0,0.2605042016806723,0.3521505376344086,131,241
A-CROSS-ENCODER-001/sues,SUES200,DINOv2,pooled,same,none,,full,0.0,matched,old_su,1,1,0,0,0.2605042016806723,0.3521505376344086,131,241
A-CROSS-ENCODER-001/sues,SUES200,DINOv2,pooled,same,none,,full,0.0,budget10,old_su_guard,1,1,0,0,0.09943977591036414,0.1619718309859155,23,119
A-CROSS-ENCODER-001/sues,SUES200,DINOv2,pooled,same,none,,full,0.0,budget25,old_su_guard,1,1,0,0,0.25,0.3445378151260504,123,234
A-CROSS-ENCODER-001/sues,SUES200,DINOv2,pooled,same,none,,full,0.0,budget50,old_su_guard,1,1,0,0,0.5,0.44537815126050423,318,396
A-CROSS-ENCODER-001/sues,SUES200,DINOv2,pooled,same,none,,full,0.0,full_frozen,old_su_guard,1,1,0,0,0.2605042016806723,0.3521505376344086,131,241
A-CROSS-ENCODER-001/sues,SUES200,DINOv2,pooled,same,none,,full,0.0,matched,old_su_guard,1,1,0,0,0.2605042016806723,0.3521505376344086,131,241
A-CROSS-ENCODER-001/sues,SUES200,DINOv2,pooled,same,none,,full,0.0,budget10,current_margin,1,1,0,0,0.09943977591036414,0.035211267605633804,5,137
A-CROSS-ENCODER-001/sues,SUES200,DINOv2,pooled,same,none,,full,0.0,budget25,current_margin,1,1,0,0,0.25,0.24649859943977592,88,269
A-CROSS-ENCODER-001/sues,SUES200,DINOv2,pooled,same,none,,full,0.0,budget50,current_margin,1,1,0,0,0.5,0.42997198879551823,307,407
A-CROSS-ENCODER-001/sues,SUES200,DINOv2,pooled,same,none,,full,0.0,full_frozen,current_margin,1,1,0,0,0.2542016806722689,0.24793388429752067,90,273
A-CROSS-ENCODER-001/sues,SUES200,DINOv2,pooled,same,none,,full,0.0,matched,current_margin,1,1,0,0,0.2542016806722689,0.24793388429752067,90,273
A-CROSS-ENCODER-001/sues,SUES200,DINOv2,pooled,same,none,,full,0.0,budget10,current_margin_guard,1,1,0,0,0.09943977591036414,0.035211267605633804,5,137
A-CROSS-ENCODER-001/sues,SUES200,DINOv2,pooled,same,none,,full,0.0,budget25,current_margin_guard,1,1,0,0,0.25,0.24649859943977592,88,269
A-CROSS-ENCODER-001/sues,SUES200,DINOv2,pooled,same,none,,full,0.0,budget50,current_margin_guard,1,1,0,0,0.5,0.42997198879551823,307,407
A-CROSS-ENCODER-001/sues,SUES200,DINOv2,pooled,same,none,,full,0.0,full_frozen,current_margin_guard,1,1,0,0,0.2542016806722689,0.24793388429752067,90,273
A-CROSS-ENCODER-001/sues,SUES200,DINOv2,pooled,same,none,,full,0.0,matched,current_margin_guard,1,1,0,0,0.2542016806722689,0.24793388429752067,90,273
A-CROSS-ENCODER-001/sues,SUES200,DINOv2,pooled,same,none,,full,0.0,budget10,old_margin_guard,1,1,0,0,0.09943977591036414,0.035211267605633804,5,137
A-CROSS-ENCODER-001/sues,SUES200,DINOv2,pooled,same,none,,full,0.0,budget25,old_margin_guard,1,1,0,0,0.25,0.24649859943977592,88,269
A-CROSS-ENCODER-001/sues,SUES200,DINOv2,pooled,same,none,,full,0.0,budget50,old_margin_guard,1,1,0,0,0.5,0.42997198879551823,307,407
A-CROSS-ENCODER-001/sues,SUES200,DINOv2,pooled,same,none,,full,0.0,full_frozen,old_margin_guard,1,1,0,0,0.2542016806722689,0.24793388429752067,90,273
A-CROSS-ENCODER-001/sues,SUES200,DINOv2,pooled,same,none,,full,0.0,matched,old_margin_guard,1,1,0,0,0.2542016806722689,0.24793388429752067,90,273
A-CROSS-ENCODER-001/sues,SUES200,DINOv2,pooled,same,none,,full,0.0,budget10,sq8_margin_guard,1,1,0,0,0.09943977591036414,0.035211267605633804,5,137
A-CROSS-ENCODER-001/sues,SUES200,DINOv2,pooled,same,none,,full,0.0,budget25,sq8_margin_guard,1,1,0,0,0.25,0.24649859943977592,88,269
A-CROSS-ENCODER-001/sues,SUES200,DINOv2,pooled,same,none,,full,0.0,budget50,sq8_margin_guard,1,1,0,0,0.5,0.42997198879551823,307,407
A-CROSS-ENCODER-001/sues,SUES200,DINOv2,pooled,same,none,,full,0.0,full_frozen,sq8_margin_guard,1,1,0,0,0.2542016806722689,0.24793388429752067,90,273
A-CROSS-ENCODER-001/sues,SUES200,DINOv2,pooled,same,none,,full,0.0,matched,sq8_margin_guard,1,1,0,0,0.2542016806722689,0.24793388429752067,90,273
A-CROSS-ENCODER-001/sues,SUES200,DINOv2,150,same,none,,full,0.0,budget10,current_su,1,1,0,0,0.09803921568627451,0.2571428571428571,9,26
A-CROSS-ENCODER-001/sues,SUES200,DINOv2,150,same,none,,full,0.0,budget25,current_su,1,1,0,0,0.24929971988795518,0.4606741573033708,41,48
A-CROSS-ENCODER-001/sues,SUES200,DINOv2,150,same,none,,full,0.0,budget50,current_su,1,1,0,0,0.49859943977591037,0.5898876404494382,105,73
A-CROSS-ENCODER-001/sues,SUES200,DINOv2,150,same,none,,full,0.0,full_frozen,current_su,1,0,1,1,0.0,,,
A-CROSS-ENCODER-001/sues,SUES200,DINOv2,150,same,none,,full,0.0,matched,current_su,1,0,1,1,0.0,,,
A-CROSS-ENCODER-001/sues,SUES200,DINOv2,150,same,none,,full,0.0,budget10,current_su_guard,1,1,0,0,0.09803921568627451,0.2571428571428571,9,26
A-CROSS-ENCODER-001/sues,SUES200,DINOv2,150,same,none,,full,0.0,budget25,current_su_guard,1,1,0,0,0.24929971988795518,0.4606741573033708,41,48
A-CROSS-ENCODER-001/sues,SUES200,DINOv2,150,same,none,,full,0.0,budget50,current_su_guard,1,1,0,0,0.49859943977591037,0.5898876404494382,105,73
A-CROSS-ENCODER-001/sues,SUES200,DINOv2,150,same,none,,full,0.0,full_frozen,current_su_guard,1,0,1,1,0.0,,,
A-CROSS-ENCODER-001/sues,SUES200,DINOv2,150,same,none,,full,0.0,matched,current_su_guard,1,0,1,1,0.0,,,
A-CROSS-ENCODER-001/sues,SUES200,DINOv2,150,same,none,,full,0.0,budget10,old_su,1,1,0,0,0.09803921568627451,0.2571428571428571,9,26
A-CROSS-ENCODER-001/sues,SUES200,DINOv2,150,same,none,,full,0.0,budget25,old_su,1,1,0,0,0.24929971988795518,0.4606741573033708,41,48
A-CROSS-ENCODER-001/sues,SUES200,DINOv2,150,same,none,,full,0.0,budget50,old_su,1,1,0,0,0.49859943977591037,0.5898876404494382,105,73
A-CROSS-ENCODER-001/sues,SUES200,DINOv2,150,same,none,,full,0.0,full_frozen,old_su,1,0,1,1,0.0,,,
A-CROSS-ENCODER-001/sues,SUES200,DINOv2,150,same,none,,full,0.0,matched,old_su,1,0,1,1,0.0,,,
A-CROSS-ENCODER-001/sues,SUES200,DINOv2,150,same,none,,full,0.0,budget10,old_su_guard,1,1,0,0,0.09803921568627451,0.2571428571428571,9,26
A-CROSS-ENCODER-001/sues,SUES200,DINOv2,150,same,none,,full,0.0,budget25,old_su_guard,1,1,0,0,0.24929971988795518,0.4606741573033708,41,48
A-CROSS-ENCODER-001/sues,SUES200,DINOv2,150,same,none,,full,0.0,budget50,old_su_guard,1,1,0,0,0.49859943977591037,0.5898876404494382,105,73
A-CROSS-ENCODER-001/sues,SUES200,DINOv2,150,same,none,,full,0.0,full_frozen,old_su_guard,1,0,1,1,0.0,,,
A-CROSS-ENCODER-001/sues,SUES200,DINOv2,150,same,none,,full,0.0,matched,old_su_guard,1,0,1,1,0.0,,,
A-CROSS-ENCODER-001/sues,SUES200,DINOv2,150,same,none,,full,0.0,budget10,current_margin,1,1,0,0,0.09803921568627451,0.11428571428571428,4,31
A-CROSS-ENCODER-001/sues,SUES200,DINOv2,150,same,none,,full,0.0,budget25,current_margin,1,1,0,0,0.24929971988795518,0.43820224719101125,39,50
A-CROSS-ENCODER-001/sues,SUES200,DINOv2,150,same,none,,full,0.0,budget50,current_margin,1,1,0,0,0.49859943977591037,0.6179775280898876,110,68
A-CROSS-ENCODER-001/sues,SUES200,DINOv2,150,same,none,,full,0.0,full_frozen,current_margin,1,1,0,0,0.23249299719887956,0.43373493975903615,36,47
A-CROSS-ENCODER-001/sues,SUES200,DINOv2,150,same,none,,full,0.0,matched,current_margin,1,1,0,0,0.23249299719887956,0.43373493975903615,36,47
A-CROSS-ENCODER-001/sues,SUES200,DINOv2,150,same,none,,full,0.0,budget10,current_margin_guard,1,1,0,0,0.09803921568627451,0.11428571428571428,4,31
A-CROSS-ENCODER-001/sues,SUES200,DINOv2,150,same,none,,full,0.0,budget25,current_margin_guard,1,1,0,0,0.24929971988795518,0.43820224719101125,39,50
A-CROSS-ENCODER-001/sues,SUES200,DINOv2,150,same,none,,full,0.0,budget50,current_margin_guard,1,1,0,0,0.49859943977591037,0.6179775280898876,110,68
A-CROSS-ENCODER-001/sues,SUES200,DINOv2,150,same,none,,full,0.0,full_frozen,current_margin_guard,1,1,0,0,0.23249299719887956,0.43373493975903615,36,47
A-CROSS-ENCODER-001/sues,SUES200,DINOv2,150,same,none,,full,0.0,matched,current_margin_guard,1,1,0,0,0.23249299719887956,0.43373493975903615,36,47
A-CROSS-ENCODER-001/sues,SUES200,DINOv2,150,same,none,,full,0.0,budget10,old_margin_guard,1,1,0,0,0.09803921568627451,0.11428571428571428,4,31
A-CROSS-ENCODER-001/sues,SUES200,DINOv2,150,same,none,,full,0.0,budget25,old_margin_guard,1,1,0,0,0.24929971988795518,0.43820224719101125,39,50
A-CROSS-ENCODER-001/sues,SUES200,DINOv2,150,same,none,,full,0.0,budget50,old_margin_guard,1,1,0,0,0.49859943977591037,0.6179775280898876,110,68
A-CROSS-ENCODER-001/sues,SUES200,DINOv2,150,same,none,,full,0.0,full_frozen,old_margin_guard,1,1,0,0,0.23249299719887956,0.43373493975903615,36,47
A-CROSS-ENCODER-001/sues,SUES200,DINOv2,150,same,none,,full,0.0,matched,old_margin_guard,1,1,0,0,0.23249299719887956,0.43373493975903615,36,47
A-CROSS-ENCODER-001/sues,SUES200,DINOv2,150,same,none,,full,0.0,budget10,sq8_margin_guard,1,1,0,0,0.09803921568627451,0.11428571428571428,4,31
A-CROSS-ENCODER-001/sues,SUES200,DINOv2,150,same,none,,full,0.0,budget25,sq8_margin_guard,1,1,0,0,0.24929971988795518,0.43820224719101125,39,50
A-CROSS-ENCODER-001/sues,SUES200,DINOv2,150,same,none,,full,0.0,budget50,sq8_margin_guard,1,1,0,0,0.49859943977591037,0.6179775280898876,110,68
A-CROSS-ENCODER-001/sues,SUES200,DINOv2,150,same,none,,full,0.0,full_frozen,sq8_margin_guard,1,1,0,0,0.23249299719887956,0.43373493975903615,36,47
A-CROSS-ENCODER-001/sues,SUES200,DINOv2,150,same,none,,full,0.0,matched,sq8_margin_guard,1,1,0,0,0.23249299719887956,0.43373493975903615,36,47
A-CROSS-ENCODER-001/sues,SUES200,DINOv2,200,same,none,,full,0.0,budget10,current_su,1,1,0,0,0.09803921568627451,0.14285714285714285,5,30
A-CROSS-ENCODER-001/sues,SUES200,DINOv2,200,same,none,,full,0.0,budget25,current_su,1,1,0,0,0.24929971988795518,0.33707865168539325,30,59
A-CROSS-ENCODER-001/sues,SUES200,DINOv2,200,same,none,,full,0.0,budget50,current_su,1,1,0,0,0.49859943977591037,0.5168539325842697,92,86
A-CROSS-ENCODER-001/sues,SUES200,DINOv2,200,same,none,,full,0.0,full_frozen,current_su,1,1,0,0,0.2549019607843137,0.34065934065934067,31,60
A-CROSS-ENCODER-001/sues,SUES200,DINOv2,200,same,none,,full,0.0,matched,current_su,1,1,0,0,0.2549019607843137,0.34065934065934067,31,60
A-CROSS-ENCODER-001/sues,SUES200,DINOv2,200,same,none,,full,0.0,budget10,current_su_guard,1,1,0,0,0.09803921568627451,0.14285714285714285,5,30
A-CROSS-ENCODER-001/sues,SUES200,DINOv2,200,same,none,,full,0.0,budget25,current_su_guard,1,1,0,0,0.24929971988795518,0.33707865168539325,30,59
A-CROSS-ENCODER-001/sues,SUES200,DINOv2,200,same,none,,full,0.0,budget50,current_su_guard,1,1,0,0,0.49859943977591037,0.5168539325842697,92,86
A-CROSS-ENCODER-001/sues,SUES200,DINOv2,200,same,none,,full,0.0,full_frozen,current_su_guard,1,1,0,0,0.2549019607843137,0.34065934065934067,31,60
A-CROSS-ENCODER-001/sues,SUES200,DINOv2,200,same,none,,full,0.0,matched,current_su_guard,1,1,0,0,0.2549019607843137,0.34065934065934067,31,60
A-CROSS-ENCODER-001/sues,SUES200,DINOv2,200,same,none,,full,0.0,budget10,old_su,1,1,0,0,0.09803921568627451,0.14285714285714285,5,30
A-CROSS-ENCODER-001/sues,SUES200,DINOv2,200,same,none,,full,0.0,budget25,old_su,1,1,0,0,0.24929971988795518,0.33707865168539325,30,59
A-CROSS-ENCODER-001/sues,SUES200,DINOv2,200,same,none,,full,0.0,budget50,old_su,1,1,0,0,0.49859943977591037,0.5168539325842697,92,86
A-CROSS-ENCODER-001/sues,SUES200,DINOv2,200,same,none,,full,0.0,full_frozen,old_su,1,1,0,0,0.2549019607843137,0.34065934065934067,31,60
A-CROSS-ENCODER-001/sues,SUES200,DINOv2,200,same,none,,full,0.0,matched,old_su,1,1,0,0,0.2549019607843137,0.34065934065934067,31,60
A-CROSS-ENCODER-001/sues,SUES200,DINOv2,200,same,none,,full,0.0,budget10,old_su_guard,1,1,0,0,0.09803921568627451,0.14285714285714285,5,30
A-CROSS-ENCODER-001/sues,SUES200,DINOv2,200,same,none,,full,0.0,budget25,old_su_guard,1,1,0,0,0.24929971988795518,0.33707865168539325,30,59
A-CROSS-ENCODER-001/sues,SUES200,DINOv2,200,same,none,,full,0.0,budget50,old_su_guard,1,1,0,0,0.49859943977591037,0.5168539325842697,92,86
A-CROSS-ENCODER-001/sues,SUES200,DINOv2,200,same,none,,full,0.0,full_frozen,old_su_guard,1,1,0,0,0.2549019607843137,0.34065934065934067,31,60
A-CROSS-ENCODER-001/sues,SUES200,DINOv2,200,same,none,,full,0.0,matched,old_su_guard,1,1,0,0,0.2549019607843137,0.34065934065934067,31,60
A-CROSS-ENCODER-001/sues,SUES200,DINOv2,200,same,none,,full,0.0,budget10,current_margin,1,1,0,0,0.09803921568627451,0.02857142857142857,1,34
A-CROSS-ENCODER-001/sues,SUES200,DINOv2,200,same,none,,full,0.0,budget25,current_margin,1,1,0,0,0.24929971988795518,0.2696629213483146,24,65
A-CROSS-ENCODER-001/sues,SUES200,DINOv2,200,same,none,,full,0.0,budget50,current_margin,1,1,0,0,0.49859943977591037,0.47191011235955055,84,94
A-CROSS-ENCODER-001/sues,SUES200,DINOv2,200,same,none,,full,0.0,full_frozen,current_margin,1,1,0,0,0.19887955182072828,0.2112676056338028,15,56
A-CROSS-ENCODER-001/sues,SUES200,DINOv2,200,same,none,,full,0.0,matched,current_margin,1,1,0,0,0.19887955182072828,0.2112676056338028,15,56
A-CROSS-ENCODER-001/sues,SUES200,DINOv2,200,same,none,,full,0.0,budget10,current_margin_guard,1,1,0,0,0.09803921568627451,0.02857142857142857,1,34
A-CROSS-ENCODER-001/sues,SUES200,DINOv2,200,same,none,,full,0.0,budget25,current_margin_guard,1,1,0,0,0.24929971988795518,0.2696629213483146,24,65
A-CROSS-ENCODER-001/sues,SUES200,DINOv2,200,same,none,,full,0.0,budget50,current_margin_guard,1,1,0,0,0.49859943977591037,0.47191011235955055,84,94
A-CROSS-ENCODER-001/sues,SUES200,DINOv2,200,same,none,,full,0.0,full_frozen,current_margin_guard,1,1,0,0,0.19887955182072828,0.2112676056338028,15,56
A-CROSS-ENCODER-001/sues,SUES200,DINOv2,200,same,none,,full,0.0,matched,current_margin_guard,1,1,0,0,0.19887955182072828,0.2112676056338028,15,56
A-CROSS-ENCODER-001/sues,SUES200,DINOv2,200,same,none,,full,0.0,budget10,old_margin_guard,1,1,0,0,0.09803921568627451,0.02857142857142857,1,34
A-CROSS-ENCODER-001/sues,SUES200,DINOv2,200,same,none,,full,0.0,budget25,old_margin_guard,1,1,0,0,0.24929971988795518,0.2696629213483146,24,65
A-CROSS-ENCODER-001/sues,SUES200,DINOv2,200,same,none,,full,0.0,budget50,old_margin_guard,1,1,0,0,0.49859943977591037,0.47191011235955055,84,94
A-CROSS-ENCODER-001/sues,SUES200,DINOv2,200,same,none,,full,0.0,full_frozen,old_margin_guard,1,1,0,0,0.19887955182072828,0.2112676056338028,15,56
A-CROSS-ENCODER-001/sues,SUES200,DINOv2,200,same,none,,full,0.0,matched,old_margin_guard,1,1,0,0,0.19887955182072828,0.2112676056338028,15,56
A-CROSS-ENCODER-001/sues,SUES200,DINOv2,200,same,none,,full,0.0,budget10,sq8_margin_guard,1,1,0,0,0.09803921568627451,0.02857142857142857,1,34
A-CROSS-ENCODER-001/sues,SUES200,DINOv2,200,same,none,,full,0.0,budget25,sq8_margin_guard,1,1,0,0,0.24929971988795518,0.2696629213483146,24,65
A-CROSS-ENCODER-001/sues,SUES200,DINOv2,200,same,none,,full,0.0,budget50,sq8_margin_guard,1,1,0,0,0.49859943977591037,0.47191011235955055,84,94
A-CROSS-ENCODER-001/sues,SUES200,DINOv2,200,same,none,,full,0.0,full_frozen,sq8_margin_guard,1,1,0,0,0.19887955182072828,0.2112676056338028,15,56
A-CROSS-ENCODER-001/sues,SUES200,DINOv2,200,same,none,,full,0.0,matched,sq8_margin_guard,1,1,0,0,0.19887955182072828,0.2112676056338028,15,56
A-CROSS-ENCODER-001/sues,SUES200,DINOv2,250,same,none,,full,0.0,budget10,current_su,1,1,0,0,0.09803921568627451,0.2,7,28
A-CROSS-ENCODER-001/sues,SUES200,DINOv2,250,same,none,,full,0.0,budget25,current_su,1,1,0,0,0.24929971988795518,0.2808988764044944,25,64
A-CROSS-ENCODER-001/sues,SUES200,DINOv2,250,same,none,,full,0.0,budget50,current_su,1,1,0,0,0.49859943977591037,0.33707865168539325,60,118
A-CROSS-ENCODER-001/sues,SUES200,DINOv2,250,same,none,,full,0.0,full_frozen,current_su,1,1,0,0,0.3277310924369748,0.29914529914529914,35,82
A-CROSS-ENCODER-001/sues,SUES200,DINOv2,250,same,none,,full,0.0,matched,current_su,1,1,0,0,0.3277310924369748,0.29914529914529914,35,82
A-CROSS-ENCODER-001/sues,SUES200,DINOv2,250,same,none,,full,0.0,budget10,current_su_guard,1,1,0,0,0.09803921568627451,0.2,7,28
A-CROSS-ENCODER-001/sues,SUES200,DINOv2,250,same,none,,full,0.0,budget25,current_su_guard,1,1,0,0,0.24929971988795518,0.2808988764044944,25,64
A-CROSS-ENCODER-001/sues,SUES200,DINOv2,250,same,none,,full,0.0,budget50,current_su_guard,1,1,0,0,0.49859943977591037,0.33707865168539325,60,118
A-CROSS-ENCODER-001/sues,SUES200,DINOv2,250,same,none,,full,0.0,full_frozen,current_su_guard,1,1,0,0,0.3277310924369748,0.29914529914529914,35,82
A-CROSS-ENCODER-001/sues,SUES200,DINOv2,250,same,none,,full,0.0,matched,current_su_guard,1,1,0,0,0.3277310924369748,0.29914529914529914,35,82
A-CROSS-ENCODER-001/sues,SUES200,DINOv2,250,same,none,,full,0.0,budget10,old_su,1,1,0,0,0.09803921568627451,0.2,7,28
A-CROSS-ENCODER-001/sues,SUES200,DINOv2,250,same,none,,full,0.0,budget25,old_su,1,1,0,0,0.24929971988795518,0.2808988764044944,25,64
A-CROSS-ENCODER-001/sues,SUES200,DINOv2,250,same,none,,full,0.0,budget50,old_su,1,1,0,0,0.49859943977591037,0.33707865168539325,60,118
A-CROSS-ENCODER-001/sues,SUES200,DINOv2,250,same,none,,full,0.0,full_frozen,old_su,1,1,0,0,0.3277310924369748,0.29914529914529914,35,82
A-CROSS-ENCODER-001/sues,SUES200,DINOv2,250,same,none,,full,0.0,matched,old_su,1,1,0,0,0.3277310924369748,0.29914529914529914,35,82
A-CROSS-ENCODER-001/sues,SUES200,DINOv2,250,same,none,,full,0.0,budget10,old_su_guard,1,1,0,0,0.09803921568627451,0.2,7,28
A-CROSS-ENCODER-001/sues,SUES200,DINOv2,250,same,none,,full,0.0,budget25,old_su_guard,1,1,0,0,0.24929971988795518,0.2808988764044944,25,64
A-CROSS-ENCODER-001/sues,SUES200,DINOv2,250,same,none,,full,0.0,budget50,old_su_guard,1,1,0,0,0.49859943977591037,0.33707865168539325,60,118
A-CROSS-ENCODER-001/sues,SUES200,DINOv2,250,same,none,,full,0.0,full_frozen,old_su_guard,1,1,0,0,0.3277310924369748,0.29914529914529914,35,82
A-CROSS-ENCODER-001/sues,SUES200,DINOv2,250,same,none,,full,0.0,matched,old_su_guard,1,1,0,0,0.3277310924369748,0.29914529914529914,35,82
A-CROSS-ENCODER-001/sues,SUES200,DINOv2,250,same,none,,full,0.0,budget10,current_margin,1,1,0,0,0.09803921568627451,0.0,0,35
A-CROSS-ENCODER-001/sues,SUES200,DINOv2,250,same,none,,full,0.0,budget25,current_margin,1,1,0,0,0.24929971988795518,0.20224719101123595,18,71
A-CROSS-ENCODER-001/sues,SUES200,DINOv2,250,same,none,,full,0.0,budget50,current_margin,1,1,0,0,0.49859943977591037,0.3595505617977528,64,114
A-CROSS-ENCODER-001/sues,SUES200,DINOv2,250,same,none,,full,0.0,full_frozen,current_margin,1,1,0,0,0.33053221288515405,0.2288135593220339,27,91
A-CROSS-ENCODER-001/sues,SUES200,DINOv2,250,same,none,,full,0.0,matched,current_margin,1,1,0,0,0.33053221288515405,0.2288135593220339,27,91
A-CROSS-ENCODER-001/sues,SUES200,DINOv2,250,same,none,,full,0.0,budget10,current_margin_guard,1,1,0,0,0.09803921568627451,0.0,0,35
A-CROSS-ENCODER-001/sues,SUES200,DINOv2,250,same,none,,full,0.0,budget25,current_margin_guard,1,1,0,0,0.24929971988795518,0.20224719101123595,18,71
A-CROSS-ENCODER-001/sues,SUES200,DINOv2,250,same,none,,full,0.0,budget50,current_margin_guard,1,1,0,0,0.49859943977591037,0.3595505617977528,64,114
A-CROSS-ENCODER-001/sues,SUES200,DINOv2,250,same,none,,full,0.0,full_frozen,current_margin_guard,1,1,0,0,0.33053221288515405,0.2288135593220339,27,91
A-CROSS-ENCODER-001/sues,SUES200,DINOv2,250,same,none,,full,0.0,matched,current_margin_guard,1,1,0,0,0.33053221288515405,0.2288135593220339,27,91
A-CROSS-ENCODER-001/sues,SUES200,DINOv2,250,same,none,,full,0.0,budget10,old_margin_guard,1,1,0,0,0.09803921568627451,0.0,0,35
A-CROSS-ENCODER-001/sues,SUES200,DINOv2,250,same,none,,full,0.0,budget25,old_margin_guard,1,1,0,0,0.24929971988795518,0.20224719101123595,18,71
A-CROSS-ENCODER-001/sues,SUES200,DINOv2,250,same,none,,full,0.0,budget50,old_margin_guard,1,1,0,0,0.49859943977591037,0.3595505617977528,64,114
A-CROSS-ENCODER-001/sues,SUES200,DINOv2,250,same,none,,full,0.0,full_frozen,old_margin_guard,1,1,0,0,0.33053221288515405,0.2288135593220339,27,91
A-CROSS-ENCODER-001/sues,SUES200,DINOv2,250,same,none,,full,0.0,matched,old_margin_guard,1,1,0,0,0.33053221288515405,0.2288135593220339,27,91
A-CROSS-ENCODER-001/sues,SUES200,DINOv2,250,same,none,,full,0.0,budget10,sq8_margin_guard,1,1,0,0,0.09803921568627451,0.0,0,35
A-CROSS-ENCODER-001/sues,SUES200,DINOv2,250,same,none,,full,0.0,budget25,sq8_margin_guard,1,1,0,0,0.24929971988795518,0.20224719101123595,18,71
A-CROSS-ENCODER-001/sues,SUES200,DINOv2,250,same,none,,full,0.0,budget50,sq8_margin_guard,1,1,0,0,0.49859943977591037,0.3595505617977528,64,114
A-CROSS-ENCODER-001/sues,SUES200,DINOv2,250,same,none,,full,0.0,full_frozen,sq8_margin_guard,1,1,0,0,0.33053221288515405,0.2288135593220339,27,91
A-CROSS-ENCODER-001/sues,SUES200,DINOv2,250,same,none,,full,0.0,matched,sq8_margin_guard,1,1,0,0,0.33053221288515405,0.2288135593220339,27,91
A-CROSS-ENCODER-001/sues,SUES200,DINOv2,300,same,none,,full,0.0,budget10,current_su,1,1,0,0,0.09803921568627451,0.08571428571428572,3,32
A-CROSS-ENCODER-001/sues,SUES200,DINOv2,300,same,none,,full,0.0,budget25,current_su,1,1,0,0,0.24929971988795518,0.2247191011235955,20,69
A-CROSS-ENCODER-001/sues,SUES200,DINOv2,300,same,none,,full,0.0,budget50,current_su,1,1,0,0,0.49859943977591037,0.30337078651685395,54,124
A-CROSS-ENCODER-001/sues,SUES200,DINOv2,300,same,none,,full,0.0,full_frozen,current_su,1,1,0,0,0.43977591036414565,0.2611464968152866,41,116
A-CROSS-ENCODER-001/sues,SUES200,DINOv2,300,same,none,,full,0.0,matched,current_su,1,1,0,0,0.43977591036414565,0.2611464968152866,41,116
A-CROSS-ENCODER-001/sues,SUES200,DINOv2,300,same,none,,full,0.0,budget10,current_su_guard,1,1,0,0,0.09803921568627451,0.08571428571428572,3,32
A-CROSS-ENCODER-001/sues,SUES200,DINOv2,300,same,none,,full,0.0,budget25,current_su_guard,1,1,0,0,0.24929971988795518,0.2247191011235955,20,69
A-CROSS-ENCODER-001/sues,SUES200,DINOv2,300,same,none,,full,0.0,budget50,current_su_guard,1,1,0,0,0.49859943977591037,0.30337078651685395,54,124
A-CROSS-ENCODER-001/sues,SUES200,DINOv2,300,same,none,,full,0.0,full_frozen,current_su_guard,1,1,0,0,0.43977591036414565,0.2611464968152866,41,116
A-CROSS-ENCODER-001/sues,SUES200,DINOv2,300,same,none,,full,0.0,matched,current_su_guard,1,1,0,0,0.43977591036414565,0.2611464968152866,41,116
A-CROSS-ENCODER-001/sues,SUES200,DINOv2,300,same,none,,full,0.0,budget10,old_su,1,1,0,0,0.09803921568627451,0.08571428571428572,3,32
A-CROSS-ENCODER-001/sues,SUES200,DINOv2,300,same,none,,full,0.0,budget25,old_su,1,1,0,0,0.24929971988795518,0.2247191011235955,20,69
A-CROSS-ENCODER-001/sues,SUES200,DINOv2,300,same,none,,full,0.0,budget50,old_su,1,1,0,0,0.49859943977591037,0.30337078651685395,54,124
A-CROSS-ENCODER-001/sues,SUES200,DINOv2,300,same,none,,full,0.0,full_frozen,old_su,1,1,0,0,0.43977591036414565,0.2611464968152866,41,116
A-CROSS-ENCODER-001/sues,SUES200,DINOv2,300,same,none,,full,0.0,matched,old_su,1,1,0,0,0.43977591036414565,0.2611464968152866,41,116
A-CROSS-ENCODER-001/sues,SUES200,DINOv2,300,same,none,,full,0.0,budget10,old_su_guard,1,1,0,0,0.09803921568627451,0.08571428571428572,3,32
A-CROSS-ENCODER-001/sues,SUES200,DINOv2,300,same,none,,full,0.0,budget25,old_su_guard,1,1,0,0,0.24929971988795518,0.2247191011235955,20,69
A-CROSS-ENCODER-001/sues,SUES200,DINOv2,300,same,none,,full,0.0,budget50,old_su_guard,1,1,0,0,0.49859943977591037,0.30337078651685395,54,124
A-CROSS-ENCODER-001/sues,SUES200,DINOv2,300,same,none,,full,0.0,full_frozen,old_su_guard,1,1,0,0,0.43977591036414565,0.2611464968152866,41,116
A-CROSS-ENCODER-001/sues,SUES200,DINOv2,300,same,none,,full,0.0,matched,old_su_guard,1,1,0,0,0.43977591036414565,0.2611464968152866,41,116
A-CROSS-ENCODER-001/sues,SUES200,DINOv2,300,same,none,,full,0.0,budget10,current_margin,1,1,0,0,0.09803921568627451,0.02857142857142857,1,34
A-CROSS-ENCODER-001/sues,SUES200,DINOv2,300,same,none,,full,0.0,budget25,current_margin,1,1,0,0,0.24929971988795518,0.12359550561797752,11,78
A-CROSS-ENCODER-001/sues,SUES200,DINOv2,300,same,none,,full,0.0,budget50,current_margin,1,1,0,0,0.49859943977591037,0.28651685393258425,51,127
A-CROSS-ENCODER-001/sues,SUES200,DINOv2,300,same,none,,full,0.0,full_frozen,current_margin,1,1,0,0,0.4789915966386555,0.26900584795321636,46,125
A-CROSS-ENCODER-001/sues,SUES200,DINOv2,300,same,none,,full,0.0,matched,current_margin,1,1,0,0,0.4789915966386555,0.26900584795321636,46,125
A-CROSS-ENCODER-001/sues,SUES200,DINOv2,300,same,none,,full,0.0,budget10,current_margin_guard,1,1,0,0,0.09803921568627451,0.02857142857142857,1,34
A-CROSS-ENCODER-001/sues,SUES200,DINOv2,300,same,none,,full,0.0,budget25,current_margin_guard,1,1,0,0,0.24929971988795518,0.12359550561797752,11,78
A-CROSS-ENCODER-001/sues,SUES200,DINOv2,300,same,none,,full,0.0,budget50,current_margin_guard,1,1,0,0,0.49859943977591037,0.28651685393258425,51,127
A-CROSS-ENCODER-001/sues,SUES200,DINOv2,300,same,none,,full,0.0,full_frozen,current_margin_guard,1,1,0,0,0.4789915966386555,0.26900584795321636,46,125
A-CROSS-ENCODER-001/sues,SUES200,DINOv2,300,same,none,,full,0.0,matched,current_margin_guard,1,1,0,0,0.4789915966386555,0.26900584795321636,46,125
A-CROSS-ENCODER-001/sues,SUES200,DINOv2,300,same,none,,full,0.0,budget10,old_margin_guard,1,1,0,0,0.09803921568627451,0.02857142857142857,1,34
A-CROSS-ENCODER-001/sues,SUES200,DINOv2,300,same,none,,full,0.0,budget25,old_margin_guard,1,1,0,0,0.24929971988795518,0.12359550561797752,11,78
A-CROSS-ENCODER-001/sues,SUES200,DINOv2,300,same,none,,full,0.0,budget50,old_margin_guard,1,1,0,0,0.49859943977591037,0.28651685393258425,51,127
A-CROSS-ENCODER-001/sues,SUES200,DINOv2,300,same,none,,full,0.0,full_frozen,old_margin_guard,1,1,0,0,0.4789915966386555,0.26900584795321636,46,125
A-CROSS-ENCODER-001/sues,SUES200,DINOv2,300,same,none,,full,0.0,matched,old_margin_guard,1,1,0,0,0.4789915966386555,0.26900584795321636,46,125
A-CROSS-ENCODER-001/sues,SUES200,DINOv2,300,same,none,,full,0.0,budget10,sq8_margin_guard,1,1,0,0,0.09803921568627451,0.02857142857142857,1,34
A-CROSS-ENCODER-001/sues,SUES200,DINOv2,300,same,none,,full,0.0,budget25,sq8_margin_guard,1,1,0,0,0.24929971988795518,0.12359550561797752,11,78
A-CROSS-ENCODER-001/sues,SUES200,DINOv2,300,same,none,,full,0.0,budget50,sq8_margin_guard,1,1,0,0,0.49859943977591037,0.28651685393258425,51,127
A-CROSS-ENCODER-001/sues,SUES200,DINOv2,300,same,none,,full,0.0,full_frozen,sq8_margin_guard,1,1,0,0,0.4789915966386555,0.26900584795321636,46,125
A-CROSS-ENCODER-001/sues,SUES200,DINOv2,300,same,none,,full,0.0,matched,sq8_margin_guard,1,1,0,0,0.4789915966386555,0.26900584795321636,46,125
A-CROSS-ENCODER-001/sues,SUES200,DINOv2,pooled,same,none,,target,0.25,budget10,current_su,20,20,0,0,0.09943977591036414,0.29788732394366196,42.3,99.7
A-CROSS-ENCODER-001/sues,SUES200,DINOv2,pooled,same,none,,target,0.25,budget25,current_su,20,20,0,0,0.25,0.4418767507002801,157.75,199.25
A-CROSS-ENCODER-001/sues,SUES200,DINOv2,pooled,same,none,,target,0.25,budget50,current_su,20,20,0,0,0.5,0.534733893557423,381.8,332.2
A-CROSS-ENCODER-001/sues,SUES200,DINOv2,pooled,same,none,,target,0.25,full_frozen,current_su,20,20,0,0,0.2632703081232493,0.4481750368601732,168.65,207.3
A-CROSS-ENCODER-001/sues,SUES200,DINOv2,pooled,same,none,,target,0.25,matched,current_su,20,8,12,12,0.07678571428571429,0.3835303530514316,109.125,165
A-CROSS-ENCODER-001/sues,SUES200,DINOv2,pooled,same,none,,target,0.25,budget10,current_su_guard,20,20,0,0,0.09943977591036414,0.26654929577464787,37.85,104.15
A-CROSS-ENCODER-001/sues,SUES200,DINOv2,pooled,same,none,,target,0.25,budget25,current_su_guard,20,20,0,0,0.25,0.40476190476190477,144.5,212.5
A-CROSS-ENCODER-001/sues,SUES200,DINOv2,pooled,same,none,,target,0.25,budget50,current_su_guard,20,20,0,0,0.5,0.5105742296918767,364.55,349.45
A-CROSS-ENCODER-001/sues,SUES200,DINOv2,pooled,same,none,,target,0.25,full_frozen,current_su_guard,20,20,0,0,0.2357843137254902,0.3968765100398613,134.1,202.6
A-CROSS-ENCODER-001/sues,SUES200,DINOv2,pooled,same,none,,target,0.25,matched,current_su_guard,20,14,6,6,0.11659663865546219,0.34057557990378157,84.57142857142857,153.28571428571428
A-CROSS-ENCODER-001/sues,SUES200,DINOv2,pooled,same,none,,target,0.25,budget10,old_su,20,20,0,0,0.09943977591036414,0.3619718309859155,51.4,90.6
A-CROSS-ENCODER-001/sues,SUES200,DINOv2,pooled,same,none,,target,0.25,budget25,old_su,20,20,0,0,0.25,0.49481792717086837,176.65,180.35
A-CROSS-ENCODER-001/sues,SUES200,DINOv2,pooled,same,none,,target,0.25,budget50,old_su,20,20,0,0,0.5,0.5618347338935574,401.15,312.85
A-CROSS-ENCODER-001/sues,SUES200,DINOv2,pooled,same,none,,target,0.25,full_frozen,old_su,20,20,0,0,0.2605042016806723,0.5014784946236559,186.55,185.45
A-CROSS-ENCODER-001/sues,SUES200,DINOv2,pooled,same,none,,target,0.25,matched,old_su,20,4,16,16,0.02689075630252101,0.35570359091485854,68.5,123.5
A-CROSS-ENCODER-001/sues,SUES200,DINOv2,pooled,same,none,,target,0.25,budget10,old_su_guard,20,20,0,0,0.09943977591036414,0.24190140845070424,34.35,107.65
A-CROSS-ENCODER-001/sues,SUES200,DINOv2,pooled,same,none,,target,0.25,budget25,old_su_guard,20,20,0,0,0.25,0.38935574229691877,139,218
A-CROSS-ENCODER-001/sues,SUES200,DINOv2,pooled,same,none,,target,0.25,budget50,old_su_guard,20,20,0,0,0.5,0.5088935574229692,363.35,350.65
A-CROSS-ENCODER-001/sues,SUES200,DINOv2,pooled,same,none,,target,0.25,full_frozen,old_su_guard,20,20,0,0,0.19807422969187674,0.36292567644673657,103.2,179.65
A-CROSS-ENCODER-001/sues,SUES200,DINOv2,pooled,same,none,,target,0.25,matched,old_su_guard,20,16,4,4,0.15220588235294116,0.34560224943457024,97.25,174.4375
A-CROSS-ENCODER-001/sues,SUES200,DINOv2,pooled,same,none,,target,0.25,budget10,current_margin,20,20,0,0,0.09943977591036414,0.151056338028169,21.45,120.55
A-CROSS-ENCODER-001/sues,SUES200,DINOv2,pooled,same,none,,target,0.25,budget25,current_margin,20,20,0,0,0.25,0.3672268907563025,131.1,225.9
A-CROSS-ENCODER-001/sues,SUES200,DINOv2,pooled,same,none,,target,0.25,budget50,current_margin,20,20,0,0,0.5,0.5393557422969187,385.1,328.9
A-CROSS-ENCODER-001/sues,SUES200,DINOv2,pooled,same,none,,target,0.25,full_frozen,current_margin,20,20,0,0,0.2551470588235294,0.37031163003321016,135.25,229.1
A-CROSS-ENCODER-001/sues,SUES200,DINOv2,pooled,same,none,,target,0.25,matched,current_margin,20,19,1,1,0.18140756302521008,0.29158707682381985,83.84210526315789,188.8421052631579
A-CROSS-ENCODER-001/sues,SUES200,DINOv2,pooled,same,none,,target,0.25,budget10,current_margin_guard,20,20,0,0,0.09943977591036414,0.12816901408450704,18.2,123.8
A-CROSS-ENCODER-001/sues,SUES200,DINOv2,pooled,same,none,,target,0.25,budget25,current_margin_guard,20,20,0,0,0.25,0.3350140056022409,119.6,237.4
A-CROSS-ENCODER-001/sues,SUES200,DINOv2,pooled,same,none,,target,0.25,budget50,current_margin_guard,20,20,0,0,0.5,0.5215686274509804,372.4,341.6
A-CROSS-ENCODER-001/sues,SUES200,DINOv2,pooled,same,none,,target,0.25,full_frozen,current_margin_guard,20,20,0,0,0.23032212885154063,0.3167101919649989,104.35,224.55
A-CROSS-ENCODER-001/sues,SUES200,DINOv2,pooled,same,none,,target,0.25,matched,current_margin_guard,20,20,0,0,0.2107843137254902,0.29566444201126285,90.35,210.65
A-CROSS-ENCODER-001/sues,SUES200,DINOv2,pooled,same,none,,target,0.25,budget10,old_margin_guard,20,20,0,0,0.09943977591036414,0.0926056338028169,13.15,128.85
A-CROSS-ENCODER-001/sues,SUES200,DINOv2,pooled,same,none,,target,0.25,budget25,old_margin_guard,20,20,0,0,0.25,0.3280112044817927,117.1,239.9
A-CROSS-ENCODER-001/sues,SUES200,DINOv2,pooled,same,none,,target,0.25,budget50,old_margin_guard,20,20,0,0,0.5,0.5247899159663866,374.7,339.3
A-CROSS-ENCODER-001/sues,SUES200,DINOv2,pooled,same,none,,target,0.25,full_frozen,old_margin_guard,20,20,0,0,0.19516806722689076,0.25808327632609357,71.95,206.75
A-CROSS-ENCODER-001/sues,SUES200,DINOv2,pooled,same,none,,target,0.25,matched,old_margin_guard,20,20,0,0,0.21488095238095237,0.2827363103422195,88.4,218.45
A-CROSS-ENCODER-001/sues,SUES200,DINOv2,pooled,same,none,,target,0.25,budget10,sq8_margin_guard,20,20,0,0,0.09943977591036414,0.09471830985915493,13.45,128.55
A-CROSS-ENCODER-001/sues,SUES200,DINOv2,pooled,same,none,,target,0.25,budget25,sq8_margin_guard,20,20,0,0,0.25,0.3250700280112045,116.05,240.95
A-CROSS-ENCODER-001/sues,SUES200,DINOv2,pooled,same,none,,target,0.25,budget50,sq8_margin_guard,20,20,0,0,0.5,0.5254901960784314,375.2,338.8
A-CROSS-ENCODER-001/sues,SUES200,DINOv2,pooled,same,none,,target,0.25,full_frozen,sq8_margin_guard,20,20,0,0,0.18224789915966386,0.24046275137454554,62.65,197.6
A-CROSS-ENCODER-001/sues,SUES200,DINOv2,pooled,same,none,,target,0.25,matched,sq8_margin_guard,20,20,0,0,0.2237044817927171,0.2873382310640881,94.95,224.5
A-CROSS-ENCODER-001/sues,SUES200,DINOv2,150,same,none,,target,0.25,budget10,current_su,20,20,0,0,0.09803921568627451,0.36714285714285716,12.85,22.15
A-CROSS-ENCODER-001/sues,SUES200,DINOv2,150,same,none,,target,0.25,budget25,current_su,20,20,0,0,0.24929971988795518,0.5516853932584269,49.1,39.9
A-CROSS-ENCODER-001/sues,SUES200,DINOv2,150,same,none,,target,0.25,budget50,current_su,20,20,0,0,0.49859943977591037,0.6556179775280899,116.7,61.3
A-CROSS-ENCODER-001/sues,SUES200,DINOv2,150,same,none,,target,0.25,full_frozen,current_su,20,0,20,20,0.0,,,
A-CROSS-ENCODER-001/sues,SUES200,DINOv2,150,same,none,,target,0.25,matched,current_su,20,0,20,20,0.0,,,
A-CROSS-ENCODER-001/sues,SUES200,DINOv2,150,same,none,,target,0.25,budget10,current_su_guard,20,20,0,0,0.09803921568627451,0.34285714285714286,12,23
A-CROSS-ENCODER-001/sues,SUES200,DINOv2,150,same,none,,target,0.25,budget25,current_su_guard,20,20,0,0,0.24929971988795518,0.5320224719101123,47.35,41.65
A-CROSS-ENCODER-001/sues,SUES200,DINOv2,150,same,none,,target,0.25,budget50,current_su_guard,20,20,0,0,0.49859943977591037,0.6514044943820225,115.95,62.05
A-CROSS-ENCODER-001/sues,SUES200,DINOv2,150,same,none,,target,0.25,full_frozen,current_su_guard,20,0,20,20,0.0,,,
A-CROSS-ENCODER-001/sues,SUES200,DINOv2,150,same,none,,target,0.25,matched,current_su_guard,20,0,20,20,0.0,,,
A-CROSS-ENCODER-001/sues,SUES200,DINOv2,150,same,none,,target,0.25,budget10,old_su,20,20,0,0,0.09803921568627451,0.41,14.35,20.65
A-CROSS-ENCODER-001/sues,SUES200,DINOv2,150,same,none,,target,0.25,budget25,old_su,20,20,0,0,0.24929971988795518,0.5629213483146067,50.1,38.9
A-CROSS-ENCODER-001/sues,SUES200,DINOv2,150,same,none,,target,0.25,budget50,old_su,20,20,0,0,0.49859943977591037,0.6570224719101123,116.95,61.05
A-CROSS-ENCODER-001/sues,SUES200,DINOv2,150,same,none,,target,0.25,full_frozen,old_su,20,0,20,20,0.0,,,
A-CROSS-ENCODER-001/sues,SUES200,DINOv2,150,same,none,,target,0.25,matched,old_su,20,0,20,20,0.0,,,
A-CROSS-ENCODER-001/sues,SUES200,DINOv2,150,same,none,,target,0.25,budget10,old_su_guard,20,20,0,0,0.09803921568627451,0.30428571428571427,10.65,24.35
A-CROSS-ENCODER-001/sues,SUES200,DINOv2,150,same,none,,target,0.25,budget25,old_su_guard,20,20,0,0,0.24929971988795518,0.5134831460674157,45.7,43.3
A-CROSS-ENCODER-001/sues,SUES200,DINOv2,150,same,none,,target,0.25,budget50,old_su_guard,20,20,0,0,0.49859943977591037,0.652247191011236,116.1,61.9
A-CROSS-ENCODER-001/sues,SUES200,DINOv2,150,same,none,,target,0.25,full_frozen,old_su_guard,20,0,20,20,0.0,,,
A-CROSS-ENCODER-001/sues,SUES200,DINOv2,150,same,none,,target,0.25,matched,old_su_guard,20,0,20,20,0.0,,,
A-CROSS-ENCODER-001/sues,SUES200,DINOv2,150,same,none,,target,0.25,budget10,current_margin,20,20,0,0,0.09803921568627451,0.22285714285714286,7.8,27.2
A-CROSS-ENCODER-001/sues,SUES200,DINOv2,150,same,none,,target,0.25,budget25,current_margin,20,20,0,0,0.24929971988795518,0.5235955056179775,46.6,42.4
A-CROSS-ENCODER-001/sues,SUES200,DINOv2,150,same,none,,target,0.25,budget50,current_margin,20,20,0,0,0.49859943977591037,0.672191011235955,119.65,58.35
A-CROSS-ENCODER-001/sues,SUES200,DINOv2,150,same,none,,target,0.25,full_frozen,current_margin,20,20,0,0,0.23739495798319327,0.5184661522553876,44.1,40.65
A-CROSS-ENCODER-001/sues,SUES200,DINOv2,150,same,none,,target,0.25,matched,current_margin,20,5,15,15,0.05700280112044818,0.48839287782377216,39.8,41.6
A-CROSS-ENCODER-001/sues,SUES200,DINOv2,150,same,none,,target,0.25,budget10,current_margin_guard,20,20,0,0,0.09803921568627451,0.21857142857142856,7.65,27.35
A-CROSS-ENCODER-001/sues,SUES200,DINOv2,150,same,none,,target,0.25,budget25,current_margin_guard,20,20,0,0,0.24929971988795518,0.5146067415730337,45.8,43.2
A-CROSS-ENCODER-001/sues,SUES200,DINOv2,150,same,none,,target,0.25,budget50,current_margin_guard,20,20,0,0,0.49859943977591037,0.6598314606741573,117.45,60.55
A-CROSS-ENCODER-001/sues,SUES200,DINOv2,150,same,none,,target,0.25,full_frozen,current_margin_guard,20,20,0,0,0.21442577030812324,0.4803629208432199,36.9,39.65
A-CROSS-ENCODER-001/sues,SUES200,DINOv2,150,same,none,,target,0.25,matched,current_margin_guard,20,8,12,12,0.08361344537815127,0.4379619747601188,33,41.625
A-CROSS-ENCODER-001/sues,SUES200,DINOv2,150,same,none,,target,0.25,budget10,old_margin_guard,20,20,0,0,0.09803921568627451,0.18428571428571427,6.45,28.55
A-CROSS-ENCODER-001/sues,SUES200,DINOv2,150,same,none,,target,0.25,budget25,old_margin_guard,20,20,0,0,0.24929971988795518,0.5247191011235955,46.7,42.3
A-CROSS-ENCODER-001/sues,SUES200,DINOv2,150,same,none,,target,0.25,budget50,old_margin_guard,20,20,0,0,0.49859943977591037,0.6623595505617977,117.9,60.1
A-CROSS-ENCODER-001/sues,SUES200,DINOv2,150,same,none,,target,0.25,full_frozen,old_margin_guard,20,20,0,0,0.18291316526610643,0.4385470817056531,28.7,36.6
A-CROSS-ENCODER-001/sues,SUES200,DINOv2,150,same,none,,target,0.25,matched,old_margin_guard,20,8,12,12,0.07773109243697479,0.4310899358713642,30.25,39.125
A-CROSS-ENCODER-001/sues,SUES200,DINOv2,150,same,none,,target,0.25,budget10,sq8_margin_guard,20,20,0,0,0.09803921568627451,0.1814285714285714,6.35,28.65
A-CROSS-ENCODER-001/sues,SUES200,DINOv2,150,same,none,,target,0.25,budget25,sq8_margin_guard,20,20,0,0,0.24929971988795518,0.5247191011235955,46.7,42.3
A-CROSS-ENCODER-001/sues,SUES200,DINOv2,150,same,none,,target,0.25,budget50,sq8_margin_guard,20,20,0,0,0.49859943977591037,0.6598314606741573,117.45,60.55
A-CROSS-ENCODER-001/sues,SUES200,DINOv2,150,same,none,,target,0.25,full_frozen,sq8_margin_guard,20,20,0,0,0.1700280112044818,0.40108391924011905,24.45,36.25
A-CROSS-ENCODER-001/sues,SUES200,DINOv2,150,same,none,,target,0.25,matched,sq8_margin_guard,20,10,10,10,0.10210084033613445,0.4301531291065224,32.3,40.6
A-CROSS-ENCODER-001/sues,SUES200,DINOv2,200,same,none,,target,0.25,budget10,current_su,20,20,0,0,0.09803921568627451,0.25857142857142856,9.05,25.95
A-CROSS-ENCODER-001/sues,SUES200,DINOv2,200,same,none,,target,0.25,budget25,current_su,20,20,0,0,0.24929971988795518,0.45842696629213486,40.8,48.2
A-CROSS-ENCODER-001/sues,SUES200,DINOv2,200,same,none,,target,0.25,budget50,current_su,20,20,0,0,0.49859943977591037,0.5783707865168539,102.95,75.05
A-CROSS-ENCODER-001/sues,SUES200,DINOv2,200,same,none,,target,0.25,full_frozen,current_su,20,20,0,0,0.25896358543417364,0.4662469163046502,43.2,49.25
A-CROSS-ENCODER-001/sues,SUES200,DINOv2,200,same,none,,target,0.25,matched,current_su,20,11,9,9,0.12507002801120448,0.4386945303663325,36.45454545454545,44.72727272727273
A-CROSS-ENCODER-001/sues,SUES200,DINOv2,200,same,none,,target,0.25,budget10,current_su_guard,20,20,0,0,0.09803921568627451,0.2257142857142857,7.9,27.1
A-CROSS-ENCODER-001/sues,SUES200,DINOv2,200,same,none,,target,0.25,budget25,current_su_guard,20,20,0,0,0.24929971988795518,0.4404494382022472,39.2,49.8
A-CROSS-ENCODER-001/sues,SUES200,DINOv2,200,same,none,,target,0.25,budget50,current_su_guard,20,20,0,0,0.49859943977591037,0.549438202247191,97.8,80.2
A-CROSS-ENCODER-001/sues,SUES200,DINOv2,200,same,none,,target,0.25,full_frozen,current_su_guard,20,20,0,0,0.2334733893557423,0.420015328120356,35.2,48.15
A-CROSS-ENCODER-001/sues,SUES200,DINOv2,200,same,none,,target,0.25,matched,current_su_guard,20,14,6,6,0.1612044817927171,0.40435830248067683,34.642857142857146,47.57142857142857
A-CROSS-ENCODER-001/sues,SUES200,DINOv2,200,same,none,,target,0.25,budget10,old_su,20,20,0,0,0.09803921568627451,0.35285714285714287,12.35,22.65
A-CROSS-ENCODER-001/sues,SUES200,DINOv2,200,same,none,,target,0.25,budget25,old_su,20,20,0,0,0.24929971988795518,0.4842696629213483,43.1,45.9
A-CROSS-ENCODER-001/sues,SUES200,DINOv2,200,same,none,,target,0.25,budget50,old_su,20,20,0,0,0.49859943977591037,0.6117977528089887,108.9,69.1
A-CROSS-ENCODER-001/sues,SUES200,DINOv2,200,same,none,,target,0.25,full_frozen,old_su,20,20,0,0,0.2549019607843137,0.4895604395604396,44.55,46.45
A-CROSS-ENCODER-001/sues,SUES200,DINOv2,200,same,none,,target,0.25,matched,old_su,20,4,16,16,0.03305322128851541,0.3940677966101695,23.25,35.75
A-CROSS-ENCODER-001/sues,SUES200,DINOv2,200,same,none,,target,0.25,budget10,old_su_guard,20,20,0,0,0.09803921568627451,0.19428571428571428,6.8,28.2
A-CROSS-ENCODER-001/sues,SUES200,DINOv2,200,same,none,,target,0.25,budget25,old_su_guard,20,20,0,0,0.24929971988795518,0.4370786516853933,38.9,50.1
A-CROSS-ENCODER-001/sues,SUES200,DINOv2,200,same,none,,target,0.25,budget50,old_su_guard,20,20,0,0,0.49859943977591037,0.5514044943820224,98.15,79.85
A-CROSS-ENCODER-001/sues,SUES200,DINOv2,200,same,none,,target,0.25,full_frozen,old_su_guard,20,20,0,0,0.19453781512605042,0.3500553254457993,24.5,44.95
A-CROSS-ENCODER-001/sues,SUES200,DINOv2,200,same,none,,target,0.25,matched,old_su_guard,20,15,5,5,0.16134453781512606,0.3757804809656793,29.466666666666665,47.333333333333336
A-CROSS-ENCODER-001/sues,SUES200,DINOv2,200,same,none,,target,0.25,budget10,current_margin,20,20,0,0,0.09803921568627451,0.13285714285714287,4.65,30.35
A-CROSS-ENCODER-001/sues,SUES200,DINOv2,200,same,none,,target,0.25,budget25,current_margin,20,20,0,0,0.24929971988795518,0.40168539325842695,35.75,53.25
A-CROSS-ENCODER-001/sues,SUES200,DINOv2,200,same,none,,target,0.25,budget50,current_margin,20,20,0,0,0.49859943977591037,0.5724719101123595,101.9,76.1
A-CROSS-ENCODER-001/sues,SUES200,DINOv2,200,same,none,,target,0.25,full_frozen,current_margin,20,20,0,0,0.21274509803921568,0.3656342976836335,27.9,48.05
A-CROSS-ENCODER-001/sues,SUES200,DINOv2,200,same,none,,target,0.25,matched,current_margin,20,5,15,15,0.05126050420168067,0.3442404154718942,25.8,47.4
A-CROSS-ENCODER-001/sues,SUES200,DINOv2,200,same,none,,target,0.25,budget10,current_margin_guard,20,20,0,0,0.09803921568627451,0.11857142857142856,4.15,30.85
A-CROSS-ENCODER-001/sues,SUES200,DINOv2,200,same,none,,target,0.25,budget25,current_margin_guard,20,20,0,0,0.24929971988795518,0.37808988764044943,33.65,55.35
A-CROSS-ENCODER-001/sues,SUES200,DINOv2,200,same,none,,target,0.25,budget50,current_margin_guard,20,20,0,0,0.49859943977591037,0.5615168539325843,99.95,78.05
A-CROSS-ENCODER-001/sues,SUES200,DINOv2,200,same,none,,target,0.25,full_frozen,current_margin_guard,20,20,0,0,0.19103641456582632,0.3069814821599919,21,47.2
A-CROSS-ENCODER-001/sues,SUES200,DINOv2,200,same,none,,target,0.25,matched,current_margin_guard,20,6,14,14,0.05770308123249299,0.32144108734141164,22.333333333333332,46.333333333333336
A-CROSS-ENCODER-001/sues,SUES200,DINOv2,200,same,none,,target,0.25,budget10,old_margin_guard,20,20,0,0,0.09803921568627451,0.1,3.5,31.5
A-CROSS-ENCODER-001/sues,SUES200,DINOv2,200,same,none,,target,0.25,budget25,old_margin_guard,20,20,0,0,0.24929971988795518,0.3808988764044944,33.9,55.1
A-CROSS-ENCODER-001/sues,SUES200,DINOv2,200,same,none,,target,0.25,budget50,old_margin_guard,20,20,0,0,0.49859943977591037,0.5688202247191011,101.25,76.75
A-CROSS-ENCODER-001/sues,SUES200,DINOv2,200,same,none,,target,0.25,full_frozen,old_margin_guard,20,20,0,0,0.15518207282913166,0.2120405143789227,11.75,43.65
A-CROSS-ENCODER-001/sues,SUES200,DINOv2,200,same,none,,target,0.25,matched,old_margin_guard,20,8,12,12,0.09033613445378151,0.32554705472323553,27.5,53.125
A-CROSS-ENCODER-001/sues,SUES200,DINOv2,200,same,none,,target,0.25,budget10,sq8_margin_guard,20,20,0,0,0.09803921568627451,0.10714285714285714,3.75,31.25
A-CROSS-ENCODER-001/sues,SUES200,DINOv2,200,same,none,,target,0.25,budget25,sq8_margin_guard,20,20,0,0,0.24929971988795518,0.3741573033707865,33.3,55.7
A-CROSS-ENCODER-001/sues,SUES200,DINOv2,200,same,none,,target,0.25,budget50,sq8_margin_guard,20,20,0,0,0.49859943977591037,0.5724719101123595,101.9,76.1
A-CROSS-ENCODER-001/sues,SUES200,DINOv2,200,same,none,,target,0.25,full_frozen,sq8_margin_guard,20,20,0,0,0.14607843137254903,0.20761168571296681,10.85,41.3
A-CROSS-ENCODER-001/sues,SUES200,DINOv2,200,same,none,,target,0.25,matched,sq8_margin_guard,20,7,13,13,0.08067226890756302,0.3432167328891309,28.571428571428573,53.714285714285715
A-CROSS-ENCODER-001/sues,SUES200,DINOv2,250,same,none,,target,0.25,budget10,current_su,20,20,0,0,0.09803921568627451,0.3057142857142857,10.7,24.3
A-CROSS-ENCODER-001/sues,SUES200,DINOv2,250,same,none,,target,0.25,budget25,current_su,20,20,0,0,0.24929971988795518,0.3814606741573034,33.95,55.05
A-CROSS-ENCODER-001/sues,SUES200,DINOv2,250,same,none,,target,0.25,budget50,current_su,20,20,0,0,0.49859943977591037,0.4640449438202247,82.6,95.4
A-CROSS-ENCODER-001/sues,SUES200,DINOv2,250,same,none,,target,0.25,full_frozen,current_su,20,20,0,0,0.3253501400560224,0.3961121806463354,46.05,70.1
A-CROSS-ENCODER-001/sues,SUES200,DINOv2,250,same,none,,target,0.25,matched,current_su,20,14,6,6,0.17787114845938376,0.37414951011766956,34.214285714285715,56.5
A-CROSS-ENCODER-001/sues,SUES200,DINOv2,250,same,none,,target,0.25,budget10,current_su_guard,20,20,0,0,0.09803921568627451,0.2557142857142857,8.95,26.05
A-CROSS-ENCODER-001/sues,SUES200,DINOv2,250,same,none,,target,0.25,budget25,current_su_guard,20,20,0,0,0.24929971988795518,0.3235955056179775,28.8,60.2
A-CROSS-ENCODER-001/sues,SUES200,DINOv2,250,same,none,,target,0.25,budget50,current_su_guard,20,20,0,0,0.49859943977591037,0.44157303370786516,78.6,99.4
A-CROSS-ENCODER-001/sues,SUES200,DINOv2,250,same,none,,target,0.25,full_frozen,current_su_guard,20,20,0,0,0.28711484593837533,0.3311767735860255,34.1,68.4
A-CROSS-ENCODER-001/sues,SUES200,DINOv2,250,same,none,,target,0.25,matched,current_su_guard,20,20,0,0,0.23585434173669467,0.31432350326430164,26.85,57.35
A-CROSS-ENCODER-001/sues,SUES200,DINOv2,250,same,none,,target,0.25,budget10,old_su,20,20,0,0,0.09803921568627451,0.3757142857142857,13.15,21.85
A-CROSS-ENCODER-001/sues,SUES200,DINOv2,250,same,none,,target,0.25,budget25,old_su,20,20,0,0,0.24929971988795518,0.4477528089887641,39.85,49.15
A-CROSS-ENCODER-001/sues,SUES200,DINOv2,250,same,none,,target,0.25,budget50,old_su,20,20,0,0,0.49859943977591037,0.48904494382022473,87.05,90.95
A-CROSS-ENCODER-001/sues,SUES200,DINOv2,250,same,none,,target,0.25,full_frozen,old_su,20,20,0,0,0.3277310924369748,0.45726495726495725,53.5,63.5
A-CROSS-ENCODER-001/sues,SUES200,DINOv2,250,same,none,,target,0.25,matched,old_su,20,2,18,18,0.0226890756302521,0.37196765498652296,30.5,50.5
A-CROSS-ENCODER-001/sues,SUES200,DINOv2,250,same,none,,target,0.25,budget10,old_su_guard,20,20,0,0,0.09803921568627451,0.22857142857142856,8,27
A-CROSS-ENCODER-001/sues,SUES200,DINOv2,250,same,none,,target,0.25,budget25,old_su_guard,20,20,0,0,0.24929971988795518,0.30730337078651687,27.35,61.65
A-CROSS-ENCODER-001/sues,SUES200,DINOv2,250,same,none,,target,0.25,budget50,old_su_guard,20,20,0,0,0.49859943977591037,0.4351123595505618,77.45,100.55
A-CROSS-ENCODER-001/sues,SUES200,DINOv2,250,same,none,,target,0.25,full_frozen,old_su_guard,20,20,0,0,0.24873949579831933,0.30558673939742403,27.3,61.5
A-CROSS-ENCODER-001/sues,SUES200,DINOv2,250,same,none,,target,0.25,matched,old_su_guard,20,20,0,0,0.24467787114845937,0.30779866806549727,27.1,60.25
A-CROSS-ENCODER-001/sues,SUES200,DINOv2,250,same,none,,target,0.25,budget10,current_margin,20,20,0,0,0.09803921568627451,0.12857142857142856,4.5,30.5
A-CROSS-ENCODER-001/sues,SUES200,DINOv2,250,same,none,,target,0.25,budget25,current_margin,20,20,0,0,0.24929971988795518,0.32303370786516855,28.75,60.25
A-CROSS-ENCODER-001/sues,SUES200,DINOv2,250,same,none,,target,0.25,budget50,current_margin,20,20,0,0,0.49859943977591037,0.48707865168539327,86.7,91.3
A-CROSS-ENCODER-001/sues,SUES200,DINOv2,250,same,none,,target,0.25,full_frozen,current_margin,20,20,0,0,0.3341736694677871,0.3642550093675323,43.5,75.8
A-CROSS-ENCODER-001/sues,SUES200,DINOv2,250,same,none,,target,0.25,matched,current_margin,20,20,0,0,0.22436974789915967,0.28843602942013874,24.55,55.55
A-CROSS-ENCODER-001/sues,SUES200,DINOv2,250,same,none,,target,0.25,budget10,current_margin_guard,20,20,0,0,0.09803921568627451,0.10285714285714286,3.6,31.4
A-CROSS-ENCODER-001/sues,SUES200,DINOv2,250,same,none,,target,0.25,budget25,current_margin_guard,20,20,0,0,0.24929971988795518,0.27640449438202247,24.6,64.4
A-CROSS-ENCODER-001/sues,SUES200,DINOv2,250,same,none,,target,0.25,budget50,current_margin_guard,20,20,0,0,0.49859943977591037,0.4601123595505618,81.9,96.1
A-CROSS-ENCODER-001/sues,SUES200,DINOv2,250,same,none,,target,0.25,full_frozen,current_margin_guard,20,20,0,0,0.2969187675070028,0.30221217834017167,32.05,73.95
A-CROSS-ENCODER-001/sues,SUES200,DINOv2,250,same,none,,target,0.25,matched,current_margin_guard,20,20,0,0,0.2607843137254902,0.2793741833920463,26.3,66.8
A-CROSS-ENCODER-001/sues,SUES200,DINOv2,250,same,none,,target,0.25,budget10,old_margin_guard,20,20,0,0,0.09803921568627451,0.06571428571428571,2.3,32.7
A-CROSS-ENCODER-001/sues,SUES200,DINOv2,250,same,none,,target,0.25,budget25,old_margin_guard,20,20,0,0,0.24929971988795518,0.2348314606741573,20.9,68.1
A-CROSS-ENCODER-001/sues,SUES200,DINOv2,250,same,none,,target,0.25,budget50,old_margin_guard,20,20,0,0,0.49859943977591037,0.45646067415730335,81.25,96.75
A-CROSS-ENCODER-001/sues,SUES200,DINOv2,250,same,none,,target,0.25,full_frozen,old_margin_guard,20,20,0,0,0.25434173669467786,0.24230771706951323,22,68.8
A-CROSS-ENCODER-001/sues,SUES200,DINOv2,250,same,none,,target,0.25,matched,old_margin_guard,20,20,0,0,0.2609243697478992,0.25519927277383286,24.4,68.75
A-CROSS-ENCODER-001/sues,SUES200,DINOv2,250,same,none,,target,0.25,budget10,sq8_margin_guard,20,20,0,0,0.09803921568627451,0.06428571428571428,2.25,32.75
A-CROSS-ENCODER-001/sues,SUES200,DINOv2,250,same,none,,target,0.25,budget25,sq8_margin_guard,20,20,0,0,0.24929971988795518,0.23820224719101124,21.2,67.8
A-CROSS-ENCODER-001/sues,SUES200,DINOv2,250,same,none,,target,0.25,budget50,sq8_margin_guard,20,20,0,0,0.49859943977591037,0.4584269662921348,81.6,96.4
A-CROSS-ENCODER-001/sues,SUES200,DINOv2,250,same,none,,target,0.25,full_frozen,sq8_margin_guard,20,20,0,0,0.230812324929972,0.22443952804070808,18.5,63.9
A-CROSS-ENCODER-001/sues,SUES200,DINOv2,250,same,none,,target,0.25,matched,sq8_margin_guard,20,20,0,0,0.2560224089635854,0.24508602522240241,23.6,67.8
A-CROSS-ENCODER-001/sues,SUES200,DINOv2,300,same,none,,target,0.25,budget10,current_su,20,20,0,0,0.09803921568627451,0.25285714285714284,8.85,26.15
A-CROSS-ENCODER-001/sues,SUES200,DINOv2,300,same,none,,target,0.25,budget25,current_su,20,20,0,0,0.24929971988795518,0.32303370786516855,28.75,60.25
A-CROSS-ENCODER-001/sues,SUES200,DINOv2,300,same,none,,target,0.25,budget50,current_su,20,20,0,0,0.49859943977591037,0.425,75.65,102.35
A-CROSS-ENCODER-001/sues,SUES200,DINOv2,300,same,none,,target,0.25,full_frozen,current_su,20,20,0,0,0.4358543417366947,0.3907640735890649,60.85,94.75
A-CROSS-ENCODER-001/sues,SUES200,DINOv2,300,same,none,,target,0.25,matched,current_su,20,16,4,4,0.23403361344537815,0.34352356406112927,36.75,67.6875
A-CROSS-ENCODER-001/sues,SUES200,DINOv2,300,same,none,,target,0.25,budget10,current_su_guard,20,20,0,0,0.09803921568627451,0.21,7.35,27.65
A-CROSS-ENCODER-001/sues,SUES200,DINOv2,300,same,none,,target,0.25,budget25,current_su_guard,20,20,0,0,0.24929971988795518,0.26853932584269663,23.9,65.1
A-CROSS-ENCODER-001/sues,SUES200,DINOv2,300,same,none,,target,0.25,budget50,current_su_guard,20,20,0,0,0.49859943977591037,0.38820224719101126,69.1,108.9
A-CROSS-ENCODER-001/sues,SUES200,DINOv2,300,same,none,,target,0.25,full_frozen,current_su_guard,20,20,0,0,0.3813725490196078,0.31640435516139537,43.2,92.95
A-CROSS-ENCODER-001/sues,SUES200,DINOv2,300,same,none,,target,0.25,matched,current_su_guard,20,20,0,0,0.3288515406162465,0.2977640003869938,35.35,82.05
A-CROSS-ENCODER-001/sues,SUES200,DINOv2,300,same,none,,target,0.25,budget10,old_su,20,20,0,0,0.09803921568627451,0.32,11.2,23.8
A-CROSS-ENCODER-001/sues,SUES200,DINOv2,300,same,none,,target,0.25,budget25,old_su,20,20,0,0,0.24929971988795518,0.4196629213483146,37.35,51.65
A-CROSS-ENCODER-001/sues,SUES200,DINOv2,300,same,none,,target,0.25,budget50,old_su,20,20,0,0,0.49859943977591037,0.4640449438202247,82.6,95.4
A-CROSS-ENCODER-001/sues,SUES200,DINOv2,300,same,none,,target,0.25,full_frozen,old_su,20,20,0,0,0.43977591036414565,0.43853503184713377,68.85,88.15
A-CROSS-ENCODER-001/sues,SUES200,DINOv2,300,same,none,,target,0.25,matched,old_su,20,3,17,17,0.033893557422969185,0.3718715393133998,30,50.666666666666664
A-CROSS-ENCODER-001/sues,SUES200,DINOv2,300,same,none,,target,0.25,budget10,old_su_guard,20,20,0,0,0.09803921568627451,0.17,5.95,29.05
A-CROSS-ENCODER-001/sues,SUES200,DINOv2,300,same,none,,target,0.25,budget25,old_su_guard,20,20,0,0,0.24929971988795518,0.25280898876404495,22.5,66.5
A-CROSS-ENCODER-001/sues,SUES200,DINOv2,300,same,none,,target,0.25,budget50,old_su_guard,20,20,0,0,0.49859943977591037,0.3797752808988764,67.6,110.4
A-CROSS-ENCODER-001/sues,SUES200,DINOv2,300,same,none,,target,0.25,full_frozen,old_su_guard,20,20,0,0,0.33361344537815124,0.27236383542693476,32.55,86.55
A-CROSS-ENCODER-001/sues,SUES200,DINOv2,300,same,none,,target,0.25,matched,old_su_guard,20,20,0,0,0.33277310924369746,0.28084629680117923,33.5,85.3
A-CROSS-ENCODER-001/sues,SUES200,DINOv2,300,same,none,,target,0.25,budget10,current_margin,20,20,0,0,0.09803921568627451,0.11285714285714285,3.95,31.05
A-CROSS-ENCODER-001/sues,SUES200,DINOv2,300,same,none,,target,0.25,budget25,current_margin,20,20,0,0,0.24929971988795518,0.24662921348314606,21.95,67.05
A-CROSS-ENCODER-001/sues,SUES200,DINOv2,300,same,none,,target,0.25,budget50,current_margin,20,20,0,0,0.49859943977591037,0.4241573033707865,75.5,102.5
A-CROSS-ENCODER-001/sues,SUES200,DINOv2,300,same,none,,target,0.25,full_frozen,current_margin,20,20,0,0,0.4725490196078431,0.4094397482966235,69.15,99.55
A-CROSS-ENCODER-001/sues,SUES200,DINOv2,300,same,none,,target,0.25,matched,current_margin,20,20,0,0,0.2609243697478992,0.24856385822995375,23.85,69.3
A-CROSS-ENCODER-001/sues,SUES200,DINOv2,300,same,none,,target,0.25,budget10,current_margin_guard,20,20,0,0,0.09803921568627451,0.07714285714285714,2.7,32.3
A-CROSS-ENCODER-001/sues,SUES200,DINOv2,300,same,none,,target,0.25,budget25,current_margin_guard,20,20,0,0,0.24929971988795518,0.199438202247191,17.75,71.25
A-CROSS-ENCODER-001/sues,SUES200,DINOv2,300,same,none,,target,0.25,budget50,current_margin_guard,20,20,0,0,0.49859943977591037,0.40168539325842695,71.5,106.5
A-CROSS-ENCODER-001/sues,SUES200,DINOv2,300,same,none,,target,0.25,full_frozen,current_margin_guard,20,20,0,0,0.40980392156862744,0.329404528190212,48.2,98.1
A-CROSS-ENCODER-001/sues,SUES200,DINOv2,300,same,none,,target,0.25,matched,current_margin_guard,20,20,0,0,0.3355742296918767,0.2705850617063429,33.75,86.05
A-CROSS-ENCODER-001/sues,SUES200,DINOv2,300,same,none,,target,0.25,budget10,old_margin_guard,20,20,0,0,0.09803921568627451,0.03,1.05,33.95
A-CROSS-ENCODER-001/sues,SUES200,DINOv2,300,same,none,,target,0.25,budget25,old_margin_guard,20,20,0,0,0.24929971988795518,0.17752808988764043,15.8,73.2
A-CROSS-ENCODER-001/sues,SUES200,DINOv2,300,same,none,,target,0.25,budget50,old_margin_guard,20,20,0,0,0.49859943977591037,0.40561797752808987,72.2,105.8
A-CROSS-ENCODER-001/sues,SUES200,DINOv2,300,same,none,,target,0.25,full_frozen,old_margin_guard,20,20,0,0,0.36358543417366945,0.28231115203403917,36.65,93.15
A-CROSS-ENCODER-001/sues,SUES200,DINOv2,300,same,none,,target,0.25,matched,old_margin_guard,20,20,0,0,0.36050420168067226,0.28266250244647473,36.8,91.9
A-CROSS-ENCODER-001/sues,SUES200,DINOv2,300,same,none,,target,0.25,budget10,sq8_margin_guard,20,20,0,0,0.09803921568627451,0.03142857142857143,1.1,33.9
A-CROSS-ENCODER-001/sues,SUES200,DINOv2,300,same,none,,target,0.25,budget25,sq8_margin_guard,20,20,0,0,0.24929971988795518,0.17865168539325843,15.9,73.1
A-CROSS-ENCODER-001/sues,SUES200,DINOv2,300,same,none,,target,0.25,budget50,sq8_margin_guard,20,20,0,0,0.49859943977591037,0.40393258426966294,71.9,106.1
A-CROSS-ENCODER-001/sues,SUES200,DINOv2,300,same,none,,target,0.25,full_frozen,sq8_margin_guard,20,20,0,0,0.3404761904761905,0.25867293528765317,31.45,90.1
A-CROSS-ENCODER-001/sues,SUES200,DINOv2,300,same,none,,target,0.25,matched,sq8_margin_guard,20,20,0,0,0.3469187675070028,0.26331400038425634,32.9,90.95
A-CROSS-ENCODER-001/sues,SUES200,DINOv2,pooled,same,none,,target,0.5,budget10,current_su,20,20,0,0,0.09943977591036414,0.4848591549295775,68.85,73.15
A-CROSS-ENCODER-001/sues,SUES200,DINOv2,pooled,same,none,,target,0.5,budget25,current_su,20,20,0,0,0.25,0.5739495798319327,204.9,152.1
A-CROSS-ENCODER-001/sues,SUES200,DINOv2,pooled,same,none,,target,0.5,budget50,current_su,20,20,0,0,0.5,0.6629551820728291,473.35,240.65
A-CROSS-ENCODER-001/sues,SUES200,DINOv2,pooled,same,none,,target,0.5,full_frozen,current_su,20,20,0,0,0.26453081232493,0.5810518640146808,219.45,158.3
A-CROSS-ENCODER-001/sues,SUES200,DINOv2,pooled,same,none,,target,0.5,matched,current_su,20,1,19,19,0.009103641456582632,0.6923076923076923,180,80
A-CROSS-ENCODER-001/sues,SUES200,DINOv2,pooled,same,none,,target,0.5,budget10,current_su_guard,20,20,0,0,0.09943977591036414,0.40105633802816903,56.95,85.05
A-CROSS-ENCODER-001/sues,SUES200,DINOv2,pooled,same,none,,target,0.5,budget25,current_su_guard,20,20,0,0,0.25,0.5023809523809524,179.35,177.65
A-CROSS-ENCODER-001/sues,SUES200,DINOv2,pooled,same,none,,target,0.5,budget50,current_su_guard,20,20,0,0,0.5,0.6336834733893557,452.45,261.55
A-CROSS-ENCODER-001/sues,SUES200,DINOv2,pooled,same,none,,target,0.5,full_frozen,current_su_guard,20,20,0,0,0.202906162464986,0.47448632352193737,137.8,151.95
A-CROSS-ENCODER-001/sues,SUES200,DINOv2,pooled,same,none,,target,0.5,matched,current_su_guard,20,5,15,15,0.034873949579831934,0.4364246059440897,89.4,109.8
A-CROSS-ENCODER-001/sues,SUES200,DINOv2,pooled,same,none,,target,0.5,budget10,old_su,20,20,0,0,0.09943977591036414,0.5757042253521126,81.75,60.25
A-CROSS-ENCODER-001/sues,SUES200,DINOv2,pooled,same,none,,target,0.5,budget25,old_su,20,20,0,0,0.25,0.6560224089635854,234.2,122.8
A-CROSS-ENCODER-001/sues,SUES200,DINOv2,pooled,same,none,,target,0.5,budget50,old_su,20,20,0,0,0.5,0.703641456582633,502.4,211.6
A-CROSS-ENCODER-001/sues,SUES200,DINOv2,pooled,same,none,,target,0.5,full_frozen,old_su,20,20,0,0,0.2605042016806723,0.6606182795698925,245.75,126.25
A-CROSS-ENCODER-001/sues,SUES200,DINOv2,pooled,same,none,,target,0.5,matched,old_su,20,0,20,20,0.0,,,
A-CROSS-ENCODER-001/sues,SUES200,DINOv2,pooled,same,none,,target,0.5,budget10,old_su_guard,20,20,0,0,0.09943977591036414,0.35457746478873237,50.35,91.65
A-CROSS-ENCODER-001/sues,SUES200,DINOv2,pooled,same,none,,target,0.5,budget25,old_su_guard,20,20,0,0,0.25,0.48025210084033615,171.45,185.55
A-CROSS-ENCODER-001/sues,SUES200,DINOv2,pooled,same,none,,target,0.5,budget50,old_su_guard,20,20,0,0,0.5,0.6314425770308123,450.85,263.15
A-CROSS-ENCODER-001/sues,SUES200,DINOv2,pooled,same,none,,target,0.5,full_frozen,old_su_guard,20,20,0,0,0.13858543417366948,0.39451386762527973,78.2,119.7
A-CROSS-ENCODER-001/sues,SUES200,DINOv2,pooled,same,none,,target,0.5,matched,old_su_guard,20,8,12,12,0.06242997198879552,0.4053647414790323,91.625,131.25
A-CROSS-ENCODER-001/sues,SUES200,DINOv2,pooled,same,none,,target,0.5,budget10,current_margin,20,20,0,0,0.09943977591036414,0.30915492957746477,43.9,98.1
A-CROSS-ENCODER-001/sues,SUES200,DINOv2,pooled,same,none,,target,0.5,budget25,current_margin,20,20,0,0,0.25,0.5214285714285715,186.15,170.85
A-CROSS-ENCODER-001/sues,SUES200,DINOv2,pooled,same,none,,target,0.5,budget50,current_margin,20,20,0,0,0.5,0.670798319327731,478.95,235.05
A-CROSS-ENCODER-001/sues,SUES200,DINOv2,pooled,same,none,,target,0.5,full_frozen,current_margin,20,20,0,0,0.24628851540616248,0.5203672480635756,183.1,168.6
A-CROSS-ENCODER-001/sues,SUES200,DINOv2,pooled,same,none,,target,0.5,matched,current_margin,20,9,11,11,0.051505602240896356,0.3221414329677057,55.111111111111114,108.33333333333333
A-CROSS-ENCODER-001/sues,SUES200,DINOv2,pooled,same,none,,target,0.5,budget10,current_margin_guard,20,20,0,0,0.09943977591036414,0.25985915492957745,36.9,105.1
A-CROSS-ENCODER-001/sues,SUES200,DINOv2,pooled,same,none,,target,0.5,budget25,current_margin_guard,20,20,0,0,0.25,0.47619047619047616,170,187
A-CROSS-ENCODER-001/sues,SUES200,DINOv2,pooled,same,none,,target,0.5,budget50,current_margin_guard,20,20,0,0,0.5,0.6396358543417366,456.7,257.3
A-CROSS-ENCODER-001/sues,SUES200,DINOv2,pooled,same,none,,target,0.5,full_frozen,current_margin_guard,20,20,0,0,0.1940126050420168,0.4115782423387597,114.2,162.85
A-CROSS-ENCODER-001/sues,SUES200,DINOv2,pooled,same,none,,target,0.5,matched,current_margin_guard,20,19,1,1,0.12510504201680672,0.3262159304513598,62.578947368421055,125.47368421052632
A-CROSS-ENCODER-001/sues,SUES200,DINOv2,pooled,same,none,,target,0.5,budget10,old_margin_guard,20,20,0,0,0.09943977591036414,0.20211267605633804,28.7,113.3
A-CROSS-ENCODER-001/sues,SUES200,DINOv2,pooled,same,none,,target,0.5,budget25,old_margin_guard,20,20,0,0,0.25,0.4649859943977591,166,191
A-CROSS-ENCODER-001/sues,SUES200,DINOv2,pooled,same,none,,target,0.5,budget50,old_margin_guard,20,20,0,0,0.5,0.6373949579831932,455.1,258.9
A-CROSS-ENCODER-001/sues,SUES200,DINOv2,pooled,same,none,,target,0.5,full_frozen,old_margin_guard,20,20,0,0,0.13515406162464985,0.2931000094498408,56.35,136.65
A-CROSS-ENCODER-001/sues,SUES200,DINOv2,pooled,same,none,,target,0.5,matched,old_margin_guard,20,17,3,3,0.12163865546218487,0.3098981911611262,65,139.35294117647058
A-CROSS-ENCODER-001/sues,SUES200,DINOv2,pooled,same,none,,target,0.5,budget10,sq8_margin_guard,20,20,0,0,0.09943977591036414,0.20211267605633804,28.7,113.3
A-CROSS-ENCODER-001/sues,SUES200,DINOv2,pooled,same,none,,target,0.5,budget25,sq8_margin_guard,20,20,0,0,0.25,0.45896358543417365,163.85,193.15
A-CROSS-ENCODER-001/sues,SUES200,DINOv2,pooled,same,none,,target,0.5,budget50,sq8_margin_guard,20,4,16,16,0.1,0.6239495798319328,445.5,268.5
A-CROSS-ENCODER-001/sues,SUES200,DINOv2,pooled,same,none,,target,0.5,full_frozen,sq8_margin_guard,20,20,0,0,0.1161764705882353,0.24922440426965808,41.2,124.7
A-CROSS-ENCODER-001/sues,SUES200,DINOv2,pooled,same,none,,target,0.5,matched,sq8_margin_guard,20,16,4,4,0.11708683473389356,0.30805991686943773,66.5625,142.4375
A-CROSS-ENCODER-001/sues,SUES200,DINOv2,150,same,none,,target,0.5,budget10,current_su,20,20,0,0,0.09803921568627451,0.5371428571428571,18.8,16.2
A-CROSS-ENCODER-001/sues,SUES200,DINOv2,150,same,none,,target,0.5,budget25,current_su,20,20,0,0,0.24929971988795518,0.6696629213483146,59.6,29.4
A-CROSS-ENCODER-001/sues,SUES200,DINOv2,150,same,none,,target,0.5,budget50,current_su,20,20,0,0,0.49859943977591037,0.7514044943820225,133.75,44.25
A-CROSS-ENCODER-001/sues,SUES200,DINOv2,150,same,none,,target,0.5,full_frozen,current_su,20,0,20,20,0.0,,,
A-CROSS-ENCODER-001/sues,SUES200,DINOv2,150,same,none,,target,0.5,matched,current_su,20,0,20,20,0.0,,,
A-CROSS-ENCODER-001/sues,SUES200,DINOv2,150,same,none,,target,0.5,budget10,current_su_guard,20,20,0,0,0.09803921568627451,0.49,17.15,17.85
A-CROSS-ENCODER-001/sues,SUES200,DINOv2,150,same,none,,target,0.5,budget25,current_su_guard,20,20,0,0,0.24929971988795518,0.6258426966292134,55.7,33.3
A-CROSS-ENCODER-001/sues,SUES200,DINOv2,150,same,none,,target,0.5,budget50,current_su_guard,20,20,0,0,0.49859943977591037,0.7351123595505618,130.85,47.15
A-CROSS-ENCODER-001/sues,SUES200,DINOv2,150,same,none,,target,0.5,full_frozen,current_su_guard,20,0,20,20,0.0,,,
A-CROSS-ENCODER-001/sues,SUES200,DINOv2,150,same,none,,target,0.5,matched,current_su_guard,20,1,19,19,0.009663865546218488,0.7536231884057971,52,17
A-CROSS-ENCODER-001/sues,SUES200,DINOv2,150,same,none,,target,0.5,budget10,old_su,20,20,0,0,0.09803921568627451,0.6057142857142856,21.2,13.8
A-CROSS-ENCODER-001/sues,SUES200,DINOv2,150,same,none,,target,0.5,budget25,old_su,20,20,0,0,0.24929971988795518,0.7044943820224719,62.7,26.3
A-CROSS-ENCODER-001/sues,SUES200,DINOv2,150,same,none,,target,0.5,budget50,old_su,20,20,0,0,0.49859943977591037,0.7623595505617977,135.7,42.3
A-CROSS-ENCODER-001/sues,SUES200,DINOv2,150,same,none,,target,0.5,full_frozen,old_su,20,0,20,20,0.0,,,
A-CROSS-ENCODER-001/sues,SUES200,DINOv2,150,same,none,,target,0.5,matched,old_su,20,0,20,20,0.0,,,
A-CROSS-ENCODER-001/sues,SUES200,DINOv2,150,same,none,,target,0.5,budget10,old_su_guard,20,20,0,0,0.09803921568627451,0.44857142857142857,15.7,19.3
A-CROSS-ENCODER-001/sues,SUES200,DINOv2,150,same,none,,target,0.5,budget25,old_su_guard,20,20,0,0,0.24929971988795518,0.6101123595505618,54.3,34.7
A-CROSS-ENCODER-001/sues,SUES200,DINOv2,150,same,none,,target,0.5,budget50,old_su_guard,20,20,0,0,0.49859943977591037,0.7317415730337079,130.25,47.75
A-CROSS-ENCODER-001/sues,SUES200,DINOv2,150,same,none,,target,0.5,full_frozen,old_su_guard,20,0,20,20,0.0,,,
A-CROSS-ENCODER-001/sues,SUES200,DINOv2,150,same,none,,target,0.5,matched,old_su_guard,20,0,20,20,0.0,,,
A-CROSS-ENCODER-001/sues,SUES200,DINOv2,150,same,none,,target,0.5,budget10,current_margin,20,20,0,0,0.09803921568627451,0.4042857142857143,14.15,20.85
A-CROSS-ENCODER-001/sues,SUES200,DINOv2,150,same,none,,target,0.5,budget25,current_margin,20,20,0,0,0.24929971988795518,0.65,57.85,31.15
A-CROSS-ENCODER-001/sues,SUES200,DINOv2,150,same,none,,target,0.5,budget50,current_margin,20,20,0,0,0.49859943977591037,0.7660112359550562,136.35,41.65
A-CROSS-ENCODER-001/sues,SUES200,DINOv2,150,same,none,,target,0.5,full_frozen,current_margin,20,20,0,0,0.2415966386554622,0.6465487899735619,55.8,30.45
A-CROSS-ENCODER-001/sues,SUES200,DINOv2,150,same,none,,target,0.5,matched,current_margin,20,0,20,20,0.0,,,
A-CROSS-ENCODER-001/sues,SUES200,DINOv2,150,same,none,,target,0.5,budget10,current_margin_guard,20,20,0,0,0.09803921568627451,0.3871428571428571,13.55,21.45
A-CROSS-ENCODER-001/sues,SUES200,DINOv2,150,same,none,,target,0.5,budget25,current_margin_guard,20,20,0,0,0.24929971988795518,0.6292134831460674,56,33
A-CROSS-ENCODER-001/sues,SUES200,DINOv2,150,same,none,,target,0.5,budget50,current_margin_guard,20,20,0,0,0.49859943977591037,0.7348314606741573,130.8,47.2
A-CROSS-ENCODER-001/sues,SUES200,DINOv2,150,same,none,,target,0.5,full_frozen,current_margin_guard,20,20,0,0,0.19131652661064424,0.5698936444136565,39.1,29.2
A-CROSS-ENCODER-001/sues,SUES200,DINOv2,150,same,none,,target,0.5,matched,current_margin_guard,20,1,19,19,0.0065826330532212885,0.5531914893617021,26,21
A-CROSS-ENCODER-001/sues,SUES200,DINOv2,150,same,none,,target,0.5,budget10,old_margin_guard,20,20,0,0,0.09803921568627451,0.3442857142857143,12.05,22.95
A-CROSS-ENCODER-001/sues,SUES200,DINOv2,150,same,none,,target,0.5,budget25,old_margin_guard,20,20,0,0,0.24929971988795518,0.6415730337078651,57.1,31.9
A-CROSS-ENCODER-001/sues,SUES200,DINOv2,150,same,none,,target,0.5,budget50,old_margin_guard,20,20,0,0,0.49859943977591037,0.7342696629213483,130.7,47.3
A-CROSS-ENCODER-001/sues,SUES200,DINOv2,150,same,none,,target,0.5,full_frozen,old_margin_guard,20,20,0,0,0.13067226890756303,0.48335797118359813,22.55,24.1
A-CROSS-ENCODER-001/sues,SUES200,DINOv2,150,same,none,,target,0.5,matched,old_margin_guard,20,2,18,18,0.01638655462184874,0.5745614035087719,33.5,25
A-CROSS-ENCODER-001/sues,SUES200,DINOv2,150,same,none,,target,0.5,budget10,sq8_margin_guard,20,20,0,0,0.09803921568627451,0.3385714285714286,11.85,23.15
A-CROSS-ENCODER-001/sues,SUES200,DINOv2,150,same,none,,target,0.5,budget25,sq8_margin_guard,20,20,0,0,0.24929971988795518,0.6370786516853932,56.7,32.3
A-CROSS-ENCODER-001/sues,SUES200,DINOv2,150,same,none,,target,0.5,budget50,sq8_margin_guard,20,7,13,13,0.17450980392156862,0.7447833065810594,132.57142857142858,45.42857142857143
A-CROSS-ENCODER-001/sues,SUES200,DINOv2,150,same,none,,target,0.5,full_frozen,sq8_margin_guard,20,20,0,0,0.11050420168067226,0.39638411308316907,15.7,23.75
A-CROSS-ENCODER-001/sues,SUES200,DINOv2,150,same,none,,target,0.5,matched,sq8_margin_guard,20,3,17,17,0.026750700280112047,0.5600053785128412,36.666666666666664,27
A-CROSS-ENCODER-001/sues,SUES200,DINOv2,200,same,none,,target,0.5,budget10,current_su,20,20,0,0,0.09803921568627451,0.46285714285714286,16.2,18.8
A-CROSS-ENCODER-001/sues,SUES200,DINOv2,200,same,none,,target,0.5,budget25,current_su,20,20,0,0,0.24929971988795518,0.6,53.4,35.6
A-CROSS-ENCODER-001/sues,SUES200,DINOv2,200,same,none,,target,0.5,budget50,current_su,20,20,0,0,0.49859943977591037,0.6884831460674158,122.55,55.45
A-CROSS-ENCODER-001/sues,SUES200,DINOv2,200,same,none,,target,0.5,full_frozen,current_su,20,20,0,0,0.2684873949579832,0.618983901690579,59.35,36.5
A-CROSS-ENCODER-001/sues,SUES200,DINOv2,200,same,none,,target,0.5,matched,current_su,20,0,20,20,0.0,,,
A-CROSS-ENCODER-001/sues,SUES200,DINOv2,200,same,none,,target,0.5,budget10,current_su_guard,20,20,0,0,0.09803921568627451,0.38285714285714284,13.4,21.6
A-CROSS-ENCODER-001/sues,SUES200,DINOv2,200,same,none,,target,0.5,budget25,current_su_guard,20,20,0,0,0.24929971988795518,0.553932584269663,49.3,39.7
A-CROSS-ENCODER-001/sues,SUES200,DINOv2,200,same,none,,target,0.5,budget50,current_su_guard,20,20,0,0,0.49859943977591037,0.6660112359550562,118.55,59.45
A-CROSS-ENCODER-001/sues,SUES200,DINOv2,200,same,none,,target,0.5,full_frozen,current_su_guard,20,20,0,0,0.20210084033613446,0.5188694831692693,37.5,34.65
A-CROSS-ENCODER-001/sues,SUES200,DINOv2,200,same,none,,target,0.5,matched,current_su_guard,20,3,17,17,0.02927170868347339,0.5049364123159303,36.666666666666664,33
A-CROSS-ENCODER-001/sues,SUES200,DINOv2,200,same,none,,target,0.5,budget10,old_su,20,20,0,0,0.09803921568627451,0.5614285714285714,19.65,15.35
A-CROSS-ENCODER-001/sues,SUES200,DINOv2,200,same,none,,target,0.5,budget25,old_su,20,20,0,0,0.24929971988795518,0.6443820224719101,57.35,31.65
A-CROSS-ENCODER-001/sues,SUES200,DINOv2,200,same,none,,target,0.5,budget50,old_su,20,20,0,0,0.49859943977591037,0.7379213483146068,131.35,46.65
A-CROSS-ENCODER-001/sues,SUES200,DINOv2,200,same,none,,target,0.5,full_frozen,old_su,20,20,0,0,0.2549019607843137,0.6494505494505495,59.1,31.9
A-CROSS-ENCODER-001/sues,SUES200,DINOv2,200,same,none,,target,0.5,matched,old_su,20,0,20,20,0.0,,,
A-CROSS-ENCODER-001/sues,SUES200,DINOv2,200,same,none,,target,0.5,budget10,old_su_guard,20,20,0,0,0.09803921568627451,0.33714285714285713,11.8,23.2
A-CROSS-ENCODER-001/sues,SUES200,DINOv2,200,same,none,,target,0.5,budget25,old_su_guard,20,20,0,0,0.24929971988795518,0.5516853932584269,49.1,39.9
A-CROSS-ENCODER-001/sues,SUES200,DINOv2,200,same,none,,target,0.5,budget50,old_su_guard,20,20,0,0,0.49859943977591037,0.6634831460674158,118.1,59.9
A-CROSS-ENCODER-001/sues,SUES200,DINOv2,200,same,none,,target,0.5,full_frozen,old_su_guard,20,20,0,0,0.13697478991596637,0.3811714266884805,18.7,30.2
A-CROSS-ENCODER-001/sues,SUES200,DINOv2,200,same,none,,target,0.5,matched,old_su_guard,20,3,17,17,0.026050420168067225,0.37554393534939845,24,38
A-CROSS-ENCODER-001/sues,SUES200,DINOv2,200,same,none,,target,0.5,budget10,current_margin,20,20,0,0,0.09803921568627451,0.32,11.2,23.8
A-CROSS-ENCODER-001/sues,SUES200,DINOv2,200,same,none,,target,0.5,budget25,current_margin,20,20,0,0,0.24929971988795518,0.5623595505617978,50.05,38.95
A-CROSS-ENCODER-001/sues,SUES200,DINOv2,200,same,none,,target,0.5,budget50,current_margin,20,20,0,0,0.49859943977591037,0.6980337078651686,124.25,53.75
A-CROSS-ENCODER-001/sues,SUES200,DINOv2,200,same,none,,target,0.5,full_frozen,current_margin,20,20,0,0,0.2119047619047619,0.5324085653057204,40.3,35.35
A-CROSS-ENCODER-001/sues,SUES200,DINOv2,200,same,none,,target,0.5,matched,current_margin,20,1,19,19,0.008823529411764706,0.5555555555555556,35,28
A-CROSS-ENCODER-001/sues,SUES200,DINOv2,200,same,none,,target,0.5,budget10,current_margin_guard,20,20,0,0,0.09803921568627451,0.29428571428571426,10.3,24.7
A-CROSS-ENCODER-001/sues,SUES200,DINOv2,200,same,none,,target,0.5,budget25,current_margin_guard,20,20,0,0,0.24929971988795518,0.5337078651685393,47.5,41.5
A-CROSS-ENCODER-001/sues,SUES200,DINOv2,200,same,none,,target,0.5,budget50,current_margin_guard,20,20,0,0,0.49859943977591037,0.6792134831460674,120.9,57.1
A-CROSS-ENCODER-001/sues,SUES200,DINOv2,200,same,none,,target,0.5,full_frozen,current_margin_guard,20,20,0,0,0.1711484593837535,0.43714705090222256,26.8,34.3
A-CROSS-ENCODER-001/sues,SUES200,DINOv2,200,same,none,,target,0.5,matched,current_margin_guard,20,2,18,18,0.014985994397759102,0.4856140350877193,26,27.5
A-CROSS-ENCODER-001/sues,SUES200,DINOv2,200,same,none,,target,0.5,budget10,old_margin_guard,20,20,0,0,0.09803921568627451,0.23142857142857143,8.1,26.9
A-CROSS-ENCODER-001/sues,SUES200,DINOv2,200,same,none,,target,0.5,budget25,old_margin_guard,20,20,0,0,0.24929971988795518,0.5084269662921348,45.25,43.75
A-CROSS-ENCODER-001/sues,SUES200,DINOv2,200,same,none,,target,0.5,budget50,old_margin_guard,20,20,0,0,0.49859943977591037,0.6800561797752809,121.05,56.95
A-CROSS-ENCODER-001/sues,SUES200,DINOv2,200,same,none,,target,0.5,full_frozen,old_margin_guard,20,20,0,0,0.1103641456582633,0.2496019869600562,9.75,29.65
A-CROSS-ENCODER-001/sues,SUES200,DINOv2,200,same,none,,target,0.5,matched,old_margin_guard,20,3,17,17,0.026750700280112047,0.3836791874616934,26,37.666666666666664
A-CROSS-ENCODER-001/sues,SUES200,DINOv2,200,same,none,,target,0.5,budget10,sq8_margin_guard,20,20,0,0,0.09803921568627451,0.22714285714285715,7.95,27.05
A-CROSS-ENCODER-001/sues,SUES200,DINOv2,200,same,none,,target,0.5,budget25,sq8_margin_guard,20,20,0,0,0.24929971988795518,0.5140449438202247,45.75,43.25
A-CROSS-ENCODER-001/sues,SUES200,DINOv2,200,same,none,,target,0.5,budget50,sq8_margin_guard,20,5,15,15,0.12464985994397759,0.6595505617977528,117.4,60.6
A-CROSS-ENCODER-001/sues,SUES200,DINOv2,200,same,none,,target,0.5,full_frozen,sq8_margin_guard,20,20,0,0,0.09789915966386555,0.2258372833375851,7.8,27.15
A-CROSS-ENCODER-001/sues,SUES200,DINOv2,200,same,none,,target,0.5,matched,sq8_margin_guard,20,5,15,15,0.05084033613445378,0.4127115611468358,31.4,41.2
A-CROSS-ENCODER-001/sues,SUES200,DINOv2,250,same,none,,target,0.5,budget10,current_su,20,20,0,0,0.09803921568627451,0.44571428571428573,15.6,19.4
A-CROSS-ENCODER-001/sues,SUES200,DINOv2,250,same,none,,target,0.5,budget25,current_su,20,20,0,0,0.24929971988795518,0.5202247191011236,46.3,42.7
A-CROSS-ENCODER-001/sues,SUES200,DINOv2,250,same,none,,target,0.5,budget50,current_su,20,20,0,0,0.49859943977591037,0.6179775280898876,110,68
A-CROSS-ENCODER-001/sues,SUES200,DINOv2,250,same,none,,target,0.5,full_frozen,current_su,20,20,0,0,0.33277310924369746,0.5523077299022027,65.6,53.2
A-CROSS-ENCODER-001/sues,SUES200,DINOv2,250,same,none,,target,0.5,matched,current_su,20,1,19,19,0.011624649859943978,0.6385542168674698,53,30
A-CROSS-ENCODER-001/sues,SUES200,DINOv2,250,same,none,,target,0.5,budget10,current_su_guard,20,20,0,0,0.09803921568627451,0.3157142857142857,11.05,23.95
A-CROSS-ENCODER-001/sues,SUES200,DINOv2,250,same,none,,target,0.5,budget25,current_su_guard,20,20,0,0,0.24929971988795518,0.40898876404494383,36.4,52.6
A-CROSS-ENCODER-001/sues,SUES200,DINOv2,250,same,none,,target,0.5,budget50,current_su_guard,20,19,1,1,0.47366946778711483,0.5904790065050266,105.10526315789474,72.89473684210526
A-CROSS-ENCODER-001/sues,SUES200,DINOv2,250,same,none,,target,0.5,full_frozen,current_su_guard,20,20,0,0,0.23977591036414567,0.4012200011921282,34.5,51.1
A-CROSS-ENCODER-001/sues,SUES200,DINOv2,250,same,none,,target,0.5,matched,current_su_guard,20,7,13,13,0.05378151260504202,0.36028720536912545,20.714285714285715,34.142857142857146
A-CROSS-ENCODER-001/sues,SUES200,DINOv2,250,same,none,,target,0.5,budget10,old_su,20,20,0,0,0.09803921568627451,0.5928571428571429,20.75,14.25
A-CROSS-ENCODER-001/sues,SUES200,DINOv2,250,same,none,,target,0.5,budget25,old_su,20,20,0,0,0.24929971988795518,0.6230337078651685,55.45,33.55
A-CROSS-ENCODER-001/sues,SUES200,DINOv2,250,same,none,,target,0.5,budget50,old_su,20,20,0,0,0.49859943977591037,0.6556179775280899,116.7,61.3
A-CROSS-ENCODER-001/sues,SUES200,DINOv2,250,same,none,,target,0.5,full_frozen,old_su,20,20,0,0,0.3277310924369748,0.6393162393162393,74.8,42.2
A-CROSS-ENCODER-001/sues,SUES200,DINOv2,250,same,none,,target,0.5,matched,old_su,20,0,20,20,0.0,,,
A-CROSS-ENCODER-001/sues,SUES200,DINOv2,250,same,none,,target,0.5,budget10,old_su_guard,20,20,0,0,0.09803921568627451,0.2857142857142857,10,25
A-CROSS-ENCODER-001/sues,SUES200,DINOv2,250,same,none,,target,0.5,budget25,old_su_guard,20,20,0,0,0.24929971988795518,0.37696629213483146,33.55,55.45
A-CROSS-ENCODER-001/sues,SUES200,DINOv2,250,same,none,,target,0.5,budget50,old_su_guard,20,19,1,1,0.47366946778711483,0.5890005913660556,104.84210526315789,73.15789473684211
A-CROSS-ENCODER-001/sues,SUES200,DINOv2,250,same,none,,target,0.5,full_frozen,old_su_guard,20,20,0,0,0.16750700280112044,0.3227797023135034,19.45,40.35
A-CROSS-ENCODER-001/sues,SUES200,DINOv2,250,same,none,,target,0.5,matched,old_su_guard,20,13,7,7,0.1026610644257703,0.3192378605593909,18.384615384615383,38
A-CROSS-ENCODER-001/sues,SUES200,DINOv2,250,same,none,,target,0.5,budget10,current_margin,20,20,0,0,0.09803921568627451,0.2785714285714286,9.75,25.25
A-CROSS-ENCODER-001/sues,SUES200,DINOv2,250,same,none,,target,0.5,budget25,current_margin,20,20,0,0,0.24929971988795518,0.4764044943820225,42.4,46.6
A-CROSS-ENCODER-001/sues,SUES200,DINOv2,250,same,none,,target,0.5,budget50,current_margin,20,20,0,0,0.49859943977591037,0.6359550561797753,113.2,64.8
A-CROSS-ENCODER-001/sues,SUES200,DINOv2,250,same,none,,target,0.5,full_frozen,current_margin,20,20,0,0,0.3264705882352941,0.52449164578305,61.15,55.4
A-CROSS-ENCODER-001/sues,SUES200,DINOv2,250,same,none,,target,0.5,matched,current_margin,20,2,18,18,0.014705882352941176,0.3627996575342466,22,30.5
A-CROSS-ENCODER-001/sues,SUES200,DINOv2,250,same,none,,target,0.5,budget10,current_margin_guard,20,20,0,0,0.09803921568627451,0.2042857142857143,7.15,27.85
A-CROSS-ENCODER-001/sues,SUES200,DINOv2,250,same,none,,target,0.5,budget25,current_margin_guard,20,20,0,0,0.24929971988795518,0.4044943820224719,36,53
A-CROSS-ENCODER-001/sues,SUES200,DINOv2,250,same,none,,target,0.5,budget50,current_margin_guard,20,19,1,1,0.47366946778711483,0.5922531046717918,105.42105263157895,72.57894736842105
A-CROSS-ENCODER-001/sues,SUES200,DINOv2,250,same,none,,target,0.5,full_frozen,current_margin_guard,20,20,0,0,0.2438375350140056,0.39408672868537015,34.3,52.75
A-CROSS-ENCODER-001/sues,SUES200,DINOv2,250,same,none,,target,0.5,matched,current_margin_guard,20,13,7,7,0.10490196078431373,0.2884205321078476,18,39.61538461538461
A-CROSS-ENCODER-001/sues,SUES200,DINOv2,250,same,none,,target,0.5,budget10,old_margin_guard,20,20,0,0,0.09803921568627451,0.14142857142857143,4.95,30.05
A-CROSS-ENCODER-001/sues,SUES200,DINOv2,250,same,none,,target,0.5,budget25,old_margin_guard,20,20,0,0,0.24929971988795518,0.39101123595505616,34.8,54.2
A-CROSS-ENCODER-001/sues,SUES200,DINOv2,250,same,none,,target,0.5,budget50,old_margin_guard,20,19,1,1,0.47366946778711483,0.5866351271437019,104.42105263157895,73.57894736842105
A-CROSS-ENCODER-001/sues,SUES200,DINOv2,250,same,none,,target,0.5,full_frozen,old_margin_guard,20,20,0,0,0.17436974789915966,0.2724282992572662,16.9,45.35
A-CROSS-ENCODER-001/sues,SUES200,DINOv2,250,same,none,,target,0.5,matched,old_margin_guard,20,17,3,3,0.14425770308123248,0.2776011681513993,18,42.588235294117645
A-CROSS-ENCODER-001/sues,SUES200,DINOv2,250,same,none,,target,0.5,budget10,sq8_margin_guard,20,20,0,0,0.09803921568627451,0.14285714285714285,5,30
A-CROSS-ENCODER-001/sues,SUES200,DINOv2,250,same,none,,target,0.5,budget25,sq8_margin_guard,20,20,0,0,0.24929971988795518,0.3764044943820225,33.5,55.5
A-CROSS-ENCODER-001/sues,SUES200,DINOv2,250,same,none,,target,0.5,budget50,sq8_margin_guard,20,3,17,17,0.07478991596638655,0.5749063670411985,102.33333333333333,75.66666666666667
A-CROSS-ENCODER-001/sues,SUES200,DINOv2,250,same,none,,target,0.5,full_frozen,sq8_margin_guard,20,20,0,0,0.1429971988795518,0.23761677679231166,12.1,38.95
A-CROSS-ENCODER-001/sues,SUES200,DINOv2,250,same,none,,target,0.5,matched,sq8_margin_guard,20,16,4,4,0.13431372549019607,0.2757818696218283,17.25,42.6875
A-CROSS-ENCODER-001/sues,SUES200,DINOv2,300,same,none,,target,0.5,budget10,current_su,20,20,0,0,0.09803921568627451,0.4085714285714286,14.3,20.7
A-CROSS-ENCODER-001/sues,SUES200,DINOv2,300,same,none,,target,0.5,budget25,current_su,20,20,0,0,0.24929971988795518,0.4646067415730337,41.35,47.65
A-CROSS-ENCODER-001/sues,SUES200,DINOv2,300,same,none,,target,0.5,budget50,current_su,20,20,0,0,0.49859943977591037,0.576123595505618,102.55,75.45
A-CROSS-ENCODER-001/sues,SUES200,DINOv2,300,same,none,,target,0.5,full_frozen,current_su,20,20,0,0,0.43641456582633054,0.5492933939510384,85.55,70.25
A-CROSS-ENCODER-001/sues,SUES200,DINOv2,300,same,none,,target,0.5,matched,current_su,20,4,16,16,0.04635854341736695,0.46907446434843697,39.25,43.5
A-CROSS-ENCODER-001/sues,SUES200,DINOv2,300,same,none,,target,0.5,budget10,current_su_guard,20,20,0,0,0.09803921568627451,0.3,10.5,24.5
A-CROSS-ENCODER-001/sues,SUES200,DINOv2,300,same,none,,target,0.5,budget25,current_su_guard,20,20,0,0,0.24929971988795518,0.3634831460674157,32.35,56.65
A-CROSS-ENCODER-001/sues,SUES200,DINOv2,300,same,none,,target,0.5,budget50,current_su_guard,20,19,1,1,0.47366946778711483,0.5351862803075104,95.26315789473684,82.73684210526316
A-CROSS-ENCODER-001/sues,SUES200,DINOv2,300,same,none,,target,0.5,full_frozen,current_su_guard,20,20,0,0,0.30840336134453783,0.3963876879593008,43.7,66.4
A-CROSS-ENCODER-001/sues,SUES200,DINOv2,300,same,none,,target,0.5,matched,current_su_guard,20,19,1,1,0.19159663865546217,0.33181643888029133,24.157894736842106,47.8421052631579
A-CROSS-ENCODER-001/sues,SUES200,DINOv2,300,same,none,,target,0.5,budget10,old_su,20,20,0,0,0.09803921568627451,0.5428571428571428,19,16
A-CROSS-ENCODER-001/sues,SUES200,DINOv2,300,same,none,,target,0.5,budget25,old_su,20,20,0,0,0.24929971988795518,0.6033707865168539,53.7,35.3
A-CROSS-ENCODER-001/sues,SUES200,DINOv2,300,same,none,,target,0.5,budget50,old_su,20,20,0,0,0.49859943977591037,0.6393258426966292,113.8,64.2
A-CROSS-ENCODER-001/sues,SUES200,DINOv2,300,same,none,,target,0.5,full_frozen,old_su,20,20,0,0,0.43977591036414565,0.6286624203821656,98.7,58.3
A-CROSS-ENCODER-001/sues,SUES200,DINOv2,300,same,none,,target,0.5,matched,old_su,20,0,20,20,0.0,,,
A-CROSS-ENCODER-001/sues,SUES200,DINOv2,300,same,none,,target,0.5,budget10,old_su_guard,20,20,0,0,0.09803921568627451,0.23428571428571426,8.2,26.8
A-CROSS-ENCODER-001/sues,SUES200,DINOv2,300,same,none,,target,0.5,budget25,old_su_guard,20,20,0,0,0.24929971988795518,0.32865168539325845,29.25,59.75
A-CROSS-ENCODER-001/sues,SUES200,DINOv2,300,same,none,,target,0.5,budget50,old_su_guard,20,19,1,1,0.47366946778711483,0.5340035481963336,95.05263157894737,82.94736842105263
A-CROSS-ENCODER-001/sues,SUES200,DINOv2,300,same,none,,target,0.5,full_frozen,old_su_guard,20,20,0,0,0.22661064425770308,0.3053993163722727,24.75,56.15
A-CROSS-ENCODER-001/sues,SUES200,DINOv2,300,same,none,,target,0.5,matched,old_su_guard,20,20,0,0,0.20840336134453782,0.3056234631868574,22.9,51.5
A-CROSS-ENCODER-001/sues,SUES200,DINOv2,300,same,none,,target,0.5,budget10,current_margin,20,20,0,0,0.09803921568627451,0.22857142857142856,8,27
A-CROSS-ENCODER-001/sues,SUES200,DINOv2,300,same,none,,target,0.5,budget25,current_margin,20,20,0,0,0.24929971988795518,0.399438202247191,35.55,53.45
A-CROSS-ENCODER-001/sues,SUES200,DINOv2,300,same,none,,target,0.5,budget50,current_margin,20,20,0,0,0.49859943977591037,0.5825842696629213,103.7,74.3
A-CROSS-ENCODER-001/sues,SUES200,DINOv2,300,same,none,,target,0.5,full_frozen,current_margin,20,20,0,0,0.4579831932773109,0.5593634156840819,91.55,71.95
A-CROSS-ENCODER-001/sues,SUES200,DINOv2,300,same,none,,target,0.5,matched,current_margin,20,8,12,12,0.08025210084033613,0.3481878817296569,25.875,45.75
A-CROSS-ENCODER-001/sues,SUES200,DINOv2,300,same,none,,target,0.5,budget10,current_margin_guard,20,20,0,0,0.09803921568627451,0.15428571428571428,5.4,29.6
A-CROSS-ENCODER-001/sues,SUES200,DINOv2,300,same,none,,target,0.5,budget25,current_margin_guard,20,20,0,0,0.24929971988795518,0.32471910112359553,28.9,60.1
A-CROSS-ENCODER-001/sues,SUES200,DINOv2,300,same,none,,target,0.5,budget50,current_margin_guard,20,19,1,1,0.47366946778711483,0.543465405085748,96.73684210526316,81.26315789473684
A-CROSS-ENCODER-001/sues,SUES200,DINOv2,300,same,none,,target,0.5,full_frozen,current_margin_guard,20,20,0,0,0.3243697478991597,0.40060937014775366,46.5,69.3
A-CROSS-ENCODER-001/sues,SUES200,DINOv2,300,same,none,,target,0.5,matched,current_margin_guard,20,17,3,3,0.17745098039215687,0.27766194719019893,21.529411764705884,53
A-CROSS-ENCODER-001/sues,SUES200,DINOv2,300,same,none,,target,0.5,budget10,old_margin_guard,20,20,0,0,0.09803921568627451,0.11714285714285715,4.1,30.9
A-CROSS-ENCODER-001/sues,SUES200,DINOv2,300,same,none,,target,0.5,budget25,old_margin_guard,20,20,0,0,0.24929971988795518,0.30842696629213484,27.45,61.55
A-CROSS-ENCODER-001/sues,SUES200,DINOv2,300,same,none,,target,0.5,budget50,old_margin_guard,20,19,1,1,0.47366946778711483,0.5440567711413364,96.84210526315789,81.15789473684211
A-CROSS-ENCODER-001/sues,SUES200,DINOv2,300,same,none,,target,0.5,full_frozen,old_margin_guard,20,20,0,0,0.25210084033613445,0.304975653166794,27.5,62.5
A-CROSS-ENCODER-001/sues,SUES200,DINOv2,300,same,none,,target,0.5,matched,old_margin_guard,20,20,0,0,0.24061624649859945,0.2977663744352511,26.2,59.7
A-CROSS-ENCODER-001/sues,SUES200,DINOv2,300,same,none,,target,0.5,budget10,sq8_margin_guard,20,20,0,0,0.09803921568627451,0.11285714285714285,3.95,31.05
A-CROSS-ENCODER-001/sues,SUES200,DINOv2,300,same,none,,target,0.5,budget25,sq8_margin_guard,20,20,0,0,0.24929971988795518,0.3,26.7,62.3
A-CROSS-ENCODER-001/sues,SUES200,DINOv2,300,same,none,,target,0.5,budget50,sq8_margin_guard,20,1,19,19,0.02492997198879552,0.5393258426966292,96,82
A-CROSS-ENCODER-001/sues,SUES200,DINOv2,300,same,none,,target,0.5,full_frozen,sq8_margin_guard,20,20,0,0,0.22240896358543416,0.2595403262703752,20.65,58.75
A-CROSS-ENCODER-001/sues,SUES200,DINOv2,300,same,none,,target,0.5,matched,sq8_margin_guard,20,19,1,1,0.2123249299719888,0.26174725287261763,21.526315789473685,58.26315789473684
A-CROSS-ENCODER-001/sues,SUES200,DINOv2,pooled,same,none,,control,0.25,budget10,current_su,20,20,0,0,0.09943977591036414,0.14577464788732394,20.7,121.3
A-CROSS-ENCODER-001/sues,SUES200,DINOv2,pooled,same,none,,control,0.25,budget25,current_su,20,20,0,0,0.25,0.32366946778711486,115.55,241.45
A-CROSS-ENCODER-001/sues,SUES200,DINOv2,pooled,same,none,,control,0.25,budget50,current_su,20,20,0,0,0.5,0.4261204481792717,304.25,409.75
A-CROSS-ENCODER-001/sues,SUES200,DINOv2,pooled,same,none,,control,0.25,full_frozen,current_su,20,20,0,0,0.2842787114845938,0.33717098118979005,136.9,269.05
A-CROSS-ENCODER-001/sues,SUES200,DINOv2,pooled,same,none,,control,0.25,matched,current_su,20,19,1,1,0.1690826330532213,0.282008682112708,73.42105263157895,180.73684210526315
A-CROSS-ENCODER-001/sues,SUES200,DINOv2,pooled,same,none,,control,0.25,budget10,current_su_guard,20,20,0,0,0.09943977591036414,0.14366197183098592,20.4,121.6
A-CROSS-ENCODER-001/sues,SUES200,DINOv2,pooled,same,none,,control,0.25,budget25,current_su_guard,20,20,0,0,0.25,0.323249299719888,115.4,241.6
A-CROSS-ENCODER-001/sues,SUES200,DINOv2,pooled,same,none,,control,0.25,budget50,current_su_guard,20,20,0,0,0.5,0.42878151260504205,306.15,407.85
A-CROSS-ENCODER-001/sues,SUES200,DINOv2,pooled,same,none,,control,0.25,full_frozen,current_su_guard,20,20,0,0,0.27906162464985995,0.3334502750177338,132.95,265.55
A-CROSS-ENCODER-001/sues,SUES200,DINOv2,pooled,same,none,,control,0.25,matched,current_su_guard,20,19,1,1,0.15791316526610644,0.2678774476975461,65.63157894736842,171.73684210526315
A-CROSS-ENCODER-001/sues,SUES200,DINOv2,pooled,same,none,,control,0.25,budget10,old_su,20,20,0,0,0.09943977591036414,0.1471830985915493,20.9,121.1
A-CROSS-ENCODER-001/sues,SUES200,DINOv2,pooled,same,none,,control,0.25,budget25,old_su,20,20,0,0,0.25,0.330812324929972,118.1,238.9
A-CROSS-ENCODER-001/sues,SUES200,DINOv2,pooled,same,none,,control,0.25,budget50,old_su,20,20,0,0,0.5,0.4299719887955182,307,407
A-CROSS-ENCODER-001/sues,SUES200,DINOv2,pooled,same,none,,control,0.25,full_frozen,old_su,20,20,0,0,0.2605042016806723,0.3389784946236559,126.1,245.9
A-CROSS-ENCODER-001/sues,SUES200,DINOv2,pooled,same,none,,control,0.25,matched,old_su,20,20,0,0,0.26099439775910366,0.34022961169246735,126.8,245.9
A-CROSS-ENCODER-001/sues,SUES200,DINOv2,pooled,same,none,,control,0.25,budget10,old_su_guard,20,20,0,0,0.09943977591036414,0.1408450704225352,20,122
A-CROSS-ENCODER-001/sues,SUES200,DINOv2,pooled,same,none,,control,0.25,budget25,old_su_guard,20,20,0,0,0.25,0.32184873949579834,114.9,242.1
A-CROSS-ENCODER-001/sues,SUES200,DINOv2,pooled,same,none,,control,0.25,budget50,old_su_guard,20,20,0,0,0.5,0.4151960784313725,296.45,417.55
A-CROSS-ENCODER-001/sues,SUES200,DINOv2,pooled,same,none,,control,0.25,full_frozen,old_su_guard,20,20,0,0,0.24905462184873947,0.3220652136777083,114.65,241
A-CROSS-ENCODER-001/sues,SUES200,DINOv2,pooled,same,none,,control,0.25,matched,old_su_guard,20,20,0,0,0.24954481792717087,0.323432874075951,115.35,241
A-CROSS-ENCODER-001/sues,SUES200,DINOv2,pooled,same,none,,control,0.25,budget10,current_margin,20,20,0,0,0.09943977591036414,0.03345070422535212,4.75,137.25
A-CROSS-ENCODER-001/sues,SUES200,DINOv2,pooled,same,none,,control,0.25,budget25,current_margin,20,20,0,0,0.25,0.22450980392156863,80.15,276.85
A-CROSS-ENCODER-001/sues,SUES200,DINOv2,pooled,same,none,,control,0.25,budget50,current_margin,20,20,0,0,0.5,0.41309523809523807,294.95,419.05
A-CROSS-ENCODER-001/sues,SUES200,DINOv2,pooled,same,none,,control,0.25,full_frozen,current_margin,20,20,0,0,0.27051820728291315,0.23856964029834643,92.15,294.15
A-CROSS-ENCODER-001/sues,SUES200,DINOv2,pooled,same,none,,control,0.25,matched,current_margin,20,20,0,0,0.24303221288515406,0.21480910883413606,74.65,272.4
A-CROSS-ENCODER-001/sues,SUES200,DINOv2,pooled,same,none,,control,0.25,budget10,current_margin_guard,20,20,0,0,0.09943977591036414,0.03204225352112676,4.55,137.45
A-CROSS-ENCODER-001/sues,SUES200,DINOv2,pooled,same,none,,control,0.25,budget25,current_margin_guard,20,20,0,0,0.25,0.2253501400560224,80.45,276.55
A-CROSS-ENCODER-001/sues,SUES200,DINOv2,pooled,same,none,,control,0.25,budget50,current_margin_guard,20,20,0,0,0.5,0.41526610644257705,296.5,417.5
A-CROSS-ENCODER-001/sues,SUES200,DINOv2,pooled,same,none,,control,0.25,full_frozen,current_margin_guard,20,20,0,0,0.26649159663865546,0.2382966695475306,90.7,289.85
A-CROSS-ENCODER-001/sues,SUES200,DINOv2,pooled,same,none,,control,0.25,matched,current_margin_guard,20,20,0,0,0.23918067226890757,0.213581897715049,73.1,268.45
A-CROSS-ENCODER-001/sues,SUES200,DINOv2,pooled,same,none,,control,0.25,budget10,old_margin_guard,20,20,0,0,0.09943977591036414,0.03028169014084507,4.3,137.7
A-CROSS-ENCODER-001/sues,SUES200,DINOv2,pooled,same,none,,control,0.25,budget25,old_margin_guard,20,20,0,0,0.25,0.21792717086834734,77.8,279.2
A-CROSS-ENCODER-001/sues,SUES200,DINOv2,pooled,same,none,,control,0.25,budget50,old_margin_guard,20,20,0,0,0.5,0.40980392156862744,292.6,421.4
A-CROSS-ENCODER-001/sues,SUES200,DINOv2,pooled,same,none,,control,0.25,full_frozen,old_margin_guard,20,20,0,0,0.24317226890756302,0.21369955794583687,74.25,273
A-CROSS-ENCODER-001/sues,SUES200,DINOv2,pooled,same,none,,control,0.25,matched,old_margin_guard,20,20,0,0,0.24317226890756302,0.21369955794583687,74.25,273
A-CROSS-ENCODER-001/sues,SUES200,DINOv2,pooled,same,none,,control,0.25,budget10,sq8_margin_guard,20,20,0,0,0.09943977591036414,0.033802816901408454,4.8,137.2
A-CROSS-ENCODER-001/sues,SUES200,DINOv2,pooled,same,none,,control,0.25,budget25,sq8_margin_guard,20,20,0,0,0.25,0.21260504201680672,75.9,281.1
A-CROSS-ENCODER-001/sues,SUES200,DINOv2,pooled,same,none,,control,0.25,budget50,sq8_margin_guard,20,20,0,0,0.5,0.419327731092437,299.4,414.6
A-CROSS-ENCODER-001/sues,SUES200,DINOv2,pooled,same,none,,control,0.25,full_frozen,sq8_margin_guard,20,20,0,0,0.23021708683473388,0.19350486441807999,63.7,265.05
A-CROSS-ENCODER-001/sues,SUES200,DINOv2,pooled,same,none,,control,0.25,matched,sq8_margin_guard,20,20,0,0,0.3005952380952381,0.2734781721245747,117.45,311.8
A-CROSS-ENCODER-001/sues,SUES200,DINOv2,150,same,none,,control,0.25,budget10,current_su,20,20,0,0,0.09803921568627451,0.21714285714285714,7.6,27.4
A-CROSS-ENCODER-001/sues,SUES200,DINOv2,150,same,none,,control,0.25,budget25,current_su,20,20,0,0,0.24929971988795518,0.4241573033707865,37.75,51.25
A-CROSS-ENCODER-001/sues,SUES200,DINOv2,150,same,none,,control,0.25,budget50,current_su,20,20,0,0,0.49859943977591037,0.5660112359550562,100.75,77.25
A-CROSS-ENCODER-001/sues,SUES200,DINOv2,150,same,none,,control,0.25,full_frozen,current_su,20,0,20,20,0.0,,,
A-CROSS-ENCODER-001/sues,SUES200,DINOv2,150,same,none,,control,0.25,matched,current_su,20,0,20,20,0.0,,,
A-CROSS-ENCODER-001/sues,SUES200,DINOv2,150,same,none,,control,0.25,budget10,current_su_guard,20,20,0,0,0.09803921568627451,0.22142857142857142,7.75,27.25
A-CROSS-ENCODER-001/sues,SUES200,DINOv2,150,same,none,,control,0.25,budget25,current_su_guard,20,20,0,0,0.24929971988795518,0.4404494382022472,39.2,49.8
A-CROSS-ENCODER-001/sues,SUES200,DINOv2,150,same,none,,control,0.25,budget50,current_su_guard,20,20,0,0,0.49859943977591037,0.5764044943820225,102.6,75.4
A-CROSS-ENCODER-001/sues,SUES200,DINOv2,150,same,none,,control,0.25,full_frozen,current_su_guard,20,0,20,20,0.0,,,
A-CROSS-ENCODER-001/sues,SUES200,DINOv2,150,same,none,,control,0.25,matched,current_su_guard,20,0,20,20,0.0,,,
A-CROSS-ENCODER-001/sues,SUES200,DINOv2,150,same,none,,control,0.25,budget10,old_su,20,20,0,0,0.09803921568627451,0.19714285714285715,6.9,28.1
A-CROSS-ENCODER-001/sues,SUES200,DINOv2,150,same,none,,control,0.25,budget25,old_su,20,20,0,0,0.24929971988795518,0.42921348314606744,38.2,50.8
A-CROSS-ENCODER-001/sues,SUES200,DINOv2,150,same,none,,control,0.25,budget50,old_su,20,20,0,0,0.49859943977591037,0.5693820224719102,101.35,76.65
A-CROSS-ENCODER-001/sues,SUES200,DINOv2,150,same,none,,control,0.25,full_frozen,old_su,20,0,20,20,0.0,,,
A-CROSS-ENCODER-001/sues,SUES200,DINOv2,150,same,none,,control,0.25,matched,old_su,20,0,20,20,0.0,,,
A-CROSS-ENCODER-001/sues,SUES200,DINOv2,150,same,none,,control,0.25,budget10,old_su_guard,20,20,0,0,0.09803921568627451,0.23714285714285713,8.3,26.7
A-CROSS-ENCODER-001/sues,SUES200,DINOv2,150,same,none,,control,0.25,budget25,old_su_guard,20,20,0,0,0.24929971988795518,0.4370786516853933,38.9,50.1
A-CROSS-ENCODER-001/sues,SUES200,DINOv2,150,same,none,,control,0.25,budget50,old_su_guard,20,20,0,0,0.49859943977591037,0.5814606741573034,103.5,74.5
A-CROSS-ENCODER-001/sues,SUES200,DINOv2,150,same,none,,control,0.25,full_frozen,old_su_guard,20,0,20,20,0.0,,,
A-CROSS-ENCODER-001/sues,SUES200,DINOv2,150,same,none,,control,0.25,matched,old_su_guard,20,0,20,20,0.0,,,
A-CROSS-ENCODER-001/sues,SUES200,DINOv2,150,same,none,,control,0.25,budget10,current_margin,20,20,0,0,0.09803921568627451,0.12571428571428572,4.4,30.6
A-CROSS-ENCODER-001/sues,SUES200,DINOv2,150,same,none,,control,0.25,budget25,current_margin,20,20,0,0,0.24929971988795518,0.40337078651685393,35.9,53.1
A-CROSS-ENCODER-001/sues,SUES200,DINOv2,150,same,none,,control,0.25,budget50,current_margin,20,20,0,0,0.49859943977591037,0.5952247191011236,105.95,72.05
A-CROSS-ENCODER-001/sues,SUES200,DINOv2,150,same,none,,control,0.25,full_frozen,current_margin,20,20,0,0,0.2469187675070028,0.4041508763836917,35.65,52.5
A-CROSS-ENCODER-001/sues,SUES200,DINOv2,150,same,none,,control,0.25,matched,current_margin,20,3,17,17,0.03529411764705882,0.38833381184802374,32.666666666666664,51.333333333333336
A-CROSS-ENCODER-001/sues,SUES200,DINOv2,150,same,none,,control,0.25,budget10,current_margin_guard,20,20,0,0,0.09803921568627451,0.12571428571428572,4.4,30.6
A-CROSS-ENCODER-001/sues,SUES200,DINOv2,150,same,none,,control,0.25,budget25,current_margin_guard,20,20,0,0,0.24929971988795518,0.42191011235955056,37.55,51.45
A-CROSS-ENCODER-001/sues,SUES200,DINOv2,150,same,none,,control,0.25,budget50,current_margin_guard,20,20,0,0,0.49859943977591037,0.5966292134831461,106.2,71.8
A-CROSS-ENCODER-001/sues,SUES200,DINOv2,150,same,none,,control,0.25,full_frozen,current_margin_guard,20,20,0,0,0.24103641456582633,0.41390203624962046,35.65,50.4
A-CROSS-ENCODER-001/sues,SUES200,DINOv2,150,same,none,,control,0.25,matched,current_margin_guard,20,3,17,17,0.0350140056022409,0.39135511726032773,32.666666666666664,50.666666666666664
A-CROSS-ENCODER-001/sues,SUES200,DINOv2,150,same,none,,control,0.25,budget10,old_margin_guard,20,20,0,0,0.09803921568627451,0.09428571428571428,3.3,31.7
A-CROSS-ENCODER-001/sues,SUES200,DINOv2,150,same,none,,control,0.25,budget25,old_margin_guard,20,20,0,0,0.24929971988795518,0.4280898876404494,38.1,50.9
A-CROSS-ENCODER-001/sues,SUES200,DINOv2,150,same,none,,control,0.25,budget50,old_margin_guard,20,20,0,0,0.49859943977591037,0.602808988764045,107.3,70.7
A-CROSS-ENCODER-001/sues,SUES200,DINOv2,150,same,none,,control,0.25,full_frozen,old_margin_guard,20,20,0,0,0.2135854341736695,0.38268316390845275,29.25,47
A-CROSS-ENCODER-001/sues,SUES200,DINOv2,150,same,none,,control,0.25,matched,old_margin_guard,20,20,0,0,0.2135854341736695,0.38268316390845275,29.25,47
A-CROSS-ENCODER-001/sues,SUES200,DINOv2,150,same,none,,control,0.25,budget10,sq8_margin_guard,20,20,0,0,0.09803921568627451,0.07714285714285714,2.7,32.3
A-CROSS-ENCODER-001/sues,SUES200,DINOv2,150,same,none,,control,0.25,budget25,sq8_margin_guard,20,20,0,0,0.24929971988795518,0.4297752808988764,38.25,50.75
A-CROSS-ENCODER-001/sues,SUES200,DINOv2,150,same,none,,control,0.25,budget50,sq8_margin_guard,20,20,0,0,0.49859943977591037,0.5991573033707865,106.65,71.35
A-CROSS-ENCODER-001/sues,SUES200,DINOv2,150,same,none,,control,0.25,full_frozen,sq8_margin_guard,20,20,0,0,0.19467787114845939,0.3459345877525917,24.15,45.35
A-CROSS-ENCODER-001/sues,SUES200,DINOv2,150,same,none,,control,0.25,matched,sq8_margin_guard,20,20,0,0,0.2630252100840336,0.44507118294770986,42.2,51.7
A-CROSS-ENCODER-001/sues,SUES200,DINOv2,200,same,none,,control,0.25,budget10,current_su,20,20,0,0,0.09803921568627451,0.11714285714285713,4.1,30.9
A-CROSS-ENCODER-001/sues,SUES200,DINOv2,200,same,none,,control,0.25,budget25,current_su,20,20,0,0,0.24929971988795518,0.32078651685393256,28.55,60.45
A-CROSS-ENCODER-001/sues,SUES200,DINOv2,200,same,none,,control,0.25,budget50,current_su,20,20,0,0,0.49859943977591037,0.48707865168539327,86.7,91.3
A-CROSS-ENCODER-001/sues,SUES200,DINOv2,200,same,none,,control,0.25,full_frozen,current_su,20,20,0,0,0.2672268907563025,0.34514922051393104,32.95,62.45
A-CROSS-ENCODER-001/sues,SUES200,DINOv2,200,same,none,,control,0.25,matched,current_su,20,8,12,12,0.09397759103641457,0.3319065891675841,28.125,55.75
A-CROSS-ENCODER-001/sues,SUES200,DINOv2,200,same,none,,control,0.25,budget10,current_su_guard,20,20,0,0,0.09803921568627451,0.11571428571428571,4.05,30.95
A-CROSS-ENCODER-001/sues,SUES200,DINOv2,200,same,none,,control,0.25,budget25,current_su_guard,20,20,0,0,0.24929971988795518,0.3202247191011236,28.5,60.5
A-CROSS-ENCODER-001/sues,SUES200,DINOv2,200,same,none,,control,0.25,budget50,current_su_guard,20,20,0,0,0.49859943977591037,0.47724719101123597,84.95,93.05
A-CROSS-ENCODER-001/sues,SUES200,DINOv2,200,same,none,,control,0.25,full_frozen,current_su_guard,20,20,0,0,0.2588235294117647,0.3312423865194273,30.65,61.75
A-CROSS-ENCODER-001/sues,SUES200,DINOv2,200,same,none,,control,0.25,matched,current_su_guard,20,8,12,12,0.09257703081232493,0.32211445927391197,27,55.625
A-CROSS-ENCODER-001/sues,SUES200,DINOv2,200,same,none,,control,0.25,budget10,old_su,20,20,0,0,0.09803921568627451,0.14285714285714285,5,30
A-CROSS-ENCODER-001/sues,SUES200,DINOv2,200,same,none,,control,0.25,budget25,old_su,20,20,0,0,0.24929971988795518,0.32134831460674157,28.6,60.4
A-CROSS-ENCODER-001/sues,SUES200,DINOv2,200,same,none,,control,0.25,budget50,old_su,20,20,0,0,0.49859943977591037,0.49775280898876406,88.6,89.4
A-CROSS-ENCODER-001/sues,SUES200,DINOv2,200,same,none,,control,0.25,full_frozen,old_su,20,20,0,0,0.2549019607843137,0.3252747252747253,29.6,61.4
A-CROSS-ENCODER-001/sues,SUES200,DINOv2,200,same,none,,control,0.25,matched,old_su,20,20,0,0,0.2549019607843137,0.3252747252747253,29.6,61.4
A-CROSS-ENCODER-001/sues,SUES200,DINOv2,200,same,none,,control,0.25,budget10,old_su_guard,20,20,0,0,0.09803921568627451,0.11714285714285713,4.1,30.9
A-CROSS-ENCODER-001/sues,SUES200,DINOv2,200,same,none,,control,0.25,budget25,old_su_guard,20,20,0,0,0.24929971988795518,0.31573033707865167,28.1,60.9
A-CROSS-ENCODER-001/sues,SUES200,DINOv2,200,same,none,,control,0.25,budget50,old_su_guard,20,20,0,0,0.49859943977591037,0.4646067415730337,82.7,95.3
A-CROSS-ENCODER-001/sues,SUES200,DINOv2,200,same,none,,control,0.25,full_frozen,old_su_guard,20,20,0,0,0.242296918767507,0.3059899475860373,26.5,60
A-CROSS-ENCODER-001/sues,SUES200,DINOv2,200,same,none,,control,0.25,matched,old_su_guard,20,20,0,0,0.242296918767507,0.3059899475860373,26.5,60
A-CROSS-ENCODER-001/sues,SUES200,DINOv2,200,same,none,,control,0.25,budget10,current_margin,20,20,0,0,0.09803921568627451,0.032857142857142856,1.15,33.85
A-CROSS-ENCODER-001/sues,SUES200,DINOv2,200,same,none,,control,0.25,budget25,current_margin,20,20,0,0,0.24929971988795518,0.24775280898876403,22.05,66.95
A-CROSS-ENCODER-001/sues,SUES200,DINOv2,200,same,none,,control,0.25,budget50,current_margin,20,20,0,0,0.49859943977591037,0.4606741573033708,82,96
A-CROSS-ENCODER-001/sues,SUES200,DINOv2,200,same,none,,control,0.25,full_frozen,current_margin,20,20,0,0,0.20378151260504201,0.1888442732167409,13.75,59
A-CROSS-ENCODER-001/sues,SUES200,DINOv2,200,same,none,,control,0.25,matched,current_margin,20,20,0,0,0.20378151260504201,0.1888442732167409,13.75,59
A-CROSS-ENCODER-001/sues,SUES200,DINOv2,200,same,none,,control,0.25,budget10,current_margin_guard,20,20,0,0,0.09803921568627451,0.014285714285714285,0.5,34.5
A-CROSS-ENCODER-001/sues,SUES200,DINOv2,200,same,none,,control,0.25,budget25,current_margin_guard,20,20,0,0,0.24929971988795518,0.24325842696629213,21.65,67.35
A-CROSS-ENCODER-001/sues,SUES200,DINOv2,200,same,none,,control,0.25,budget50,current_margin_guard,20,20,0,0,0.49859943977591037,0.45056179775280897,80.2,97.8
A-CROSS-ENCODER-001/sues,SUES200,DINOv2,200,same,none,,control,0.25,full_frozen,current_margin_guard,20,20,0,0,0.19971988795518208,0.17244852644421887,12.3,59
A-CROSS-ENCODER-001/sues,SUES200,DINOv2,200,same,none,,control,0.25,matched,current_margin_guard,20,20,0,0,0.19971988795518208,0.17244852644421887,12.3,59
A-CROSS-ENCODER-001/sues,SUES200,DINOv2,200,same,none,,control,0.25,budget10,old_margin_guard,20,20,0,0,0.09803921568627451,0.02857142857142857,1,34
A-CROSS-ENCODER-001/sues,SUES200,DINOv2,200,same,none,,control,0.25,budget25,old_margin_guard,20,20,0,0,0.24929971988795518,0.25898876404494386,23.05,65.95
A-CROSS-ENCODER-001/sues,SUES200,DINOv2,200,same,none,,control,0.25,budget50,old_margin_guard,20,20,0,0,0.49859943977591037,0.45140449438202246,80.35,97.65
A-CROSS-ENCODER-001/sues,SUES200,DINOv2,200,same,none,,control,0.25,full_frozen,old_margin_guard,20,20,0,0,0.18935574229691876,0.17151836724306854,11.6,56
A-CROSS-ENCODER-001/sues,SUES200,DINOv2,200,same,none,,control,0.25,matched,old_margin_guard,20,20,0,0,0.18935574229691876,0.17151836724306854,11.6,56
A-CROSS-ENCODER-001/sues,SUES200,DINOv2,200,same,none,,control,0.25,budget10,sq8_margin_guard,20,20,0,0,0.09803921568627451,0.02857142857142857,1,34
A-CROSS-ENCODER-001/sues,SUES200,DINOv2,200,same,none,,control,0.25,budget25,sq8_margin_guard,20,20,0,0,0.24929971988795518,0.2910112359550562,25.9,63.1
A-CROSS-ENCODER-001/sues,SUES200,DINOv2,200,same,none,,control,0.25,budget50,sq8_margin_guard,20,20,0,0,0.49859943977591037,0.4685393258426966,83.4,94.6
A-CROSS-ENCODER-001/sues,SUES200,DINOv2,200,same,none,,control,0.25,full_frozen,sq8_margin_guard,20,20,0,0,0.1803921568627451,0.16765256820294133,10.8,53.6
A-CROSS-ENCODER-001/sues,SUES200,DINOv2,200,same,none,,control,0.25,matched,sq8_margin_guard,20,19,1,1,0.16022408963585433,0.1443142003923502,8.736842105263158,51.473684210526315
A-CROSS-ENCODER-001/sues,SUES200,DINOv2,250,same,none,,control,0.25,budget10,current_su,20,20,0,0,0.09803921568627451,0.17,5.95,29.05
A-CROSS-ENCODER-001/sues,SUES200,DINOv2,250,same,none,,control,0.25,budget25,current_su,20,20,0,0,0.24929971988795518,0.2786516853932584,24.8,64.2
A-CROSS-ENCODER-001/sues,SUES200,DINOv2,250,same,none,,control,0.25,budget50,current_su,20,20,0,0,0.49859943977591037,0.32724719101123595,58.25,119.75
A-CROSS-ENCODER-001/sues,SUES200,DINOv2,250,same,none,,control,0.25,full_frozen,current_su,20,20,0,0,0.3668067226890756,0.29669033046306864,38.85,92.1
A-CROSS-ENCODER-001/sues,SUES200,DINOv2,250,same,none,,control,0.25,matched,current_su,20,20,0,0,0.32521008403361346,0.29286944080752636,34.05,82.05
A-CROSS-ENCODER-001/sues,SUES200,DINOv2,250,same,none,,control,0.25,budget10,current_su_guard,20,20,0,0,0.09803921568627451,0.17,5.95,29.05
A-CROSS-ENCODER-001/sues,SUES200,DINOv2,250,same,none,,control,0.25,budget25,current_su_guard,20,20,0,0,0.24929971988795518,0.2786516853932584,24.8,64.2
A-CROSS-ENCODER-001/sues,SUES200,DINOv2,250,same,none,,control,0.25,budget50,current_su_guard,20,20,0,0,0.49859943977591037,0.33230337078651684,59.15,118.85
A-CROSS-ENCODER-001/sues,SUES200,DINOv2,250,same,none,,control,0.25,full_frozen,current_su_guard,20,20,0,0,0.3630252100840336,0.299754692528986,38.85,90.75
A-CROSS-ENCODER-001/sues,SUES200,DINOv2,250,same,none,,control,0.25,matched,current_su_guard,20,20,0,0,0.32857142857142857,0.29779143689081533,34.95,82.35
A-CROSS-ENCODER-001/sues,SUES200,DINOv2,250,same,none,,control,0.25,budget10,old_su,20,20,0,0,0.09803921568627451,0.2,7,28
A-CROSS-ENCODER-001/sues,SUES200,DINOv2,250,same,none,,control,0.25,budget25,old_su,20,20,0,0,0.24929971988795518,0.27303370786516856,24.3,64.7
A-CROSS-ENCODER-001/sues,SUES200,DINOv2,250,same,none,,control,0.25,budget50,old_su,20,20,0,0,0.49859943977591037,0.3193820224719101,56.85,121.15
A-CROSS-ENCODER-001/sues,SUES200,DINOv2,250,same,none,,control,0.25,full_frozen,old_su,20,20,0,0,0.3277310924369748,0.2931623931623932,34.3,82.7
A-CROSS-ENCODER-001/sues,SUES200,DINOv2,250,same,none,,control,0.25,matched,old_su,20,20,0,0,0.3551820728291316,0.2935603836367195,37.2,89.6
A-CROSS-ENCODER-001/sues,SUES200,DINOv2,250,same,none,,control,0.25,budget10,old_su_guard,20,20,0,0,0.09803921568627451,0.2,7,28
A-CROSS-ENCODER-001/sues,SUES200,DINOv2,250,same,none,,control,0.25,budget25,old_su_guard,20,20,0,0,0.24929971988795518,0.27303370786516856,24.3,64.7
A-CROSS-ENCODER-001/sues,SUES200,DINOv2,250,same,none,,control,0.25,budget50,old_su_guard,20,20,0,0,0.49859943977591037,0.3205056179775281,57.05,120.95
A-CROSS-ENCODER-001/sues,SUES200,DINOv2,250,same,none,,control,0.25,full_frozen,old_su_guard,20,20,0,0,0.3235294117647059,0.2900194774407668,33.5,82
A-CROSS-ENCODER-001/sues,SUES200,DINOv2,250,same,none,,control,0.25,matched,old_su_guard,20,20,0,0,0.35168067226890753,0.2858081858187914,35.85,89.7
A-CROSS-ENCODER-001/sues,SUES200,DINOv2,250,same,none,,control,0.25,budget10,current_margin,20,20,0,0,0.09803921568627451,0.045714285714285714,1.6,33.4
A-CROSS-ENCODER-001/sues,SUES200,DINOv2,250,same,none,,control,0.25,budget25,current_margin,20,20,0,0,0.24929971988795518,0.1747191011235955,15.55,73.45
A-CROSS-ENCODER-001/sues,SUES200,DINOv2,250,same,none,,control,0.25,budget50,current_margin,20,20,0,0,0.49859943977591037,0.34185393258426966,60.85,117.15
A-CROSS-ENCODER-001/sues,SUES200,DINOv2,250,same,none,,control,0.25,full_frozen,current_margin,20,20,0,0,0.35070028011204485,0.2386209540782735,29.9,95.3
A-CROSS-ENCODER-001/sues,SUES200,DINOv2,250,same,none,,control,0.25,matched,current_margin,20,20,0,0,0.2068627450980392,0.12517687715799208,9.3,64.55
A-CROSS-ENCODER-001/sues,SUES200,DINOv2,250,same,none,,control,0.25,budget10,current_margin_guard,20,20,0,0,0.09803921568627451,0.045714285714285714,1.6,33.4
A-CROSS-ENCODER-001/sues,SUES200,DINOv2,250,same,none,,control,0.25,budget25,current_margin_guard,20,20,0,0,0.24929971988795518,0.17865168539325843,15.9,73.1
A-CROSS-ENCODER-001/sues,SUES200,DINOv2,250,same,none,,control,0.25,budget50,current_margin_guard,20,20,0,0,0.49859943977591037,0.3401685393258427,60.55,117.45
A-CROSS-ENCODER-001/sues,SUES200,DINOv2,250,same,none,,control,0.25,full_frozen,current_margin_guard,20,20,0,0,0.34411764705882353,0.22979069529201662,28.25,94.6
A-CROSS-ENCODER-001/sues,SUES200,DINOv2,250,same,none,,control,0.25,matched,current_margin_guard,20,20,0,0,0.2035014005602241,0.12491611552314565,9.1,63.55
A-CROSS-ENCODER-001/sues,SUES200,DINOv2,250,same,none,,control,0.25,budget10,old_margin_guard,20,20,0,0,0.09803921568627451,0.0,0,35
A-CROSS-ENCODER-001/sues,SUES200,DINOv2,250,same,none,,control,0.25,budget25,old_margin_guard,20,20,0,0,0.24929971988795518,0.1646067415730337,14.65,74.35
A-CROSS-ENCODER-001/sues,SUES200,DINOv2,250,same,none,,control,0.25,budget50,old_margin_guard,20,20,0,0,0.49859943977591037,0.3283707865168539,58.45,119.55
A-CROSS-ENCODER-001/sues,SUES200,DINOv2,250,same,none,,control,0.25,full_frozen,old_margin_guard,20,20,0,0,0.31890756302521006,0.20063980119860889,22.85,91
A-CROSS-ENCODER-001/sues,SUES200,DINOv2,250,same,none,,control,0.25,matched,old_margin_guard,20,20,0,0,0.31890756302521006,0.20063980119860889,22.85,91
A-CROSS-ENCODER-001/sues,SUES200,DINOv2,250,same,none,,control,0.25,budget10,sq8_margin_guard,20,20,0,0,0.09803921568627451,0.017142857142857144,0.6,34.4
A-CROSS-ENCODER-001/sues,SUES200,DINOv2,250,same,none,,control,0.25,budget25,sq8_margin_guard,20,20,0,0,0.24929971988795518,0.1544943820224719,13.75,75.25
A-CROSS-ENCODER-001/sues,SUES200,DINOv2,250,same,none,,control,0.25,budget50,sq8_margin_guard,20,20,0,0,0.49859943977591037,0.326685393258427,58.15,119.85
A-CROSS-ENCODER-001/sues,SUES200,DINOv2,250,same,none,,control,0.25,full_frozen,sq8_margin_guard,20,20,0,0,0.2939775910364146,0.17748944657922458,18.65,86.3
A-CROSS-ENCODER-001/sues,SUES200,DINOv2,250,same,none,,control,0.25,matched,sq8_margin_guard,20,20,0,0,0.3054621848739496,0.1785879580442199,19.5,89.55
A-CROSS-ENCODER-001/sues,SUES200,DINOv2,300,same,none,,control,0.25,budget10,current_su,20,20,0,0,0.09803921568627451,0.08571428571428572,3,32
A-CROSS-ENCODER-001/sues,SUES200,DINOv2,300,same,none,,control,0.25,budget25,current_su,20,20,0,0,0.24929971988795518,0.20898876404494382,18.6,70.4
A-CROSS-ENCODER-001/sues,SUES200,DINOv2,300,same,none,,control,0.25,budget50,current_su,20,20,0,0,0.49859943977591037,0.2884831460674157,51.35,126.65
A-CROSS-ENCODER-001/sues,SUES200,DINOv2,300,same,none,,control,0.25,full_frozen,current_su,20,20,0,0,0.4810924369747899,0.27682684319566964,47.55,124.2
A-CROSS-ENCODER-001/sues,SUES200,DINOv2,300,same,none,,control,0.25,matched,current_su,20,20,0,0,0.4343137254901961,0.2525828802234296,39.3,115.75
A-CROSS-ENCODER-001/sues,SUES200,DINOv2,300,same,none,,control,0.25,budget10,current_su_guard,20,20,0,0,0.09803921568627451,0.08571428571428572,3,32
A-CROSS-ENCODER-001/sues,SUES200,DINOv2,300,same,none,,control,0.25,budget25,current_su_guard,20,20,0,0,0.24929971988795518,0.20617977528089887,18.35,70.65
A-CROSS-ENCODER-001/sues,SUES200,DINOv2,300,same,none,,control,0.25,budget50,current_su_guard,20,20,0,0,0.49859943977591037,0.2859550561797753,50.9,127.1
A-CROSS-ENCODER-001/sues,SUES200,DINOv2,300,same,none,,control,0.25,full_frozen,current_su_guard,20,20,0,0,0.4689075630252101,0.2726069733238174,45.65,121.75
A-CROSS-ENCODER-001/sues,SUES200,DINOv2,300,same,none,,control,0.25,matched,current_su_guard,20,20,0,0,0.43935574229691876,0.2590006100981784,40.75,116.1
A-CROSS-ENCODER-001/sues,SUES200,DINOv2,300,same,none,,control,0.25,budget10,old_su,20,20,0,0,0.09803921568627451,0.08571428571428572,3,32
A-CROSS-ENCODER-001/sues,SUES200,DINOv2,300,same,none,,control,0.25,budget25,old_su,20,20,0,0,0.24929971988795518,0.2247191011235955,20,69
A-CROSS-ENCODER-001/sues,SUES200,DINOv2,300,same,none,,control,0.25,budget50,old_su,20,20,0,0,0.49859943977591037,0.2890449438202247,51.45,126.55
A-CROSS-ENCODER-001/sues,SUES200,DINOv2,300,same,none,,control,0.25,full_frozen,old_su,20,20,0,0,0.43977591036414565,0.25605095541401274,40.2,116.8
A-CROSS-ENCODER-001/sues,SUES200,DINOv2,300,same,none,,control,0.25,matched,old_su,20,20,0,0,0.4649859943977591,0.2674288994223078,44.45,121.55
A-CROSS-ENCODER-001/sues,SUES200,DINOv2,300,same,none,,control,0.25,budget10,old_su_guard,20,20,0,0,0.09803921568627451,0.08571428571428572,3,32
A-CROSS-ENCODER-001/sues,SUES200,DINOv2,300,same,none,,control,0.25,budget25,old_su_guard,20,20,0,0,0.24929971988795518,0.20674157303370785,18.4,70.6
A-CROSS-ENCODER-001/sues,SUES200,DINOv2,300,same,none,,control,0.25,budget50,old_su_guard,20,20,0,0,0.49859943977591037,0.2887640449438202,51.4,126.6
A-CROSS-ENCODER-001/sues,SUES200,DINOv2,300,same,none,,control,0.25,full_frozen,old_su_guard,20,20,0,0,0.426750700280112,0.23853885516138826,36.35,116
A-CROSS-ENCODER-001/sues,SUES200,DINOv2,300,same,none,,control,0.25,matched,old_su_guard,20,20,0,0,0.46862745098039216,0.26521954301647027,44.4,122.9
A-CROSS-ENCODER-001/sues,SUES200,DINOv2,300,same,none,,control,0.25,budget10,current_margin,20,20,0,0,0.09803921568627451,0.02857142857142857,1,34
A-CROSS-ENCODER-001/sues,SUES200,DINOv2,300,same,none,,control,0.25,budget25,current_margin,20,20,0,0,0.24929971988795518,0.1544943820224719,13.75,75.25
A-CROSS-ENCODER-001/sues,SUES200,DINOv2,300,same,none,,control,0.25,budget50,current_margin,20,20,0,0,0.49859943977591037,0.2558988764044944,45.55,132.45
A-CROSS-ENCODER-001/sues,SUES200,DINOv2,300,same,none,,control,0.25,full_frozen,current_margin,20,20,0,0,0.4852941176470588,0.24696939764144954,42.8,130.45
A-CROSS-ENCODER-001/sues,SUES200,DINOv2,300,same,none,,control,0.25,matched,current_margin,20,20,0,0,0.4343137254901961,0.2081575932703185,32.4,122.65
A-CROSS-ENCODER-001/sues,SUES200,DINOv2,300,same,none,,control,0.25,budget10,current_margin_guard,20,20,0,0,0.09803921568627451,0.02857142857142857,1,34
A-CROSS-ENCODER-001/sues,SUES200,DINOv2,300,same,none,,control,0.25,budget25,current_margin_guard,20,20,0,0,0.24929971988795518,0.1544943820224719,13.75,75.25
A-CROSS-ENCODER-001/sues,SUES200,DINOv2,300,same,none,,control,0.25,budget50,current_margin_guard,20,20,0,0,0.49859943977591037,0.26629213483146064,47.4,130.6
A-CROSS-ENCODER-001/sues,SUES200,DINOv2,300,same,none,,control,0.25,full_frozen,current_margin_guard,20,20,0,0,0.47296918767507,0.24690925472946634,41.7,127.15
A-CROSS-ENCODER-001/sues,SUES200,DINOv2,300,same,none,,control,0.25,matched,current_margin_guard,20,20,0,0,0.42745098039215684,0.212343708339944,32.5,120.1
A-CROSS-ENCODER-001/sues,SUES200,DINOv2,300,same,none,,control,0.25,budget10,old_margin_guard,20,20,0,0,0.09803921568627451,0.02857142857142857,1,34
A-CROSS-ENCODER-001/sues,SUES200,DINOv2,300,same,none,,control,0.25,budget25,old_margin_guard,20,20,0,0,0.24929971988795518,0.11797752808988764,10.5,78.5
A-CROSS-ENCODER-001/sues,SUES200,DINOv2,300,same,none,,control,0.25,budget50,old_margin_guard,20,20,0,0,0.49859943977591037,0.27078651685393257,48.2,129.8
A-CROSS-ENCODER-001/sues,SUES200,DINOv2,300,same,none,,control,0.25,full_frozen,old_margin_guard,20,20,0,0,0.4640056022408964,0.24535224253265397,40.65,125
A-CROSS-ENCODER-001/sues,SUES200,DINOv2,300,same,none,,control,0.25,matched,old_margin_guard,20,20,0,0,0.4640056022408964,0.24535224253265397,40.65,125
A-CROSS-ENCODER-001/sues,SUES200,DINOv2,300,same,none,,control,0.25,budget10,sq8_margin_guard,20,20,0,0,0.09803921568627451,0.02857142857142857,1,34
A-CROSS-ENCODER-001/sues,SUES200,DINOv2,300,same,none,,control,0.25,budget25,sq8_margin_guard,20,20,0,0,0.24929971988795518,0.10112359550561797,9,80
A-CROSS-ENCODER-001/sues,SUES200,DINOv2,300,same,none,,control,0.25,budget50,sq8_margin_guard,20,20,0,0,0.49859943977591037,0.2769662921348315,49.3,128.7
A-CROSS-ENCODER-001/sues,SUES200,DINOv2,300,same,none,,control,0.25,full_frozen,sq8_margin_guard,20,20,0,0,0.4334733893557423,0.22189839648672172,34.35,120.4
A-CROSS-ENCODER-001/sues,SUES200,DINOv2,300,same,none,,control,0.25,matched,sq8_margin_guard,20,20,0,0,0.45854341736694676,0.24989138329926014,41.25,122.45
A-DENSEUAV-EXTERNAL-001,DenseUAV,CAMP,pooled,plain_same,west_to_east,,full,0.0,budget10,current_su,1,1,0,0,0.1,0.7,14,6
A-DENSEUAV-EXTERNAL-001,DenseUAV,CAMP,pooled,plain_same,west_to_east,,full,0.0,budget25,current_su,1,1,0,0,0.25,0.8,40,10
A-DENSEUAV-EXTERNAL-001,DenseUAV,CAMP,pooled,plain_same,west_to_east,,full,0.0,budget50,current_su,1,1,0,0,0.5,0.84,84,16
A-DENSEUAV-EXTERNAL-001,DenseUAV,CAMP,pooled,plain_same,west_to_east,,full,0.0,full_frozen,current_su,1,1,0,1,0.0,,0,0
A-DENSEUAV-EXTERNAL-001,DenseUAV,CAMP,pooled,plain_same,west_to_east,,full,0.0,matched,current_su,1,1,0,1,0.0,,0,0
A-DENSEUAV-EXTERNAL-001,DenseUAV,CAMP,pooled,plain_same,west_to_east,,full,0.0,budget10,current_su_guard,1,1,0,0,0.1,0.7,14,6
A-DENSEUAV-EXTERNAL-001,DenseUAV,CAMP,pooled,plain_same,west_to_east,,full,0.0,budget25,current_su_guard,1,1,0,0,0.25,0.8,40,10
A-DENSEUAV-EXTERNAL-001,DenseUAV,CAMP,pooled,plain_same,west_to_east,,full,0.0,budget50,current_su_guard,1,1,0,0,0.5,0.84,84,16
A-DENSEUAV-EXTERNAL-001,DenseUAV,CAMP,pooled,plain_same,west_to_east,,full,0.0,full_frozen,current_su_guard,1,1,0,1,0.0,,0,0
A-DENSEUAV-EXTERNAL-001,DenseUAV,CAMP,pooled,plain_same,west_to_east,,full,0.0,matched,current_su_guard,1,1,0,1,0.0,,0,0
A-DENSEUAV-EXTERNAL-001,DenseUAV,CAMP,pooled,plain_same,west_to_east,,full,0.0,budget10,old_su,1,1,0,0,0.1,0.7,14,6
A-DENSEUAV-EXTERNAL-001,DenseUAV,CAMP,pooled,plain_same,west_to_east,,full,0.0,budget25,old_su,1,1,0,0,0.25,0.8,40,10
A-DENSEUAV-EXTERNAL-001,DenseUAV,CAMP,pooled,plain_same,west_to_east,,full,0.0,budget50,old_su,1,1,0,0,0.5,0.84,84,16
A-DENSEUAV-EXTERNAL-001,DenseUAV,CAMP,pooled,plain_same,west_to_east,,full,0.0,full_frozen,old_su,1,1,0,1,0.0,,0,0
A-DENSEUAV-EXTERNAL-001,DenseUAV,CAMP,pooled,plain_same,west_to_east,,full,0.0,matched,old_su,1,1,0,1,0.0,,0,0
A-DENSEUAV-EXTERNAL-001,DenseUAV,CAMP,pooled,plain_same,west_to_east,,full,0.0,budget10,old_su_guard,1,1,0,0,0.1,0.7,14,6
A-DENSEUAV-EXTERNAL-001,DenseUAV,CAMP,pooled,plain_same,west_to_east,,full,0.0,budget25,old_su_guard,1,1,0,0,0.25,0.8,40,10
A-DENSEUAV-EXTERNAL-001,DenseUAV,CAMP,pooled,plain_same,west_to_east,,full,0.0,budget50,old_su_guard,1,1,0,0,0.5,0.84,84,16
A-DENSEUAV-EXTERNAL-001,DenseUAV,CAMP,pooled,plain_same,west_to_east,,full,0.0,full_frozen,old_su_guard,1,1,0,1,0.0,,0,0
A-DENSEUAV-EXTERNAL-001,DenseUAV,CAMP,pooled,plain_same,west_to_east,,full,0.0,matched,old_su_guard,1,1,0,1,0.0,,0,0
A-DENSEUAV-EXTERNAL-001,DenseUAV,CAMP,pooled,plain_same,west_to_east,,full,0.0,budget10,current_margin,1,1,0,0,0.1,0.8,16,4
A-DENSEUAV-EXTERNAL-001,DenseUAV,CAMP,pooled,plain_same,west_to_east,,full,0.0,budget25,current_margin,1,1,0,0,0.25,0.84,42,8
A-DENSEUAV-EXTERNAL-001,DenseUAV,CAMP,pooled,plain_same,west_to_east,,full,0.0,budget50,current_margin,1,1,0,0,0.5,0.89,89,11
A-DENSEUAV-EXTERNAL-001,DenseUAV,CAMP,pooled,plain_same,west_to_east,,full,0.0,full_frozen,current_margin,1,0,1,1,0.0,,,
A-DENSEUAV-EXTERNAL-001,DenseUAV,CAMP,pooled,plain_same,west_to_east,,full,0.0,matched,current_margin,1,0,1,1,0.0,,,
A-DENSEUAV-EXTERNAL-001,DenseUAV,CAMP,pooled,plain_same,west_to_east,,full,0.0,budget10,current_margin_guard,1,1,0,0,0.1,0.8,16,4
A-DENSEUAV-EXTERNAL-001,DenseUAV,CAMP,pooled,plain_same,west_to_east,,full,0.0,budget25,current_margin_guard,1,1,0,0,0.25,0.84,42,8
A-DENSEUAV-EXTERNAL-001,DenseUAV,CAMP,pooled,plain_same,west_to_east,,full,0.0,budget50,current_margin_guard,1,1,0,0,0.5,0.89,89,11
A-DENSEUAV-EXTERNAL-001,DenseUAV,CAMP,pooled,plain_same,west_to_east,,full,0.0,full_frozen,current_margin_guard,1,0,1,1,0.0,,,
A-DENSEUAV-EXTERNAL-001,DenseUAV,CAMP,pooled,plain_same,west_to_east,,full,0.0,matched,current_margin_guard,1,0,1,1,0.0,,,
A-DENSEUAV-EXTERNAL-001,DenseUAV,CAMP,pooled,plain_same,west_to_east,,full,0.0,budget10,old_margin_guard,1,1,0,0,0.1,0.8,16,4
A-DENSEUAV-EXTERNAL-001,DenseUAV,CAMP,pooled,plain_same,west_to_east,,full,0.0,budget25,old_margin_guard,1,1,0,0,0.25,0.84,42,8
A-DENSEUAV-EXTERNAL-001,DenseUAV,CAMP,pooled,plain_same,west_to_east,,full,0.0,budget50,old_margin_guard,1,1,0,0,0.5,0.89,89,11
A-DENSEUAV-EXTERNAL-001,DenseUAV,CAMP,pooled,plain_same,west_to_east,,full,0.0,full_frozen,old_margin_guard,1,0,1,1,0.0,,,
A-DENSEUAV-EXTERNAL-001,DenseUAV,CAMP,pooled,plain_same,west_to_east,,full,0.0,matched,old_margin_guard,1,0,1,1,0.0,,,
A-DENSEUAV-EXTERNAL-001,DenseUAV,CAMP,pooled,plain_same,west_to_east,,full,0.0,budget10,sq8_margin_guard,1,1,0,0,0.1,0.8,16,4
A-DENSEUAV-EXTERNAL-001,DenseUAV,CAMP,pooled,plain_same,west_to_east,,full,0.0,budget25,sq8_margin_guard,1,1,0,0,0.25,0.84,42,8
A-DENSEUAV-EXTERNAL-001,DenseUAV,CAMP,pooled,plain_same,west_to_east,,full,0.0,budget50,sq8_margin_guard,1,1,0,0,0.5,0.89,89,11
A-DENSEUAV-EXTERNAL-001,DenseUAV,CAMP,pooled,plain_same,west_to_east,,full,0.0,full_frozen,sq8_margin_guard,1,0,1,1,0.0,,,
A-DENSEUAV-EXTERNAL-001,DenseUAV,CAMP,pooled,plain_same,west_to_east,,full,0.0,matched,sq8_margin_guard,1,0,1,1,0.0,,,
A-DENSEUAV-EXTERNAL-001,DenseUAV,CAMP,pooled,plain_same,east_to_west,,full,0.0,budget10,current_su,1,1,0,0,0.09878682842287695,0.3157894736842105,18,39
A-DENSEUAV-EXTERNAL-001,DenseUAV,CAMP,pooled,plain_same,east_to_west,,full,0.0,budget25,current_su,1,1,0,0,0.24956672443674177,0.4583333333333333,66,78
A-DENSEUAV-EXTERNAL-001,DenseUAV,CAMP,pooled,plain_same,east_to_west,,full,0.0,budget50,current_su,1,1,0,0,0.49913344887348354,0.5381944444444444,155,133
A-DENSEUAV-EXTERNAL-001,DenseUAV,CAMP,pooled,plain_same,east_to_west,,full,0.0,full_frozen,current_su,1,0,1,1,0.0,,,
A-DENSEUAV-EXTERNAL-001,DenseUAV,CAMP,pooled,plain_same,east_to_west,,full,0.0,matched,current_su,1,0,1,1,0.0,,,
A-DENSEUAV-EXTERNAL-001,DenseUAV,CAMP,pooled,plain_same,east_to_west,,full,0.0,budget10,current_su_guard,1,1,0,0,0.09878682842287695,0.3157894736842105,18,39
A-DENSEUAV-EXTERNAL-001,DenseUAV,CAMP,pooled,plain_same,east_to_west,,full,0.0,budget25,current_su_guard,1,1,0,0,0.24956672443674177,0.4583333333333333,66,78
A-DENSEUAV-EXTERNAL-001,DenseUAV,CAMP,pooled,plain_same,east_to_west,,full,0.0,budget50,current_su_guard,1,1,0,0,0.49913344887348354,0.5381944444444444,155,133
A-DENSEUAV-EXTERNAL-001,DenseUAV,CAMP,pooled,plain_same,east_to_west,,full,0.0,full_frozen,current_su_guard,1,0,1,1,0.0,,,
A-DENSEUAV-EXTERNAL-001,DenseUAV,CAMP,pooled,plain_same,east_to_west,,full,0.0,matched,current_su_guard,1,0,1,1,0.0,,,
A-DENSEUAV-EXTERNAL-001,DenseUAV,CAMP,pooled,plain_same,east_to_west,,full,0.0,budget10,old_su,1,1,0,0,0.09878682842287695,0.3157894736842105,18,39
A-DENSEUAV-EXTERNAL-001,DenseUAV,CAMP,pooled,plain_same,east_to_west,,full,0.0,budget25,old_su,1,1,0,0,0.24956672443674177,0.4583333333333333,66,78
A-DENSEUAV-EXTERNAL-001,DenseUAV,CAMP,pooled,plain_same,east_to_west,,full,0.0,budget50,old_su,1,1,0,0,0.49913344887348354,0.5381944444444444,155,133
A-DENSEUAV-EXTERNAL-001,DenseUAV,CAMP,pooled,plain_same,east_to_west,,full,0.0,full_frozen,old_su,1,0,1,1,0.0,,,
A-DENSEUAV-EXTERNAL-001,DenseUAV,CAMP,pooled,plain_same,east_to_west,,full,0.0,matched,old_su,1,0,1,1,0.0,,,
A-DENSEUAV-EXTERNAL-001,DenseUAV,CAMP,pooled,plain_same,east_to_west,,full,0.0,budget10,old_su_guard,1,1,0,0,0.09878682842287695,0.3157894736842105,18,39
A-DENSEUAV-EXTERNAL-001,DenseUAV,CAMP,pooled,plain_same,east_to_west,,full,0.0,budget25,old_su_guard,1,1,0,0,0.24956672443674177,0.4583333333333333,66,78
A-DENSEUAV-EXTERNAL-001,DenseUAV,CAMP,pooled,plain_same,east_to_west,,full,0.0,budget50,old_su_guard,1,1,0,0,0.49913344887348354,0.5381944444444444,155,133
A-DENSEUAV-EXTERNAL-001,DenseUAV,CAMP,pooled,plain_same,east_to_west,,full,0.0,full_frozen,old_su_guard,1,0,1,1,0.0,,,
A-DENSEUAV-EXTERNAL-001,DenseUAV,CAMP,pooled,plain_same,east_to_west,,full,0.0,matched,old_su_guard,1,0,1,1,0.0,,,
A-DENSEUAV-EXTERNAL-001,DenseUAV,CAMP,pooled,plain_same,east_to_west,,full,0.0,budget10,current_margin,1,1,0,0,0.09878682842287695,0.38596491228070173,22,35
A-DENSEUAV-EXTERNAL-001,DenseUAV,CAMP,pooled,plain_same,east_to_west,,full,0.0,budget25,current_margin,1,1,0,0,0.24956672443674177,0.4861111111111111,70,74
A-DENSEUAV-EXTERNAL-001,DenseUAV,CAMP,pooled,plain_same,east_to_west,,full,0.0,budget50,current_margin,1,1,0,0,0.49913344887348354,0.6111111111111112,176,112
A-DENSEUAV-EXTERNAL-001,DenseUAV,CAMP,pooled,plain_same,east_to_west,,full,0.0,full_frozen,current_margin,1,0,1,1,0.0,,,
A-DENSEUAV-EXTERNAL-001,DenseUAV,CAMP,pooled,plain_same,east_to_west,,full,0.0,matched,current_margin,1,0,1,1,0.0,,,
A-DENSEUAV-EXTERNAL-001,DenseUAV,CAMP,pooled,plain_same,east_to_west,,full,0.0,budget10,current_margin_guard,1,1,0,0,0.09878682842287695,0.38596491228070173,22,35
A-DENSEUAV-EXTERNAL-001,DenseUAV,CAMP,pooled,plain_same,east_to_west,,full,0.0,budget25,current_margin_guard,1,1,0,0,0.24956672443674177,0.4861111111111111,70,74
A-DENSEUAV-EXTERNAL-001,DenseUAV,CAMP,pooled,plain_same,east_to_west,,full,0.0,budget50,current_margin_guard,1,1,0,0,0.49913344887348354,0.6111111111111112,176,112
A-DENSEUAV-EXTERNAL-001,DenseUAV,CAMP,pooled,plain_same,east_to_west,,full,0.0,full_frozen,current_margin_guard,1,0,1,1,0.0,,,
A-DENSEUAV-EXTERNAL-001,DenseUAV,CAMP,pooled,plain_same,east_to_west,,full,0.0,matched,current_margin_guard,1,0,1,1,0.0,,,
A-DENSEUAV-EXTERNAL-001,DenseUAV,CAMP,pooled,plain_same,east_to_west,,full,0.0,budget10,old_margin_guard,1,1,0,0,0.09878682842287695,0.38596491228070173,22,35
A-DENSEUAV-EXTERNAL-001,DenseUAV,CAMP,pooled,plain_same,east_to_west,,full,0.0,budget25,old_margin_guard,1,1,0,0,0.24956672443674177,0.4861111111111111,70,74
A-DENSEUAV-EXTERNAL-001,DenseUAV,CAMP,pooled,plain_same,east_to_west,,full,0.0,budget50,old_margin_guard,1,1,0,0,0.49913344887348354,0.6111111111111112,176,112
A-DENSEUAV-EXTERNAL-001,DenseUAV,CAMP,pooled,plain_same,east_to_west,,full,0.0,full_frozen,old_margin_guard,1,0,1,1,0.0,,,
A-DENSEUAV-EXTERNAL-001,DenseUAV,CAMP,pooled,plain_same,east_to_west,,full,0.0,matched,old_margin_guard,1,0,1,1,0.0,,,
A-DENSEUAV-EXTERNAL-001,DenseUAV,CAMP,pooled,plain_same,east_to_west,,full,0.0,budget10,sq8_margin_guard,1,1,0,0,0.09878682842287695,0.38596491228070173,22,35
A-DENSEUAV-EXTERNAL-001,DenseUAV,CAMP,pooled,plain_same,east_to_west,,full,0.0,budget25,sq8_margin_guard,1,1,0,0,0.24956672443674177,0.4861111111111111,70,74
A-DENSEUAV-EXTERNAL-001,DenseUAV,CAMP,pooled,plain_same,east_to_west,,full,0.0,budget50,sq8_margin_guard,1,1,0,0,0.49913344887348354,0.6111111111111112,176,112
A-DENSEUAV-EXTERNAL-001,DenseUAV,CAMP,pooled,plain_same,east_to_west,,full,0.0,full_frozen,sq8_margin_guard,1,0,1,1,0.0,,,
A-DENSEUAV-EXTERNAL-001,DenseUAV,CAMP,pooled,plain_same,east_to_west,,full,0.0,matched,sq8_margin_guard,1,0,1,1,0.0,,,
A-DENSEUAV-EXTERNAL-001,DenseUAV,CAMP,pooled,plain_same,west_to_east,,target,0.25,budget10,current_su,20,20,0,0,0.1,0.6875,13.75,6.25
A-DENSEUAV-EXTERNAL-001,DenseUAV,CAMP,pooled,plain_same,west_to_east,,target,0.25,budget25,current_su,20,20,0,0,0.25,0.782,39.1,10.9
A-DENSEUAV-EXTERNAL-001,DenseUAV,CAMP,pooled,plain_same,west_to_east,,target,0.25,budget50,current_su,20,20,0,0,0.5,0.8654999999999999,86.55,13.45
A-DENSEUAV-EXTERNAL-001,DenseUAV,CAMP,pooled,plain_same,west_to_east,,target,0.25,full_frozen,current_su,20,20,0,1,0.01175,0.6850877192982456,1.55,0.8
A-DENSEUAV-EXTERNAL-001,DenseUAV,CAMP,pooled,plain_same,west_to_east,,target,0.25,matched,current_su,20,1,19,20,0.0,,0,0
A-DENSEUAV-EXTERNAL-001,DenseUAV,CAMP,pooled,plain_same,west_to_east,,target,0.25,budget10,current_su_guard,20,20,0,0,0.1,0.71,14.2,5.8
A-DENSEUAV-EXTERNAL-001,DenseUAV,CAMP,pooled,plain_same,west_to_east,,target,0.25,budget25,current_su_guard,20,20,0,0,0.25,0.8,40,10
A-DENSEUAV-EXTERNAL-001,DenseUAV,CAMP,pooled,plain_same,west_to_east,,target,0.25,budget50,current_su_guard,20,20,0,0,0.5,0.8775,87.75,12.25
A-DENSEUAV-EXTERNAL-001,DenseUAV,CAMP,pooled,plain_same,west_to_east,,target,0.25,full_frozen,current_su_guard,20,20,0,1,0.0105,0.7017543859649122,1.4,0.7
A-DENSEUAV-EXTERNAL-001,DenseUAV,CAMP,pooled,plain_same,west_to_east,,target,0.25,matched,current_su_guard,20,3,17,20,0.0,,0,0
A-DENSEUAV-EXTERNAL-001,DenseUAV,CAMP,pooled,plain_same,west_to_east,,target,0.25,budget10,old_su,20,20,0,0,0.1,0.73,14.6,5.4
A-DENSEUAV-EXTERNAL-001,DenseUAV,CAMP,pooled,plain_same,west_to_east,,target,0.25,budget25,old_su,20,20,0,0,0.25,0.825,41.25,8.75
A-DENSEUAV-EXTERNAL-001,DenseUAV,CAMP,pooled,plain_same,west_to_east,,target,0.25,budget50,old_su,20,20,0,0,0.5,0.865,86.5,13.5
A-DENSEUAV-EXTERNAL-001,DenseUAV,CAMP,pooled,plain_same,west_to_east,,target,0.25,full_frozen,old_su,20,20,0,20,0.0,,0,0
A-DENSEUAV-EXTERNAL-001,DenseUAV,CAMP,pooled,plain_same,west_to_east,,target,0.25,matched,old_su,20,2,18,20,0.0,,0,0
A-DENSEUAV-EXTERNAL-001,DenseUAV,CAMP,pooled,plain_same,west_to_east,,target,0.25,budget10,old_su_guard,20,20,0,0,0.1,0.735,14.7,5.3
A-DENSEUAV-EXTERNAL-001,DenseUAV,CAMP,pooled,plain_same,west_to_east,,target,0.25,budget25,old_su_guard,20,20,0,0,0.25,0.834,41.7,8.3
A-DENSEUAV-EXTERNAL-001,DenseUAV,CAMP,pooled,plain_same,west_to_east,,target,0.25,budget50,old_su_guard,20,20,0,0,0.5,0.8775,87.75,12.25
A-DENSEUAV-EXTERNAL-001,DenseUAV,CAMP,pooled,plain_same,west_to_east,,target,0.25,full_frozen,old_su_guard,20,20,0,20,0.0,,0,0
A-DENSEUAV-EXTERNAL-001,DenseUAV,CAMP,pooled,plain_same,west_to_east,,target,0.25,matched,old_su_guard,20,8,12,16,0.001,1.0,0.5,0
A-DENSEUAV-EXTERNAL-001,DenseUAV,CAMP,pooled,plain_same,west_to_east,,target,0.25,budget10,current_margin,20,20,0,0,0.1,0.7475,14.95,5.05
A-DENSEUAV-EXTERNAL-001,DenseUAV,CAMP,pooled,plain_same,west_to_east,,target,0.25,budget25,current_margin,20,20,0,0,0.25,0.852,42.6,7.4
A-DENSEUAV-EXTERNAL-001,DenseUAV,CAMP,pooled,plain_same,west_to_east,,target,0.25,budget50,current_margin,20,20,0,0,0.5,0.9105000000000001,91.05,8.95
A-DENSEUAV-EXTERNAL-001,DenseUAV,CAMP,pooled,plain_same,west_to_east,,target,0.25,full_frozen,current_margin,20,0,20,20,0.0,,,
A-DENSEUAV-EXTERNAL-001,DenseUAV,CAMP,pooled,plain_same,west_to_east,,target,0.25,matched,current_margin,20,0,20,20,0.0,,,
A-DENSEUAV-EXTERNAL-001,DenseUAV,CAMP,pooled,plain_same,west_to_east,,target,0.25,budget10,current_margin_guard,20,20,0,0,0.1,0.77,15.4,4.6
A-DENSEUAV-EXTERNAL-001,DenseUAV,CAMP,pooled,plain_same,west_to_east,,target,0.25,budget25,current_margin_guard,20,20,0,0,0.25,0.863,43.15,6.85
A-DENSEUAV-EXTERNAL-001,DenseUAV,CAMP,pooled,plain_same,west_to_east,,target,0.25,budget50,current_margin_guard,20,20,0,0,0.5,0.9025000000000001,90.25,9.75
A-DENSEUAV-EXTERNAL-001,DenseUAV,CAMP,pooled,plain_same,west_to_east,,target,0.25,full_frozen,current_margin_guard,20,0,20,20,0.0,,,
A-DENSEUAV-EXTERNAL-001,DenseUAV,CAMP,pooled,plain_same,west_to_east,,target,0.25,matched,current_margin_guard,20,2,18,19,0.0005,0.5,0.5,0.5
A-DENSEUAV-EXTERNAL-001,DenseUAV,CAMP,pooled,plain_same,west_to_east,,target,0.25,budget10,old_margin_guard,20,20,0,0,0.1,0.8125,16.25,3.75
A-DENSEUAV-EXTERNAL-001,DenseUAV,CAMP,pooled,plain_same,west_to_east,,target,0.25,budget25,old_margin_guard,20,20,0,0,0.25,0.879,43.95,6.05
A-DENSEUAV-EXTERNAL-001,DenseUAV,CAMP,pooled,plain_same,west_to_east,,target,0.25,budget50,old_margin_guard,20,20,0,0,0.5,0.895,89.5,10.5
A-DENSEUAV-EXTERNAL-001,DenseUAV,CAMP,pooled,plain_same,west_to_east,,target,0.25,full_frozen,old_margin_guard,20,0,20,20,0.0,,,
A-DENSEUAV-EXTERNAL-001,DenseUAV,CAMP,pooled,plain_same,west_to_east,,target,0.25,matched,old_margin_guard,20,0,20,20,0.0,,,
A-DENSEUAV-EXTERNAL-001,DenseUAV,CAMP,pooled,plain_same,west_to_east,,target,0.25,budget10,sq8_margin_guard,20,20,0,0,0.1,0.805,16.1,3.9
A-DENSEUAV-EXTERNAL-001,DenseUAV,CAMP,pooled,plain_same,west_to_east,,target,0.25,budget25,sq8_margin_guard,20,20,0,0,0.25,0.9,45,5
A-DENSEUAV-EXTERNAL-001,DenseUAV,CAMP,pooled,plain_same,west_to_east,,target,0.25,budget50,sq8_margin_guard,20,20,0,0,0.5,0.9095,90.95,9.05
A-DENSEUAV-EXTERNAL-001,DenseUAV,CAMP,pooled,plain_same,west_to_east,,target,0.25,full_frozen,sq8_margin_guard,20,0,20,20,0.0,,,
A-DENSEUAV-EXTERNAL-001,DenseUAV,CAMP,pooled,plain_same,west_to_east,,target,0.25,matched,sq8_margin_guard,20,0,20,20,0.0,,,
A-DENSEUAV-EXTERNAL-001,DenseUAV,CAMP,pooled,plain_same,east_to_west,,target,0.25,budget10,current_su,20,20,0,0,0.09878682842287695,0.38421052631578945,21.9,35.1
A-DENSEUAV-EXTERNAL-001,DenseUAV,CAMP,pooled,plain_same,east_to_west,,target,0.25,budget25,current_su,20,20,0,0,0.24956672443674177,0.5201388888888889,74.9,69.1
A-DENSEUAV-EXTERNAL-001,DenseUAV,CAMP,pooled,plain_same,east_to_west,,target,0.25,budget50,current_su,20,20,0,0,0.49913344887348354,0.5902777777777778,170,118
A-DENSEUAV-EXTERNAL-001,DenseUAV,CAMP,pooled,plain_same,east_to_west,,target,0.25,full_frozen,current_su,20,0,20,20,0.0,,,
A-DENSEUAV-EXTERNAL-001,DenseUAV,CAMP,pooled,plain_same,east_to_west,,target,0.25,matched,current_su,20,0,20,20,0.0,,,
A-DENSEUAV-EXTERNAL-001,DenseUAV,CAMP,pooled,plain_same,east_to_west,,target,0.25,budget10,current_su_guard,20,20,0,0,0.09878682842287695,0.3447368421052631,19.65,37.35
A-DENSEUAV-EXTERNAL-001,DenseUAV,CAMP,pooled,plain_same,east_to_west,,target,0.25,budget25,current_su_guard,20,20,0,0,0.24956672443674177,0.48333333333333334,69.6,74.4
A-DENSEUAV-EXTERNAL-001,DenseUAV,CAMP,pooled,plain_same,east_to_west,,target,0.25,budget50,current_su_guard,20,20,0,0,0.49913344887348354,0.5854166666666667,168.6,119.4
A-DENSEUAV-EXTERNAL-001,DenseUAV,CAMP,pooled,plain_same,east_to_west,,target,0.25,full_frozen,current_su_guard,20,0,20,20,0.0,,,
A-DENSEUAV-EXTERNAL-001,DenseUAV,CAMP,pooled,plain_same,east_to_west,,target,0.25,matched,current_su_guard,20,0,20,20,0.0,,,
A-DENSEUAV-EXTERNAL-001,DenseUAV,CAMP,pooled,plain_same,east_to_west,,target,0.25,budget10,old_su,20,20,0,0,0.09878682842287695,0.437719298245614,24.95,32.05
A-DENSEUAV-EXTERNAL-001,DenseUAV,CAMP,pooled,plain_same,east_to_west,,target,0.25,budget25,old_su,20,20,0,0,0.24956672443674177,0.55,79.2,64.8
A-DENSEUAV-EXTERNAL-001,DenseUAV,CAMP,pooled,plain_same,east_to_west,,target,0.25,budget50,old_su,20,20,0,0,0.49913344887348354,0.6102430555555556,175.75,112.25
A-DENSEUAV-EXTERNAL-001,DenseUAV,CAMP,pooled,plain_same,east_to_west,,target,0.25,full_frozen,old_su,20,0,20,20,0.0,,,
A-DENSEUAV-EXTERNAL-001,DenseUAV,CAMP,pooled,plain_same,east_to_west,,target,0.25,matched,old_su,20,0,20,20,0.0,,,
A-DENSEUAV-EXTERNAL-001,DenseUAV,CAMP,pooled,plain_same,east_to_west,,target,0.25,budget10,old_su_guard,20,20,0,0,0.09878682842287695,0.3508771929824561,20,37
A-DENSEUAV-EXTERNAL-001,DenseUAV,CAMP,pooled,plain_same,east_to_west,,target,0.25,budget25,old_su_guard,20,20,0,0,0.24956672443674177,0.48055555555555557,69.2,74.8
A-DENSEUAV-EXTERNAL-001,DenseUAV,CAMP,pooled,plain_same,east_to_west,,target,0.25,budget50,old_su_guard,20,20,0,0,0.49913344887348354,0.5921875,170.55,117.45
A-DENSEUAV-EXTERNAL-001,DenseUAV,CAMP,pooled,plain_same,east_to_west,,target,0.25,full_frozen,old_su_guard,20,0,20,20,0.0,,,
A-DENSEUAV-EXTERNAL-001,DenseUAV,CAMP,pooled,plain_same,east_to_west,,target,0.25,matched,old_su_guard,20,0,20,20,0.0,,,
A-DENSEUAV-EXTERNAL-001,DenseUAV,CAMP,pooled,plain_same,east_to_west,,target,0.25,budget10,current_margin,20,20,0,0,0.09878682842287695,0.47105263157894733,26.85,30.15
A-DENSEUAV-EXTERNAL-001,DenseUAV,CAMP,pooled,plain_same,east_to_west,,target,0.25,budget25,current_margin,20,20,0,0,0.24956672443674177,0.55,79.2,64.8
A-DENSEUAV-EXTERNAL-001,DenseUAV,CAMP,pooled,plain_same,east_to_west,,target,0.25,budget50,current_margin,20,20,0,0,0.49913344887348354,0.6621527777777778,190.7,97.3
A-DENSEUAV-EXTERNAL-001,DenseUAV,CAMP,pooled,plain_same,east_to_west,,target,0.25,full_frozen,current_margin,20,0,20,20,0.0,,,
A-DENSEUAV-EXTERNAL-001,DenseUAV,CAMP,pooled,plain_same,east_to_west,,target,0.25,matched,current_margin,20,0,20,20,0.0,,,
A-DENSEUAV-EXTERNAL-001,DenseUAV,CAMP,pooled,plain_same,east_to_west,,target,0.25,budget10,current_margin_guard,20,20,0,0,0.09878682842287695,0.43421052631578944,24.75,32.25
A-DENSEUAV-EXTERNAL-001,DenseUAV,CAMP,pooled,plain_same,east_to_west,,target,0.25,budget25,current_margin_guard,20,20,0,0,0.24956672443674177,0.5350694444444445,77.05,66.95
A-DENSEUAV-EXTERNAL-001,DenseUAV,CAMP,pooled,plain_same,east_to_west,,target,0.25,budget50,current_margin_guard,20,20,0,0,0.49913344887348354,0.6447916666666667,185.7,102.3
A-DENSEUAV-EXTERNAL-001,DenseUAV,CAMP,pooled,plain_same,east_to_west,,target,0.25,full_frozen,current_margin_guard,20,0,20,20,0.0,,,
A-DENSEUAV-EXTERNAL-001,DenseUAV,CAMP,pooled,plain_same,east_to_west,,target,0.25,matched,current_margin_guard,20,0,20,20,0.0,,,
A-DENSEUAV-EXTERNAL-001,DenseUAV,CAMP,pooled,plain_same,east_to_west,,target,0.25,budget10,old_margin_guard,20,20,0,0,0.09878682842287695,0.3833333333333333,21.85,35.15
A-DENSEUAV-EXTERNAL-001,DenseUAV,CAMP,pooled,plain_same,east_to_west,,target,0.25,budget25,old_margin_guard,20,20,0,0,0.24956672443674177,0.5381944444444444,77.5,66.5
A-DENSEUAV-EXTERNAL-001,DenseUAV,CAMP,pooled,plain_same,east_to_west,,target,0.25,budget50,old_margin_guard,20,20,0,0,0.49913344887348354,0.6435763888888889,185.35,102.65
A-DENSEUAV-EXTERNAL-001,DenseUAV,CAMP,pooled,plain_same,east_to_west,,target,0.25,full_frozen,old_margin_guard,20,0,20,20,0.0,,,
A-DENSEUAV-EXTERNAL-001,DenseUAV,CAMP,pooled,plain_same,east_to_west,,target,0.25,matched,old_margin_guard,20,0,20,20,0.0,,,
A-DENSEUAV-EXTERNAL-001,DenseUAV,CAMP,pooled,plain_same,east_to_west,,target,0.25,budget10,sq8_margin_guard,20,20,0,0,0.09878682842287695,0.4052631578947368,23.1,33.9
A-DENSEUAV-EXTERNAL-001,DenseUAV,CAMP,pooled,plain_same,east_to_west,,target,0.25,budget25,sq8_margin_guard,20,20,0,0,0.24956672443674177,0.5607638888888888,80.75,63.25
A-DENSEUAV-EXTERNAL-001,DenseUAV,CAMP,pooled,plain_same,east_to_west,,target,0.25,budget50,sq8_margin_guard,20,20,0,0,0.49913344887348354,0.6467013888888888,186.25,101.75
A-DENSEUAV-EXTERNAL-001,DenseUAV,CAMP,pooled,plain_same,east_to_west,,target,0.25,full_frozen,sq8_margin_guard,20,0,20,20,0.0,,,
A-DENSEUAV-EXTERNAL-001,DenseUAV,CAMP,pooled,plain_same,east_to_west,,target,0.25,matched,sq8_margin_guard,20,0,20,20,0.0,,,
A-DENSEUAV-EXTERNAL-001,DenseUAV,CAMP,pooled,plain_same,west_to_east,,target,0.5,budget10,current_su,20,20,0,0,0.1,0.705,14.1,5.9
A-DENSEUAV-EXTERNAL-001,DenseUAV,CAMP,pooled,plain_same,west_to_east,,target,0.5,budget25,current_su,20,20,0,0,0.25,0.824,41.2,8.8
A-DENSEUAV-EXTERNAL-001,DenseUAV,CAMP,pooled,plain_same,west_to_east,,target,0.5,budget50,current_su,20,20,0,0,0.5,0.8985,89.85,10.15
A-DENSEUAV-EXTERNAL-001,DenseUAV,CAMP,pooled,plain_same,west_to_east,,target,0.5,full_frozen,current_su,20,20,0,0,0.035250000000000004,0.5386111111111112,3.9,3.15
A-DENSEUAV-EXTERNAL-001,DenseUAV,CAMP,pooled,plain_same,west_to_east,,target,0.5,matched,current_su,20,0,20,20,0.0,,,
A-DENSEUAV-EXTERNAL-001,DenseUAV,CAMP,pooled,plain_same,west_to_east,,target,0.5,budget10,current_su_guard,20,20,0,0,0.1,0.7375,14.75,5.25
A-DENSEUAV-EXTERNAL-001,DenseUAV,CAMP,pooled,plain_same,west_to_east,,target,0.5,budget25,current_su_guard,20,20,0,0,0.25,0.846,42.3,7.7
A-DENSEUAV-EXTERNAL-001,DenseUAV,CAMP,pooled,plain_same,west_to_east,,target,0.5,budget50,current_su_guard,20,20,0,0,0.5,0.9195,91.95,8.05
A-DENSEUAV-EXTERNAL-001,DenseUAV,CAMP,pooled,plain_same,west_to_east,,target,0.5,full_frozen,current_su_guard,20,20,0,0,0.02675,0.4876587301587302,2.7,2.65
A-DENSEUAV-EXTERNAL-001,DenseUAV,CAMP,pooled,plain_same,west_to_east,,target,0.5,matched,current_su_guard,20,2,18,19,0.00025,0.0,0,0.5
A-DENSEUAV-EXTERNAL-001,DenseUAV,CAMP,pooled,plain_same,west_to_east,,target,0.5,budget10,old_su,20,20,0,0,0.1,0.775,15.5,4.5
A-DENSEUAV-EXTERNAL-001,DenseUAV,CAMP,pooled,plain_same,west_to_east,,target,0.5,budget25,old_su,20,20,0,0,0.25,0.868,43.4,6.6
A-DENSEUAV-EXTERNAL-001,DenseUAV,CAMP,pooled,plain_same,west_to_east,,target,0.5,budget50,old_su,20,20,0,0,0.5,0.9,90,10
A-DENSEUAV-EXTERNAL-001,DenseUAV,CAMP,pooled,plain_same,west_to_east,,target,0.5,full_frozen,old_su,20,20,0,20,0.0,,0,0
A-DENSEUAV-EXTERNAL-001,DenseUAV,CAMP,pooled,plain_same,west_to_east,,target,0.5,matched,old_su,20,0,20,20,0.0,,,
A-DENSEUAV-EXTERNAL-001,DenseUAV,CAMP,pooled,plain_same,west_to_east,,target,0.5,budget10,old_su_guard,20,20,0,0,0.1,0.785,15.7,4.3
A-DENSEUAV-EXTERNAL-001,DenseUAV,CAMP,pooled,plain_same,west_to_east,,target,0.5,budget25,old_su_guard,20,20,0,0,0.25,0.863,43.15,6.85
A-DENSEUAV-EXTERNAL-001,DenseUAV,CAMP,pooled,plain_same,west_to_east,,target,0.5,budget50,old_su_guard,20,20,0,0,0.5,0.9195,91.95,8.05
A-DENSEUAV-EXTERNAL-001,DenseUAV,CAMP,pooled,plain_same,west_to_east,,target,0.5,full_frozen,old_su_guard,20,20,0,20,0.0,,0,0
A-DENSEUAV-EXTERNAL-001,DenseUAV,CAMP,pooled,plain_same,west_to_east,,target,0.5,matched,old_su_guard,20,6,14,17,0.001,1.0,0.6666666666666666,0
A-DENSEUAV-EXTERNAL-001,DenseUAV,CAMP,pooled,plain_same,west_to_east,,target,0.5,budget10,current_margin,20,20,0,0,0.1,0.7625,15.25,4.75
A-DENSEUAV-EXTERNAL-001,DenseUAV,CAMP,pooled,plain_same,west_to_east,,target,0.5,budget25,current_margin,20,20,0,0,0.25,0.864,43.2,6.8
A-DENSEUAV-EXTERNAL-001,DenseUAV,CAMP,pooled,plain_same,west_to_east,,target,0.5,budget50,current_margin,20,20,0,0,0.5,0.923,92.3,7.7
A-DENSEUAV-EXTERNAL-001,DenseUAV,CAMP,pooled,plain_same,west_to_east,,target,0.5,full_frozen,current_margin,20,0,20,20,0.0,,,
A-DENSEUAV-EXTERNAL-001,DenseUAV,CAMP,pooled,plain_same,west_to_east,,target,0.5,matched,current_margin,20,0,20,20,0.0,,,
A-DENSEUAV-EXTERNAL-001,DenseUAV,CAMP,pooled,plain_same,west_to_east,,target,0.5,budget10,current_margin_guard,20,20,0,0,0.1,0.7975,15.95,4.05
A-DENSEUAV-EXTERNAL-001,DenseUAV,CAMP,pooled,plain_same,west_to_east,,target,0.5,budget25,current_margin_guard,20,20,0,0,0.25,0.885,44.25,5.75
A-DENSEUAV-EXTERNAL-001,DenseUAV,CAMP,pooled,plain_same,west_to_east,,target,0.5,budget50,current_margin_guard,20,20,0,0,0.5,0.925,92.5,7.5
A-DENSEUAV-EXTERNAL-001,DenseUAV,CAMP,pooled,plain_same,west_to_east,,target,0.5,full_frozen,current_margin_guard,20,0,20,20,0.0,,,
A-DENSEUAV-EXTERNAL-001,DenseUAV,CAMP,pooled,plain_same,west_to_east,,target,0.5,matched,current_margin_guard,20,0,20,20,0.0,,,
A-DENSEUAV-EXTERNAL-001,DenseUAV,CAMP,pooled,plain_same,west_to_east,,target,0.5,budget10,old_margin_guard,20,20,0,0,0.1,0.8575,17.15,2.85
A-DENSEUAV-EXTERNAL-001,DenseUAV,CAMP,pooled,plain_same,west_to_east,,target,0.5,budget25,old_margin_guard,20,20,0,0,0.25,0.919,45.95,4.05
A-DENSEUAV-EXTERNAL-001,DenseUAV,CAMP,pooled,plain_same,west_to_east,,target,0.5,budget50,old_margin_guard,20,20,0,0,0.5,0.926,92.6,7.4
A-DENSEUAV-EXTERNAL-001,DenseUAV,CAMP,pooled,plain_same,west_to_east,,target,0.5,full_frozen,old_margin_guard,20,0,20,20,0.0,,,
A-DENSEUAV-EXTERNAL-001,DenseUAV,CAMP,pooled,plain_same,west_to_east,,target,0.5,matched,old_margin_guard,20,0,20,20,0.0,,,
A-DENSEUAV-EXTERNAL-001,DenseUAV,CAMP,pooled,plain_same,west_to_east,,target,0.5,budget10,sq8_margin_guard,20,20,0,0,0.1,0.8725,17.45,2.55
A-DENSEUAV-EXTERNAL-001,DenseUAV,CAMP,pooled,plain_same,west_to_east,,target,0.5,budget25,sq8_margin_guard,20,20,0,0,0.25,0.934,46.7,3.3
A-DENSEUAV-EXTERNAL-001,DenseUAV,CAMP,pooled,plain_same,west_to_east,,target,0.5,budget50,sq8_margin_guard,20,18,2,2,0.45,0.9444444444444444,94.44444444444444,5.555555555555555
A-DENSEUAV-EXTERNAL-001,DenseUAV,CAMP,pooled,plain_same,west_to_east,,target,0.5,full_frozen,sq8_margin_guard,20,0,20,20,0.0,,,
A-DENSEUAV-EXTERNAL-001,DenseUAV,CAMP,pooled,plain_same,west_to_east,,target,0.5,matched,sq8_margin_guard,20,0,20,20,0.0,,,
A-DENSEUAV-EXTERNAL-001,DenseUAV,CAMP,pooled,plain_same,east_to_west,,target,0.5,budget10,current_su,20,20,0,0,0.09878682842287695,0.4921052631578947,28.05,28.95
A-DENSEUAV-EXTERNAL-001,DenseUAV,CAMP,pooled,plain_same,east_to_west,,target,0.5,budget25,current_su,20,20,0,0,0.24956672443674177,0.5920138888888888,85.25,58.75
A-DENSEUAV-EXTERNAL-001,DenseUAV,CAMP,pooled,plain_same,east_to_west,,target,0.5,budget50,current_su,20,20,0,0,0.49913344887348354,0.6673611111111111,192.2,95.8
A-DENSEUAV-EXTERNAL-001,DenseUAV,CAMP,pooled,plain_same,east_to_west,,target,0.5,full_frozen,current_su,20,0,20,20,0.0,,,
A-DENSEUAV-EXTERNAL-001,DenseUAV,CAMP,pooled,plain_same,east_to_west,,target,0.5,matched,current_su,20,0,20,20,0.0,,,
A-DENSEUAV-EXTERNAL-001,DenseUAV,CAMP,pooled,plain_same,east_to_west,,target,0.5,budget10,current_su_guard,20,20,0,0,0.09878682842287695,0.4184210526315789,23.85,33.15
A-DENSEUAV-EXTERNAL-001,DenseUAV,CAMP,pooled,plain_same,east_to_west,,target,0.5,budget25,current_su_guard,20,20,0,0,0.24956672443674177,0.5357638888888889,77.15,66.85
A-DENSEUAV-EXTERNAL-001,DenseUAV,CAMP,pooled,plain_same,east_to_west,,target,0.5,budget50,current_su_guard,20,20,0,0,0.49913344887348354,0.6984375,201.15,86.85
A-DENSEUAV-EXTERNAL-001,DenseUAV,CAMP,pooled,plain_same,east_to_west,,target,0.5,full_frozen,current_su_guard,20,0,20,20,0.0,,,
A-DENSEUAV-EXTERNAL-001,DenseUAV,CAMP,pooled,plain_same,east_to_west,,target,0.5,matched,current_su_guard,20,0,20,20,0.0,,,
A-DENSEUAV-EXTERNAL-001,DenseUAV,CAMP,pooled,plain_same,east_to_west,,target,0.5,budget10,old_su,20,20,0,0,0.09878682842287695,0.5921052631578947,33.75,23.25
A-DENSEUAV-EXTERNAL-001,DenseUAV,CAMP,pooled,plain_same,east_to_west,,target,0.5,budget25,old_su,20,20,0,0,0.24956672443674177,0.6618055555555555,95.3,48.7
A-DENSEUAV-EXTERNAL-001,DenseUAV,CAMP,pooled,plain_same,east_to_west,,target,0.5,budget50,old_su,20,20,0,0,0.49913344887348354,0.7015625,202.05,85.95
A-DENSEUAV-EXTERNAL-001,DenseUAV,CAMP,pooled,plain_same,east_to_west,,target,0.5,full_frozen,old_su,20,0,20,20,0.0,,,
A-DENSEUAV-EXTERNAL-001,DenseUAV,CAMP,pooled,plain_same,east_to_west,,target,0.5,matched,old_su,20,0,20,20,0.0,,,
A-DENSEUAV-EXTERNAL-001,DenseUAV,CAMP,pooled,plain_same,east_to_west,,target,0.5,budget10,old_su_guard,20,20,0,0,0.09878682842287695,0.4333333333333333,24.7,32.3
A-DENSEUAV-EXTERNAL-001,DenseUAV,CAMP,pooled,plain_same,east_to_west,,target,0.5,budget25,old_su_guard,20,20,0,0,0.24956672443674177,0.5513888888888889,79.4,64.6
A-DENSEUAV-EXTERNAL-001,DenseUAV,CAMP,pooled,plain_same,east_to_west,,target,0.5,budget50,old_su_guard,20,20,0,0,0.49913344887348354,0.6975694444444445,200.9,87.1
A-DENSEUAV-EXTERNAL-001,DenseUAV,CAMP,pooled,plain_same,east_to_west,,target,0.5,full_frozen,old_su_guard,20,0,20,20,0.0,,,
A-DENSEUAV-EXTERNAL-001,DenseUAV,CAMP,pooled,plain_same,east_to_west,,target,0.5,matched,old_su_guard,20,0,20,20,0.0,,,
A-DENSEUAV-EXTERNAL-001,DenseUAV,CAMP,pooled,plain_same,east_to_west,,target,0.5,budget10,current_margin,20,20,0,0,0.09878682842287695,0.543859649122807,31,26
A-DENSEUAV-EXTERNAL-001,DenseUAV,CAMP,pooled,plain_same,east_to_west,,target,0.5,budget25,current_margin,20,20,0,0,0.24956672443674177,0.6274305555555556,90.35,53.65
A-DENSEUAV-EXTERNAL-001,DenseUAV,CAMP,pooled,plain_same,east_to_west,,target,0.5,budget50,current_margin,20,20,0,0,0.49913344887348354,0.7173611111111111,206.6,81.4
A-DENSEUAV-EXTERNAL-001,DenseUAV,CAMP,pooled,plain_same,east_to_west,,target,0.5,full_frozen,current_margin,20,0,20,20,0.0,,,
A-DENSEUAV-EXTERNAL-001,DenseUAV,CAMP,pooled,plain_same,east_to_west,,target,0.5,matched,current_margin,20,0,20,20,0.0,,,
A-DENSEUAV-EXTERNAL-001,DenseUAV,CAMP,pooled,plain_same,east_to_west,,target,0.5,budget10,current_margin_guard,20,20,0,0,0.09878682842287695,0.4964912280701754,28.3,28.7
A-DENSEUAV-EXTERNAL-001,DenseUAV,CAMP,pooled,plain_same,east_to_west,,target,0.5,budget25,current_margin_guard,20,20,0,0,0.24956672443674177,0.6076388888888888,87.5,56.5
A-DENSEUAV-EXTERNAL-001,DenseUAV,CAMP,pooled,plain_same,east_to_west,,target,0.5,budget50,current_margin_guard,20,20,0,0,0.49913344887348354,0.7076388888888889,203.8,84.2
A-DENSEUAV-EXTERNAL-001,DenseUAV,CAMP,pooled,plain_same,east_to_west,,target,0.5,full_frozen,current_margin_guard,20,0,20,20,0.0,,,
A-DENSEUAV-EXTERNAL-001,DenseUAV,CAMP,pooled,plain_same,east_to_west,,target,0.5,matched,current_margin_guard,20,0,20,20,0.0,,,
A-DENSEUAV-EXTERNAL-001,DenseUAV,CAMP,pooled,plain_same,east_to_west,,target,0.5,budget10,old_margin_guard,20,20,0,0,0.09878682842287695,0.45789473684210524,26.1,30.9
A-DENSEUAV-EXTERNAL-001,DenseUAV,CAMP,pooled,plain_same,east_to_west,,target,0.5,budget25,old_margin_guard,20,20,0,0,0.24956672443674177,0.6465277777777778,93.1,50.9
A-DENSEUAV-EXTERNAL-001,DenseUAV,CAMP,pooled,plain_same,east_to_west,,target,0.5,budget50,old_margin_guard,20,20,0,0,0.49913344887348354,0.7081597222222222,203.95,84.05
A-DENSEUAV-EXTERNAL-001,DenseUAV,CAMP,pooled,plain_same,east_to_west,,target,0.5,full_frozen,old_margin_guard,20,0,20,20,0.0,,,
A-DENSEUAV-EXTERNAL-001,DenseUAV,CAMP,pooled,plain_same,east_to_west,,target,0.5,matched,old_margin_guard,20,0,20,20,0.0,,,
A-DENSEUAV-EXTERNAL-001,DenseUAV,CAMP,pooled,plain_same,east_to_west,,target,0.5,budget10,sq8_margin_guard,20,20,0,0,0.09878682842287695,0.531578947368421,30.3,26.7
A-DENSEUAV-EXTERNAL-001,DenseUAV,CAMP,pooled,plain_same,east_to_west,,target,0.5,budget25,sq8_margin_guard,20,20,0,0,0.24956672443674177,0.6347222222222222,91.4,52.6
A-DENSEUAV-EXTERNAL-001,DenseUAV,CAMP,pooled,plain_same,east_to_west,,target,0.5,budget50,sq8_margin_guard,20,0,20,20,0.0,,,
A-DENSEUAV-EXTERNAL-001,DenseUAV,CAMP,pooled,plain_same,east_to_west,,target,0.5,full_frozen,sq8_margin_guard,20,0,20,20,0.0,,,
A-DENSEUAV-EXTERNAL-001,DenseUAV,CAMP,pooled,plain_same,east_to_west,,target,0.5,matched,sq8_margin_guard,20,0,20,20,0.0,,,
A-DENSEUAV-EXTERNAL-001,DenseUAV,CAMP,pooled,plain_same,west_to_east,,control,0.25,budget10,current_su,20,20,0,0,0.1,0.6799999999999999,13.6,6.4
A-DENSEUAV-EXTERNAL-001,DenseUAV,CAMP,pooled,plain_same,west_to_east,,control,0.25,budget25,current_su,20,20,0,0,0.25,0.796,39.8,10.2
A-DENSEUAV-EXTERNAL-001,DenseUAV,CAMP,pooled,plain_same,west_to_east,,control,0.25,budget50,current_su,20,20,0,0,0.5,0.85,85,15
A-DENSEUAV-EXTERNAL-001,DenseUAV,CAMP,pooled,plain_same,west_to_east,,control,0.25,full_frozen,current_su,20,20,0,19,0.00025,1.0,0.05,0
A-DENSEUAV-EXTERNAL-001,DenseUAV,CAMP,pooled,plain_same,west_to_east,,control,0.25,matched,current_su,20,20,0,19,0.00025,1.0,0.05,0
A-DENSEUAV-EXTERNAL-001,DenseUAV,CAMP,pooled,plain_same,west_to_east,,control,0.25,budget10,current_su_guard,20,20,0,0,0.1,0.6799999999999999,13.6,6.4
A-DENSEUAV-EXTERNAL-001,DenseUAV,CAMP,pooled,plain_same,west_to_east,,control,0.25,budget25,current_su_guard,20,20,0,0,0.25,0.796,39.8,10.2
A-DENSEUAV-EXTERNAL-001,DenseUAV,CAMP,pooled,plain_same,west_to_east,,control,0.25,budget50,current_su_guard,20,20,0,0,0.5,0.8474999999999999,84.75,15.25
A-DENSEUAV-EXTERNAL-001,DenseUAV,CAMP,pooled,plain_same,west_to_east,,control,0.25,full_frozen,current_su_guard,20,20,0,19,0.00025,1.0,0.05,0
A-DENSEUAV-EXTERNAL-001,DenseUAV,CAMP,pooled,plain_same,west_to_east,,control,0.25,matched,current_su_guard,20,20,0,19,0.00025,1.0,0.05,0
A-DENSEUAV-EXTERNAL-001,DenseUAV,CAMP,pooled,plain_same,west_to_east,,control,0.25,budget10,old_su,20,20,0,0,0.1,0.7,14,6
A-DENSEUAV-EXTERNAL-001,DenseUAV,CAMP,pooled,plain_same,west_to_east,,control,0.25,budget25,old_su,20,20,0,0,0.25,0.8,40,10
A-DENSEUAV-EXTERNAL-001,DenseUAV,CAMP,pooled,plain_same,west_to_east,,control,0.25,budget50,old_su,20,20,0,0,0.5,0.84,84,16
A-DENSEUAV-EXTERNAL-001,DenseUAV,CAMP,pooled,plain_same,west_to_east,,control,0.25,full_frozen,old_su,20,20,0,20,0.0,,0,0
A-DENSEUAV-EXTERNAL-001,DenseUAV,CAMP,pooled,plain_same,west_to_east,,control,0.25,matched,old_su,20,20,0,20,0.0,,0,0
A-DENSEUAV-EXTERNAL-001,DenseUAV,CAMP,pooled,plain_same,west_to_east,,control,0.25,budget10,old_su_guard,20,20,0,0,0.1,0.7,14,6
A-DENSEUAV-EXTERNAL-001,DenseUAV,CAMP,pooled,plain_same,west_to_east,,control,0.25,budget25,old_su_guard,20,20,0,0,0.25,0.796,39.8,10.2
A-DENSEUAV-EXTERNAL-001,DenseUAV,CAMP,pooled,plain_same,west_to_east,,control,0.25,budget50,old_su_guard,20,20,0,0,0.5,0.84,84,16
A-DENSEUAV-EXTERNAL-001,DenseUAV,CAMP,pooled,plain_same,west_to_east,,control,0.25,full_frozen,old_su_guard,20,20,0,20,0.0,,0,0
A-DENSEUAV-EXTERNAL-001,DenseUAV,CAMP,pooled,plain_same,west_to_east,,control,0.25,matched,old_su_guard,20,20,0,20,0.0,,0,0
A-DENSEUAV-EXTERNAL-001,DenseUAV,CAMP,pooled,plain_same,west_to_east,,control,0.25,budget10,current_margin,20,20,0,0,0.1,0.8,16,4
A-DENSEUAV-EXTERNAL-001,DenseUAV,CAMP,pooled,plain_same,west_to_east,,control,0.25,budget25,current_margin,20,20,0,0,0.25,0.846,42.3,7.7
A-DENSEUAV-EXTERNAL-001,DenseUAV,CAMP,pooled,plain_same,west_to_east,,control,0.25,budget50,current_margin,20,20,0,0,0.5,0.897,89.7,10.3
A-DENSEUAV-EXTERNAL-001,DenseUAV,CAMP,pooled,plain_same,west_to_east,,control,0.25,full_frozen,current_margin,20,0,20,20,0.0,,,
A-DENSEUAV-EXTERNAL-001,DenseUAV,CAMP,pooled,plain_same,west_to_east,,control,0.25,matched,current_margin,20,0,20,20,0.0,,,
A-DENSEUAV-EXTERNAL-001,DenseUAV,CAMP,pooled,plain_same,west_to_east,,control,0.25,budget10,current_margin_guard,20,20,0,0,0.1,0.8,16,4
A-DENSEUAV-EXTERNAL-001,DenseUAV,CAMP,pooled,plain_same,west_to_east,,control,0.25,budget25,current_margin_guard,20,20,0,0,0.25,0.841,42.05,7.95
A-DENSEUAV-EXTERNAL-001,DenseUAV,CAMP,pooled,plain_same,west_to_east,,control,0.25,budget50,current_margin_guard,20,20,0,0,0.5,0.8925000000000001,89.25,10.75
A-DENSEUAV-EXTERNAL-001,DenseUAV,CAMP,pooled,plain_same,west_to_east,,control,0.25,full_frozen,current_margin_guard,20,0,20,20,0.0,,,
A-DENSEUAV-EXTERNAL-001,DenseUAV,CAMP,pooled,plain_same,west_to_east,,control,0.25,matched,current_margin_guard,20,0,20,20,0.0,,,
A-DENSEUAV-EXTERNAL-001,DenseUAV,CAMP,pooled,plain_same,west_to_east,,control,0.25,budget10,old_margin_guard,20,20,0,0,0.1,0.8,16,4
A-DENSEUAV-EXTERNAL-001,DenseUAV,CAMP,pooled,plain_same,west_to_east,,control,0.25,budget25,old_margin_guard,20,20,0,0,0.25,0.84,42,8
A-DENSEUAV-EXTERNAL-001,DenseUAV,CAMP,pooled,plain_same,west_to_east,,control,0.25,budget50,old_margin_guard,20,20,0,0,0.5,0.8845000000000001,88.45,11.55
A-DENSEUAV-EXTERNAL-001,DenseUAV,CAMP,pooled,plain_same,west_to_east,,control,0.25,full_frozen,old_margin_guard,20,0,20,20,0.0,,,
A-DENSEUAV-EXTERNAL-001,DenseUAV,CAMP,pooled,plain_same,west_to_east,,control,0.25,matched,old_margin_guard,20,0,20,20,0.0,,,
A-DENSEUAV-EXTERNAL-001,DenseUAV,CAMP,pooled,plain_same,west_to_east,,control,0.25,budget10,sq8_margin_guard,20,20,0,0,0.1,0.78,15.6,4.4
A-DENSEUAV-EXTERNAL-001,DenseUAV,CAMP,pooled,plain_same,west_to_east,,control,0.25,budget25,sq8_margin_guard,20,20,0,0,0.25,0.843,42.15,7.85
A-DENSEUAV-EXTERNAL-001,DenseUAV,CAMP,pooled,plain_same,west_to_east,,control,0.25,budget50,sq8_margin_guard,20,20,0,0,0.5,0.8634999999999999,86.35,13.65
A-DENSEUAV-EXTERNAL-001,DenseUAV,CAMP,pooled,plain_same,west_to_east,,control,0.25,full_frozen,sq8_margin_guard,20,0,20,20,0.0,,,
A-DENSEUAV-EXTERNAL-001,DenseUAV,CAMP,pooled,plain_same,west_to_east,,control,0.25,matched,sq8_margin_guard,20,0,20,20,0.0,,,
A-DENSEUAV-EXTERNAL-001,DenseUAV,CAMP,pooled,plain_same,east_to_west,,control,0.25,budget10,current_su,20,20,0,0,0.09878682842287695,0.3070175438596491,17.5,39.5
A-DENSEUAV-EXTERNAL-001,DenseUAV,CAMP,pooled,plain_same,east_to_west,,control,0.25,budget25,current_su,20,20,0,0,0.24956672443674177,0.45902777777777776,66.1,77.9
A-DENSEUAV-EXTERNAL-001,DenseUAV,CAMP,pooled,plain_same,east_to_west,,control,0.25,budget50,current_su,20,20,0,0,0.49913344887348354,0.5373263888888888,154.75,133.25
A-DENSEUAV-EXTERNAL-001,DenseUAV,CAMP,pooled,plain_same,east_to_west,,control,0.25,full_frozen,current_su,20,0,20,20,0.0,,,
A-DENSEUAV-EXTERNAL-001,DenseUAV,CAMP,pooled,plain_same,east_to_west,,control,0.25,matched,current_su,20,0,20,20,0.0,,,
A-DENSEUAV-EXTERNAL-001,DenseUAV,CAMP,pooled,plain_same,east_to_west,,control,0.25,budget10,current_su_guard,20,20,0,0,0.09878682842287695,0.3070175438596491,17.5,39.5
A-DENSEUAV-EXTERNAL-001,DenseUAV,CAMP,pooled,plain_same,east_to_west,,control,0.25,budget25,current_su_guard,20,20,0,0,0.24956672443674177,0.45902777777777776,66.1,77.9
A-DENSEUAV-EXTERNAL-001,DenseUAV,CAMP,pooled,plain_same,east_to_west,,control,0.25,budget50,current_su_guard,20,20,0,0,0.49913344887348354,0.5371527777777778,154.7,133.3
A-DENSEUAV-EXTERNAL-001,DenseUAV,CAMP,pooled,plain_same,east_to_west,,control,0.25,full_frozen,current_su_guard,20,0,20,20,0.0,,,
A-DENSEUAV-EXTERNAL-001,DenseUAV,CAMP,pooled,plain_same,east_to_west,,control,0.25,matched,current_su_guard,20,0,20,20,0.0,,,
A-DENSEUAV-EXTERNAL-001,DenseUAV,CAMP,pooled,plain_same,east_to_west,,control,0.25,budget10,old_su,20,20,0,0,0.09878682842287695,0.3157894736842105,18,39
A-DENSEUAV-EXTERNAL-001,DenseUAV,CAMP,pooled,plain_same,east_to_west,,control,0.25,budget25,old_su,20,20,0,0,0.24956672443674177,0.4583333333333333,66,78
A-DENSEUAV-EXTERNAL-001,DenseUAV,CAMP,pooled,plain_same,east_to_west,,control,0.25,budget50,old_su,20,20,0,0,0.49913344887348354,0.5381944444444444,155,133
A-DENSEUAV-EXTERNAL-001,DenseUAV,CAMP,pooled,plain_same,east_to_west,,control,0.25,full_frozen,old_su,20,0,20,20,0.0,,,
A-DENSEUAV-EXTERNAL-001,DenseUAV,CAMP,pooled,plain_same,east_to_west,,control,0.25,matched,old_su,20,0,20,20,0.0,,,
A-DENSEUAV-EXTERNAL-001,DenseUAV,CAMP,pooled,plain_same,east_to_west,,control,0.25,budget10,old_su_guard,20,20,0,0,0.09878682842287695,0.3131578947368421,17.85,39.15
A-DENSEUAV-EXTERNAL-001,DenseUAV,CAMP,pooled,plain_same,east_to_west,,control,0.25,budget25,old_su_guard,20,20,0,0,0.24956672443674177,0.45694444444444443,65.8,78.2
A-DENSEUAV-EXTERNAL-001,DenseUAV,CAMP,pooled,plain_same,east_to_west,,control,0.25,budget50,old_su_guard,20,20,0,0,0.49913344887348354,0.5375,154.8,133.2
A-DENSEUAV-EXTERNAL-001,DenseUAV,CAMP,pooled,plain_same,east_to_west,,control,0.25,full_frozen,old_su_guard,20,0,20,20,0.0,,,
A-DENSEUAV-EXTERNAL-001,DenseUAV,CAMP,pooled,plain_same,east_to_west,,control,0.25,matched,old_su_guard,20,0,20,20,0.0,,,
A-DENSEUAV-EXTERNAL-001,DenseUAV,CAMP,pooled,plain_same,east_to_west,,control,0.25,budget10,current_margin,20,20,0,0,0.09878682842287695,0.3771929824561403,21.5,35.5
A-DENSEUAV-EXTERNAL-001,DenseUAV,CAMP,pooled,plain_same,east_to_west,,control,0.25,budget25,current_margin,20,20,0,0,0.24956672443674177,0.48333333333333334,69.6,74.4
A-DENSEUAV-EXTERNAL-001,DenseUAV,CAMP,pooled,plain_same,east_to_west,,control,0.25,budget50,current_margin,20,20,0,0,0.49913344887348354,0.6097222222222223,175.6,112.4
A-DENSEUAV-EXTERNAL-001,DenseUAV,CAMP,pooled,plain_same,east_to_west,,control,0.25,full_frozen,current_margin,20,0,20,20,0.0,,,
A-DENSEUAV-EXTERNAL-001,DenseUAV,CAMP,pooled,plain_same,east_to_west,,control,0.25,matched,current_margin,20,0,20,20,0.0,,,
A-DENSEUAV-EXTERNAL-001,DenseUAV,CAMP,pooled,plain_same,east_to_west,,control,0.25,budget10,current_margin_guard,20,20,0,0,0.09878682842287695,0.3771929824561403,21.5,35.5
A-DENSEUAV-EXTERNAL-001,DenseUAV,CAMP,pooled,plain_same,east_to_west,,control,0.25,budget25,current_margin_guard,20,20,0,0,0.24956672443674177,0.4847222222222222,69.8,74.2
A-DENSEUAV-EXTERNAL-001,DenseUAV,CAMP,pooled,plain_same,east_to_west,,control,0.25,budget50,current_margin_guard,20,20,0,0,0.49913344887348354,0.6078125,175.05,112.95
A-DENSEUAV-EXTERNAL-001,DenseUAV,CAMP,pooled,plain_same,east_to_west,,control,0.25,full_frozen,current_margin_guard,20,0,20,20,0.0,,,
A-DENSEUAV-EXTERNAL-001,DenseUAV,CAMP,pooled,plain_same,east_to_west,,control,0.25,matched,current_margin_guard,20,0,20,20,0.0,,,
A-DENSEUAV-EXTERNAL-001,DenseUAV,CAMP,pooled,plain_same,east_to_west,,control,0.25,budget10,old_margin_guard,20,20,0,0,0.09878682842287695,0.3771929824561403,21.5,35.5
A-DENSEUAV-EXTERNAL-001,DenseUAV,CAMP,pooled,plain_same,east_to_west,,control,0.25,budget25,old_margin_guard,20,20,0,0,0.24956672443674177,0.484375,69.75,74.25
A-DENSEUAV-EXTERNAL-001,DenseUAV,CAMP,pooled,plain_same,east_to_west,,control,0.25,budget50,old_margin_guard,20,20,0,0,0.49913344887348354,0.6055555555555555,174.4,113.6
A-DENSEUAV-EXTERNAL-001,DenseUAV,CAMP,pooled,plain_same,east_to_west,,control,0.25,full_frozen,old_margin_guard,20,0,20,20,0.0,,,
A-DENSEUAV-EXTERNAL-001,DenseUAV,CAMP,pooled,plain_same,east_to_west,,control,0.25,matched,old_margin_guard,20,0,20,20,0.0,,,
A-DENSEUAV-EXTERNAL-001,DenseUAV,CAMP,pooled,plain_same,east_to_west,,control,0.25,budget10,sq8_margin_guard,20,20,0,0,0.09878682842287695,0.3684210526315789,21,36
A-DENSEUAV-EXTERNAL-001,DenseUAV,CAMP,pooled,plain_same,east_to_west,,control,0.25,budget25,sq8_margin_guard,20,20,0,0,0.24956672443674177,0.48125,69.3,74.7
A-DENSEUAV-EXTERNAL-001,DenseUAV,CAMP,pooled,plain_same,east_to_west,,control,0.25,budget50,sq8_margin_guard,20,20,0,0,0.49913344887348354,0.5994791666666667,172.65,115.35
A-DENSEUAV-EXTERNAL-001,DenseUAV,CAMP,pooled,plain_same,east_to_west,,control,0.25,full_frozen,sq8_margin_guard,20,0,20,20,0.0,,,
A-DENSEUAV-EXTERNAL-001,DenseUAV,CAMP,pooled,plain_same,east_to_west,,control,0.25,matched,sq8_margin_guard,20,0,20,20,0.0,,,
A-DENSEUAV-EXTERNAL-001,DenseUAV,CAMP,pooled,old_same,west_to_east,,full,0.0,budget10,current_su,1,1,0,0,0.1,0.45,9,11
A-DENSEUAV-EXTERNAL-001,DenseUAV,CAMP,pooled,old_same,west_to_east,,full,0.0,budget25,current_su,1,1,0,0,0.25,0.6,30,20
A-DENSEUAV-EXTERNAL-001,DenseUAV,CAMP,pooled,old_same,west_to_east,,full,0.0,budget50,current_su,1,1,0,0,0.5,0.71,71,29
A-DENSEUAV-EXTERNAL-001,DenseUAV,CAMP,pooled,old_same,west_to_east,,full,0.0,full_frozen,current_su,1,0,1,1,0.0,,,
A-DENSEUAV-EXTERNAL-001,DenseUAV,CAMP,pooled,old_same,west_to_east,,full,0.0,matched,current_su,1,0,1,1,0.0,,,
A-DENSEUAV-EXTERNAL-001,DenseUAV,CAMP,pooled,old_same,west_to_east,,full,0.0,budget10,current_su_guard,1,1,0,0,0.1,0.45,9,11
A-DENSEUAV-EXTERNAL-001,DenseUAV,CAMP,pooled,old_same,west_to_east,,full,0.0,budget25,current_su_guard,1,1,0,0,0.25,0.6,30,20
A-DENSEUAV-EXTERNAL-001,DenseUAV,CAMP,pooled,old_same,west_to_east,,full,0.0,budget50,current_su_guard,1,1,0,0,0.5,0.71,71,29
A-DENSEUAV-EXTERNAL-001,DenseUAV,CAMP,pooled,old_same,west_to_east,,full,0.0,full_frozen,current_su_guard,1,0,1,1,0.0,,,
A-DENSEUAV-EXTERNAL-001,DenseUAV,CAMP,pooled,old_same,west_to_east,,full,0.0,matched,current_su_guard,1,0,1,1,0.0,,,
A-DENSEUAV-EXTERNAL-001,DenseUAV,CAMP,pooled,old_same,west_to_east,,full,0.0,budget10,old_su,1,1,0,0,0.1,0.45,9,11
A-DENSEUAV-EXTERNAL-001,DenseUAV,CAMP,pooled,old_same,west_to_east,,full,0.0,budget25,old_su,1,1,0,0,0.25,0.6,30,20
A-DENSEUAV-EXTERNAL-001,DenseUAV,CAMP,pooled,old_same,west_to_east,,full,0.0,budget50,old_su,1,1,0,0,0.5,0.71,71,29
A-DENSEUAV-EXTERNAL-001,DenseUAV,CAMP,pooled,old_same,west_to_east,,full,0.0,full_frozen,old_su,1,0,1,1,0.0,,,
A-DENSEUAV-EXTERNAL-001,DenseUAV,CAMP,pooled,old_same,west_to_east,,full,0.0,matched,old_su,1,0,1,1,0.0,,,
A-DENSEUAV-EXTERNAL-001,DenseUAV,CAMP,pooled,old_same,west_to_east,,full,0.0,budget10,old_su_guard,1,1,0,0,0.1,0.45,9,11
A-DENSEUAV-EXTERNAL-001,DenseUAV,CAMP,pooled,old_same,west_to_east,,full,0.0,budget25,old_su_guard,1,1,0,0,0.25,0.6,30,20
A-DENSEUAV-EXTERNAL-001,DenseUAV,CAMP,pooled,old_same,west_to_east,,full,0.0,budget50,old_su_guard,1,1,0,0,0.5,0.71,71,29
A-DENSEUAV-EXTERNAL-001,DenseUAV,CAMP,pooled,old_same,west_to_east,,full,0.0,full_frozen,old_su_guard,1,0,1,1,0.0,,,
A-DENSEUAV-EXTERNAL-001,DenseUAV,CAMP,pooled,old_same,west_to_east,,full,0.0,matched,old_su_guard,1,0,1,1,0.0,,,
A-DENSEUAV-EXTERNAL-001,DenseUAV,CAMP,pooled,old_same,west_to_east,,full,0.0,budget10,current_margin,1,1,0,0,0.1,0.55,11,9
A-DENSEUAV-EXTERNAL-001,DenseUAV,CAMP,pooled,old_same,west_to_east,,full,0.0,budget25,current_margin,1,1,0,0,0.25,0.68,34,16
A-DENSEUAV-EXTERNAL-001,DenseUAV,CAMP,pooled,old_same,west_to_east,,full,0.0,budget50,current_margin,1,1,0,0,0.5,0.77,77,23
A-DENSEUAV-EXTERNAL-001,DenseUAV,CAMP,pooled,old_same,west_to_east,,full,0.0,full_frozen,current_margin,1,0,1,1,0.0,,,
A-DENSEUAV-EXTERNAL-001,DenseUAV,CAMP,pooled,old_same,west_to_east,,full,0.0,matched,current_margin,1,0,1,1,0.0,,,
A-DENSEUAV-EXTERNAL-001,DenseUAV,CAMP,pooled,old_same,west_to_east,,full,0.0,budget10,current_margin_guard,1,1,0,0,0.1,0.55,11,9
A-DENSEUAV-EXTERNAL-001,DenseUAV,CAMP,pooled,old_same,west_to_east,,full,0.0,budget25,current_margin_guard,1,1,0,0,0.25,0.68,34,16
A-DENSEUAV-EXTERNAL-001,DenseUAV,CAMP,pooled,old_same,west_to_east,,full,0.0,budget50,current_margin_guard,1,1,0,0,0.5,0.77,77,23
A-DENSEUAV-EXTERNAL-001,DenseUAV,CAMP,pooled,old_same,west_to_east,,full,0.0,full_frozen,current_margin_guard,1,0,1,1,0.0,,,
A-DENSEUAV-EXTERNAL-001,DenseUAV,CAMP,pooled,old_same,west_to_east,,full,0.0,matched,current_margin_guard,1,0,1,1,0.0,,,
A-DENSEUAV-EXTERNAL-001,DenseUAV,CAMP,pooled,old_same,west_to_east,,full,0.0,budget10,old_margin_guard,1,1,0,0,0.1,0.55,11,9
A-DENSEUAV-EXTERNAL-001,DenseUAV,CAMP,pooled,old_same,west_to_east,,full,0.0,budget25,old_margin_guard,1,1,0,0,0.25,0.68,34,16
A-DENSEUAV-EXTERNAL-001,DenseUAV,CAMP,pooled,old_same,west_to_east,,full,0.0,budget50,old_margin_guard,1,1,0,0,0.5,0.77,77,23
A-DENSEUAV-EXTERNAL-001,DenseUAV,CAMP,pooled,old_same,west_to_east,,full,0.0,full_frozen,old_margin_guard,1,0,1,1,0.0,,,
A-DENSEUAV-EXTERNAL-001,DenseUAV,CAMP,pooled,old_same,west_to_east,,full,0.0,matched,old_margin_guard,1,0,1,1,0.0,,,
A-DENSEUAV-EXTERNAL-001,DenseUAV,CAMP,pooled,old_same,west_to_east,,full,0.0,budget10,sq8_margin_guard,1,1,0,0,0.1,0.55,11,9
A-DENSEUAV-EXTERNAL-001,DenseUAV,CAMP,pooled,old_same,west_to_east,,full,0.0,budget25,sq8_margin_guard,1,1,0,0,0.25,0.68,34,16
A-DENSEUAV-EXTERNAL-001,DenseUAV,CAMP,pooled,old_same,west_to_east,,full,0.0,budget50,sq8_margin_guard,1,1,0,0,0.5,0.77,77,23
A-DENSEUAV-EXTERNAL-001,DenseUAV,CAMP,pooled,old_same,west_to_east,,full,0.0,full_frozen,sq8_margin_guard,1,0,1,1,0.0,,,
A-DENSEUAV-EXTERNAL-001,DenseUAV,CAMP,pooled,old_same,west_to_east,,full,0.0,matched,sq8_margin_guard,1,0,1,1,0.0,,,
A-DENSEUAV-EXTERNAL-001,DenseUAV,CAMP,pooled,old_same,east_to_west,,full,0.0,budget10,current_su,1,1,0,0,0.09878682842287695,0.631578947368421,36,21
A-DENSEUAV-EXTERNAL-001,DenseUAV,CAMP,pooled,old_same,east_to_west,,full,0.0,budget25,current_su,1,1,0,0,0.24956672443674177,0.625,90,54
A-DENSEUAV-EXTERNAL-001,DenseUAV,CAMP,pooled,old_same,east_to_west,,full,0.0,budget50,current_su,1,1,0,0,0.49913344887348354,0.65625,189,99
A-DENSEUAV-EXTERNAL-001,DenseUAV,CAMP,pooled,old_same,east_to_west,,full,0.0,full_frozen,current_su,1,0,1,1,0.0,,,
A-DENSEUAV-EXTERNAL-001,DenseUAV,CAMP,pooled,old_same,east_to_west,,full,0.0,matched,current_su,1,0,1,1,0.0,,,
A-DENSEUAV-EXTERNAL-001,DenseUAV,CAMP,pooled,old_same,east_to_west,,full,0.0,budget10,current_su_guard,1,1,0,0,0.09878682842287695,0.631578947368421,36,21
A-DENSEUAV-EXTERNAL-001,DenseUAV,CAMP,pooled,old_same,east_to_west,,full,0.0,budget25,current_su_guard,1,1,0,0,0.24956672443674177,0.625,90,54
A-DENSEUAV-EXTERNAL-001,DenseUAV,CAMP,pooled,old_same,east_to_west,,full,0.0,budget50,current_su_guard,1,1,0,0,0.49913344887348354,0.65625,189,99
A-DENSEUAV-EXTERNAL-001,DenseUAV,CAMP,pooled,old_same,east_to_west,,full,0.0,full_frozen,current_su_guard,1,0,1,1,0.0,,,
A-DENSEUAV-EXTERNAL-001,DenseUAV,CAMP,pooled,old_same,east_to_west,,full,0.0,matched,current_su_guard,1,0,1,1,0.0,,,
A-DENSEUAV-EXTERNAL-001,DenseUAV,CAMP,pooled,old_same,east_to_west,,full,0.0,budget10,old_su,1,1,0,0,0.09878682842287695,0.631578947368421,36,21
A-DENSEUAV-EXTERNAL-001,DenseUAV,CAMP,pooled,old_same,east_to_west,,full,0.0,budget25,old_su,1,1,0,0,0.24956672443674177,0.625,90,54
A-DENSEUAV-EXTERNAL-001,DenseUAV,CAMP,pooled,old_same,east_to_west,,full,0.0,budget50,old_su,1,1,0,0,0.49913344887348354,0.65625,189,99
A-DENSEUAV-EXTERNAL-001,DenseUAV,CAMP,pooled,old_same,east_to_west,,full,0.0,full_frozen,old_su,1,0,1,1,0.0,,,
A-DENSEUAV-EXTERNAL-001,DenseUAV,CAMP,pooled,old_same,east_to_west,,full,0.0,matched,old_su,1,0,1,1,0.0,,,
A-DENSEUAV-EXTERNAL-001,DenseUAV,CAMP,pooled,old_same,east_to_west,,full,0.0,budget10,old_su_guard,1,1,0,0,0.09878682842287695,0.631578947368421,36,21
A-DENSEUAV-EXTERNAL-001,DenseUAV,CAMP,pooled,old_same,east_to_west,,full,0.0,budget25,old_su_guard,1,1,0,0,0.24956672443674177,0.625,90,54
A-DENSEUAV-EXTERNAL-001,DenseUAV,CAMP,pooled,old_same,east_to_west,,full,0.0,budget50,old_su_guard,1,1,0,0,0.49913344887348354,0.65625,189,99
A-DENSEUAV-EXTERNAL-001,DenseUAV,CAMP,pooled,old_same,east_to_west,,full,0.0,full_frozen,old_su_guard,1,0,1,1,0.0,,,
A-DENSEUAV-EXTERNAL-001,DenseUAV,CAMP,pooled,old_same,east_to_west,,full,0.0,matched,old_su_guard,1,0,1,1,0.0,,,
A-DENSEUAV-EXTERNAL-001,DenseUAV,CAMP,pooled,old_same,east_to_west,,full,0.0,budget10,current_margin,1,1,0,0,0.09878682842287695,0.5789473684210527,33,24
A-DENSEUAV-EXTERNAL-001,DenseUAV,CAMP,pooled,old_same,east_to_west,,full,0.0,budget25,current_margin,1,1,0,0,0.24956672443674177,0.6111111111111112,88,56
A-DENSEUAV-EXTERNAL-001,DenseUAV,CAMP,pooled,old_same,east_to_west,,full,0.0,budget50,current_margin,1,1,0,0,0.49913344887348354,0.6805555555555556,196,92
A-DENSEUAV-EXTERNAL-001,DenseUAV,CAMP,pooled,old_same,east_to_west,,full,0.0,full_frozen,current_margin,1,0,1,1,0.0,,,
A-DENSEUAV-EXTERNAL-001,DenseUAV,CAMP,pooled,old_same,east_to_west,,full,0.0,matched,current_margin,1,0,1,1,0.0,,,
A-DENSEUAV-EXTERNAL-001,DenseUAV,CAMP,pooled,old_same,east_to_west,,full,0.0,budget10,current_margin_guard,1,1,0,0,0.09878682842287695,0.5789473684210527,33,24
A-DENSEUAV-EXTERNAL-001,DenseUAV,CAMP,pooled,old_same,east_to_west,,full,0.0,budget25,current_margin_guard,1,1,0,0,0.24956672443674177,0.6111111111111112,88,56
A-DENSEUAV-EXTERNAL-001,DenseUAV,CAMP,pooled,old_same,east_to_west,,full,0.0,budget50,current_margin_guard,1,1,0,0,0.49913344887348354,0.6805555555555556,196,92
A-DENSEUAV-EXTERNAL-001,DenseUAV,CAMP,pooled,old_same,east_to_west,,full,0.0,full_frozen,current_margin_guard,1,0,1,1,0.0,,,
A-DENSEUAV-EXTERNAL-001,DenseUAV,CAMP,pooled,old_same,east_to_west,,full,0.0,matched,current_margin_guard,1,0,1,1,0.0,,,
A-DENSEUAV-EXTERNAL-001,DenseUAV,CAMP,pooled,old_same,east_to_west,,full,0.0,budget10,old_margin_guard,1,1,0,0,0.09878682842287695,0.5789473684210527,33,24
A-DENSEUAV-EXTERNAL-001,DenseUAV,CAMP,pooled,old_same,east_to_west,,full,0.0,budget25,old_margin_guard,1,1,0,0,0.24956672443674177,0.6111111111111112,88,56
A-DENSEUAV-EXTERNAL-001,DenseUAV,CAMP,pooled,old_same,east_to_west,,full,0.0,budget50,old_margin_guard,1,1,0,0,0.49913344887348354,0.6805555555555556,196,92
A-DENSEUAV-EXTERNAL-001,DenseUAV,CAMP,pooled,old_same,east_to_west,,full,0.0,full_frozen,old_margin_guard,1,0,1,1,0.0,,,
A-DENSEUAV-EXTERNAL-001,DenseUAV,CAMP,pooled,old_same,east_to_west,,full,0.0,matched,old_margin_guard,1,0,1,1,0.0,,,
A-DENSEUAV-EXTERNAL-001,DenseUAV,CAMP,pooled,old_same,east_to_west,,full,0.0,budget10,sq8_margin_guard,1,1,0,0,0.09878682842287695,0.5789473684210527,33,24
A-DENSEUAV-EXTERNAL-001,DenseUAV,CAMP,pooled,old_same,east_to_west,,full,0.0,budget25,sq8_margin_guard,1,1,0,0,0.24956672443674177,0.6111111111111112,88,56
A-DENSEUAV-EXTERNAL-001,DenseUAV,CAMP,pooled,old_same,east_to_west,,full,0.0,budget50,sq8_margin_guard,1,1,0,0,0.49913344887348354,0.6805555555555556,196,92
A-DENSEUAV-EXTERNAL-001,DenseUAV,CAMP,pooled,old_same,east_to_west,,full,0.0,full_frozen,sq8_margin_guard,1,0,1,1,0.0,,,
A-DENSEUAV-EXTERNAL-001,DenseUAV,CAMP,pooled,old_same,east_to_west,,full,0.0,matched,sq8_margin_guard,1,0,1,1,0.0,,,
A-DENSEUAV-EXTERNAL-001,DenseUAV,CAMP,pooled,old_same,west_to_east,,target,0.25,budget10,current_su,20,20,0,0,0.1,0.5175,10.35,9.65
A-DENSEUAV-EXTERNAL-001,DenseUAV,CAMP,pooled,old_same,west_to_east,,target,0.25,budget25,current_su,20,20,0,0,0.25,0.655,32.75,17.25
A-DENSEUAV-EXTERNAL-001,DenseUAV,CAMP,pooled,old_same,west_to_east,,target,0.25,budget50,current_su,20,20,0,0,0.5,0.7555000000000001,75.55,24.45
A-DENSEUAV-EXTERNAL-001,DenseUAV,CAMP,pooled,old_same,west_to_east,,target,0.25,full_frozen,current_su,20,0,20,20,0.0,,,
A-DENSEUAV-EXTERNAL-001,DenseUAV,CAMP,pooled,old_same,west_to_east,,target,0.25,matched,current_su,20,0,20,20,0.0,,,
A-DENSEUAV-EXTERNAL-001,DenseUAV,CAMP,pooled,old_same,west_to_east,,target,0.25,budget10,current_su_guard,20,20,0,0,0.1,0.505,10.1,9.9
A-DENSEUAV-EXTERNAL-001,DenseUAV,CAMP,pooled,old_same,west_to_east,,target,0.25,budget25,current_su_guard,20,20,0,0,0.25,0.645,32.25,17.75
A-DENSEUAV-EXTERNAL-001,DenseUAV,CAMP,pooled,old_same,west_to_east,,target,0.25,budget50,current_su_guard,20,20,0,0,0.5,0.7595000000000001,75.95,24.05
A-DENSEUAV-EXTERNAL-001,DenseUAV,CAMP,pooled,old_same,west_to_east,,target,0.25,full_frozen,current_su_guard,20,0,20,20,0.0,,,
A-DENSEUAV-EXTERNAL-001,DenseUAV,CAMP,pooled,old_same,west_to_east,,target,0.25,matched,current_su_guard,20,0,20,20,0.0,,,
A-DENSEUAV-EXTERNAL-001,DenseUAV,CAMP,pooled,old_same,west_to_east,,target,0.25,budget10,old_su,20,20,0,0,0.1,0.5625,11.25,8.75
A-DENSEUAV-EXTERNAL-001,DenseUAV,CAMP,pooled,old_same,west_to_east,,target,0.25,budget25,old_su,20,20,0,0,0.25,0.674,33.7,16.3
A-DENSEUAV-EXTERNAL-001,DenseUAV,CAMP,pooled,old_same,west_to_east,,target,0.25,budget50,old_su,20,20,0,0,0.5,0.76,76,24
A-DENSEUAV-EXTERNAL-001,DenseUAV,CAMP,pooled,old_same,west_to_east,,target,0.25,full_frozen,old_su,20,0,20,20,0.0,,,
A-DENSEUAV-EXTERNAL-001,DenseUAV,CAMP,pooled,old_same,west_to_east,,target,0.25,matched,old_su,20,0,20,20,0.0,,,
A-DENSEUAV-EXTERNAL-001,DenseUAV,CAMP,pooled,old_same,west_to_east,,target,0.25,budget10,old_su_guard,20,20,0,0,0.1,0.545,10.9,9.1
A-DENSEUAV-EXTERNAL-001,DenseUAV,CAMP,pooled,old_same,west_to_east,,target,0.25,budget25,old_su_guard,20,20,0,0,0.25,0.692,34.6,15.4
A-DENSEUAV-EXTERNAL-001,DenseUAV,CAMP,pooled,old_same,west_to_east,,target,0.25,budget50,old_su_guard,20,20,0,0,0.5,0.7695000000000001,76.95,23.05
A-DENSEUAV-EXTERNAL-001,DenseUAV,CAMP,pooled,old_same,west_to_east,,target,0.25,full_frozen,old_su_guard,20,0,20,20,0.0,,,
A-DENSEUAV-EXTERNAL-001,DenseUAV,CAMP,pooled,old_same,west_to_east,,target,0.25,matched,old_su_guard,20,0,20,20,0.0,,,
A-DENSEUAV-EXTERNAL-001,DenseUAV,CAMP,pooled,old_same,west_to_east,,target,0.25,budget10,current_margin,20,20,0,0,0.1,0.59,11.8,8.2
A-DENSEUAV-EXTERNAL-001,DenseUAV,CAMP,pooled,old_same,west_to_east,,target,0.25,budget25,current_margin,20,20,0,0,0.25,0.725,36.25,13.75
A-DENSEUAV-EXTERNAL-001,DenseUAV,CAMP,pooled,old_same,west_to_east,,target,0.25,budget50,current_margin,20,20,0,0,0.5,0.782,78.2,21.8
A-DENSEUAV-EXTERNAL-001,DenseUAV,CAMP,pooled,old_same,west_to_east,,target,0.25,full_frozen,current_margin,20,0,20,20,0.0,,,
A-DENSEUAV-EXTERNAL-001,DenseUAV,CAMP,pooled,old_same,west_to_east,,target,0.25,matched,current_margin,20,0,20,20,0.0,,,
A-DENSEUAV-EXTERNAL-001,DenseUAV,CAMP,pooled,old_same,west_to_east,,target,0.25,budget10,current_margin_guard,20,20,0,0,0.1,0.5975,11.95,8.05
A-DENSEUAV-EXTERNAL-001,DenseUAV,CAMP,pooled,old_same,west_to_east,,target,0.25,budget25,current_margin_guard,20,20,0,0,0.25,0.719,35.95,14.05
A-DENSEUAV-EXTERNAL-001,DenseUAV,CAMP,pooled,old_same,west_to_east,,target,0.25,budget50,current_margin_guard,20,20,0,0,0.5,0.7915,79.15,20.85
A-DENSEUAV-EXTERNAL-001,DenseUAV,CAMP,pooled,old_same,west_to_east,,target,0.25,full_frozen,current_margin_guard,20,0,20,20,0.0,,,
A-DENSEUAV-EXTERNAL-001,DenseUAV,CAMP,pooled,old_same,west_to_east,,target,0.25,matched,current_margin_guard,20,0,20,20,0.0,,,
A-DENSEUAV-EXTERNAL-001,DenseUAV,CAMP,pooled,old_same,west_to_east,,target,0.25,budget10,old_margin_guard,20,20,0,0,0.1,0.685,13.7,6.3
A-DENSEUAV-EXTERNAL-001,DenseUAV,CAMP,pooled,old_same,west_to_east,,target,0.25,budget25,old_margin_guard,20,20,0,0,0.25,0.75,37.5,12.5
A-DENSEUAV-EXTERNAL-001,DenseUAV,CAMP,pooled,old_same,west_to_east,,target,0.25,budget50,old_margin_guard,20,20,0,0,0.5,0.795,79.5,20.5
A-DENSEUAV-EXTERNAL-001,DenseUAV,CAMP,pooled,old_same,west_to_east,,target,0.25,full_frozen,old_margin_guard,20,0,20,20,0.0,,,
A-DENSEUAV-EXTERNAL-001,DenseUAV,CAMP,pooled,old_same,west_to_east,,target,0.25,matched,old_margin_guard,20,0,20,20,0.0,,,
A-DENSEUAV-EXTERNAL-001,DenseUAV,CAMP,pooled,old_same,west_to_east,,target,0.25,budget10,sq8_margin_guard,20,20,0,0,0.1,0.7325,14.65,5.35
A-DENSEUAV-EXTERNAL-001,DenseUAV,CAMP,pooled,old_same,west_to_east,,target,0.25,budget25,sq8_margin_guard,20,20,0,0,0.25,0.792,39.6,10.4
A-DENSEUAV-EXTERNAL-001,DenseUAV,CAMP,pooled,old_same,west_to_east,,target,0.25,budget50,sq8_margin_guard,20,20,0,0,0.5,0.8119999999999999,81.2,18.8
A-DENSEUAV-EXTERNAL-001,DenseUAV,CAMP,pooled,old_same,west_to_east,,target,0.25,full_frozen,sq8_margin_guard,20,0,20,20,0.0,,,
A-DENSEUAV-EXTERNAL-001,DenseUAV,CAMP,pooled,old_same,west_to_east,,target,0.25,matched,sq8_margin_guard,20,0,20,20,0.0,,,
A-DENSEUAV-EXTERNAL-001,DenseUAV,CAMP,pooled,old_same,east_to_west,,target,0.25,budget10,current_su,20,20,0,0,0.09878682842287695,0.625438596491228,35.65,21.35
A-DENSEUAV-EXTERNAL-001,DenseUAV,CAMP,pooled,old_same,east_to_west,,target,0.25,budget25,current_su,20,20,0,0,0.24956672443674177,0.6493055555555556,93.5,50.5
A-DENSEUAV-EXTERNAL-001,DenseUAV,CAMP,pooled,old_same,east_to_west,,target,0.25,budget50,current_su,20,20,0,0,0.49913344887348354,0.7060763888888889,203.35,84.65
A-DENSEUAV-EXTERNAL-001,DenseUAV,CAMP,pooled,old_same,east_to_west,,target,0.25,full_frozen,current_su,20,0,20,20,0.0,,,
A-DENSEUAV-EXTERNAL-001,DenseUAV,CAMP,pooled,old_same,east_to_west,,target,0.25,matched,current_su,20,0,20,20,0.0,,,
A-DENSEUAV-EXTERNAL-001,DenseUAV,CAMP,pooled,old_same,east_to_west,,target,0.25,budget10,current_su_guard,20,20,0,0,0.09878682842287695,0.6008771929824561,34.25,22.75
A-DENSEUAV-EXTERNAL-001,DenseUAV,CAMP,pooled,old_same,east_to_west,,target,0.25,budget25,current_su_guard,20,20,0,0,0.24956672443674177,0.6364583333333333,91.65,52.35
A-DENSEUAV-EXTERNAL-001,DenseUAV,CAMP,pooled,old_same,east_to_west,,target,0.25,budget50,current_su_guard,20,20,0,0,0.49913344887348354,0.7043402777777777,202.85,85.15
A-DENSEUAV-EXTERNAL-001,DenseUAV,CAMP,pooled,old_same,east_to_west,,target,0.25,full_frozen,current_su_guard,20,0,20,20,0.0,,,
A-DENSEUAV-EXTERNAL-001,DenseUAV,CAMP,pooled,old_same,east_to_west,,target,0.25,matched,current_su_guard,20,0,20,20,0.0,,,
A-DENSEUAV-EXTERNAL-001,DenseUAV,CAMP,pooled,old_same,east_to_west,,target,0.25,budget10,old_su,20,20,0,0,0.09878682842287695,0.6850877192982456,39.05,17.95
A-DENSEUAV-EXTERNAL-001,DenseUAV,CAMP,pooled,old_same,east_to_west,,target,0.25,budget25,old_su,20,20,0,0,0.24956672443674177,0.6809027777777777,98.05,45.95
A-DENSEUAV-EXTERNAL-001,DenseUAV,CAMP,pooled,old_same,east_to_west,,target,0.25,budget50,old_su,20,20,0,0,0.49913344887348354,0.7092013888888888,204.25,83.75
A-DENSEUAV-EXTERNAL-001,DenseUAV,CAMP,pooled,old_same,east_to_west,,target,0.25,full_frozen,old_su,20,0,20,20,0.0,,,
A-DENSEUAV-EXTERNAL-001,DenseUAV,CAMP,pooled,old_same,east_to_west,,target,0.25,matched,old_su,20,0,20,20,0.0,,,
A-DENSEUAV-EXTERNAL-001,DenseUAV,CAMP,pooled,old_same,east_to_west,,target,0.25,budget10,old_su_guard,20,20,0,0,0.09878682842287695,0.6149122807017544,35.05,21.95
A-DENSEUAV-EXTERNAL-001,DenseUAV,CAMP,pooled,old_same,east_to_west,,target,0.25,budget25,old_su_guard,20,20,0,0,0.24956672443674177,0.6413194444444444,92.35,51.65
A-DENSEUAV-EXTERNAL-001,DenseUAV,CAMP,pooled,old_same,east_to_west,,target,0.25,budget50,old_su_guard,20,20,0,0,0.49913344887348354,0.7050347222222222,203.05,84.95
A-DENSEUAV-EXTERNAL-001,DenseUAV,CAMP,pooled,old_same,east_to_west,,target,0.25,full_frozen,old_su_guard,20,0,20,20,0.0,,,
A-DENSEUAV-EXTERNAL-001,DenseUAV,CAMP,pooled,old_same,east_to_west,,target,0.25,matched,old_su_guard,20,0,20,20,0.0,,,
A-DENSEUAV-EXTERNAL-001,DenseUAV,CAMP,pooled,old_same,east_to_west,,target,0.25,budget10,current_margin,20,20,0,0,0.09878682842287695,0.6236842105263157,35.55,21.45
A-DENSEUAV-EXTERNAL-001,DenseUAV,CAMP,pooled,old_same,east_to_west,,target,0.25,budget25,current_margin,20,20,0,0,0.24956672443674177,0.6642361111111111,95.65,48.35
A-DENSEUAV-EXTERNAL-001,DenseUAV,CAMP,pooled,old_same,east_to_west,,target,0.25,budget50,current_margin,20,20,0,0,0.49913344887348354,0.7227430555555555,208.15,79.85
A-DENSEUAV-EXTERNAL-001,DenseUAV,CAMP,pooled,old_same,east_to_west,,target,0.25,full_frozen,current_margin,20,0,20,20,0.0,,,
A-DENSEUAV-EXTERNAL-001,DenseUAV,CAMP,pooled,old_same,east_to_west,,target,0.25,matched,current_margin,20,0,20,20,0.0,,,
A-DENSEUAV-EXTERNAL-001,DenseUAV,CAMP,pooled,old_same,east_to_west,,target,0.25,budget10,current_margin_guard,20,20,0,0,0.09878682842287695,0.5991228070175438,34.15,22.85
A-DENSEUAV-EXTERNAL-001,DenseUAV,CAMP,pooled,old_same,east_to_west,,target,0.25,budget25,current_margin_guard,20,20,0,0,0.24956672443674177,0.6454861111111111,92.95,51.05
A-DENSEUAV-EXTERNAL-001,DenseUAV,CAMP,pooled,old_same,east_to_west,,target,0.25,budget50,current_margin_guard,20,20,0,0,0.49913344887348354,0.7262152777777778,209.15,78.85
A-DENSEUAV-EXTERNAL-001,DenseUAV,CAMP,pooled,old_same,east_to_west,,target,0.25,full_frozen,current_margin_guard,20,0,20,20,0.0,,,
A-DENSEUAV-EXTERNAL-001,DenseUAV,CAMP,pooled,old_same,east_to_west,,target,0.25,matched,current_margin_guard,20,0,20,20,0.0,,,
A-DENSEUAV-EXTERNAL-001,DenseUAV,CAMP,pooled,old_same,east_to_west,,target,0.25,budget10,old_margin_guard,20,20,0,0,0.09878682842287695,0.5885964912280702,33.55,23.45
A-DENSEUAV-EXTERNAL-001,DenseUAV,CAMP,pooled,old_same,east_to_west,,target,0.25,budget25,old_margin_guard,20,20,0,0,0.24956672443674177,0.6444444444444445,92.8,51.2
A-DENSEUAV-EXTERNAL-001,DenseUAV,CAMP,pooled,old_same,east_to_west,,target,0.25,budget50,old_margin_guard,20,20,0,0,0.49913344887348354,0.7348958333333333,211.65,76.35
A-DENSEUAV-EXTERNAL-001,DenseUAV,CAMP,pooled,old_same,east_to_west,,target,0.25,full_frozen,old_margin_guard,20,0,20,20,0.0,,,
A-DENSEUAV-EXTERNAL-001,DenseUAV,CAMP,pooled,old_same,east_to_west,,target,0.25,matched,old_margin_guard,20,0,20,20,0.0,,,
A-DENSEUAV-EXTERNAL-001,DenseUAV,CAMP,pooled,old_same,east_to_west,,target,0.25,budget10,sq8_margin_guard,20,20,0,0,0.09878682842287695,0.612280701754386,34.9,22.1
A-DENSEUAV-EXTERNAL-001,DenseUAV,CAMP,pooled,old_same,east_to_west,,target,0.25,budget25,sq8_margin_guard,20,20,0,0,0.24956672443674177,0.6572916666666666,94.65,49.35
A-DENSEUAV-EXTERNAL-001,DenseUAV,CAMP,pooled,old_same,east_to_west,,target,0.25,budget50,sq8_margin_guard,20,20,0,0,0.49913344887348354,0.7447916666666666,214.5,73.5
A-DENSEUAV-EXTERNAL-001,DenseUAV,CAMP,pooled,old_same,east_to_west,,target,0.25,full_frozen,sq8_margin_guard,20,0,20,20,0.0,,,
A-DENSEUAV-EXTERNAL-001,DenseUAV,CAMP,pooled,old_same,east_to_west,,target,0.25,matched,sq8_margin_guard,20,0,20,20,0.0,,,
A-DENSEUAV-EXTERNAL-001,DenseUAV,CAMP,pooled,old_same,west_to_east,,target,0.5,budget10,current_su,20,20,0,0,0.1,0.6174999999999999,12.35,7.65
A-DENSEUAV-EXTERNAL-001,DenseUAV,CAMP,pooled,old_same,west_to_east,,target,0.5,budget25,current_su,20,20,0,0,0.25,0.713,35.65,14.35
A-DENSEUAV-EXTERNAL-001,DenseUAV,CAMP,pooled,old_same,west_to_east,,target,0.5,budget50,current_su,20,20,0,0,0.5,0.8,80,20
A-DENSEUAV-EXTERNAL-001,DenseUAV,CAMP,pooled,old_same,west_to_east,,target,0.5,full_frozen,current_su,20,0,20,20,0.0,,,
A-DENSEUAV-EXTERNAL-001,DenseUAV,CAMP,pooled,old_same,west_to_east,,target,0.5,matched,current_su,20,0,20,20,0.0,,,
A-DENSEUAV-EXTERNAL-001,DenseUAV,CAMP,pooled,old_same,west_to_east,,target,0.5,budget10,current_su_guard,20,20,0,0,0.1,0.58,11.6,8.4
A-DENSEUAV-EXTERNAL-001,DenseUAV,CAMP,pooled,old_same,west_to_east,,target,0.5,budget25,current_su_guard,20,20,0,0,0.25,0.727,36.35,13.65
A-DENSEUAV-EXTERNAL-001,DenseUAV,CAMP,pooled,old_same,west_to_east,,target,0.5,budget50,current_su_guard,20,20,0,0,0.5,0.8145,81.45,18.55
A-DENSEUAV-EXTERNAL-001,DenseUAV,CAMP,pooled,old_same,west_to_east,,target,0.5,full_frozen,current_su_guard,20,0,20,20,0.0,,,
A-DENSEUAV-EXTERNAL-001,DenseUAV,CAMP,pooled,old_same,west_to_east,,target,0.5,matched,current_su_guard,20,0,20,20,0.0,,,
A-DENSEUAV-EXTERNAL-001,DenseUAV,CAMP,pooled,old_same,west_to_east,,target,0.5,budget10,old_su,20,20,0,0,0.1,0.6775,13.55,6.45
A-DENSEUAV-EXTERNAL-001,DenseUAV,CAMP,pooled,old_same,west_to_east,,target,0.5,budget25,old_su,20,20,0,0,0.25,0.755,37.75,12.25
A-DENSEUAV-EXTERNAL-001,DenseUAV,CAMP,pooled,old_same,west_to_east,,target,0.5,budget50,old_su,20,20,0,0,0.5,0.8205,82.05,17.95
A-DENSEUAV-EXTERNAL-001,DenseUAV,CAMP,pooled,old_same,west_to_east,,target,0.5,full_frozen,old_su,20,0,20,20,0.0,,,
A-DENSEUAV-EXTERNAL-001,DenseUAV,CAMP,pooled,old_same,west_to_east,,target,0.5,matched,old_su,20,0,20,20,0.0,,,
A-DENSEUAV-EXTERNAL-001,DenseUAV,CAMP,pooled,old_same,west_to_east,,target,0.5,budget10,old_su_guard,20,20,0,0,0.1,0.665,13.3,6.7
A-DENSEUAV-EXTERNAL-001,DenseUAV,CAMP,pooled,old_same,west_to_east,,target,0.5,budget25,old_su_guard,20,20,0,0,0.25,0.761,38.05,11.95
A-DENSEUAV-EXTERNAL-001,DenseUAV,CAMP,pooled,old_same,west_to_east,,target,0.5,budget50,old_su_guard,20,20,0,0,0.5,0.8135,81.35,18.65
A-DENSEUAV-EXTERNAL-001,DenseUAV,CAMP,pooled,old_same,west_to_east,,target,0.5,full_frozen,old_su_guard,20,0,20,20,0.0,,,
A-DENSEUAV-EXTERNAL-001,DenseUAV,CAMP,pooled,old_same,west_to_east,,target,0.5,matched,old_su_guard,20,0,20,20,0.0,,,
A-DENSEUAV-EXTERNAL-001,DenseUAV,CAMP,pooled,old_same,west_to_east,,target,0.5,budget10,current_margin,20,20,0,0,0.1,0.6275,12.55,7.45
A-DENSEUAV-EXTERNAL-001,DenseUAV,CAMP,pooled,old_same,west_to_east,,target,0.5,budget25,current_margin,20,20,0,0,0.25,0.753,37.65,12.35
A-DENSEUAV-EXTERNAL-001,DenseUAV,CAMP,pooled,old_same,west_to_east,,target,0.5,budget50,current_margin,20,20,0,0,0.5,0.8130000000000001,81.3,18.7
A-DENSEUAV-EXTERNAL-001,DenseUAV,CAMP,pooled,old_same,west_to_east,,target,0.5,full_frozen,current_margin,20,0,20,20,0.0,,,
A-DENSEUAV-EXTERNAL-001,DenseUAV,CAMP,pooled,old_same,west_to_east,,target,0.5,matched,current_margin,20,0,20,20,0.0,,,
A-DENSEUAV-EXTERNAL-001,DenseUAV,CAMP,pooled,old_same,west_to_east,,target,0.5,budget10,current_margin_guard,20,20,0,0,0.1,0.6375,12.75,7.25
A-DENSEUAV-EXTERNAL-001,DenseUAV,CAMP,pooled,old_same,west_to_east,,target,0.5,budget25,current_margin_guard,20,20,0,0,0.25,0.754,37.7,12.3
A-DENSEUAV-EXTERNAL-001,DenseUAV,CAMP,pooled,old_same,west_to_east,,target,0.5,budget50,current_margin_guard,20,20,0,0,0.5,0.8325,83.25,16.75
A-DENSEUAV-EXTERNAL-001,DenseUAV,CAMP,pooled,old_same,west_to_east,,target,0.5,full_frozen,current_margin_guard,20,0,20,20,0.0,,,
A-DENSEUAV-EXTERNAL-001,DenseUAV,CAMP,pooled,old_same,west_to_east,,target,0.5,matched,current_margin_guard,20,0,20,20,0.0,,,
A-DENSEUAV-EXTERNAL-001,DenseUAV,CAMP,pooled,old_same,west_to_east,,target,0.5,budget10,old_margin_guard,20,20,0,0,0.1,0.7925,15.85,4.15
A-DENSEUAV-EXTERNAL-001,DenseUAV,CAMP,pooled,old_same,west_to_east,,target,0.5,budget25,old_margin_guard,20,20,0,0,0.25,0.82,41,9
A-DENSEUAV-EXTERNAL-001,DenseUAV,CAMP,pooled,old_same,west_to_east,,target,0.5,budget50,old_margin_guard,20,20,0,0,0.5,0.842,84.2,15.8
A-DENSEUAV-EXTERNAL-001,DenseUAV,CAMP,pooled,old_same,west_to_east,,target,0.5,full_frozen,old_margin_guard,20,0,20,20,0.0,,,
A-DENSEUAV-EXTERNAL-001,DenseUAV,CAMP,pooled,old_same,west_to_east,,target,0.5,matched,old_margin_guard,20,0,20,20,0.0,,,
A-DENSEUAV-EXTERNAL-001,DenseUAV,CAMP,pooled,old_same,west_to_east,,target,0.5,budget10,sq8_margin_guard,20,20,0,0,0.1,0.805,16.1,3.9
A-DENSEUAV-EXTERNAL-001,DenseUAV,CAMP,pooled,old_same,west_to_east,,target,0.5,budget25,sq8_margin_guard,20,20,0,0,0.25,0.861,43.05,6.95
A-DENSEUAV-EXTERNAL-001,DenseUAV,CAMP,pooled,old_same,west_to_east,,target,0.5,budget50,sq8_margin_guard,20,11,9,9,0.275,0.8590909090909091,85.9090909090909,14.090909090909092
A-DENSEUAV-EXTERNAL-001,DenseUAV,CAMP,pooled,old_same,west_to_east,,target,0.5,full_frozen,sq8_margin_guard,20,0,20,20,0.0,,,
A-DENSEUAV-EXTERNAL-001,DenseUAV,CAMP,pooled,old_same,west_to_east,,target,0.5,matched,sq8_margin_guard,20,0,20,20,0.0,,,
A-DENSEUAV-EXTERNAL-001,DenseUAV,CAMP,pooled,old_same,east_to_west,,target,0.5,budget10,current_su,20,20,0,0,0.09878682842287695,0.6631578947368421,37.8,19.2
A-DENSEUAV-EXTERNAL-001,DenseUAV,CAMP,pooled,old_same,east_to_west,,target,0.5,budget25,current_su,20,20,0,0,0.24956672443674177,0.7107638888888889,102.35,41.65
A-DENSEUAV-EXTERNAL-001,DenseUAV,CAMP,pooled,old_same,east_to_west,,target,0.5,budget50,current_su,20,20,0,0,0.49913344887348354,0.7685763888888889,221.35,66.65
A-DENSEUAV-EXTERNAL-001,DenseUAV,CAMP,pooled,old_same,east_to_west,,target,0.5,full_frozen,current_su,20,0,20,20,0.0,,,
A-DENSEUAV-EXTERNAL-001,DenseUAV,CAMP,pooled,old_same,east_to_west,,target,0.5,matched,current_su,20,0,20,20,0.0,,,
A-DENSEUAV-EXTERNAL-001,DenseUAV,CAMP,pooled,old_same,east_to_west,,target,0.5,budget10,current_su_guard,20,20,0,0,0.09878682842287695,0.6219298245614036,35.45,21.55
A-DENSEUAV-EXTERNAL-001,DenseUAV,CAMP,pooled,old_same,east_to_west,,target,0.5,budget25,current_su_guard,20,20,0,0,0.24956672443674177,0.6829861111111111,98.35,45.65
A-DENSEUAV-EXTERNAL-001,DenseUAV,CAMP,pooled,old_same,east_to_west,,target,0.5,budget50,current_su_guard,20,20,0,0,0.49913344887348354,0.7770833333333333,223.8,64.2
A-DENSEUAV-EXTERNAL-001,DenseUAV,CAMP,pooled,old_same,east_to_west,,target,0.5,full_frozen,current_su_guard,20,0,20,20,0.0,,,
A-DENSEUAV-EXTERNAL-001,DenseUAV,CAMP,pooled,old_same,east_to_west,,target,0.5,matched,current_su_guard,20,0,20,20,0.0,,,
A-DENSEUAV-EXTERNAL-001,DenseUAV,CAMP,pooled,old_same,east_to_west,,target,0.5,budget10,old_su,20,20,0,0,0.09878682842287695,0.762280701754386,43.45,13.55
A-DENSEUAV-EXTERNAL-001,DenseUAV,CAMP,pooled,old_same,east_to_west,,target,0.5,budget25,old_su,20,20,0,0,0.24956672443674177,0.7631944444444444,109.9,34.1
A-DENSEUAV-EXTERNAL-001,DenseUAV,CAMP,pooled,old_same,east_to_west,,target,0.5,budget50,old_su,20,20,0,0,0.49913344887348354,0.7810763888888889,224.95,63.05
A-DENSEUAV-EXTERNAL-001,DenseUAV,CAMP,pooled,old_same,east_to_west,,target,0.5,full_frozen,old_su,20,0,20,20,0.0,,,
A-DENSEUAV-EXTERNAL-001,DenseUAV,CAMP,pooled,old_same,east_to_west,,target,0.5,matched,old_su,20,0,20,20,0.0,,,
A-DENSEUAV-EXTERNAL-001,DenseUAV,CAMP,pooled,old_same,east_to_west,,target,0.5,budget10,old_su_guard,20,20,0,0,0.09878682842287695,0.6149122807017544,35.05,21.95
A-DENSEUAV-EXTERNAL-001,DenseUAV,CAMP,pooled,old_same,east_to_west,,target,0.5,budget25,old_su_guard,20,20,0,0,0.24956672443674177,0.6809027777777777,98.05,45.95
A-DENSEUAV-EXTERNAL-001,DenseUAV,CAMP,pooled,old_same,east_to_west,,target,0.5,budget50,old_su_guard,20,20,0,0,0.49913344887348354,0.7789930555555555,224.35,63.65
A-DENSEUAV-EXTERNAL-001,DenseUAV,CAMP,pooled,old_same,east_to_west,,target,0.5,full_frozen,old_su_guard,20,0,20,20,0.0,,,
A-DENSEUAV-EXTERNAL-001,DenseUAV,CAMP,pooled,old_same,east_to_west,,target,0.5,matched,old_su_guard,20,0,20,20,0.0,,,
A-DENSEUAV-EXTERNAL-001,DenseUAV,CAMP,pooled,old_same,east_to_west,,target,0.5,budget10,current_margin,20,20,0,0,0.09878682842287695,0.6587719298245613,37.55,19.45
A-DENSEUAV-EXTERNAL-001,DenseUAV,CAMP,pooled,old_same,east_to_west,,target,0.5,budget25,current_margin,20,20,0,0,0.24956672443674177,0.7267361111111111,104.65,39.35
A-DENSEUAV-EXTERNAL-001,DenseUAV,CAMP,pooled,old_same,east_to_west,,target,0.5,budget50,current_margin,20,20,0,0,0.49913344887348354,0.7817708333333333,225.15,62.85
A-DENSEUAV-EXTERNAL-001,DenseUAV,CAMP,pooled,old_same,east_to_west,,target,0.5,full_frozen,current_margin,20,0,20,20,0.0,,,
A-DENSEUAV-EXTERNAL-001,DenseUAV,CAMP,pooled,old_same,east_to_west,,target,0.5,matched,current_margin,20,0,20,20,0.0,,,
A-DENSEUAV-EXTERNAL-001,DenseUAV,CAMP,pooled,old_same,east_to_west,,target,0.5,budget10,current_margin_guard,20,20,0,0,0.09878682842287695,0.6280701754385964,35.8,21.2
A-DENSEUAV-EXTERNAL-001,DenseUAV,CAMP,pooled,old_same,east_to_west,,target,0.5,budget25,current_margin_guard,20,20,0,0,0.24956672443674177,0.7006944444444444,100.9,43.1
A-DENSEUAV-EXTERNAL-001,DenseUAV,CAMP,pooled,old_same,east_to_west,,target,0.5,budget50,current_margin_guard,20,20,0,0,0.49913344887348354,0.7895833333333333,227.4,60.6
A-DENSEUAV-EXTERNAL-001,DenseUAV,CAMP,pooled,old_same,east_to_west,,target,0.5,full_frozen,current_margin_guard,20,0,20,20,0.0,,,
A-DENSEUAV-EXTERNAL-001,DenseUAV,CAMP,pooled,old_same,east_to_west,,target,0.5,matched,current_margin_guard,20,0,20,20,0.0,,,
A-DENSEUAV-EXTERNAL-001,DenseUAV,CAMP,pooled,old_same,east_to_west,,target,0.5,budget10,old_margin_guard,20,20,0,0,0.09878682842287695,0.6491228070175439,37,20
A-DENSEUAV-EXTERNAL-001,DenseUAV,CAMP,pooled,old_same,east_to_west,,target,0.5,budget25,old_margin_guard,20,20,0,0,0.24956672443674177,0.7072916666666667,101.85,42.15
A-DENSEUAV-EXTERNAL-001,DenseUAV,CAMP,pooled,old_same,east_to_west,,target,0.5,budget50,old_margin_guard,20,20,0,0,0.49913344887348354,0.7939236111111111,228.65,59.35
A-DENSEUAV-EXTERNAL-001,DenseUAV,CAMP,pooled,old_same,east_to_west,,target,0.5,full_frozen,old_margin_guard,20,0,20,20,0.0,,,
A-DENSEUAV-EXTERNAL-001,DenseUAV,CAMP,pooled,old_same,east_to_west,,target,0.5,matched,old_margin_guard,20,0,20,20,0.0,,,
A-DENSEUAV-EXTERNAL-001,DenseUAV,CAMP,pooled,old_same,east_to_west,,target,0.5,budget10,sq8_margin_guard,20,20,0,0,0.09878682842287695,0.6675438596491228,38.05,18.95
A-DENSEUAV-EXTERNAL-001,DenseUAV,CAMP,pooled,old_same,east_to_west,,target,0.5,budget25,sq8_margin_guard,20,20,0,0,0.24956672443674177,0.7503472222222223,108.05,35.95
A-DENSEUAV-EXTERNAL-001,DenseUAV,CAMP,pooled,old_same,east_to_west,,target,0.5,budget50,sq8_margin_guard,20,0,20,20,0.0,,,
A-DENSEUAV-EXTERNAL-001,DenseUAV,CAMP,pooled,old_same,east_to_west,,target,0.5,full_frozen,sq8_margin_guard,20,0,20,20,0.0,,,
A-DENSEUAV-EXTERNAL-001,DenseUAV,CAMP,pooled,old_same,east_to_west,,target,0.5,matched,sq8_margin_guard,20,0,20,20,0.0,,,
A-DENSEUAV-EXTERNAL-001,DenseUAV,CAMP,pooled,old_same,west_to_east,,control,0.25,budget10,current_su,20,20,0,0,0.1,0.45,9,11
A-DENSEUAV-EXTERNAL-001,DenseUAV,CAMP,pooled,old_same,west_to_east,,control,0.25,budget25,current_su,20,20,0,0,0.25,0.61,30.5,19.5
A-DENSEUAV-EXTERNAL-001,DenseUAV,CAMP,pooled,old_same,west_to_east,,control,0.25,budget50,current_su,20,20,0,0,0.5,0.71,71,29
A-DENSEUAV-EXTERNAL-001,DenseUAV,CAMP,pooled,old_same,west_to_east,,control,0.25,full_frozen,current_su,20,0,20,20,0.0,,,
A-DENSEUAV-EXTERNAL-001,DenseUAV,CAMP,pooled,old_same,west_to_east,,control,0.25,matched,current_su,20,0,20,20,0.0,,,
A-DENSEUAV-EXTERNAL-001,DenseUAV,CAMP,pooled,old_same,west_to_east,,control,0.25,budget10,current_su_guard,20,20,0,0,0.1,0.445,8.9,11.1
A-DENSEUAV-EXTERNAL-001,DenseUAV,CAMP,pooled,old_same,west_to_east,,control,0.25,budget25,current_su_guard,20,20,0,0,0.25,0.606,30.3,19.7
A-DENSEUAV-EXTERNAL-001,DenseUAV,CAMP,pooled,old_same,west_to_east,,control,0.25,budget50,current_su_guard,20,20,0,0,0.5,0.71,71,29
A-DENSEUAV-EXTERNAL-001,DenseUAV,CAMP,pooled,old_same,west_to_east,,control,0.25,full_frozen,current_su_guard,20,0,20,20,0.0,,,
A-DENSEUAV-EXTERNAL-001,DenseUAV,CAMP,pooled,old_same,west_to_east,,control,0.25,matched,current_su_guard,20,0,20,20,0.0,,,
A-DENSEUAV-EXTERNAL-001,DenseUAV,CAMP,pooled,old_same,west_to_east,,control,0.25,budget10,old_su,20,20,0,0,0.1,0.45,9,11
A-DENSEUAV-EXTERNAL-001,DenseUAV,CAMP,pooled,old_same,west_to_east,,control,0.25,budget25,old_su,20,20,0,0,0.25,0.598,29.9,20.1
A-DENSEUAV-EXTERNAL-001,DenseUAV,CAMP,pooled,old_same,west_to_east,,control,0.25,budget50,old_su,20,20,0,0,0.5,0.709,70.9,29.1
A-DENSEUAV-EXTERNAL-001,DenseUAV,CAMP,pooled,old_same,west_to_east,,control,0.25,full_frozen,old_su,20,0,20,20,0.0,,,
A-DENSEUAV-EXTERNAL-001,DenseUAV,CAMP,pooled,old_same,west_to_east,,control,0.25,matched,old_su,20,0,20,20,0.0,,,
A-DENSEUAV-EXTERNAL-001,DenseUAV,CAMP,pooled,old_same,west_to_east,,control,0.25,budget10,old_su_guard,20,20,0,0,0.1,0.4425,8.85,11.15
A-DENSEUAV-EXTERNAL-001,DenseUAV,CAMP,pooled,old_same,west_to_east,,control,0.25,budget25,old_su_guard,20,20,0,0,0.25,0.6,30,20
A-DENSEUAV-EXTERNAL-001,DenseUAV,CAMP,pooled,old_same,west_to_east,,control,0.25,budget50,old_su_guard,20,20,0,0,0.5,0.71,71,29
A-DENSEUAV-EXTERNAL-001,DenseUAV,CAMP,pooled,old_same,west_to_east,,control,0.25,full_frozen,old_su_guard,20,0,20,20,0.0,,,
A-DENSEUAV-EXTERNAL-001,DenseUAV,CAMP,pooled,old_same,west_to_east,,control,0.25,matched,old_su_guard,20,0,20,20,0.0,,,
A-DENSEUAV-EXTERNAL-001,DenseUAV,CAMP,pooled,old_same,west_to_east,,control,0.25,budget10,current_margin,20,20,0,0,0.1,0.58,11.6,8.4
A-DENSEUAV-EXTERNAL-001,DenseUAV,CAMP,pooled,old_same,west_to_east,,control,0.25,budget25,current_margin,20,20,0,0,0.25,0.709,35.45,14.55
A-DENSEUAV-EXTERNAL-001,DenseUAV,CAMP,pooled,old_same,west_to_east,,control,0.25,budget50,current_margin,20,20,0,0,0.5,0.7685,76.85,23.15
A-DENSEUAV-EXTERNAL-001,DenseUAV,CAMP,pooled,old_same,west_to_east,,control,0.25,full_frozen,current_margin,20,0,20,20,0.0,,,
A-DENSEUAV-EXTERNAL-001,DenseUAV,CAMP,pooled,old_same,west_to_east,,control,0.25,matched,current_margin,20,0,20,20,0.0,,,
A-DENSEUAV-EXTERNAL-001,DenseUAV,CAMP,pooled,old_same,west_to_east,,control,0.25,budget10,current_margin_guard,20,20,0,0,0.1,0.58,11.6,8.4
A-DENSEUAV-EXTERNAL-001,DenseUAV,CAMP,pooled,old_same,west_to_east,,control,0.25,budget25,current_margin_guard,20,20,0,0,0.25,0.702,35.1,14.9
A-DENSEUAV-EXTERNAL-001,DenseUAV,CAMP,pooled,old_same,west_to_east,,control,0.25,budget50,current_margin_guard,20,20,0,0,0.5,0.7695000000000001,76.95,23.05
A-DENSEUAV-EXTERNAL-001,DenseUAV,CAMP,pooled,old_same,west_to_east,,control,0.25,full_frozen,current_margin_guard,20,0,20,20,0.0,,,
A-DENSEUAV-EXTERNAL-001,DenseUAV,CAMP,pooled,old_same,west_to_east,,control,0.25,matched,current_margin_guard,20,0,20,20,0.0,,,
A-DENSEUAV-EXTERNAL-001,DenseUAV,CAMP,pooled,old_same,west_to_east,,control,0.25,budget10,old_margin_guard,20,20,0,0,0.1,0.55,11,9
A-DENSEUAV-EXTERNAL-001,DenseUAV,CAMP,pooled,old_same,west_to_east,,control,0.25,budget25,old_margin_guard,20,20,0,0,0.25,0.677,33.85,16.15
A-DENSEUAV-EXTERNAL-001,DenseUAV,CAMP,pooled,old_same,west_to_east,,control,0.25,budget50,old_margin_guard,20,20,0,0,0.5,0.7675000000000001,76.75,23.25
A-DENSEUAV-EXTERNAL-001,DenseUAV,CAMP,pooled,old_same,west_to_east,,control,0.25,full_frozen,old_margin_guard,20,0,20,20,0.0,,,
A-DENSEUAV-EXTERNAL-001,DenseUAV,CAMP,pooled,old_same,west_to_east,,control,0.25,matched,old_margin_guard,20,0,20,20,0.0,,,
A-DENSEUAV-EXTERNAL-001,DenseUAV,CAMP,pooled,old_same,west_to_east,,control,0.25,budget10,sq8_margin_guard,20,20,0,0,0.1,0.5525,11.05,8.95
A-DENSEUAV-EXTERNAL-001,DenseUAV,CAMP,pooled,old_same,west_to_east,,control,0.25,budget25,sq8_margin_guard,20,20,0,0,0.25,0.664,33.2,16.8
A-DENSEUAV-EXTERNAL-001,DenseUAV,CAMP,pooled,old_same,west_to_east,,control,0.25,budget50,sq8_margin_guard,20,20,0,0,0.5,0.747,74.7,25.3
A-DENSEUAV-EXTERNAL-001,DenseUAV,CAMP,pooled,old_same,west_to_east,,control,0.25,full_frozen,sq8_margin_guard,20,0,20,20,0.0,,,
A-DENSEUAV-EXTERNAL-001,DenseUAV,CAMP,pooled,old_same,west_to_east,,control,0.25,matched,sq8_margin_guard,20,0,20,20,0.0,,,
A-DENSEUAV-EXTERNAL-001,DenseUAV,CAMP,pooled,old_same,east_to_west,,control,0.25,budget10,current_su,20,20,0,0,0.09878682842287695,0.631578947368421,36,21
A-DENSEUAV-EXTERNAL-001,DenseUAV,CAMP,pooled,old_same,east_to_west,,control,0.25,budget25,current_su,20,20,0,0,0.24956672443674177,0.6225694444444445,89.65,54.35
A-DENSEUAV-EXTERNAL-001,DenseUAV,CAMP,pooled,old_same,east_to_west,,control,0.25,budget50,current_su,20,20,0,0,0.49913344887348354,0.6605902777777778,190.25,97.75
A-DENSEUAV-EXTERNAL-001,DenseUAV,CAMP,pooled,old_same,east_to_west,,control,0.25,full_frozen,current_su,20,0,20,20,0.0,,,
A-DENSEUAV-EXTERNAL-001,DenseUAV,CAMP,pooled,old_same,east_to_west,,control,0.25,matched,current_su,20,0,20,20,0.0,,,
A-DENSEUAV-EXTERNAL-001,DenseUAV,CAMP,pooled,old_same,east_to_west,,control,0.25,budget10,current_su_guard,20,20,0,0,0.09878682842287695,0.6219298245614034,35.45,21.55
A-DENSEUAV-EXTERNAL-001,DenseUAV,CAMP,pooled,old_same,east_to_west,,control,0.25,budget25,current_su_guard,20,20,0,0,0.24956672443674177,0.6197916666666666,89.25,54.75
A-DENSEUAV-EXTERNAL-001,DenseUAV,CAMP,pooled,old_same,east_to_west,,control,0.25,budget50,current_su_guard,20,20,0,0,0.49913344887348354,0.6585069444444445,189.65,98.35
A-DENSEUAV-EXTERNAL-001,DenseUAV,CAMP,pooled,old_same,east_to_west,,control,0.25,full_frozen,current_su_guard,20,0,20,20,0.0,,,
A-DENSEUAV-EXTERNAL-001,DenseUAV,CAMP,pooled,old_same,east_to_west,,control,0.25,matched,current_su_guard,20,0,20,20,0.0,,,
A-DENSEUAV-EXTERNAL-001,DenseUAV,CAMP,pooled,old_same,east_to_west,,control,0.25,budget10,old_su,20,20,0,0,0.09878682842287695,0.631578947368421,36,21
A-DENSEUAV-EXTERNAL-001,DenseUAV,CAMP,pooled,old_same,east_to_west,,control,0.25,budget25,old_su,20,20,0,0,0.24956672443674177,0.625,90,54
A-DENSEUAV-EXTERNAL-001,DenseUAV,CAMP,pooled,old_same,east_to_west,,control,0.25,budget50,old_su,20,20,0,0,0.49913344887348354,0.65625,189,99
A-DENSEUAV-EXTERNAL-001,DenseUAV,CAMP,pooled,old_same,east_to_west,,control,0.25,full_frozen,old_su,20,0,20,20,0.0,,,
A-DENSEUAV-EXTERNAL-001,DenseUAV,CAMP,pooled,old_same,east_to_west,,control,0.25,matched,old_su,20,0,20,20,0.0,,,
A-DENSEUAV-EXTERNAL-001,DenseUAV,CAMP,pooled,old_same,east_to_west,,control,0.25,budget10,old_su_guard,20,20,0,0,0.09878682842287695,0.618421052631579,35.25,21.75
A-DENSEUAV-EXTERNAL-001,DenseUAV,CAMP,pooled,old_same,east_to_west,,control,0.25,budget25,old_su_guard,20,20,0,0,0.24956672443674177,0.6173611111111111,88.9,55.1
A-DENSEUAV-EXTERNAL-001,DenseUAV,CAMP,pooled,old_same,east_to_west,,control,0.25,budget50,old_su_guard,20,20,0,0,0.49913344887348354,0.6550347222222223,188.65,99.35
A-DENSEUAV-EXTERNAL-001,DenseUAV,CAMP,pooled,old_same,east_to_west,,control,0.25,full_frozen,old_su_guard,20,0,20,20,0.0,,,
A-DENSEUAV-EXTERNAL-001,DenseUAV,CAMP,pooled,old_same,east_to_west,,control,0.25,matched,old_su_guard,20,0,20,20,0.0,,,
A-DENSEUAV-EXTERNAL-001,DenseUAV,CAMP,pooled,old_same,east_to_west,,control,0.25,budget10,current_margin,20,20,0,0,0.09878682842287695,0.5859649122807018,33.4,23.6
A-DENSEUAV-EXTERNAL-001,DenseUAV,CAMP,pooled,old_same,east_to_west,,control,0.25,budget25,current_margin,20,20,0,0,0.24956672443674177,0.617013888888889,88.85,55.15
A-DENSEUAV-EXTERNAL-001,DenseUAV,CAMP,pooled,old_same,east_to_west,,control,0.25,budget50,current_margin,20,20,0,0,0.49913344887348354,0.6800347222222223,195.85,92.15
A-DENSEUAV-EXTERNAL-001,DenseUAV,CAMP,pooled,old_same,east_to_west,,control,0.25,full_frozen,current_margin,20,0,20,20,0.0,,,
A-DENSEUAV-EXTERNAL-001,DenseUAV,CAMP,pooled,old_same,east_to_west,,control,0.25,matched,current_margin,20,0,20,20,0.0,,,
A-DENSEUAV-EXTERNAL-001,DenseUAV,CAMP,pooled,old_same,east_to_west,,control,0.25,budget10,current_margin_guard,20,20,0,0,0.09878682842287695,0.5807017543859649,33.1,23.9
A-DENSEUAV-EXTERNAL-001,DenseUAV,CAMP,pooled,old_same,east_to_west,,control,0.25,budget25,current_margin_guard,20,20,0,0,0.24956672443674177,0.6131944444444445,88.3,55.7
A-DENSEUAV-EXTERNAL-001,DenseUAV,CAMP,pooled,old_same,east_to_west,,control,0.25,budget50,current_margin_guard,20,20,0,0,0.49913344887348354,0.6802083333333333,195.9,92.1
A-DENSEUAV-EXTERNAL-001,DenseUAV,CAMP,pooled,old_same,east_to_west,,control,0.25,full_frozen,current_margin_guard,20,0,20,20,0.0,,,
A-DENSEUAV-EXTERNAL-001,DenseUAV,CAMP,pooled,old_same,east_to_west,,control,0.25,matched,current_margin_guard,20,0,20,20,0.0,,,
A-DENSEUAV-EXTERNAL-001,DenseUAV,CAMP,pooled,old_same,east_to_west,,control,0.25,budget10,old_margin_guard,20,20,0,0,0.09878682842287695,0.5728070175438597,32.65,24.35
A-DENSEUAV-EXTERNAL-001,DenseUAV,CAMP,pooled,old_same,east_to_west,,control,0.25,budget25,old_margin_guard,20,20,0,0,0.24956672443674177,0.6090277777777778,87.7,56.3
A-DENSEUAV-EXTERNAL-001,DenseUAV,CAMP,pooled,old_same,east_to_west,,control,0.25,budget50,old_margin_guard,20,20,0,0,0.49913344887348354,0.6805555555555556,196,92
A-DENSEUAV-EXTERNAL-001,DenseUAV,CAMP,pooled,old_same,east_to_west,,control,0.25,full_frozen,old_margin_guard,20,0,20,20,0.0,,,
A-DENSEUAV-EXTERNAL-001,DenseUAV,CAMP,pooled,old_same,east_to_west,,control,0.25,matched,old_margin_guard,20,0,20,20,0.0,,,
A-DENSEUAV-EXTERNAL-001,DenseUAV,CAMP,pooled,old_same,east_to_west,,control,0.25,budget10,sq8_margin_guard,20,20,0,0,0.09878682842287695,0.5578947368421052,31.8,25.2
A-DENSEUAV-EXTERNAL-001,DenseUAV,CAMP,pooled,old_same,east_to_west,,control,0.25,budget25,sq8_margin_guard,20,20,0,0,0.24956672443674177,0.6072916666666667,87.45,56.55
A-DENSEUAV-EXTERNAL-001,DenseUAV,CAMP,pooled,old_same,east_to_west,,control,0.25,budget50,sq8_margin_guard,20,20,0,0,0.49913344887348354,0.6784722222222223,195.4,92.6
A-DENSEUAV-EXTERNAL-001,DenseUAV,CAMP,pooled,old_same,east_to_west,,control,0.25,full_frozen,sq8_margin_guard,20,0,20,20,0.0,,,
A-DENSEUAV-EXTERNAL-001,DenseUAV,CAMP,pooled,old_same,east_to_west,,control,0.25,matched,sq8_margin_guard,20,0,20,20,0.0,,,
A-DENSEUAV-EXTERNAL-001,DenseUAV,CAMP,pooled,old_to_plain,west_to_east,,full,0.0,budget10,current_su,1,1,0,0,0.1,0.7,14,6
A-DENSEUAV-EXTERNAL-001,DenseUAV,CAMP,pooled,old_to_plain,west_to_east,,full,0.0,budget25,current_su,1,1,0,0,0.25,0.8,40,10
A-DENSEUAV-EXTERNAL-001,DenseUAV,CAMP,pooled,old_to_plain,west_to_east,,full,0.0,budget50,current_su,1,1,0,0,0.5,0.84,84,16
A-DENSEUAV-EXTERNAL-001,DenseUAV,CAMP,pooled,old_to_plain,west_to_east,,full,0.0,full_frozen,current_su,1,0,1,1,0.0,,,
A-DENSEUAV-EXTERNAL-001,DenseUAV,CAMP,pooled,old_to_plain,west_to_east,,full,0.0,matched,current_su,1,1,0,1,0.0,,0,0
A-DENSEUAV-EXTERNAL-001,DenseUAV,CAMP,pooled,old_to_plain,west_to_east,,full,0.0,budget10,current_su_guard,1,1,0,0,0.1,0.7,14,6
A-DENSEUAV-EXTERNAL-001,DenseUAV,CAMP,pooled,old_to_plain,west_to_east,,full,0.0,budget25,current_su_guard,1,1,0,0,0.25,0.8,40,10
A-DENSEUAV-EXTERNAL-001,DenseUAV,CAMP,pooled,old_to_plain,west_to_east,,full,0.0,budget50,current_su_guard,1,1,0,0,0.5,0.84,84,16
A-DENSEUAV-EXTERNAL-001,DenseUAV,CAMP,pooled,old_to_plain,west_to_east,,full,0.0,full_frozen,current_su_guard,1,0,1,1,0.0,,,
A-DENSEUAV-EXTERNAL-001,DenseUAV,CAMP,pooled,old_to_plain,west_to_east,,full,0.0,matched,current_su_guard,1,1,0,1,0.0,,0,0
A-DENSEUAV-EXTERNAL-001,DenseUAV,CAMP,pooled,old_to_plain,west_to_east,,full,0.0,budget10,old_su,1,1,0,0,0.1,0.75,15,5
A-DENSEUAV-EXTERNAL-001,DenseUAV,CAMP,pooled,old_to_plain,west_to_east,,full,0.0,budget25,old_su,1,1,0,0,0.25,0.84,42,8
A-DENSEUAV-EXTERNAL-001,DenseUAV,CAMP,pooled,old_to_plain,west_to_east,,full,0.0,budget50,old_su,1,1,0,0,0.5,0.88,88,12
A-DENSEUAV-EXTERNAL-001,DenseUAV,CAMP,pooled,old_to_plain,west_to_east,,full,0.0,full_frozen,old_su,1,0,1,1,0.0,,,
A-DENSEUAV-EXTERNAL-001,DenseUAV,CAMP,pooled,old_to_plain,west_to_east,,full,0.0,matched,old_su,1,0,1,1,0.0,,,
A-DENSEUAV-EXTERNAL-001,DenseUAV,CAMP,pooled,old_to_plain,west_to_east,,full,0.0,budget10,old_su_guard,1,1,0,0,0.1,0.75,15,5
A-DENSEUAV-EXTERNAL-001,DenseUAV,CAMP,pooled,old_to_plain,west_to_east,,full,0.0,budget25,old_su_guard,1,1,0,0,0.25,0.84,42,8
A-DENSEUAV-EXTERNAL-001,DenseUAV,CAMP,pooled,old_to_plain,west_to_east,,full,0.0,budget50,old_su_guard,1,1,0,0,0.5,0.88,88,12
A-DENSEUAV-EXTERNAL-001,DenseUAV,CAMP,pooled,old_to_plain,west_to_east,,full,0.0,full_frozen,old_su_guard,1,0,1,1,0.0,,,
A-DENSEUAV-EXTERNAL-001,DenseUAV,CAMP,pooled,old_to_plain,west_to_east,,full,0.0,matched,old_su_guard,1,0,1,1,0.0,,,
A-DENSEUAV-EXTERNAL-001,DenseUAV,CAMP,pooled,old_to_plain,west_to_east,,full,0.0,budget10,current_margin,1,1,0,0,0.1,0.8,16,4
A-DENSEUAV-EXTERNAL-001,DenseUAV,CAMP,pooled,old_to_plain,west_to_east,,full,0.0,budget25,current_margin,1,1,0,0,0.25,0.84,42,8
A-DENSEUAV-EXTERNAL-001,DenseUAV,CAMP,pooled,old_to_plain,west_to_east,,full,0.0,budget50,current_margin,1,1,0,0,0.5,0.89,89,11
A-DENSEUAV-EXTERNAL-001,DenseUAV,CAMP,pooled,old_to_plain,west_to_east,,full,0.0,full_frozen,current_margin,1,0,1,1,0.0,,,
A-DENSEUAV-EXTERNAL-001,DenseUAV,CAMP,pooled,old_to_plain,west_to_east,,full,0.0,matched,current_margin,1,0,1,1,0.0,,,
A-DENSEUAV-EXTERNAL-001,DenseUAV,CAMP,pooled,old_to_plain,west_to_east,,full,0.0,budget10,current_margin_guard,1,1,0,0,0.1,0.8,16,4
A-DENSEUAV-EXTERNAL-001,DenseUAV,CAMP,pooled,old_to_plain,west_to_east,,full,0.0,budget25,current_margin_guard,1,1,0,0,0.25,0.84,42,8
A-DENSEUAV-EXTERNAL-001,DenseUAV,CAMP,pooled,old_to_plain,west_to_east,,full,0.0,budget50,current_margin_guard,1,1,0,0,0.5,0.89,89,11
A-DENSEUAV-EXTERNAL-001,DenseUAV,CAMP,pooled,old_to_plain,west_to_east,,full,0.0,full_frozen,current_margin_guard,1,0,1,1,0.0,,,
A-DENSEUAV-EXTERNAL-001,DenseUAV,CAMP,pooled,old_to_plain,west_to_east,,full,0.0,matched,current_margin_guard,1,0,1,1,0.0,,,
A-DENSEUAV-EXTERNAL-001,DenseUAV,CAMP,pooled,old_to_plain,west_to_east,,full,0.0,budget10,old_margin_guard,1,1,0,0,0.1,0.95,19,1
A-DENSEUAV-EXTERNAL-001,DenseUAV,CAMP,pooled,old_to_plain,west_to_east,,full,0.0,budget25,old_margin_guard,1,1,0,0,0.25,0.96,48,2
A-DENSEUAV-EXTERNAL-001,DenseUAV,CAMP,pooled,old_to_plain,west_to_east,,full,0.0,budget50,old_margin_guard,1,1,0,0,0.5,0.92,92,8
A-DENSEUAV-EXTERNAL-001,DenseUAV,CAMP,pooled,old_to_plain,west_to_east,,full,0.0,full_frozen,old_margin_guard,1,0,1,1,0.0,,,
A-DENSEUAV-EXTERNAL-001,DenseUAV,CAMP,pooled,old_to_plain,west_to_east,,full,0.0,matched,old_margin_guard,1,0,1,1,0.0,,,
A-DENSEUAV-EXTERNAL-001,DenseUAV,CAMP,pooled,old_to_plain,west_to_east,,full,0.0,budget10,sq8_margin_guard,1,1,0,0,0.1,0.8,16,4
A-DENSEUAV-EXTERNAL-001,DenseUAV,CAMP,pooled,old_to_plain,west_to_east,,full,0.0,budget25,sq8_margin_guard,1,1,0,0,0.25,0.84,42,8
A-DENSEUAV-EXTERNAL-001,DenseUAV,CAMP,pooled,old_to_plain,west_to_east,,full,0.0,budget50,sq8_margin_guard,1,1,0,0,0.5,0.89,89,11
A-DENSEUAV-EXTERNAL-001,DenseUAV,CAMP,pooled,old_to_plain,west_to_east,,full,0.0,full_frozen,sq8_margin_guard,1,0,1,1,0.0,,,
A-DENSEUAV-EXTERNAL-001,DenseUAV,CAMP,pooled,old_to_plain,west_to_east,,full,0.0,matched,sq8_margin_guard,1,0,1,1,0.0,,,
A-DENSEUAV-EXTERNAL-001,DenseUAV,CAMP,pooled,old_to_plain,east_to_west,,full,0.0,budget10,current_su,1,1,0,0,0.09878682842287695,0.3157894736842105,18,39
A-DENSEUAV-EXTERNAL-001,DenseUAV,CAMP,pooled,old_to_plain,east_to_west,,full,0.0,budget25,current_su,1,1,0,0,0.24956672443674177,0.4583333333333333,66,78
A-DENSEUAV-EXTERNAL-001,DenseUAV,CAMP,pooled,old_to_plain,east_to_west,,full,0.0,budget50,current_su,1,1,0,0,0.49913344887348354,0.5381944444444444,155,133
A-DENSEUAV-EXTERNAL-001,DenseUAV,CAMP,pooled,old_to_plain,east_to_west,,full,0.0,full_frozen,current_su,1,0,1,1,0.0,,,
A-DENSEUAV-EXTERNAL-001,DenseUAV,CAMP,pooled,old_to_plain,east_to_west,,full,0.0,matched,current_su,1,0,1,1,0.0,,,
A-DENSEUAV-EXTERNAL-001,DenseUAV,CAMP,pooled,old_to_plain,east_to_west,,full,0.0,budget10,current_su_guard,1,1,0,0,0.09878682842287695,0.3157894736842105,18,39
A-DENSEUAV-EXTERNAL-001,DenseUAV,CAMP,pooled,old_to_plain,east_to_west,,full,0.0,budget25,current_su_guard,1,1,0,0,0.24956672443674177,0.4583333333333333,66,78
A-DENSEUAV-EXTERNAL-001,DenseUAV,CAMP,pooled,old_to_plain,east_to_west,,full,0.0,budget50,current_su_guard,1,1,0,0,0.49913344887348354,0.5381944444444444,155,133
A-DENSEUAV-EXTERNAL-001,DenseUAV,CAMP,pooled,old_to_plain,east_to_west,,full,0.0,full_frozen,current_su_guard,1,0,1,1,0.0,,,
A-DENSEUAV-EXTERNAL-001,DenseUAV,CAMP,pooled,old_to_plain,east_to_west,,full,0.0,matched,current_su_guard,1,0,1,1,0.0,,,
A-DENSEUAV-EXTERNAL-001,DenseUAV,CAMP,pooled,old_to_plain,east_to_west,,full,0.0,budget10,old_su,1,1,0,0,0.09878682842287695,0.631578947368421,36,21
A-DENSEUAV-EXTERNAL-001,DenseUAV,CAMP,pooled,old_to_plain,east_to_west,,full,0.0,budget25,old_su,1,1,0,0,0.24956672443674177,0.5972222222222222,86,58
A-DENSEUAV-EXTERNAL-001,DenseUAV,CAMP,pooled,old_to_plain,east_to_west,,full,0.0,budget50,old_su,1,1,0,0,0.49913344887348354,0.6423611111111112,185,103
A-DENSEUAV-EXTERNAL-001,DenseUAV,CAMP,pooled,old_to_plain,east_to_west,,full,0.0,full_frozen,old_su,1,0,1,1,0.0,,,
A-DENSEUAV-EXTERNAL-001,DenseUAV,CAMP,pooled,old_to_plain,east_to_west,,full,0.0,matched,old_su,1,0,1,1,0.0,,,
A-DENSEUAV-EXTERNAL-001,DenseUAV,CAMP,pooled,old_to_plain,east_to_west,,full,0.0,budget10,old_su_guard,1,1,0,0,0.09878682842287695,0.631578947368421,36,21
A-DENSEUAV-EXTERNAL-001,DenseUAV,CAMP,pooled,old_to_plain,east_to_west,,full,0.0,budget25,old_su_guard,1,1,0,0,0.24956672443674177,0.5972222222222222,86,58
A-DENSEUAV-EXTERNAL-001,DenseUAV,CAMP,pooled,old_to_plain,east_to_west,,full,0.0,budget50,old_su_guard,1,1,0,0,0.49913344887348354,0.6423611111111112,185,103
A-DENSEUAV-EXTERNAL-001,DenseUAV,CAMP,pooled,old_to_plain,east_to_west,,full,0.0,full_frozen,old_su_guard,1,0,1,1,0.0,,,
A-DENSEUAV-EXTERNAL-001,DenseUAV,CAMP,pooled,old_to_plain,east_to_west,,full,0.0,matched,old_su_guard,1,0,1,1,0.0,,,
A-DENSEUAV-EXTERNAL-001,DenseUAV,CAMP,pooled,old_to_plain,east_to_west,,full,0.0,budget10,current_margin,1,1,0,0,0.09878682842287695,0.38596491228070173,22,35
A-DENSEUAV-EXTERNAL-001,DenseUAV,CAMP,pooled,old_to_plain,east_to_west,,full,0.0,budget25,current_margin,1,1,0,0,0.24956672443674177,0.4861111111111111,70,74
A-DENSEUAV-EXTERNAL-001,DenseUAV,CAMP,pooled,old_to_plain,east_to_west,,full,0.0,budget50,current_margin,1,1,0,0,0.49913344887348354,0.6111111111111112,176,112
A-DENSEUAV-EXTERNAL-001,DenseUAV,CAMP,pooled,old_to_plain,east_to_west,,full,0.0,full_frozen,current_margin,1,0,1,1,0.0,,,
A-DENSEUAV-EXTERNAL-001,DenseUAV,CAMP,pooled,old_to_plain,east_to_west,,full,0.0,matched,current_margin,1,0,1,1,0.0,,,
A-DENSEUAV-EXTERNAL-001,DenseUAV,CAMP,pooled,old_to_plain,east_to_west,,full,0.0,budget10,current_margin_guard,1,1,0,0,0.09878682842287695,0.38596491228070173,22,35
A-DENSEUAV-EXTERNAL-001,DenseUAV,CAMP,pooled,old_to_plain,east_to_west,,full,0.0,budget25,current_margin_guard,1,1,0,0,0.24956672443674177,0.4861111111111111,70,74
A-DENSEUAV-EXTERNAL-001,DenseUAV,CAMP,pooled,old_to_plain,east_to_west,,full,0.0,budget50,current_margin_guard,1,1,0,0,0.49913344887348354,0.6111111111111112,176,112
A-DENSEUAV-EXTERNAL-001,DenseUAV,CAMP,pooled,old_to_plain,east_to_west,,full,0.0,full_frozen,current_margin_guard,1,0,1,1,0.0,,,
A-DENSEUAV-EXTERNAL-001,DenseUAV,CAMP,pooled,old_to_plain,east_to_west,,full,0.0,matched,current_margin_guard,1,0,1,1,0.0,,,
A-DENSEUAV-EXTERNAL-001,DenseUAV,CAMP,pooled,old_to_plain,east_to_west,,full,0.0,budget10,old_margin_guard,1,1,0,0,0.09878682842287695,0.5964912280701754,34,23
A-DENSEUAV-EXTERNAL-001,DenseUAV,CAMP,pooled,old_to_plain,east_to_west,,full,0.0,budget25,old_margin_guard,1,1,0,0,0.24956672443674177,0.6111111111111112,88,56
A-DENSEUAV-EXTERNAL-001,DenseUAV,CAMP,pooled,old_to_plain,east_to_west,,full,0.0,budget50,old_margin_guard,1,1,0,0,0.49913344887348354,0.6423611111111112,185,103
A-DENSEUAV-EXTERNAL-001,DenseUAV,CAMP,pooled,old_to_plain,east_to_west,,full,0.0,full_frozen,old_margin_guard,1,0,1,1,0.0,,,
A-DENSEUAV-EXTERNAL-001,DenseUAV,CAMP,pooled,old_to_plain,east_to_west,,full,0.0,matched,old_margin_guard,1,0,1,1,0.0,,,
A-DENSEUAV-EXTERNAL-001,DenseUAV,CAMP,pooled,old_to_plain,east_to_west,,full,0.0,budget10,sq8_margin_guard,1,1,0,0,0.09878682842287695,0.38596491228070173,22,35
A-DENSEUAV-EXTERNAL-001,DenseUAV,CAMP,pooled,old_to_plain,east_to_west,,full,0.0,budget25,sq8_margin_guard,1,1,0,0,0.24956672443674177,0.4861111111111111,70,74
A-DENSEUAV-EXTERNAL-001,DenseUAV,CAMP,pooled,old_to_plain,east_to_west,,full,0.0,budget50,sq8_margin_guard,1,1,0,0,0.49913344887348354,0.6111111111111112,176,112
A-DENSEUAV-EXTERNAL-001,DenseUAV,CAMP,pooled,old_to_plain,east_to_west,,full,0.0,full_frozen,sq8_margin_guard,1,0,1,1,0.0,,,
A-DENSEUAV-EXTERNAL-001,DenseUAV,CAMP,pooled,old_to_plain,east_to_west,,full,0.0,matched,sq8_margin_guard,1,0,1,1,0.0,,,
A-DENSEUAV-EXTERNAL-001,DenseUAV,CAMP,pooled,old_to_plain,west_to_east,,target,0.25,budget10,current_su,20,20,0,0,0.1,0.6875,13.75,6.25
A-DENSEUAV-EXTERNAL-001,DenseUAV,CAMP,pooled,old_to_plain,west_to_east,,target,0.25,budget25,current_su,20,20,0,0,0.25,0.782,39.1,10.9
A-DENSEUAV-EXTERNAL-001,DenseUAV,CAMP,pooled,old_to_plain,west_to_east,,target,0.25,budget50,current_su,20,20,0,0,0.5,0.8654999999999999,86.55,13.45
A-DENSEUAV-EXTERNAL-001,DenseUAV,CAMP,pooled,old_to_plain,west_to_east,,target,0.25,full_frozen,current_su,20,0,20,20,0.0,,,
A-DENSEUAV-EXTERNAL-001,DenseUAV,CAMP,pooled,old_to_plain,west_to_east,,target,0.25,matched,current_su,20,1,19,20,0.0,,0,0
A-DENSEUAV-EXTERNAL-001,DenseUAV,CAMP,pooled,old_to_plain,west_to_east,,target,0.25,budget10,current_su_guard,20,20,0,0,0.1,0.725,14.5,5.5
A-DENSEUAV-EXTERNAL-001,DenseUAV,CAMP,pooled,old_to_plain,west_to_east,,target,0.25,budget25,current_su_guard,20,20,0,0,0.25,0.81,40.5,9.5
A-DENSEUAV-EXTERNAL-001,DenseUAV,CAMP,pooled,old_to_plain,west_to_east,,target,0.25,budget50,current_su_guard,20,20,0,0,0.5,0.884,88.4,11.6
A-DENSEUAV-EXTERNAL-001,DenseUAV,CAMP,pooled,old_to_plain,west_to_east,,target,0.25,full_frozen,current_su_guard,20,0,20,20,0.0,,,
A-DENSEUAV-EXTERNAL-001,DenseUAV,CAMP,pooled,old_to_plain,west_to_east,,target,0.25,matched,current_su_guard,20,1,19,20,0.0,,0,0
A-DENSEUAV-EXTERNAL-001,DenseUAV,CAMP,pooled,old_to_plain,west_to_east,,target,0.25,budget10,old_su,20,20,0,0,0.1,0.7825,15.65,4.35
A-DENSEUAV-EXTERNAL-001,DenseUAV,CAMP,pooled,old_to_plain,west_to_east,,target,0.25,budget25,old_su,20,20,0,0,0.25,0.858,42.9,7.1
A-DENSEUAV-EXTERNAL-001,DenseUAV,CAMP,pooled,old_to_plain,west_to_east,,target,0.25,budget50,old_su,20,20,0,0,0.5,0.894,89.4,10.6
A-DENSEUAV-EXTERNAL-001,DenseUAV,CAMP,pooled,old_to_plain,west_to_east,,target,0.25,full_frozen,old_su,20,0,20,20,0.0,,,
A-DENSEUAV-EXTERNAL-001,DenseUAV,CAMP,pooled,old_to_plain,west_to_east,,target,0.25,matched,old_su,20,0,20,20,0.0,,,
A-DENSEUAV-EXTERNAL-001,DenseUAV,CAMP,pooled,old_to_plain,west_to_east,,target,0.25,budget10,old_su_guard,20,20,0,0,0.1,0.78,15.6,4.4
A-DENSEUAV-EXTERNAL-001,DenseUAV,CAMP,pooled,old_to_plain,west_to_east,,target,0.25,budget25,old_su_guard,20,20,0,0,0.25,0.867,43.35,6.65
A-DENSEUAV-EXTERNAL-001,DenseUAV,CAMP,pooled,old_to_plain,west_to_east,,target,0.25,budget50,old_su_guard,20,20,0,0,0.5,0.9035,90.35,9.65
A-DENSEUAV-EXTERNAL-001,DenseUAV,CAMP,pooled,old_to_plain,west_to_east,,target,0.25,full_frozen,old_su_guard,20,0,20,20,0.0,,,
A-DENSEUAV-EXTERNAL-001,DenseUAV,CAMP,pooled,old_to_plain,west_to_east,,target,0.25,matched,old_su_guard,20,0,20,20,0.0,,,
A-DENSEUAV-EXTERNAL-001,DenseUAV,CAMP,pooled,old_to_plain,west_to_east,,target,0.25,budget10,current_margin,20,20,0,0,0.1,0.7475,14.95,5.05
A-DENSEUAV-EXTERNAL-001,DenseUAV,CAMP,pooled,old_to_plain,west_to_east,,target,0.25,budget25,current_margin,20,20,0,0,0.25,0.852,42.6,7.4
A-DENSEUAV-EXTERNAL-001,DenseUAV,CAMP,pooled,old_to_plain,west_to_east,,target,0.25,budget50,current_margin,20,20,0,0,0.5,0.9105000000000001,91.05,8.95
A-DENSEUAV-EXTERNAL-001,DenseUAV,CAMP,pooled,old_to_plain,west_to_east,,target,0.25,full_frozen,current_margin,20,0,20,20,0.0,,,
A-DENSEUAV-EXTERNAL-001,DenseUAV,CAMP,pooled,old_to_plain,west_to_east,,target,0.25,matched,current_margin,20,0,20,20,0.0,,,
A-DENSEUAV-EXTERNAL-001,DenseUAV,CAMP,pooled,old_to_plain,west_to_east,,target,0.25,budget10,current_margin_guard,20,20,0,0,0.1,0.78,15.6,4.4
A-DENSEUAV-EXTERNAL-001,DenseUAV,CAMP,pooled,old_to_plain,west_to_east,,target,0.25,budget25,current_margin_guard,20,20,0,0,0.25,0.877,43.85,6.15
A-DENSEUAV-EXTERNAL-001,DenseUAV,CAMP,pooled,old_to_plain,west_to_east,,target,0.25,budget50,current_margin_guard,20,20,0,0,0.5,0.902,90.2,9.8
A-DENSEUAV-EXTERNAL-001,DenseUAV,CAMP,pooled,old_to_plain,west_to_east,,target,0.25,full_frozen,current_margin_guard,20,0,20,20,0.0,,,
A-DENSEUAV-EXTERNAL-001,DenseUAV,CAMP,pooled,old_to_plain,west_to_east,,target,0.25,matched,current_margin_guard,20,0,20,20,0.0,,,
A-DENSEUAV-EXTERNAL-001,DenseUAV,CAMP,pooled,old_to_plain,west_to_east,,target,0.25,budget10,old_margin_guard,20,20,0,0,0.1,0.945,18.9,1.1
A-DENSEUAV-EXTERNAL-001,DenseUAV,CAMP,pooled,old_to_plain,west_to_east,,target,0.25,budget25,old_margin_guard,20,20,0,0,0.25,0.958,47.9,2.1
A-DENSEUAV-EXTERNAL-001,DenseUAV,CAMP,pooled,old_to_plain,west_to_east,,target,0.25,budget50,old_margin_guard,20,20,0,0,0.5,0.92,92,8
A-DENSEUAV-EXTERNAL-001,DenseUAV,CAMP,pooled,old_to_plain,west_to_east,,target,0.25,full_frozen,old_margin_guard,20,0,20,20,0.0,,,
A-DENSEUAV-EXTERNAL-001,DenseUAV,CAMP,pooled,old_to_plain,west_to_east,,target,0.25,matched,old_margin_guard,20,0,20,20,0.0,,,
A-DENSEUAV-EXTERNAL-001,DenseUAV,CAMP,pooled,old_to_plain,west_to_east,,target,0.25,budget10,sq8_margin_guard,20,20,0,0,0.1,0.84,16.8,3.2
A-DENSEUAV-EXTERNAL-001,DenseUAV,CAMP,pooled,old_to_plain,west_to_east,,target,0.25,budget25,sq8_margin_guard,20,20,0,0,0.25,0.903,45.15,4.85
A-DENSEUAV-EXTERNAL-001,DenseUAV,CAMP,pooled,old_to_plain,west_to_east,,target,0.25,budget50,sq8_margin_guard,20,8,12,12,0.2,0.925,92.5,7.5
A-DENSEUAV-EXTERNAL-001,DenseUAV,CAMP,pooled,old_to_plain,west_to_east,,target,0.25,full_frozen,sq8_margin_guard,20,0,20,20,0.0,,,
A-DENSEUAV-EXTERNAL-001,DenseUAV,CAMP,pooled,old_to_plain,west_to_east,,target,0.25,matched,sq8_margin_guard,20,0,20,20,0.0,,,
A-DENSEUAV-EXTERNAL-001,DenseUAV,CAMP,pooled,old_to_plain,east_to_west,,target,0.25,budget10,current_su,20,20,0,0,0.09878682842287695,0.38421052631578945,21.9,35.1
A-DENSEUAV-EXTERNAL-001,DenseUAV,CAMP,pooled,old_to_plain,east_to_west,,target,0.25,budget25,current_su,20,20,0,0,0.24956672443674177,0.5201388888888889,74.9,69.1
A-DENSEUAV-EXTERNAL-001,DenseUAV,CAMP,pooled,old_to_plain,east_to_west,,target,0.25,budget50,current_su,20,20,0,0,0.49913344887348354,0.5902777777777778,170,118
A-DENSEUAV-EXTERNAL-001,DenseUAV,CAMP,pooled,old_to_plain,east_to_west,,target,0.25,full_frozen,current_su,20,0,20,20,0.0,,,
A-DENSEUAV-EXTERNAL-001,DenseUAV,CAMP,pooled,old_to_plain,east_to_west,,target,0.25,matched,current_su,20,0,20,20,0.0,,,
A-DENSEUAV-EXTERNAL-001,DenseUAV,CAMP,pooled,old_to_plain,east_to_west,,target,0.25,budget10,current_su_guard,20,20,0,0,0.09878682842287695,0.38421052631578945,21.9,35.1
A-DENSEUAV-EXTERNAL-001,DenseUAV,CAMP,pooled,old_to_plain,east_to_west,,target,0.25,budget25,current_su_guard,20,20,0,0,0.24956672443674177,0.5190972222222222,74.75,69.25
A-DENSEUAV-EXTERNAL-001,DenseUAV,CAMP,pooled,old_to_plain,east_to_west,,target,0.25,budget50,current_su_guard,20,20,0,0,0.49913344887348354,0.6126736111111111,176.45,111.55
A-DENSEUAV-EXTERNAL-001,DenseUAV,CAMP,pooled,old_to_plain,east_to_west,,target,0.25,full_frozen,current_su_guard,20,0,20,20,0.0,,,
A-DENSEUAV-EXTERNAL-001,DenseUAV,CAMP,pooled,old_to_plain,east_to_west,,target,0.25,matched,current_su_guard,20,0,20,20,0.0,,,
A-DENSEUAV-EXTERNAL-001,DenseUAV,CAMP,pooled,old_to_plain,east_to_west,,target,0.25,budget10,old_su,20,20,0,0,0.09878682842287695,0.6736842105263158,38.4,18.6
A-DENSEUAV-EXTERNAL-001,DenseUAV,CAMP,pooled,old_to_plain,east_to_west,,target,0.25,budget25,old_su,20,20,0,0,0.24956672443674177,0.6513888888888889,93.8,50.2
A-DENSEUAV-EXTERNAL-001,DenseUAV,CAMP,pooled,old_to_plain,east_to_west,,target,0.25,budget50,old_su,20,20,0,0,0.49913344887348354,0.6949652777777777,200.15,87.85
A-DENSEUAV-EXTERNAL-001,DenseUAV,CAMP,pooled,old_to_plain,east_to_west,,target,0.25,full_frozen,old_su,20,0,20,20,0.0,,,
A-DENSEUAV-EXTERNAL-001,DenseUAV,CAMP,pooled,old_to_plain,east_to_west,,target,0.25,matched,old_su,20,0,20,20,0.0,,,
A-DENSEUAV-EXTERNAL-001,DenseUAV,CAMP,pooled,old_to_plain,east_to_west,,target,0.25,budget10,old_su_guard,20,20,0,0,0.09878682842287695,0.631578947368421,36,21
A-DENSEUAV-EXTERNAL-001,DenseUAV,CAMP,pooled,old_to_plain,east_to_west,,target,0.25,budget25,old_su_guard,20,20,0,0,0.24956672443674177,0.64375,92.7,51.3
A-DENSEUAV-EXTERNAL-001,DenseUAV,CAMP,pooled,old_to_plain,east_to_west,,target,0.25,budget50,old_su_guard,20,20,0,0,0.49913344887348354,0.6960069444444444,200.45,87.55
A-DENSEUAV-EXTERNAL-001,DenseUAV,CAMP,pooled,old_to_plain,east_to_west,,target,0.25,full_frozen,old_su_guard,20,0,20,20,0.0,,,
A-DENSEUAV-EXTERNAL-001,DenseUAV,CAMP,pooled,old_to_plain,east_to_west,,target,0.25,matched,old_su_guard,20,0,20,20,0.0,,,
A-DENSEUAV-EXTERNAL-001,DenseUAV,CAMP,pooled,old_to_plain,east_to_west,,target,0.25,budget10,current_margin,20,20,0,0,0.09878682842287695,0.47105263157894733,26.85,30.15
A-DENSEUAV-EXTERNAL-001,DenseUAV,CAMP,pooled,old_to_plain,east_to_west,,target,0.25,budget25,current_margin,20,20,0,0,0.24956672443674177,0.55,79.2,64.8
A-DENSEUAV-EXTERNAL-001,DenseUAV,CAMP,pooled,old_to_plain,east_to_west,,target,0.25,budget50,current_margin,20,20,0,0,0.49913344887348354,0.6621527777777778,190.7,97.3
A-DENSEUAV-EXTERNAL-001,DenseUAV,CAMP,pooled,old_to_plain,east_to_west,,target,0.25,full_frozen,current_margin,20,0,20,20,0.0,,,
A-DENSEUAV-EXTERNAL-001,DenseUAV,CAMP,pooled,old_to_plain,east_to_west,,target,0.25,matched,current_margin,20,0,20,20,0.0,,,
A-DENSEUAV-EXTERNAL-001,DenseUAV,CAMP,pooled,old_to_plain,east_to_west,,target,0.25,budget10,current_margin_guard,20,20,0,0,0.09878682842287695,0.46228070175438596,26.35,30.65
A-DENSEUAV-EXTERNAL-001,DenseUAV,CAMP,pooled,old_to_plain,east_to_west,,target,0.25,budget25,current_margin_guard,20,20,0,0,0.24956672443674177,0.5677083333333334,81.75,62.25
A-DENSEUAV-EXTERNAL-001,DenseUAV,CAMP,pooled,old_to_plain,east_to_west,,target,0.25,budget50,current_margin_guard,20,20,0,0,0.49913344887348354,0.6690972222222222,192.7,95.3
A-DENSEUAV-EXTERNAL-001,DenseUAV,CAMP,pooled,old_to_plain,east_to_west,,target,0.25,full_frozen,current_margin_guard,20,0,20,20,0.0,,,
A-DENSEUAV-EXTERNAL-001,DenseUAV,CAMP,pooled,old_to_plain,east_to_west,,target,0.25,matched,current_margin_guard,20,0,20,20,0.0,,,
A-DENSEUAV-EXTERNAL-001,DenseUAV,CAMP,pooled,old_to_plain,east_to_west,,target,0.25,budget10,old_margin_guard,20,20,0,0,0.09878682842287695,0.6298245614035087,35.9,21.1
A-DENSEUAV-EXTERNAL-001,DenseUAV,CAMP,pooled,old_to_plain,east_to_west,,target,0.25,budget25,old_margin_guard,20,20,0,0,0.24956672443674177,0.6298611111111111,90.7,53.3
A-DENSEUAV-EXTERNAL-001,DenseUAV,CAMP,pooled,old_to_plain,east_to_west,,target,0.25,budget50,old_margin_guard,20,20,0,0,0.49913344887348354,0.7085069444444444,204.05,83.95
A-DENSEUAV-EXTERNAL-001,DenseUAV,CAMP,pooled,old_to_plain,east_to_west,,target,0.25,full_frozen,old_margin_guard,20,0,20,20,0.0,,,
A-DENSEUAV-EXTERNAL-001,DenseUAV,CAMP,pooled,old_to_plain,east_to_west,,target,0.25,matched,old_margin_guard,20,0,20,20,0.0,,,
A-DENSEUAV-EXTERNAL-001,DenseUAV,CAMP,pooled,old_to_plain,east_to_west,,target,0.25,budget10,sq8_margin_guard,20,20,0,0,0.09878682842287695,0.43859649122807015,25,32
A-DENSEUAV-EXTERNAL-001,DenseUAV,CAMP,pooled,old_to_plain,east_to_west,,target,0.25,budget25,sq8_margin_guard,20,20,0,0,0.24956672443674177,0.5545138888888889,79.85,64.15
A-DENSEUAV-EXTERNAL-001,DenseUAV,CAMP,pooled,old_to_plain,east_to_west,,target,0.25,budget50,sq8_margin_guard,20,19,1,1,0.4741767764298094,0.6275584795321637,180.73684210526315,107.26315789473684
A-DENSEUAV-EXTERNAL-001,DenseUAV,CAMP,pooled,old_to_plain,east_to_west,,target,0.25,full_frozen,sq8_margin_guard,20,0,20,20,0.0,,,
A-DENSEUAV-EXTERNAL-001,DenseUAV,CAMP,pooled,old_to_plain,east_to_west,,target,0.25,matched,sq8_margin_guard,20,0,20,20,0.0,,,
A-DENSEUAV-EXTERNAL-001,DenseUAV,CAMP,pooled,old_to_plain,west_to_east,,target,0.5,budget10,current_su,20,20,0,0,0.1,0.705,14.1,5.9
A-DENSEUAV-EXTERNAL-001,DenseUAV,CAMP,pooled,old_to_plain,west_to_east,,target,0.5,budget25,current_su,20,20,0,0,0.25,0.824,41.2,8.8
A-DENSEUAV-EXTERNAL-001,DenseUAV,CAMP,pooled,old_to_plain,west_to_east,,target,0.5,budget50,current_su,20,20,0,0,0.5,0.8985,89.85,10.15
A-DENSEUAV-EXTERNAL-001,DenseUAV,CAMP,pooled,old_to_plain,west_to_east,,target,0.5,full_frozen,current_su,20,0,20,20,0.0,,,
A-DENSEUAV-EXTERNAL-001,DenseUAV,CAMP,pooled,old_to_plain,west_to_east,,target,0.5,matched,current_su,20,0,20,20,0.0,,,
A-DENSEUAV-EXTERNAL-001,DenseUAV,CAMP,pooled,old_to_plain,west_to_east,,target,0.5,budget10,current_su_guard,20,20,0,0,0.1,0.745,14.9,5.1
A-DENSEUAV-EXTERNAL-001,DenseUAV,CAMP,pooled,old_to_plain,west_to_east,,target,0.5,budget25,current_su_guard,20,20,0,0,0.25,0.854,42.7,7.3
A-DENSEUAV-EXTERNAL-001,DenseUAV,CAMP,pooled,old_to_plain,west_to_east,,target,0.5,budget50,current_su_guard,20,20,0,0,0.5,0.9225,92.25,7.75
A-DENSEUAV-EXTERNAL-001,DenseUAV,CAMP,pooled,old_to_plain,west_to_east,,target,0.5,full_frozen,current_su_guard,20,0,20,20,0.0,,,
A-DENSEUAV-EXTERNAL-001,DenseUAV,CAMP,pooled,old_to_plain,west_to_east,,target,0.5,matched,current_su_guard,20,1,19,19,0.0005,0.0,0,2
A-DENSEUAV-EXTERNAL-001,DenseUAV,CAMP,pooled,old_to_plain,west_to_east,,target,0.5,budget10,old_su,20,20,0,0,0.1,0.8075,16.15,3.85
A-DENSEUAV-EXTERNAL-001,DenseUAV,CAMP,pooled,old_to_plain,west_to_east,,target,0.5,budget25,old_su,20,20,0,0,0.25,0.883,44.15,5.85
A-DENSEUAV-EXTERNAL-001,DenseUAV,CAMP,pooled,old_to_plain,west_to_east,,target,0.5,budget50,old_su,20,20,0,0,0.5,0.9175,91.75,8.25
A-DENSEUAV-EXTERNAL-001,DenseUAV,CAMP,pooled,old_to_plain,west_to_east,,target,0.5,full_frozen,old_su,20,0,20,20,0.0,,,
A-DENSEUAV-EXTERNAL-001,DenseUAV,CAMP,pooled,old_to_plain,west_to_east,,target,0.5,matched,old_su,20,0,20,20,0.0,,,
A-DENSEUAV-EXTERNAL-001,DenseUAV,CAMP,pooled,old_to_plain,west_to_east,,target,0.5,budget10,old_su_guard,20,20,0,0,0.1,0.8125,16.25,3.75
A-DENSEUAV-EXTERNAL-001,DenseUAV,CAMP,pooled,old_to_plain,west_to_east,,target,0.5,budget25,old_su_guard,20,20,0,0,0.25,0.892,44.6,5.4
A-DENSEUAV-EXTERNAL-001,DenseUAV,CAMP,pooled,old_to_plain,west_to_east,,target,0.5,budget50,old_su_guard,20,20,0,0,0.5,0.9265,92.65,7.35
A-DENSEUAV-EXTERNAL-001,DenseUAV,CAMP,pooled,old_to_plain,west_to_east,,target,0.5,full_frozen,old_su_guard,20,0,20,20,0.0,,,
A-DENSEUAV-EXTERNAL-001,DenseUAV,CAMP,pooled,old_to_plain,west_to_east,,target,0.5,matched,old_su_guard,20,0,20,20,0.0,,,
A-DENSEUAV-EXTERNAL-001,DenseUAV,CAMP,pooled,old_to_plain,west_to_east,,target,0.5,budget10,current_margin,20,20,0,0,0.1,0.7625,15.25,4.75
A-DENSEUAV-EXTERNAL-001,DenseUAV,CAMP,pooled,old_to_plain,west_to_east,,target,0.5,budget25,current_margin,20,20,0,0,0.25,0.864,43.2,6.8
A-DENSEUAV-EXTERNAL-001,DenseUAV,CAMP,pooled,old_to_plain,west_to_east,,target,0.5,budget50,current_margin,20,20,0,0,0.5,0.923,92.3,7.7
A-DENSEUAV-EXTERNAL-001,DenseUAV,CAMP,pooled,old_to_plain,west_to_east,,target,0.5,full_frozen,current_margin,20,0,20,20,0.0,,,
A-DENSEUAV-EXTERNAL-001,DenseUAV,CAMP,pooled,old_to_plain,west_to_east,,target,0.5,matched,current_margin,20,0,20,20,0.0,,,
A-DENSEUAV-EXTERNAL-001,DenseUAV,CAMP,pooled,old_to_plain,west_to_east,,target,0.5,budget10,current_margin_guard,20,20,0,0,0.1,0.8,16,4
A-DENSEUAV-EXTERNAL-001,DenseUAV,CAMP,pooled,old_to_plain,west_to_east,,target,0.5,budget25,current_margin_guard,20,20,0,0,0.25,0.902,45.1,4.9
A-DENSEUAV-EXTERNAL-001,DenseUAV,CAMP,pooled,old_to_plain,west_to_east,,target,0.5,budget50,current_margin_guard,20,20,0,0,0.5,0.9285,92.85,7.15
A-DENSEUAV-EXTERNAL-001,DenseUAV,CAMP,pooled,old_to_plain,west_to_east,,target,0.5,full_frozen,current_margin_guard,20,0,20,20,0.0,,,
A-DENSEUAV-EXTERNAL-001,DenseUAV,CAMP,pooled,old_to_plain,west_to_east,,target,0.5,matched,current_margin_guard,20,0,20,20,0.0,,,
A-DENSEUAV-EXTERNAL-001,DenseUAV,CAMP,pooled,old_to_plain,west_to_east,,target,0.5,budget10,old_margin_guard,20,20,0,0,0.1,0.96,19.2,0.8
A-DENSEUAV-EXTERNAL-001,DenseUAV,CAMP,pooled,old_to_plain,west_to_east,,target,0.5,budget25,old_margin_guard,20,20,0,0,0.25,0.951,47.55,2.45
A-DENSEUAV-EXTERNAL-001,DenseUAV,CAMP,pooled,old_to_plain,west_to_east,,target,0.5,budget50,old_margin_guard,20,20,0,0,0.5,0.9359999999999999,93.6,6.4
A-DENSEUAV-EXTERNAL-001,DenseUAV,CAMP,pooled,old_to_plain,west_to_east,,target,0.5,full_frozen,old_margin_guard,20,0,20,20,0.0,,,
A-DENSEUAV-EXTERNAL-001,DenseUAV,CAMP,pooled,old_to_plain,west_to_east,,target,0.5,matched,old_margin_guard,20,0,20,20,0.0,,,
A-DENSEUAV-EXTERNAL-001,DenseUAV,CAMP,pooled,old_to_plain,west_to_east,,target,0.5,budget10,sq8_margin_guard,20,20,0,0,0.1,0.885,17.7,2.3
A-DENSEUAV-EXTERNAL-001,DenseUAV,CAMP,pooled,old_to_plain,west_to_east,,target,0.5,budget25,sq8_margin_guard,20,20,0,0,0.25,0.94,47,3
A-DENSEUAV-EXTERNAL-001,DenseUAV,CAMP,pooled,old_to_plain,west_to_east,,target,0.5,budget50,sq8_margin_guard,20,0,20,20,0.0,,,
A-DENSEUAV-EXTERNAL-001,DenseUAV,CAMP,pooled,old_to_plain,west_to_east,,target,0.5,full_frozen,sq8_margin_guard,20,0,20,20,0.0,,,
A-DENSEUAV-EXTERNAL-001,DenseUAV,CAMP,pooled,old_to_plain,west_to_east,,target,0.5,matched,sq8_margin_guard,20,0,20,20,0.0,,,
A-DENSEUAV-EXTERNAL-001,DenseUAV,CAMP,pooled,old_to_plain,east_to_west,,target,0.5,budget10,current_su,20,20,0,0,0.09878682842287695,0.4921052631578947,28.05,28.95
A-DENSEUAV-EXTERNAL-001,DenseUAV,CAMP,pooled,old_to_plain,east_to_west,,target,0.5,budget25,current_su,20,20,0,0,0.24956672443674177,0.5920138888888888,85.25,58.75
A-DENSEUAV-EXTERNAL-001,DenseUAV,CAMP,pooled,old_to_plain,east_to_west,,target,0.5,budget50,current_su,20,20,0,0,0.49913344887348354,0.6673611111111111,192.2,95.8
A-DENSEUAV-EXTERNAL-001,DenseUAV,CAMP,pooled,old_to_plain,east_to_west,,target,0.5,full_frozen,current_su,20,0,20,20,0.0,,,
A-DENSEUAV-EXTERNAL-001,DenseUAV,CAMP,pooled,old_to_plain,east_to_west,,target,0.5,matched,current_su,20,0,20,20,0.0,,,
A-DENSEUAV-EXTERNAL-001,DenseUAV,CAMP,pooled,old_to_plain,east_to_west,,target,0.5,budget10,current_su_guard,20,20,0,0,0.09878682842287695,0.4842105263157895,27.6,29.4
A-DENSEUAV-EXTERNAL-001,DenseUAV,CAMP,pooled,old_to_plain,east_to_west,,target,0.5,budget25,current_su_guard,20,20,0,0,0.24956672443674177,0.5927083333333334,85.35,58.65
A-DENSEUAV-EXTERNAL-001,DenseUAV,CAMP,pooled,old_to_plain,east_to_west,,target,0.5,budget50,current_su_guard,20,20,0,0,0.49913344887348354,0.7295138888888889,210.1,77.9
A-DENSEUAV-EXTERNAL-001,DenseUAV,CAMP,pooled,old_to_plain,east_to_west,,target,0.5,full_frozen,current_su_guard,20,0,20,20,0.0,,,
A-DENSEUAV-EXTERNAL-001,DenseUAV,CAMP,pooled,old_to_plain,east_to_west,,target,0.5,matched,current_su_guard,20,0,20,20,0.0,,,
A-DENSEUAV-EXTERNAL-001,DenseUAV,CAMP,pooled,old_to_plain,east_to_west,,target,0.5,budget10,old_su,20,20,0,0,0.09878682842287695,0.7421052631578947,42.3,14.7
A-DENSEUAV-EXTERNAL-001,DenseUAV,CAMP,pooled,old_to_plain,east_to_west,,target,0.5,budget25,old_su,20,20,0,0,0.24956672443674177,0.7364583333333333,106.05,37.95
A-DENSEUAV-EXTERNAL-001,DenseUAV,CAMP,pooled,old_to_plain,east_to_west,,target,0.5,budget50,old_su,20,20,0,0,0.49913344887348354,0.7640625,220.05,67.95
A-DENSEUAV-EXTERNAL-001,DenseUAV,CAMP,pooled,old_to_plain,east_to_west,,target,0.5,full_frozen,old_su,20,0,20,20,0.0,,,
A-DENSEUAV-EXTERNAL-001,DenseUAV,CAMP,pooled,old_to_plain,east_to_west,,target,0.5,matched,old_su,20,0,20,20,0.0,,,
A-DENSEUAV-EXTERNAL-001,DenseUAV,CAMP,pooled,old_to_plain,east_to_west,,target,0.5,budget10,old_su_guard,20,20,0,0,0.09878682842287695,0.6403508771929824,36.5,20.5
A-DENSEUAV-EXTERNAL-001,DenseUAV,CAMP,pooled,old_to_plain,east_to_west,,target,0.5,budget25,old_su_guard,20,20,0,0,0.24956672443674177,0.6940972222222223,99.95,44.05
A-DENSEUAV-EXTERNAL-001,DenseUAV,CAMP,pooled,old_to_plain,east_to_west,,target,0.5,budget50,old_su_guard,20,20,0,0,0.49913344887348354,0.7517361111111112,216.5,71.5
A-DENSEUAV-EXTERNAL-001,DenseUAV,CAMP,pooled,old_to_plain,east_to_west,,target,0.5,full_frozen,old_su_guard,20,0,20,20,0.0,,,
A-DENSEUAV-EXTERNAL-001,DenseUAV,CAMP,pooled,old_to_plain,east_to_west,,target,0.5,matched,old_su_guard,20,0,20,20,0.0,,,
A-DENSEUAV-EXTERNAL-001,DenseUAV,CAMP,pooled,old_to_plain,east_to_west,,target,0.5,budget10,current_margin,20,20,0,0,0.09878682842287695,0.543859649122807,31,26
A-DENSEUAV-EXTERNAL-001,DenseUAV,CAMP,pooled,old_to_plain,east_to_west,,target,0.5,budget25,current_margin,20,20,0,0,0.24956672443674177,0.6274305555555556,90.35,53.65
A-DENSEUAV-EXTERNAL-001,DenseUAV,CAMP,pooled,old_to_plain,east_to_west,,target,0.5,budget50,current_margin,20,20,0,0,0.49913344887348354,0.7173611111111111,206.6,81.4
A-DENSEUAV-EXTERNAL-001,DenseUAV,CAMP,pooled,old_to_plain,east_to_west,,target,0.5,full_frozen,current_margin,20,0,20,20,0.0,,,
A-DENSEUAV-EXTERNAL-001,DenseUAV,CAMP,pooled,old_to_plain,east_to_west,,target,0.5,matched,current_margin,20,0,20,20,0.0,,,
A-DENSEUAV-EXTERNAL-001,DenseUAV,CAMP,pooled,old_to_plain,east_to_west,,target,0.5,budget10,current_margin_guard,20,20,0,0,0.09878682842287695,0.5692982456140351,32.45,24.55
A-DENSEUAV-EXTERNAL-001,DenseUAV,CAMP,pooled,old_to_plain,east_to_west,,target,0.5,budget25,current_margin_guard,20,20,0,0,0.24956672443674177,0.6614583333333334,95.25,48.75
A-DENSEUAV-EXTERNAL-001,DenseUAV,CAMP,pooled,old_to_plain,east_to_west,,target,0.5,budget50,current_margin_guard,20,20,0,0,0.49913344887348354,0.7451388888888889,214.6,73.4
A-DENSEUAV-EXTERNAL-001,DenseUAV,CAMP,pooled,old_to_plain,east_to_west,,target,0.5,full_frozen,current_margin_guard,20,0,20,20,0.0,,,
A-DENSEUAV-EXTERNAL-001,DenseUAV,CAMP,pooled,old_to_plain,east_to_west,,target,0.5,matched,current_margin_guard,20,0,20,20,0.0,,,
A-DENSEUAV-EXTERNAL-001,DenseUAV,CAMP,pooled,old_to_plain,east_to_west,,target,0.5,budget10,old_margin_guard,20,20,0,0,0.09878682842287695,0.6614035087719298,37.7,19.3
A-DENSEUAV-EXTERNAL-001,DenseUAV,CAMP,pooled,old_to_plain,east_to_west,,target,0.5,budget25,old_margin_guard,20,20,0,0,0.24956672443674177,0.6993055555555555,100.7,43.3
A-DENSEUAV-EXTERNAL-001,DenseUAV,CAMP,pooled,old_to_plain,east_to_west,,target,0.5,budget50,old_margin_guard,20,20,0,0,0.49913344887348354,0.7574652777777777,218.15,69.85
A-DENSEUAV-EXTERNAL-001,DenseUAV,CAMP,pooled,old_to_plain,east_to_west,,target,0.5,full_frozen,old_margin_guard,20,0,20,20,0.0,,,
A-DENSEUAV-EXTERNAL-001,DenseUAV,CAMP,pooled,old_to_plain,east_to_west,,target,0.5,matched,old_margin_guard,20,0,20,20,0.0,,,
A-DENSEUAV-EXTERNAL-001,DenseUAV,CAMP,pooled,old_to_plain,east_to_west,,target,0.5,budget10,sq8_margin_guard,20,20,0,0,0.09878682842287695,0.5350877192982456,30.5,26.5
A-DENSEUAV-EXTERNAL-001,DenseUAV,CAMP,pooled,old_to_plain,east_to_west,,target,0.5,budget25,sq8_margin_guard,20,20,0,0,0.24956672443674177,0.6274305555555556,90.35,53.65
A-DENSEUAV-EXTERNAL-001,DenseUAV,CAMP,pooled,old_to_plain,east_to_west,,target,0.5,budget50,sq8_margin_guard,20,0,20,20,0.0,,,
A-DENSEUAV-EXTERNAL-001,DenseUAV,CAMP,pooled,old_to_plain,east_to_west,,target,0.5,full_frozen,sq8_margin_guard,20,0,20,20,0.0,,,
A-DENSEUAV-EXTERNAL-001,DenseUAV,CAMP,pooled,old_to_plain,east_to_west,,target,0.5,matched,sq8_margin_guard,20,0,20,20,0.0,,,
A-DENSEUAV-EXTERNAL-001,DenseUAV,CAMP,pooled,old_to_plain,west_to_east,,control,0.25,budget10,current_su,20,20,0,0,0.1,0.6799999999999999,13.6,6.4
A-DENSEUAV-EXTERNAL-001,DenseUAV,CAMP,pooled,old_to_plain,west_to_east,,control,0.25,budget25,current_su,20,20,0,0,0.25,0.796,39.8,10.2
A-DENSEUAV-EXTERNAL-001,DenseUAV,CAMP,pooled,old_to_plain,west_to_east,,control,0.25,budget50,current_su,20,20,0,0,0.5,0.85,85,15
A-DENSEUAV-EXTERNAL-001,DenseUAV,CAMP,pooled,old_to_plain,west_to_east,,control,0.25,full_frozen,current_su,20,0,20,20,0.0,,,
A-DENSEUAV-EXTERNAL-001,DenseUAV,CAMP,pooled,old_to_plain,west_to_east,,control,0.25,matched,current_su,20,20,0,19,0.00025,1.0,0.05,0
A-DENSEUAV-EXTERNAL-001,DenseUAV,CAMP,pooled,old_to_plain,west_to_east,,control,0.25,budget10,current_su_guard,20,20,0,0,0.1,0.6725,13.45,6.55
A-DENSEUAV-EXTERNAL-001,DenseUAV,CAMP,pooled,old_to_plain,west_to_east,,control,0.25,budget25,current_su_guard,20,20,0,0,0.25,0.793,39.65,10.35
A-DENSEUAV-EXTERNAL-001,DenseUAV,CAMP,pooled,old_to_plain,west_to_east,,control,0.25,budget50,current_su_guard,20,20,0,0,0.5,0.8445,84.45,15.55
A-DENSEUAV-EXTERNAL-001,DenseUAV,CAMP,pooled,old_to_plain,west_to_east,,control,0.25,full_frozen,current_su_guard,20,0,20,20,0.0,,,
A-DENSEUAV-EXTERNAL-001,DenseUAV,CAMP,pooled,old_to_plain,west_to_east,,control,0.25,matched,current_su_guard,20,20,0,19,0.00025,1.0,0.05,0
A-DENSEUAV-EXTERNAL-001,DenseUAV,CAMP,pooled,old_to_plain,west_to_east,,control,0.25,budget10,old_su,20,20,0,0,0.1,0.75,15,5
A-DENSEUAV-EXTERNAL-001,DenseUAV,CAMP,pooled,old_to_plain,west_to_east,,control,0.25,budget25,old_su,20,20,0,0,0.25,0.84,42,8
A-DENSEUAV-EXTERNAL-001,DenseUAV,CAMP,pooled,old_to_plain,west_to_east,,control,0.25,budget50,old_su,20,20,0,0,0.5,0.88,88,12
A-DENSEUAV-EXTERNAL-001,DenseUAV,CAMP,pooled,old_to_plain,west_to_east,,control,0.25,full_frozen,old_su,20,0,20,20,0.0,,,
A-DENSEUAV-EXTERNAL-001,DenseUAV,CAMP,pooled,old_to_plain,west_to_east,,control,0.25,matched,old_su,20,0,20,20,0.0,,,
A-DENSEUAV-EXTERNAL-001,DenseUAV,CAMP,pooled,old_to_plain,west_to_east,,control,0.25,budget10,old_su_guard,20,20,0,0,0.1,0.75,15,5
A-DENSEUAV-EXTERNAL-001,DenseUAV,CAMP,pooled,old_to_plain,west_to_east,,control,0.25,budget25,old_su_guard,20,20,0,0,0.25,0.84,42,8
A-DENSEUAV-EXTERNAL-001,DenseUAV,CAMP,pooled,old_to_plain,west_to_east,,control,0.25,budget50,old_su_guard,20,20,0,0,0.5,0.879,87.9,12.1
A-DENSEUAV-EXTERNAL-001,DenseUAV,CAMP,pooled,old_to_plain,west_to_east,,control,0.25,full_frozen,old_su_guard,20,0,20,20,0.0,,,
A-DENSEUAV-EXTERNAL-001,DenseUAV,CAMP,pooled,old_to_plain,west_to_east,,control,0.25,matched,old_su_guard,20,0,20,20,0.0,,,
A-DENSEUAV-EXTERNAL-001,DenseUAV,CAMP,pooled,old_to_plain,west_to_east,,control,0.25,budget10,current_margin,20,20,0,0,0.1,0.8,16,4
A-DENSEUAV-EXTERNAL-001,DenseUAV,CAMP,pooled,old_to_plain,west_to_east,,control,0.25,budget25,current_margin,20,20,0,0,0.25,0.846,42.3,7.7
A-DENSEUAV-EXTERNAL-001,DenseUAV,CAMP,pooled,old_to_plain,west_to_east,,control,0.25,budget50,current_margin,20,20,0,0,0.5,0.897,89.7,10.3
A-DENSEUAV-EXTERNAL-001,DenseUAV,CAMP,pooled,old_to_plain,west_to_east,,control,0.25,full_frozen,current_margin,20,0,20,20,0.0,,,
A-DENSEUAV-EXTERNAL-001,DenseUAV,CAMP,pooled,old_to_plain,west_to_east,,control,0.25,matched,current_margin,20,0,20,20,0.0,,,
A-DENSEUAV-EXTERNAL-001,DenseUAV,CAMP,pooled,old_to_plain,west_to_east,,control,0.25,budget10,current_margin_guard,20,20,0,0,0.1,0.7975000000000001,15.95,4.05
A-DENSEUAV-EXTERNAL-001,DenseUAV,CAMP,pooled,old_to_plain,west_to_east,,control,0.25,budget25,current_margin_guard,20,20,0,0,0.25,0.841,42.05,7.95
A-DENSEUAV-EXTERNAL-001,DenseUAV,CAMP,pooled,old_to_plain,west_to_east,,control,0.25,budget50,current_margin_guard,20,20,0,0,0.5,0.889,88.9,11.1
A-DENSEUAV-EXTERNAL-001,DenseUAV,CAMP,pooled,old_to_plain,west_to_east,,control,0.25,full_frozen,current_margin_guard,20,0,20,20,0.0,,,
A-DENSEUAV-EXTERNAL-001,DenseUAV,CAMP,pooled,old_to_plain,west_to_east,,control,0.25,matched,current_margin_guard,20,0,20,20,0.0,,,
A-DENSEUAV-EXTERNAL-001,DenseUAV,CAMP,pooled,old_to_plain,west_to_east,,control,0.25,budget10,old_margin_guard,20,20,0,0,0.1,0.95,19,1
A-DENSEUAV-EXTERNAL-001,DenseUAV,CAMP,pooled,old_to_plain,west_to_east,,control,0.25,budget25,old_margin_guard,20,20,0,0,0.25,0.96,48,2
A-DENSEUAV-EXTERNAL-001,DenseUAV,CAMP,pooled,old_to_plain,west_to_east,,control,0.25,budget50,old_margin_guard,20,20,0,0,0.5,0.9185000000000001,91.85,8.15
A-DENSEUAV-EXTERNAL-001,DenseUAV,CAMP,pooled,old_to_plain,west_to_east,,control,0.25,full_frozen,old_margin_guard,20,0,20,20,0.0,,,
A-DENSEUAV-EXTERNAL-001,DenseUAV,CAMP,pooled,old_to_plain,west_to_east,,control,0.25,matched,old_margin_guard,20,0,20,20,0.0,,,
A-DENSEUAV-EXTERNAL-001,DenseUAV,CAMP,pooled,old_to_plain,west_to_east,,control,0.25,budget10,sq8_margin_guard,20,20,0,0,0.1,0.7925,15.85,4.15
A-DENSEUAV-EXTERNAL-001,DenseUAV,CAMP,pooled,old_to_plain,west_to_east,,control,0.25,budget25,sq8_margin_guard,20,20,0,0,0.25,0.856,42.8,7.2
A-DENSEUAV-EXTERNAL-001,DenseUAV,CAMP,pooled,old_to_plain,west_to_east,,control,0.25,budget50,sq8_margin_guard,20,20,0,0,0.5,0.8685,86.85,13.15
A-DENSEUAV-EXTERNAL-001,DenseUAV,CAMP,pooled,old_to_plain,west_to_east,,control,0.25,full_frozen,sq8_margin_guard,20,0,20,20,0.0,,,
A-DENSEUAV-EXTERNAL-001,DenseUAV,CAMP,pooled,old_to_plain,west_to_east,,control,0.25,matched,sq8_margin_guard,20,0,20,20,0.0,,,
A-DENSEUAV-EXTERNAL-001,DenseUAV,CAMP,pooled,old_to_plain,east_to_west,,control,0.25,budget10,current_su,20,20,0,0,0.09878682842287695,0.3070175438596491,17.5,39.5
A-DENSEUAV-EXTERNAL-001,DenseUAV,CAMP,pooled,old_to_plain,east_to_west,,control,0.25,budget25,current_su,20,20,0,0,0.24956672443674177,0.45902777777777776,66.1,77.9
A-DENSEUAV-EXTERNAL-001,DenseUAV,CAMP,pooled,old_to_plain,east_to_west,,control,0.25,budget50,current_su,20,20,0,0,0.49913344887348354,0.5373263888888888,154.75,133.25
A-DENSEUAV-EXTERNAL-001,DenseUAV,CAMP,pooled,old_to_plain,east_to_west,,control,0.25,full_frozen,current_su,20,0,20,20,0.0,,,
A-DENSEUAV-EXTERNAL-001,DenseUAV,CAMP,pooled,old_to_plain,east_to_west,,control,0.25,matched,current_su,20,0,20,20,0.0,,,
A-DENSEUAV-EXTERNAL-001,DenseUAV,CAMP,pooled,old_to_plain,east_to_west,,control,0.25,budget10,current_su_guard,20,20,0,0,0.09878682842287695,0.306140350877193,17.45,39.55
A-DENSEUAV-EXTERNAL-001,DenseUAV,CAMP,pooled,old_to_plain,east_to_west,,control,0.25,budget25,current_su_guard,20,20,0,0,0.24956672443674177,0.45416666666666666,65.4,78.6
A-DENSEUAV-EXTERNAL-001,DenseUAV,CAMP,pooled,old_to_plain,east_to_west,,control,0.25,budget50,current_su_guard,20,20,0,0,0.49913344887348354,0.5362847222222222,154.45,133.55
A-DENSEUAV-EXTERNAL-001,DenseUAV,CAMP,pooled,old_to_plain,east_to_west,,control,0.25,full_frozen,current_su_guard,20,0,20,20,0.0,,,
A-DENSEUAV-EXTERNAL-001,DenseUAV,CAMP,pooled,old_to_plain,east_to_west,,control,0.25,matched,current_su_guard,20,0,20,20,0.0,,,
A-DENSEUAV-EXTERNAL-001,DenseUAV,CAMP,pooled,old_to_plain,east_to_west,,control,0.25,budget10,old_su,20,20,0,0,0.09878682842287695,0.631578947368421,36,21
A-DENSEUAV-EXTERNAL-001,DenseUAV,CAMP,pooled,old_to_plain,east_to_west,,control,0.25,budget25,old_su,20,20,0,0,0.24956672443674177,0.5972222222222222,86,58
A-DENSEUAV-EXTERNAL-001,DenseUAV,CAMP,pooled,old_to_plain,east_to_west,,control,0.25,budget50,old_su,20,20,0,0,0.49913344887348354,0.6421875,184.95,103.05
A-DENSEUAV-EXTERNAL-001,DenseUAV,CAMP,pooled,old_to_plain,east_to_west,,control,0.25,full_frozen,old_su,20,0,20,20,0.0,,,
A-DENSEUAV-EXTERNAL-001,DenseUAV,CAMP,pooled,old_to_plain,east_to_west,,control,0.25,matched,old_su,20,0,20,20,0.0,,,
A-DENSEUAV-EXTERNAL-001,DenseUAV,CAMP,pooled,old_to_plain,east_to_west,,control,0.25,budget10,old_su_guard,20,20,0,0,0.09878682842287695,0.6228070175438596,35.5,21.5
A-DENSEUAV-EXTERNAL-001,DenseUAV,CAMP,pooled,old_to_plain,east_to_west,,control,0.25,budget25,old_su_guard,20,20,0,0,0.24956672443674177,0.5923611111111111,85.3,58.7
A-DENSEUAV-EXTERNAL-001,DenseUAV,CAMP,pooled,old_to_plain,east_to_west,,control,0.25,budget50,old_su_guard,20,20,0,0,0.49913344887348354,0.6404513888888889,184.45,103.55
A-DENSEUAV-EXTERNAL-001,DenseUAV,CAMP,pooled,old_to_plain,east_to_west,,control,0.25,full_frozen,old_su_guard,20,0,20,20,0.0,,,
A-DENSEUAV-EXTERNAL-001,DenseUAV,CAMP,pooled,old_to_plain,east_to_west,,control,0.25,matched,old_su_guard,20,0,20,20,0.0,,,
A-DENSEUAV-EXTERNAL-001,DenseUAV,CAMP,pooled,old_to_plain,east_to_west,,control,0.25,budget10,current_margin,20,20,0,0,0.09878682842287695,0.3771929824561403,21.5,35.5
A-DENSEUAV-EXTERNAL-001,DenseUAV,CAMP,pooled,old_to_plain,east_to_west,,control,0.25,budget25,current_margin,20,20,0,0,0.24956672443674177,0.48333333333333334,69.6,74.4
A-DENSEUAV-EXTERNAL-001,DenseUAV,CAMP,pooled,old_to_plain,east_to_west,,control,0.25,budget50,current_margin,20,20,0,0,0.49913344887348354,0.6097222222222223,175.6,112.4
A-DENSEUAV-EXTERNAL-001,DenseUAV,CAMP,pooled,old_to_plain,east_to_west,,control,0.25,full_frozen,current_margin,20,0,20,20,0.0,,,
A-DENSEUAV-EXTERNAL-001,DenseUAV,CAMP,pooled,old_to_plain,east_to_west,,control,0.25,matched,current_margin,20,0,20,20,0.0,,,
A-DENSEUAV-EXTERNAL-001,DenseUAV,CAMP,pooled,old_to_plain,east_to_west,,control,0.25,budget10,current_margin_guard,20,20,0,0,0.09878682842287695,0.3640350877192982,20.75,36.25
A-DENSEUAV-EXTERNAL-001,DenseUAV,CAMP,pooled,old_to_plain,east_to_west,,control,0.25,budget25,current_margin_guard,20,20,0,0,0.24956672443674177,0.48194444444444445,69.4,74.6
A-DENSEUAV-EXTERNAL-001,DenseUAV,CAMP,pooled,old_to_plain,east_to_west,,control,0.25,budget50,current_margin_guard,20,20,0,0,0.49913344887348354,0.603298611111111,173.75,114.25
A-DENSEUAV-EXTERNAL-001,DenseUAV,CAMP,pooled,old_to_plain,east_to_west,,control,0.25,full_frozen,current_margin_guard,20,0,20,20,0.0,,,
A-DENSEUAV-EXTERNAL-001,DenseUAV,CAMP,pooled,old_to_plain,east_to_west,,control,0.25,matched,current_margin_guard,20,0,20,20,0.0,,,
A-DENSEUAV-EXTERNAL-001,DenseUAV,CAMP,pooled,old_to_plain,east_to_west,,control,0.25,budget10,old_margin_guard,20,20,0,0,0.09878682842287695,0.5921052631578947,33.75,23.25
A-DENSEUAV-EXTERNAL-001,DenseUAV,CAMP,pooled,old_to_plain,east_to_west,,control,0.25,budget25,old_margin_guard,20,20,0,0,0.24956672443674177,0.6045138888888889,87.05,56.95
A-DENSEUAV-EXTERNAL-001,DenseUAV,CAMP,pooled,old_to_plain,east_to_west,,control,0.25,budget50,old_margin_guard,20,20,0,0,0.49913344887348354,0.6439236111111112,185.45,102.55
A-DENSEUAV-EXTERNAL-001,DenseUAV,CAMP,pooled,old_to_plain,east_to_west,,control,0.25,full_frozen,old_margin_guard,20,0,20,20,0.0,,,
A-DENSEUAV-EXTERNAL-001,DenseUAV,CAMP,pooled,old_to_plain,east_to_west,,control,0.25,matched,old_margin_guard,20,0,20,20,0.0,,,
A-DENSEUAV-EXTERNAL-001,DenseUAV,CAMP,pooled,old_to_plain,east_to_west,,control,0.25,budget10,sq8_margin_guard,20,20,0,0,0.09878682842287695,0.34035087719298246,19.4,37.6
A-DENSEUAV-EXTERNAL-001,DenseUAV,CAMP,pooled,old_to_plain,east_to_west,,control,0.25,budget25,sq8_margin_guard,20,20,0,0,0.24956672443674177,0.46458333333333335,66.9,77.1
A-DENSEUAV-EXTERNAL-001,DenseUAV,CAMP,pooled,old_to_plain,east_to_west,,control,0.25,budget50,sq8_margin_guard,20,20,0,0,0.49913344887348354,0.571875,164.7,123.3
A-DENSEUAV-EXTERNAL-001,DenseUAV,CAMP,pooled,old_to_plain,east_to_west,,control,0.25,full_frozen,sq8_margin_guard,20,0,20,20,0.0,,,
A-DENSEUAV-EXTERNAL-001,DenseUAV,CAMP,pooled,old_to_plain,east_to_west,,control,0.25,matched,sq8_margin_guard,20,0,20,20,0.0,,,
A-DENSEUAV-VITS-001,DenseUAV,ViT-S-third-party,pooled,plain_same,west_to_east,,full,0.0,budget10,current_su,1,1,0,0,0.1,0.0,0,20
A-DENSEUAV-VITS-001,DenseUAV,ViT-S-third-party,pooled,plain_same,west_to_east,,full,0.0,budget25,current_su,1,1,0,0,0.25,0.04,2,48
A-DENSEUAV-VITS-001,DenseUAV,ViT-S-third-party,pooled,plain_same,west_to_east,,full,0.0,budget50,current_su,1,1,0,0,0.5,0.14,14,86
A-DENSEUAV-VITS-001,DenseUAV,ViT-S-third-party,pooled,plain_same,west_to_east,,full,0.0,full_frozen,current_su,1,1,0,0,0.555,0.15315315315315314,17,94
A-DENSEUAV-VITS-001,DenseUAV,ViT-S-third-party,pooled,plain_same,west_to_east,,full,0.0,matched,current_su,1,1,0,0,0.555,0.15315315315315314,17,94
A-DENSEUAV-VITS-001,DenseUAV,ViT-S-third-party,pooled,plain_same,west_to_east,,full,0.0,budget10,current_su_guard,1,1,0,0,0.1,0.0,0,20
A-DENSEUAV-VITS-001,DenseUAV,ViT-S-third-party,pooled,plain_same,west_to_east,,full,0.0,budget25,current_su_guard,1,1,0,0,0.25,0.04,2,48
A-DENSEUAV-VITS-001,DenseUAV,ViT-S-third-party,pooled,plain_same,west_to_east,,full,0.0,budget50,current_su_guard,1,1,0,0,0.5,0.14,14,86
A-DENSEUAV-VITS-001,DenseUAV,ViT-S-third-party,pooled,plain_same,west_to_east,,full,0.0,full_frozen,current_su_guard,1,1,0,0,0.555,0.15315315315315314,17,94
A-DENSEUAV-VITS-001,DenseUAV,ViT-S-third-party,pooled,plain_same,west_to_east,,full,0.0,matched,current_su_guard,1,1,0,0,0.555,0.15315315315315314,17,94
A-DENSEUAV-VITS-001,DenseUAV,ViT-S-third-party,pooled,plain_same,west_to_east,,full,0.0,budget10,old_su,1,1,0,0,0.1,0.0,0,20
A-DENSEUAV-VITS-001,DenseUAV,ViT-S-third-party,pooled,plain_same,west_to_east,,full,0.0,budget25,old_su,1,1,0,0,0.25,0.04,2,48
A-DENSEUAV-VITS-001,DenseUAV,ViT-S-third-party,pooled,plain_same,west_to_east,,full,0.0,budget50,old_su,1,1,0,0,0.5,0.14,14,86
A-DENSEUAV-VITS-001,DenseUAV,ViT-S-third-party,pooled,plain_same,west_to_east,,full,0.0,full_frozen,old_su,1,1,0,0,0.555,0.15315315315315314,17,94
A-DENSEUAV-VITS-001,DenseUAV,ViT-S-third-party,pooled,plain_same,west_to_east,,full,0.0,matched,old_su,1,1,0,0,0.555,0.15315315315315314,17,94
A-DENSEUAV-VITS-001,DenseUAV,ViT-S-third-party,pooled,plain_same,west_to_east,,full,0.0,budget10,old_su_guard,1,1,0,0,0.1,0.0,0,20
A-DENSEUAV-VITS-001,DenseUAV,ViT-S-third-party,pooled,plain_same,west_to_east,,full,0.0,budget25,old_su_guard,1,1,0,0,0.25,0.04,2,48
A-DENSEUAV-VITS-001,DenseUAV,ViT-S-third-party,pooled,plain_same,west_to_east,,full,0.0,budget50,old_su_guard,1,1,0,0,0.5,0.14,14,86
A-DENSEUAV-VITS-001,DenseUAV,ViT-S-third-party,pooled,plain_same,west_to_east,,full,0.0,full_frozen,old_su_guard,1,1,0,0,0.555,0.15315315315315314,17,94
A-DENSEUAV-VITS-001,DenseUAV,ViT-S-third-party,pooled,plain_same,west_to_east,,full,0.0,matched,old_su_guard,1,1,0,0,0.555,0.15315315315315314,17,94
A-DENSEUAV-VITS-001,DenseUAV,ViT-S-third-party,pooled,plain_same,west_to_east,,full,0.0,budget10,current_margin,1,1,0,0,0.1,0.0,0,20
A-DENSEUAV-VITS-001,DenseUAV,ViT-S-third-party,pooled,plain_same,west_to_east,,full,0.0,budget25,current_margin,1,1,0,0,0.25,0.0,0,50
A-DENSEUAV-VITS-001,DenseUAV,ViT-S-third-party,pooled,plain_same,west_to_east,,full,0.0,budget50,current_margin,1,1,0,0,0.5,0.1,10,90
A-DENSEUAV-VITS-001,DenseUAV,ViT-S-third-party,pooled,plain_same,west_to_east,,full,0.0,full_frozen,current_margin,1,1,0,0,0.67,0.19402985074626866,26,108
A-DENSEUAV-VITS-001,DenseUAV,ViT-S-third-party,pooled,plain_same,west_to_east,,full,0.0,matched,current_margin,1,1,0,0,0.67,0.19402985074626866,26,108
A-DENSEUAV-VITS-001,DenseUAV,ViT-S-third-party,pooled,plain_same,west_to_east,,full,0.0,budget10,current_margin_guard,1,1,0,0,0.1,0.0,0,20
A-DENSEUAV-VITS-001,DenseUAV,ViT-S-third-party,pooled,plain_same,west_to_east,,full,0.0,budget25,current_margin_guard,1,1,0,0,0.25,0.0,0,50
A-DENSEUAV-VITS-001,DenseUAV,ViT-S-third-party,pooled,plain_same,west_to_east,,full,0.0,budget50,current_margin_guard,1,1,0,0,0.5,0.1,10,90
A-DENSEUAV-VITS-001,DenseUAV,ViT-S-third-party,pooled,plain_same,west_to_east,,full,0.0,full_frozen,current_margin_guard,1,1,0,0,0.67,0.19402985074626866,26,108
A-DENSEUAV-VITS-001,DenseUAV,ViT-S-third-party,pooled,plain_same,west_to_east,,full,0.0,matched,current_margin_guard,1,1,0,0,0.67,0.19402985074626866,26,108
A-DENSEUAV-VITS-001,DenseUAV,ViT-S-third-party,pooled,plain_same,west_to_east,,full,0.0,budget10,old_margin_guard,1,1,0,0,0.1,0.0,0,20
A-DENSEUAV-VITS-001,DenseUAV,ViT-S-third-party,pooled,plain_same,west_to_east,,full,0.0,budget25,old_margin_guard,1,1,0,0,0.25,0.0,0,50
A-DENSEUAV-VITS-001,DenseUAV,ViT-S-third-party,pooled,plain_same,west_to_east,,full,0.0,budget50,old_margin_guard,1,1,0,0,0.5,0.1,10,90
A-DENSEUAV-VITS-001,DenseUAV,ViT-S-third-party,pooled,plain_same,west_to_east,,full,0.0,full_frozen,old_margin_guard,1,1,0,0,0.67,0.19402985074626866,26,108
A-DENSEUAV-VITS-001,DenseUAV,ViT-S-third-party,pooled,plain_same,west_to_east,,full,0.0,matched,old_margin_guard,1,1,0,0,0.67,0.19402985074626866,26,108
A-DENSEUAV-VITS-001,DenseUAV,ViT-S-third-party,pooled,plain_same,west_to_east,,full,0.0,budget10,sq8_margin_guard,1,1,0,0,0.1,0.0,0,20
A-DENSEUAV-VITS-001,DenseUAV,ViT-S-third-party,pooled,plain_same,west_to_east,,full,0.0,budget25,sq8_margin_guard,1,1,0,0,0.25,0.0,0,50
A-DENSEUAV-VITS-001,DenseUAV,ViT-S-third-party,pooled,plain_same,west_to_east,,full,0.0,budget50,sq8_margin_guard,1,1,0,0,0.5,0.1,10,90
A-DENSEUAV-VITS-001,DenseUAV,ViT-S-third-party,pooled,plain_same,west_to_east,,full,0.0,full_frozen,sq8_margin_guard,1,1,0,0,0.67,0.19402985074626866,26,108
A-DENSEUAV-VITS-001,DenseUAV,ViT-S-third-party,pooled,plain_same,west_to_east,,full,0.0,matched,sq8_margin_guard,1,1,0,0,0.67,0.19402985074626866,26,108
A-DENSEUAV-VITS-001,DenseUAV,ViT-S-third-party,pooled,plain_same,east_to_west,,full,0.0,budget10,current_su,1,1,0,0,0.09878682842287695,0.0,0,57
A-DENSEUAV-VITS-001,DenseUAV,ViT-S-third-party,pooled,plain_same,east_to_west,,full,0.0,budget25,current_su,1,1,0,0,0.24956672443674177,0.027777777777777776,4,140
A-DENSEUAV-VITS-001,DenseUAV,ViT-S-third-party,pooled,plain_same,east_to_west,,full,0.0,budget50,current_su,1,1,0,0,0.49913344887348354,0.04861111111111111,14,274
A-DENSEUAV-VITS-001,DenseUAV,ViT-S-third-party,pooled,plain_same,east_to_west,,full,0.0,full_frozen,current_su,1,1,0,0,0.5701906412478336,0.057750759878419454,19,310
A-DENSEUAV-VITS-001,DenseUAV,ViT-S-third-party,pooled,plain_same,east_to_west,,full,0.0,matched,current_su,1,1,0,0,0.5701906412478336,0.057750759878419454,19,310
A-DENSEUAV-VITS-001,DenseUAV,ViT-S-third-party,pooled,plain_same,east_to_west,,full,0.0,budget10,current_su_guard,1,1,0,0,0.09878682842287695,0.0,0,57
A-DENSEUAV-VITS-001,DenseUAV,ViT-S-third-party,pooled,plain_same,east_to_west,,full,0.0,budget25,current_su_guard,1,1,0,0,0.24956672443674177,0.027777777777777776,4,140
A-DENSEUAV-VITS-001,DenseUAV,ViT-S-third-party,pooled,plain_same,east_to_west,,full,0.0,budget50,current_su_guard,1,1,0,0,0.49913344887348354,0.04861111111111111,14,274
A-DENSEUAV-VITS-001,DenseUAV,ViT-S-third-party,pooled,plain_same,east_to_west,,full,0.0,full_frozen,current_su_guard,1,1,0,0,0.5701906412478336,0.057750759878419454,19,310
A-DENSEUAV-VITS-001,DenseUAV,ViT-S-third-party,pooled,plain_same,east_to_west,,full,0.0,matched,current_su_guard,1,1,0,0,0.5701906412478336,0.057750759878419454,19,310
A-DENSEUAV-VITS-001,DenseUAV,ViT-S-third-party,pooled,plain_same,east_to_west,,full,0.0,budget10,old_su,1,1,0,0,0.09878682842287695,0.0,0,57
A-DENSEUAV-VITS-001,DenseUAV,ViT-S-third-party,pooled,plain_same,east_to_west,,full,0.0,budget25,old_su,1,1,0,0,0.24956672443674177,0.027777777777777776,4,140
A-DENSEUAV-VITS-001,DenseUAV,ViT-S-third-party,pooled,plain_same,east_to_west,,full,0.0,budget50,old_su,1,1,0,0,0.49913344887348354,0.04861111111111111,14,274
A-DENSEUAV-VITS-001,DenseUAV,ViT-S-third-party,pooled,plain_same,east_to_west,,full,0.0,full_frozen,old_su,1,1,0,0,0.5701906412478336,0.057750759878419454,19,310
A-DENSEUAV-VITS-001,DenseUAV,ViT-S-third-party,pooled,plain_same,east_to_west,,full,0.0,matched,old_su,1,1,0,0,0.5701906412478336,0.057750759878419454,19,310
A-DENSEUAV-VITS-001,DenseUAV,ViT-S-third-party,pooled,plain_same,east_to_west,,full,0.0,budget10,old_su_guard,1,1,0,0,0.09878682842287695,0.0,0,57
A-DENSEUAV-VITS-001,DenseUAV,ViT-S-third-party,pooled,plain_same,east_to_west,,full,0.0,budget25,old_su_guard,1,1,0,0,0.24956672443674177,0.027777777777777776,4,140
A-DENSEUAV-VITS-001,DenseUAV,ViT-S-third-party,pooled,plain_same,east_to_west,,full,0.0,budget50,old_su_guard,1,1,0,0,0.49913344887348354,0.04861111111111111,14,274
A-DENSEUAV-VITS-001,DenseUAV,ViT-S-third-party,pooled,plain_same,east_to_west,,full,0.0,full_frozen,old_su_guard,1,1,0,0,0.5701906412478336,0.057750759878419454,19,310
A-DENSEUAV-VITS-001,DenseUAV,ViT-S-third-party,pooled,plain_same,east_to_west,,full,0.0,matched,old_su_guard,1,1,0,0,0.5701906412478336,0.057750759878419454,19,310
A-DENSEUAV-VITS-001,DenseUAV,ViT-S-third-party,pooled,plain_same,east_to_west,,full,0.0,budget10,current_margin,1,1,0,0,0.09878682842287695,0.0,0,57
A-DENSEUAV-VITS-001,DenseUAV,ViT-S-third-party,pooled,plain_same,east_to_west,,full,0.0,budget25,current_margin,1,1,0,0,0.24956672443674177,0.0,0,144
A-DENSEUAV-VITS-001,DenseUAV,ViT-S-third-party,pooled,plain_same,east_to_west,,full,0.0,budget50,current_margin,1,1,0,0,0.49913344887348354,0.027777777777777776,8,280
A-DENSEUAV-VITS-001,DenseUAV,ViT-S-third-party,pooled,plain_same,east_to_west,,full,0.0,full_frozen,current_margin,1,1,0,0,0.5511265164644714,0.04716981132075472,15,303
A-DENSEUAV-VITS-001,DenseUAV,ViT-S-third-party,pooled,plain_same,east_to_west,,full,0.0,matched,current_margin,1,1,0,0,0.5511265164644714,0.04716981132075472,15,303
A-DENSEUAV-VITS-001,DenseUAV,ViT-S-third-party,pooled,plain_same,east_to_west,,full,0.0,budget10,current_margin_guard,1,1,0,0,0.09878682842287695,0.0,0,57
A-DENSEUAV-VITS-001,DenseUAV,ViT-S-third-party,pooled,plain_same,east_to_west,,full,0.0,budget25,current_margin_guard,1,1,0,0,0.24956672443674177,0.0,0,144
A-DENSEUAV-VITS-001,DenseUAV,ViT-S-third-party,pooled,plain_same,east_to_west,,full,0.0,budget50,current_margin_guard,1,1,0,0,0.49913344887348354,0.027777777777777776,8,280
A-DENSEUAV-VITS-001,DenseUAV,ViT-S-third-party,pooled,plain_same,east_to_west,,full,0.0,full_frozen,current_margin_guard,1,1,0,0,0.5511265164644714,0.04716981132075472,15,303
A-DENSEUAV-VITS-001,DenseUAV,ViT-S-third-party,pooled,plain_same,east_to_west,,full,0.0,matched,current_margin_guard,1,1,0,0,0.5511265164644714,0.04716981132075472,15,303
A-DENSEUAV-VITS-001,DenseUAV,ViT-S-third-party,pooled,plain_same,east_to_west,,full,0.0,budget10,old_margin_guard,1,1,0,0,0.09878682842287695,0.0,0,57
A-DENSEUAV-VITS-001,DenseUAV,ViT-S-third-party,pooled,plain_same,east_to_west,,full,0.0,budget25,old_margin_guard,1,1,0,0,0.24956672443674177,0.0,0,144
A-DENSEUAV-VITS-001,DenseUAV,ViT-S-third-party,pooled,plain_same,east_to_west,,full,0.0,budget50,old_margin_guard,1,1,0,0,0.49913344887348354,0.027777777777777776,8,280
A-DENSEUAV-VITS-001,DenseUAV,ViT-S-third-party,pooled,plain_same,east_to_west,,full,0.0,full_frozen,old_margin_guard,1,1,0,0,0.5511265164644714,0.04716981132075472,15,303
A-DENSEUAV-VITS-001,DenseUAV,ViT-S-third-party,pooled,plain_same,east_to_west,,full,0.0,matched,old_margin_guard,1,1,0,0,0.5511265164644714,0.04716981132075472,15,303
A-DENSEUAV-VITS-001,DenseUAV,ViT-S-third-party,pooled,plain_same,east_to_west,,full,0.0,budget10,sq8_margin_guard,1,1,0,0,0.09878682842287695,0.0,0,57
A-DENSEUAV-VITS-001,DenseUAV,ViT-S-third-party,pooled,plain_same,east_to_west,,full,0.0,budget25,sq8_margin_guard,1,1,0,0,0.24956672443674177,0.0,0,144
A-DENSEUAV-VITS-001,DenseUAV,ViT-S-third-party,pooled,plain_same,east_to_west,,full,0.0,budget50,sq8_margin_guard,1,1,0,0,0.49913344887348354,0.027777777777777776,8,280
A-DENSEUAV-VITS-001,DenseUAV,ViT-S-third-party,pooled,plain_same,east_to_west,,full,0.0,full_frozen,sq8_margin_guard,1,1,0,0,0.5511265164644714,0.04716981132075472,15,303
A-DENSEUAV-VITS-001,DenseUAV,ViT-S-third-party,pooled,plain_same,east_to_west,,full,0.0,matched,sq8_margin_guard,1,1,0,0,0.5511265164644714,0.04716981132075472,15,303
A-DENSEUAV-VITS-001,DenseUAV,ViT-S-third-party,pooled,plain_same,west_to_east,,target,0.25,budget10,current_su,20,20,0,0,0.1,0.04,0.8,19.2
A-DENSEUAV-VITS-001,DenseUAV,ViT-S-third-party,pooled,plain_same,west_to_east,,target,0.25,budget25,current_su,20,20,0,0,0.25,0.107,5.35,44.65
A-DENSEUAV-VITS-001,DenseUAV,ViT-S-third-party,pooled,plain_same,west_to_east,,target,0.25,budget50,current_su,20,20,0,0,0.5,0.253,25.3,74.7
A-DENSEUAV-VITS-001,DenseUAV,ViT-S-third-party,pooled,plain_same,west_to_east,,target,0.25,full_frozen,current_su,20,20,0,0,0.5125,0.2591874791651641,26.55,75.95
A-DENSEUAV-VITS-001,DenseUAV,ViT-S-third-party,pooled,plain_same,west_to_east,,target,0.25,matched,current_su,20,20,0,0,0.256,0.10967911870686925,5.9,45.3
A-DENSEUAV-VITS-001,DenseUAV,ViT-S-third-party,pooled,plain_same,west_to_east,,target,0.25,budget10,current_su_guard,20,20,0,0,0.1,0.04,0.8,19.2
A-DENSEUAV-VITS-001,DenseUAV,ViT-S-third-party,pooled,plain_same,west_to_east,,target,0.25,budget25,current_su_guard,20,20,0,0,0.25,0.085,4.25,45.75
A-DENSEUAV-VITS-001,DenseUAV,ViT-S-third-party,pooled,plain_same,west_to_east,,target,0.25,budget50,current_su_guard,20,20,0,0,0.5,0.211,21.1,78.9
A-DENSEUAV-VITS-001,DenseUAV,ViT-S-third-party,pooled,plain_same,west_to_east,,target,0.25,full_frozen,current_su_guard,20,20,0,0,0.45875,0.18743642946672204,17.2,74.55
A-DENSEUAV-VITS-001,DenseUAV,ViT-S-third-party,pooled,plain_same,west_to_east,,target,0.25,matched,current_su_guard,20,20,0,0,0.429,0.17247385970437298,14.85,70.95
A-DENSEUAV-VITS-001,DenseUAV,ViT-S-third-party,pooled,plain_same,west_to_east,,target,0.25,budget10,old_su,20,20,0,0,0.1,0.205,4.1,15.9
A-DENSEUAV-VITS-001,DenseUAV,ViT-S-third-party,pooled,plain_same,west_to_east,,target,0.25,budget25,old_su,20,20,0,0,0.25,0.279,13.95,36.05
A-DENSEUAV-VITS-001,DenseUAV,ViT-S-third-party,pooled,plain_same,west_to_east,,target,0.25,budget50,old_su,20,20,0,0,0.5,0.3475,34.75,65.25
A-DENSEUAV-VITS-001,DenseUAV,ViT-S-third-party,pooled,plain_same,west_to_east,,target,0.25,full_frozen,old_su,20,20,0,0,0.555,0.3527027027027027,39.15,71.85
A-DENSEUAV-VITS-001,DenseUAV,ViT-S-third-party,pooled,plain_same,west_to_east,,target,0.25,matched,old_su,20,4,16,16,0.0065,0.125,1.25,5.25
A-DENSEUAV-VITS-001,DenseUAV,ViT-S-third-party,pooled,plain_same,west_to_east,,target,0.25,budget10,old_su_guard,20,20,0,0,0.1,0.045000000000000005,0.9,19.1
A-DENSEUAV-VITS-001,DenseUAV,ViT-S-third-party,pooled,plain_same,west_to_east,,target,0.25,budget25,old_su_guard,20,20,0,0,0.25,0.048,2.4,47.6
A-DENSEUAV-VITS-001,DenseUAV,ViT-S-third-party,pooled,plain_same,west_to_east,,target,0.25,budget50,old_su_guard,20,20,0,0,0.5,0.20700000000000002,20.7,79.3
A-DENSEUAV-VITS-001,DenseUAV,ViT-S-third-party,pooled,plain_same,west_to_east,,target,0.25,full_frozen,old_su_guard,20,20,0,0,0.42125,0.16564635720680282,13.95,70.3
A-DENSEUAV-VITS-001,DenseUAV,ViT-S-third-party,pooled,plain_same,west_to_east,,target,0.25,matched,old_su_guard,20,20,0,0,0.42675,0.16840309042990267,14.4,70.95
A-DENSEUAV-VITS-001,DenseUAV,ViT-S-third-party,pooled,plain_same,west_to_east,,target,0.25,budget10,current_margin,20,20,0,0,0.1,0.0275,0.55,19.45
A-DENSEUAV-VITS-001,DenseUAV,ViT-S-third-party,pooled,plain_same,west_to_east,,target,0.25,budget25,current_margin,20,20,0,0,0.25,0.062,3.1,46.9
A-DENSEUAV-VITS-001,DenseUAV,ViT-S-third-party,pooled,plain_same,west_to_east,,target,0.25,budget50,current_margin,20,20,0,0,0.5,0.2385,23.85,76.15
A-DENSEUAV-VITS-001,DenseUAV,ViT-S-third-party,pooled,plain_same,west_to_east,,target,0.25,full_frozen,current_margin,20,20,0,0,0.6185,0.3151824374893644,39.05,84.65
A-DENSEUAV-VITS-001,DenseUAV,ViT-S-third-party,pooled,plain_same,west_to_east,,target,0.25,matched,current_margin,20,20,0,0,0.2845,0.09031934393415089,5.5,51.4
A-DENSEUAV-VITS-001,DenseUAV,ViT-S-third-party,pooled,plain_same,west_to_east,,target,0.25,budget10,current_margin_guard,20,20,0,0,0.1,0.025,0.5,19.5
A-DENSEUAV-VITS-001,DenseUAV,ViT-S-third-party,pooled,plain_same,west_to_east,,target,0.25,budget25,current_margin_guard,20,20,0,0,0.25,0.038,1.9,48.1
A-DENSEUAV-VITS-001,DenseUAV,ViT-S-third-party,pooled,plain_same,west_to_east,,target,0.25,budget50,current_margin_guard,20,20,0,0,0.5,0.21,21,79
A-DENSEUAV-VITS-001,DenseUAV,ViT-S-third-party,pooled,plain_same,west_to_east,,target,0.25,full_frozen,current_margin_guard,20,20,0,0,0.542,0.24064465277066288,26.1,82.3
A-DENSEUAV-VITS-001,DenseUAV,ViT-S-third-party,pooled,plain_same,west_to_east,,target,0.25,matched,current_margin_guard,20,20,0,0,0.47675,0.19237162488291398,18.5,76.85
A-DENSEUAV-VITS-001,DenseUAV,ViT-S-third-party,pooled,plain_same,west_to_east,,target,0.25,budget10,old_margin_guard,20,20,0,0,0.1,0.0,0,20
A-DENSEUAV-VITS-001,DenseUAV,ViT-S-third-party,pooled,plain_same,west_to_east,,target,0.25,budget25,old_margin_guard,20,20,0,0,0.25,0.036,1.8,48.2
A-DENSEUAV-VITS-001,DenseUAV,ViT-S-third-party,pooled,plain_same,west_to_east,,target,0.25,budget50,old_margin_guard,20,20,0,0,0.5,0.2095,20.95,79.05
A-DENSEUAV-VITS-001,DenseUAV,ViT-S-third-party,pooled,plain_same,west_to_east,,target,0.25,full_frozen,old_margin_guard,20,20,0,0,0.5155000000000001,0.21780329757837713,22.45,80.65
A-DENSEUAV-VITS-001,DenseUAV,ViT-S-third-party,pooled,plain_same,west_to_east,,target,0.25,matched,old_margin_guard,20,20,0,0,0.506,0.21194749586485903,21.5,79.7
A-DENSEUAV-VITS-001,DenseUAV,ViT-S-third-party,pooled,plain_same,west_to_east,,target,0.25,budget10,sq8_margin_guard,20,20,0,0,0.1,0.0,0,20
A-DENSEUAV-VITS-001,DenseUAV,ViT-S-third-party,pooled,plain_same,west_to_east,,target,0.25,budget25,sq8_margin_guard,20,20,0,0,0.25,0.037,1.85,48.15
A-DENSEUAV-VITS-001,DenseUAV,ViT-S-third-party,pooled,plain_same,west_to_east,,target,0.25,budget50,sq8_margin_guard,20,20,0,0,0.5,0.2105,21.05,78.95
A-DENSEUAV-VITS-001,DenseUAV,ViT-S-third-party,pooled,plain_same,west_to_east,,target,0.25,full_frozen,sq8_margin_guard,20,20,0,0,0.50975,0.21281993215675254,21.7,80.25
A-DENSEUAV-VITS-001,DenseUAV,ViT-S-third-party,pooled,plain_same,west_to_east,,target,0.25,matched,sq8_margin_guard,20,20,0,0,0.5125000000000001,0.21759615301020743,22.35,80.15
A-DENSEUAV-VITS-001,DenseUAV,ViT-S-third-party,pooled,plain_same,east_to_west,,target,0.25,budget10,current_su,20,20,0,0,0.09878682842287695,0.047368421052631574,2.7,54.3
A-DENSEUAV-VITS-001,DenseUAV,ViT-S-third-party,pooled,plain_same,east_to_west,,target,0.25,budget25,current_su,20,20,0,0,0.24956672443674177,0.08229166666666667,11.85,132.15
A-DENSEUAV-VITS-001,DenseUAV,ViT-S-third-party,pooled,plain_same,east_to_west,,target,0.25,budget50,current_su,20,20,0,0,0.49913344887348354,0.14270833333333333,41.1,246.9
A-DENSEUAV-VITS-001,DenseUAV,ViT-S-third-party,pooled,plain_same,east_to_west,,target,0.25,full_frozen,current_su,20,20,0,0,0.5377816291161178,0.16062557857111648,49.9,260.4
A-DENSEUAV-VITS-001,DenseUAV,ViT-S-third-party,pooled,plain_same,east_to_west,,target,0.25,matched,current_su,20,20,0,0,0.33630849220103987,0.10556294519956065,21.05,173
A-DENSEUAV-VITS-001,DenseUAV,ViT-S-third-party,pooled,plain_same,east_to_west,,target,0.25,budget10,current_su_guard,20,20,0,0,0.09878682842287695,0.014035087719298244,0.8,56.2
A-DENSEUAV-VITS-001,DenseUAV,ViT-S-third-party,pooled,plain_same,east_to_west,,target,0.25,budget25,current_su_guard,20,20,0,0,0.24956672443674177,0.03993055555555555,5.75,138.25
A-DENSEUAV-VITS-001,DenseUAV,ViT-S-third-party,pooled,plain_same,east_to_west,,target,0.25,budget50,current_su_guard,20,20,0,0,0.49913344887348354,0.08802083333333334,25.35,262.65
A-DENSEUAV-VITS-001,DenseUAV,ViT-S-third-party,pooled,plain_same,east_to_west,,target,0.25,full_frozen,current_su_guard,20,20,0,0,0.4890814558058926,0.0846529720759144,23.9,258.3
A-DENSEUAV-VITS-001,DenseUAV,ViT-S-third-party,pooled,plain_same,east_to_west,,target,0.25,matched,current_su_guard,20,20,0,0,0.38422876949740037,0.05840877963848801,13.3,208.4
A-DENSEUAV-VITS-001,DenseUAV,ViT-S-third-party,pooled,plain_same,east_to_west,,target,0.25,budget10,old_su,20,20,0,0,0.09878682842287695,0.2535087719298246,14.45,42.55
A-DENSEUAV-VITS-001,DenseUAV,ViT-S-third-party,pooled,plain_same,east_to_west,,target,0.25,budget25,old_su,20,20,0,0,0.24956672443674177,0.26875,38.7,105.3
A-DENSEUAV-VITS-001,DenseUAV,ViT-S-third-party,pooled,plain_same,east_to_west,,target,0.25,budget50,old_su,20,20,0,0,0.49913344887348354,0.27899305555555554,80.35,207.65
A-DENSEUAV-VITS-001,DenseUAV,ViT-S-third-party,pooled,plain_same,east_to_west,,target,0.25,full_frozen,old_su,20,20,0,0,0.5701906412478336,0.28677811550151977,94.35,234.65
A-DENSEUAV-VITS-001,DenseUAV,ViT-S-third-party,pooled,plain_same,east_to_west,,target,0.25,matched,old_su,20,5,15,15,0.03362218370883882,0.2519438388051527,20.4,57.2
A-DENSEUAV-VITS-001,DenseUAV,ViT-S-third-party,pooled,plain_same,east_to_west,,target,0.25,budget10,old_su_guard,20,20,0,0,0.09878682842287695,0.019298245614035085,1.1,55.9
A-DENSEUAV-VITS-001,DenseUAV,ViT-S-third-party,pooled,plain_same,east_to_west,,target,0.25,budget25,old_su_guard,20,20,0,0,0.24956672443674177,0.03854166666666667,5.55,138.45
A-DENSEUAV-VITS-001,DenseUAV,ViT-S-third-party,pooled,plain_same,east_to_west,,target,0.25,budget50,old_su_guard,20,20,0,0,0.49913344887348354,0.08871527777777778,25.55,262.45
A-DENSEUAV-VITS-001,DenseUAV,ViT-S-third-party,pooled,plain_same,east_to_west,,target,0.25,full_frozen,old_su_guard,20,20,0,0,0.4276429809358752,0.057713312315951004,14.25,232.5
A-DENSEUAV-VITS-001,DenseUAV,ViT-S-third-party,pooled,plain_same,east_to_west,,target,0.25,matched,old_su_guard,20,20,0,0,0.42209705372616985,0.05753597314129554,14.05,229.5
A-DENSEUAV-VITS-001,DenseUAV,ViT-S-third-party,pooled,plain_same,east_to_west,,target,0.25,budget10,current_margin,20,20,0,0,0.09878682842287695,0.05526315789473684,3.15,53.85
A-DENSEUAV-VITS-001,DenseUAV,ViT-S-third-party,pooled,plain_same,east_to_west,,target,0.25,budget25,current_margin,20,20,0,0,0.24956672443674177,0.07256944444444445,10.45,133.55
A-DENSEUAV-VITS-001,DenseUAV,ViT-S-third-party,pooled,plain_same,east_to_west,,target,0.25,budget50,current_margin,20,20,0,0,0.49913344887348354,0.1579861111111111,45.5,242.5
A-DENSEUAV-VITS-001,DenseUAV,ViT-S-third-party,pooled,plain_same,east_to_west,,target,0.25,full_frozen,current_margin,20,20,0,0,0.5103986135181976,0.1634441728471241,48.2,246.3
A-DENSEUAV-VITS-001,DenseUAV,ViT-S-third-party,pooled,plain_same,east_to_west,,target,0.25,matched,current_margin,20,20,0,0,0.389948006932409,0.1067070296750555,24.5,200.5
A-DENSEUAV-VITS-001,DenseUAV,ViT-S-third-party,pooled,plain_same,east_to_west,,target,0.25,budget10,current_margin_guard,20,20,0,0,0.09878682842287695,0.019298245614035085,1.1,55.9
A-DENSEUAV-VITS-001,DenseUAV,ViT-S-third-party,pooled,plain_same,east_to_west,,target,0.25,budget25,current_margin_guard,20,20,0,0,0.24956672443674177,0.017013888888888887,2.45,141.55
A-DENSEUAV-VITS-001,DenseUAV,ViT-S-third-party,pooled,plain_same,east_to_west,,target,0.25,budget50,current_margin_guard,20,20,0,0,0.49913344887348354,0.08489583333333334,24.45,263.55
A-DENSEUAV-VITS-001,DenseUAV,ViT-S-third-party,pooled,plain_same,east_to_west,,target,0.25,full_frozen,current_margin_guard,20,20,0,0,0.4552859618717504,0.07198280562495654,18.95,243.75
A-DENSEUAV-VITS-001,DenseUAV,ViT-S-third-party,pooled,plain_same,east_to_west,,target,0.25,matched,current_margin_guard,20,20,0,0,0.4055459272097054,0.05188130843428492,12.45,221.55
A-DENSEUAV-VITS-001,DenseUAV,ViT-S-third-party,pooled,plain_same,east_to_west,,target,0.25,budget10,old_margin_guard,20,20,0,0,0.09878682842287695,0.0,0,57
A-DENSEUAV-VITS-001,DenseUAV,ViT-S-third-party,pooled,plain_same,east_to_west,,target,0.25,budget25,old_margin_guard,20,20,0,0,0.24956672443674177,0.0,0,144
A-DENSEUAV-VITS-001,DenseUAV,ViT-S-third-party,pooled,plain_same,east_to_west,,target,0.25,budget50,old_margin_guard,20,20,0,0,0.49913344887348354,0.07881944444444444,22.7,265.3
A-DENSEUAV-VITS-001,DenseUAV,ViT-S-third-party,pooled,plain_same,east_to_west,,target,0.25,full_frozen,old_margin_guard,20,20,0,0,0.41481802426343156,0.04780778508895116,11.45,227.9
A-DENSEUAV-VITS-001,DenseUAV,ViT-S-third-party,pooled,plain_same,east_to_west,,target,0.25,matched,old_margin_guard,20,20,0,0,0.4090987868284229,0.045783414517655496,10.85,225.2
A-DENSEUAV-VITS-001,DenseUAV,ViT-S-third-party,pooled,plain_same,east_to_west,,target,0.25,budget10,sq8_margin_guard,20,20,0,0,0.09878682842287695,0.0,0,57
A-DENSEUAV-VITS-001,DenseUAV,ViT-S-third-party,pooled,plain_same,east_to_west,,target,0.25,budget25,sq8_margin_guard,20,20,0,0,0.24956672443674177,0.0,0,144
A-DENSEUAV-VITS-001,DenseUAV,ViT-S-third-party,pooled,plain_same,east_to_west,,target,0.25,budget50,sq8_margin_guard,20,20,0,0,0.49913344887348354,0.08072916666666667,23.25,264.75
A-DENSEUAV-VITS-001,DenseUAV,ViT-S-third-party,pooled,plain_same,east_to_west,,target,0.25,full_frozen,sq8_margin_guard,20,20,0,0,0.4082322357019064,0.04430534805510737,10.45,225.1
A-DENSEUAV-VITS-001,DenseUAV,ViT-S-third-party,pooled,plain_same,east_to_west,,target,0.25,matched,sq8_margin_guard,20,20,0,0,0.40294627383015597,0.04254214277768706,9.95,222.55
A-DENSEUAV-VITS-001,DenseUAV,ViT-S-third-party,pooled,plain_same,west_to_east,,target,0.5,budget10,current_su,20,20,0,0,0.1,0.1275,2.55,17.45
A-DENSEUAV-VITS-001,DenseUAV,ViT-S-third-party,pooled,plain_same,west_to_east,,target,0.5,budget25,current_su,20,20,0,0,0.25,0.203,10.15,39.85
A-DENSEUAV-VITS-001,DenseUAV,ViT-S-third-party,pooled,plain_same,west_to_east,,target,0.5,budget50,current_su,20,20,0,0,0.5,0.423,42.3,57.7
A-DENSEUAV-VITS-001,DenseUAV,ViT-S-third-party,pooled,plain_same,west_to_east,,target,0.5,full_frozen,current_su,20,20,0,0,0.4395,0.380233933083451,33.4,54.5
A-DENSEUAV-VITS-001,DenseUAV,ViT-S-third-party,pooled,plain_same,west_to_east,,target,0.5,matched,current_su,20,19,1,1,0.058,0.06333369073307153,1.0526315789473684,11.157894736842104
A-DENSEUAV-VITS-001,DenseUAV,ViT-S-third-party,pooled,plain_same,west_to_east,,target,0.5,budget10,current_su_guard,20,20,0,0,0.1,0.10250000000000001,2.05,17.95
A-DENSEUAV-VITS-001,DenseUAV,ViT-S-third-party,pooled,plain_same,west_to_east,,target,0.5,budget25,current_su_guard,20,20,0,0,0.25,0.151,7.55,42.45
A-DENSEUAV-VITS-001,DenseUAV,ViT-S-third-party,pooled,plain_same,west_to_east,,target,0.5,budget50,current_su_guard,20,20,0,0,0.5,0.3865,38.65,61.35
A-DENSEUAV-VITS-001,DenseUAV,ViT-S-third-party,pooled,plain_same,west_to_east,,target,0.5,full_frozen,current_su_guard,20,20,0,0,0.337,0.23573513974248808,15.95,51.45
A-DENSEUAV-VITS-001,DenseUAV,ViT-S-third-party,pooled,plain_same,west_to_east,,target,0.5,matched,current_su_guard,20,20,0,0,0.264,0.16783972776153322,9.05,43.75
A-DENSEUAV-VITS-001,DenseUAV,ViT-S-third-party,pooled,plain_same,west_to_east,,target,0.5,budget10,old_su,20,20,0,0,0.1,0.4575,9.15,10.85
A-DENSEUAV-VITS-001,DenseUAV,ViT-S-third-party,pooled,plain_same,west_to_east,,target,0.5,budget25,old_su,20,20,0,0,0.25,0.504,25.2,24.8
A-DENSEUAV-VITS-001,DenseUAV,ViT-S-third-party,pooled,plain_same,west_to_east,,target,0.5,budget50,old_su,20,20,0,0,0.5,0.551,55.1,44.9
A-DENSEUAV-VITS-001,DenseUAV,ViT-S-third-party,pooled,plain_same,west_to_east,,target,0.5,full_frozen,old_su,20,20,0,0,0.555,0.5509009009009009,61.15,49.85
A-DENSEUAV-VITS-001,DenseUAV,ViT-S-third-party,pooled,plain_same,west_to_east,,target,0.5,matched,old_su,20,0,20,20,0.0,,,
A-DENSEUAV-VITS-001,DenseUAV,ViT-S-third-party,pooled,plain_same,west_to_east,,target,0.5,budget10,old_su_guard,20,20,0,0,0.1,0.07250000000000001,1.45,18.55
A-DENSEUAV-VITS-001,DenseUAV,ViT-S-third-party,pooled,plain_same,west_to_east,,target,0.5,budget25,old_su_guard,20,20,0,0,0.25,0.14100000000000001,7.05,42.95
A-DENSEUAV-VITS-001,DenseUAV,ViT-S-third-party,pooled,plain_same,west_to_east,,target,0.5,budget50,old_su_guard,20,20,0,0,0.5,0.3815,38.15,61.85
A-DENSEUAV-VITS-001,DenseUAV,ViT-S-third-party,pooled,plain_same,west_to_east,,target,0.5,full_frozen,old_su_guard,20,20,0,0,0.28450000000000003,0.1761194719404204,10.05,46.85
A-DENSEUAV-VITS-001,DenseUAV,ViT-S-third-party,pooled,plain_same,west_to_east,,target,0.5,matched,old_su_guard,20,20,0,0,0.28825,0.18453220521749583,10.75,46.9
A-DENSEUAV-VITS-001,DenseUAV,ViT-S-third-party,pooled,plain_same,west_to_east,,target,0.5,budget10,current_margin,20,20,0,0,0.1,0.085,1.7,18.3
A-DENSEUAV-VITS-001,DenseUAV,ViT-S-third-party,pooled,plain_same,west_to_east,,target,0.5,budget25,current_margin,20,20,0,0,0.25,0.215,10.75,39.25
A-DENSEUAV-VITS-001,DenseUAV,ViT-S-third-party,pooled,plain_same,west_to_east,,target,0.5,budget50,current_margin,20,20,0,0,0.5,0.4325,43.25,56.75
A-DENSEUAV-VITS-001,DenseUAV,ViT-S-third-party,pooled,plain_same,west_to_east,,target,0.5,full_frozen,current_margin,20,20,0,0,0.555,0.4656189517902563,51.7,59.3
A-DENSEUAV-VITS-001,DenseUAV,ViT-S-third-party,pooled,plain_same,west_to_east,,target,0.5,matched,current_margin,20,20,0,0,0.06825,0.09023730655309603,1.25,12.4
A-DENSEUAV-VITS-001,DenseUAV,ViT-S-third-party,pooled,plain_same,west_to_east,,target,0.5,budget10,current_margin_guard,20,20,0,0,0.1,0.0675,1.35,18.65
A-DENSEUAV-VITS-001,DenseUAV,ViT-S-third-party,pooled,plain_same,west_to_east,,target,0.5,budget25,current_margin_guard,20,20,0,0,0.25,0.162,8.1,41.9
A-DENSEUAV-VITS-001,DenseUAV,ViT-S-third-party,pooled,plain_same,west_to_east,,target,0.5,budget50,current_margin_guard,20,20,0,0,0.5,0.388,38.8,61.2
A-DENSEUAV-VITS-001,DenseUAV,ViT-S-third-party,pooled,plain_same,west_to_east,,target,0.5,full_frozen,current_margin_guard,20,20,0,0,0.399,0.30584573445793073,24.45,55.35
A-DENSEUAV-VITS-001,DenseUAV,ViT-S-third-party,pooled,plain_same,west_to_east,,target,0.5,matched,current_margin_guard,20,20,0,0,0.27825,0.19246759059074653,11,44.65
A-DENSEUAV-VITS-001,DenseUAV,ViT-S-third-party,pooled,plain_same,west_to_east,,target,0.5,budget10,old_margin_guard,20,20,0,0,0.1,0.0,0,20
A-DENSEUAV-VITS-001,DenseUAV,ViT-S-third-party,pooled,plain_same,west_to_east,,target,0.5,budget25,old_margin_guard,20,20,0,0,0.25,0.13,6.5,43.5
A-DENSEUAV-VITS-001,DenseUAV,ViT-S-third-party,pooled,plain_same,west_to_east,,target,0.5,budget50,old_margin_guard,20,20,0,0,0.5,0.3845,38.45,61.55
A-DENSEUAV-VITS-001,DenseUAV,ViT-S-third-party,pooled,plain_same,west_to_east,,target,0.5,full_frozen,old_margin_guard,20,20,0,0,0.35675,0.2585025316783951,18.45,52.9
A-DENSEUAV-VITS-001,DenseUAV,ViT-S-third-party,pooled,plain_same,west_to_east,,target,0.5,matched,old_margin_guard,20,20,0,0,0.33275,0.23408840792340424,15.7,50.85
A-DENSEUAV-VITS-001,DenseUAV,ViT-S-third-party,pooled,plain_same,west_to_east,,target,0.5,budget10,sq8_margin_guard,20,20,0,0,0.1,0.0,0,20
A-DENSEUAV-VITS-001,DenseUAV,ViT-S-third-party,pooled,plain_same,west_to_east,,target,0.5,budget25,sq8_margin_guard,20,20,0,0,0.25,0.135,6.75,43.25
A-DENSEUAV-VITS-001,DenseUAV,ViT-S-third-party,pooled,plain_same,west_to_east,,target,0.5,budget50,sq8_margin_guard,20,19,1,1,0.475,0.38,38,62
A-DENSEUAV-VITS-001,DenseUAV,ViT-S-third-party,pooled,plain_same,west_to_east,,target,0.5,full_frozen,sq8_margin_guard,20,20,0,0,0.348,0.2476432076300647,17.25,52.35
A-DENSEUAV-VITS-001,DenseUAV,ViT-S-third-party,pooled,plain_same,west_to_east,,target,0.5,matched,sq8_margin_guard,20,20,0,0,0.3365,0.2350871991226024,16,51.3
A-DENSEUAV-VITS-001,DenseUAV,ViT-S-third-party,pooled,plain_same,east_to_west,,target,0.5,budget10,current_su,20,20,0,0,0.09878682842287695,0.1087719298245614,6.2,50.8
A-DENSEUAV-VITS-001,DenseUAV,ViT-S-third-party,pooled,plain_same,east_to_west,,target,0.5,budget25,current_su,20,20,0,0,0.24956672443674177,0.16736111111111113,24.1,119.9
A-DENSEUAV-VITS-001,DenseUAV,ViT-S-third-party,pooled,plain_same,east_to_west,,target,0.5,budget50,current_su,20,20,0,0,0.49913344887348354,0.31319444444444444,90.2,197.8
A-DENSEUAV-VITS-001,DenseUAV,ViT-S-third-party,pooled,plain_same,east_to_west,,target,0.5,full_frozen,current_su,20,20,0,0,0.4673310225303293,0.2874674035784058,77.55,192.1
A-DENSEUAV-VITS-001,DenseUAV,ViT-S-third-party,pooled,plain_same,east_to_west,,target,0.5,matched,current_su,20,19,1,1,0.15450606585788562,0.13142430734538432,12.789473684210526,81.05263157894737
A-DENSEUAV-VITS-001,DenseUAV,ViT-S-third-party,pooled,plain_same,east_to_west,,target,0.5,budget10,current_su_guard,20,20,0,0,0.09878682842287695,0.03333333333333333,1.9,55.1
A-DENSEUAV-VITS-001,DenseUAV,ViT-S-third-party,pooled,plain_same,east_to_west,,target,0.5,budget25,current_su_guard,20,20,0,0,0.24956672443674177,0.06493055555555556,9.35,134.65
A-DENSEUAV-VITS-001,DenseUAV,ViT-S-third-party,pooled,plain_same,east_to_west,,target,0.5,budget50,current_su_guard,20,18,2,2,0.4492201039861352,0.22665895061728394,65.27777777777777,222.72222222222223
A-DENSEUAV-VITS-001,DenseUAV,ViT-S-third-party,pooled,plain_same,east_to_west,,target,0.5,full_frozen,current_su_guard,20,20,0,0,0.3653379549393414,0.11553367088332143,24.4,186.4
A-DENSEUAV-VITS-001,DenseUAV,ViT-S-third-party,pooled,plain_same,east_to_west,,target,0.5,matched,current_su_guard,20,19,1,1,0.20805892547660312,0.059017015854299186,8.789473684210526,117.57894736842105
A-DENSEUAV-VITS-001,DenseUAV,ViT-S-third-party,pooled,plain_same,east_to_west,,target,0.5,budget10,old_su,20,20,0,0,0.09878682842287695,0.5105263157894737,29.1,27.9
A-DENSEUAV-VITS-001,DenseUAV,ViT-S-third-party,pooled,plain_same,east_to_west,,target,0.5,budget25,old_su,20,20,0,0,0.24956672443674177,0.5017361111111112,72.25,71.75
A-DENSEUAV-VITS-001,DenseUAV,ViT-S-third-party,pooled,plain_same,east_to_west,,target,0.5,budget50,old_su,20,20,0,0,0.49913344887348354,0.5133680555555555,147.85,140.15
A-DENSEUAV-VITS-001,DenseUAV,ViT-S-third-party,pooled,plain_same,east_to_west,,target,0.5,full_frozen,old_su,20,20,0,0,0.5701906412478336,0.5179331306990882,170.4,158.6
A-DENSEUAV-VITS-001,DenseUAV,ViT-S-third-party,pooled,plain_same,east_to_west,,target,0.5,matched,old_su,20,0,20,20,0.0,,,
A-DENSEUAV-VITS-001,DenseUAV,ViT-S-third-party,pooled,plain_same,east_to_west,,target,0.5,budget10,old_su_guard,20,20,0,0,0.09878682842287695,0.02543859649122807,1.45,55.55
A-DENSEUAV-VITS-001,DenseUAV,ViT-S-third-party,pooled,plain_same,east_to_west,,target,0.5,budget25,old_su_guard,20,20,0,0,0.24956672443674177,0.04756944444444444,6.85,137.15
A-DENSEUAV-VITS-001,DenseUAV,ViT-S-third-party,pooled,plain_same,east_to_west,,target,0.5,budget50,old_su_guard,20,18,2,2,0.4492201039861352,0.22550154320987653,64.94444444444444,223.05555555555554
A-DENSEUAV-VITS-001,DenseUAV,ViT-S-third-party,pooled,plain_same,east_to_west,,target,0.5,full_frozen,old_su_guard,20,20,0,0,0.28518197573656845,0.056040629008517015,9.25,155.3
A-DENSEUAV-VITS-001,DenseUAV,ViT-S-third-party,pooled,plain_same,east_to_west,,target,0.5,matched,old_su_guard,20,20,0,0,0.2787694974003466,0.05652432869059005,9.2,151.65
A-DENSEUAV-VITS-001,DenseUAV,ViT-S-third-party,pooled,plain_same,east_to_west,,target,0.5,budget10,current_margin,20,20,0,0,0.09878682842287695,0.11491228070175438,6.55,50.45
A-DENSEUAV-VITS-001,DenseUAV,ViT-S-third-party,pooled,plain_same,east_to_west,,target,0.5,budget25,current_margin,20,20,0,0,0.24956672443674177,0.171875,24.75,119.25
A-DENSEUAV-VITS-001,DenseUAV,ViT-S-third-party,pooled,plain_same,east_to_west,,target,0.5,budget50,current_margin,20,20,0,0,0.49913344887348354,0.33350694444444445,96.05,191.95
A-DENSEUAV-VITS-001,DenseUAV,ViT-S-third-party,pooled,plain_same,east_to_west,,target,0.5,full_frozen,current_margin,20,20,0,0,0.46057192374350087,0.3141289376162423,83.6,182.15
A-DENSEUAV-VITS-001,DenseUAV,ViT-S-third-party,pooled,plain_same,east_to_west,,target,0.5,matched,current_margin,20,17,3,3,0.1922010398613518,0.16586564034546386,23,107.47058823529412
A-DENSEUAV-VITS-001,DenseUAV,ViT-S-third-party,pooled,plain_same,east_to_west,,target,0.5,budget10,current_margin_guard,20,20,0,0,0.09878682842287695,0.042105263157894736,2.4,54.6
A-DENSEUAV-VITS-001,DenseUAV,ViT-S-third-party,pooled,plain_same,east_to_west,,target,0.5,budget25,current_margin_guard,20,20,0,0,0.24956672443674177,0.050694444444444445,7.3,136.7
A-DENSEUAV-VITS-001,DenseUAV,ViT-S-third-party,pooled,plain_same,east_to_west,,target,0.5,budget50,current_margin_guard,20,18,2,2,0.4492201039861352,0.22955246913580246,66.11111111111111,221.88888888888889
A-DENSEUAV-VITS-001,DenseUAV,ViT-S-third-party,pooled,plain_same,east_to_west,,target,0.5,full_frozen,current_margin_guard,20,20,0,0,0.34150779896013866,0.10749644688152946,21.2,175.85
A-DENSEUAV-VITS-001,DenseUAV,ViT-S-third-party,pooled,plain_same,east_to_west,,target,0.5,matched,current_margin_guard,20,19,1,1,0.2501733102253033,0.057296505021337055,8.947368421052632,143
A-DENSEUAV-VITS-001,DenseUAV,ViT-S-third-party,pooled,plain_same,east_to_west,,target,0.5,budget10,old_margin_guard,20,20,0,0,0.09878682842287695,0.0,0,57
A-DENSEUAV-VITS-001,DenseUAV,ViT-S-third-party,pooled,plain_same,east_to_west,,target,0.5,budget25,old_margin_guard,20,20,0,0,0.24956672443674177,0.03159722222222222,4.55,139.45
A-DENSEUAV-VITS-001,DenseUAV,ViT-S-third-party,pooled,plain_same,east_to_west,,target,0.5,budget50,old_margin_guard,20,18,2,2,0.4492201039861352,0.22916666666666666,66,222
A-DENSEUAV-VITS-001,DenseUAV,ViT-S-third-party,pooled,plain_same,east_to_west,,target,0.5,full_frozen,old_margin_guard,20,20,0,0,0.27824956672443674,0.05048433640626544,8.1,152.45
A-DENSEUAV-VITS-001,DenseUAV,ViT-S-third-party,pooled,plain_same,east_to_west,,target,0.5,matched,old_margin_guard,20,20,0,0,0.25216637781629114,0.033772736381534454,5.05,140.45
A-DENSEUAV-VITS-001,DenseUAV,ViT-S-third-party,pooled,plain_same,east_to_west,,target,0.5,budget10,sq8_margin_guard,20,20,0,0,0.09878682842287695,0.0,0,57
A-DENSEUAV-VITS-001,DenseUAV,ViT-S-third-party,pooled,plain_same,east_to_west,,target,0.5,budget25,sq8_margin_guard,20,20,0,0,0.24956672443674177,0.03298611111111111,4.75,139.25
A-DENSEUAV-VITS-001,DenseUAV,ViT-S-third-party,pooled,plain_same,east_to_west,,target,0.5,budget50,sq8_margin_guard,20,13,7,7,0.3244367417677643,0.22729700854700854,65.46153846153847,222.53846153846155
A-DENSEUAV-VITS-001,DenseUAV,ViT-S-third-party,pooled,plain_same,east_to_west,,target,0.5,full_frozen,sq8_margin_guard,20,20,0,0,0.2697573656845754,0.04498449810490247,7,148.65
A-DENSEUAV-VITS-001,DenseUAV,ViT-S-third-party,pooled,plain_same,east_to_west,,target,0.5,matched,sq8_margin_guard,20,20,0,0,0.25138648180242634,0.034821055570863714,5.2,139.85
A-DENSEUAV-VITS-001,DenseUAV,ViT-S-third-party,pooled,plain_same,west_to_east,,control,0.25,budget10,current_su,20,20,0,0,0.1,0.0025,0.05,19.95
A-DENSEUAV-VITS-001,DenseUAV,ViT-S-third-party,pooled,plain_same,west_to_east,,control,0.25,budget25,current_su,20,20,0,0,0.25,0.041,2.05,47.95
A-DENSEUAV-VITS-001,DenseUAV,ViT-S-third-party,pooled,plain_same,west_to_east,,control,0.25,budget50,current_su,20,20,0,0,0.5,0.132,13.2,86.8
A-DENSEUAV-VITS-001,DenseUAV,ViT-S-third-party,pooled,plain_same,west_to_east,,control,0.25,full_frozen,current_su,20,20,0,0,0.567,0.16088422642962938,18.25,95.15
A-DENSEUAV-VITS-001,DenseUAV,ViT-S-third-party,pooled,plain_same,west_to_east,,control,0.25,matched,current_su,20,20,0,0,0.56625,0.16109236077438763,18.25,95
A-DENSEUAV-VITS-001,DenseUAV,ViT-S-third-party,pooled,plain_same,west_to_east,,control,0.25,budget10,current_su_guard,20,20,0,0,0.1,0.0025,0.05,19.95
A-DENSEUAV-VITS-001,DenseUAV,ViT-S-third-party,pooled,plain_same,west_to_east,,control,0.25,budget25,current_su_guard,20,20,0,0,0.25,0.041,2.05,47.95
A-DENSEUAV-VITS-001,DenseUAV,ViT-S-third-party,pooled,plain_same,west_to_east,,control,0.25,budget50,current_su_guard,20,20,0,0,0.5,0.132,13.2,86.8
A-DENSEUAV-VITS-001,DenseUAV,ViT-S-third-party,pooled,plain_same,west_to_east,,control,0.25,full_frozen,current_su_guard,20,20,0,0,0.566,0.1598335126405395,18.1,95.1
A-DENSEUAV-VITS-001,DenseUAV,ViT-S-third-party,pooled,plain_same,west_to_east,,control,0.25,matched,current_su_guard,20,20,0,0,0.56525,0.16003898064264233,18.1,94.95
A-DENSEUAV-VITS-001,DenseUAV,ViT-S-third-party,pooled,plain_same,west_to_east,,control,0.25,budget10,old_su,20,20,0,0,0.1,0.0,0,20
A-DENSEUAV-VITS-001,DenseUAV,ViT-S-third-party,pooled,plain_same,west_to_east,,control,0.25,budget25,old_su,20,20,0,0,0.25,0.039,1.95,48.05
A-DENSEUAV-VITS-001,DenseUAV,ViT-S-third-party,pooled,plain_same,west_to_east,,control,0.25,budget50,old_su,20,20,0,0,0.5,0.1395,13.95,86.05
A-DENSEUAV-VITS-001,DenseUAV,ViT-S-third-party,pooled,plain_same,west_to_east,,control,0.25,full_frozen,old_su,20,20,0,0,0.555,0.1527027027027027,16.95,94.05
A-DENSEUAV-VITS-001,DenseUAV,ViT-S-third-party,pooled,plain_same,west_to_east,,control,0.25,matched,old_su,20,20,0,0,0.555,0.1527027027027027,16.95,94.05
A-DENSEUAV-VITS-001,DenseUAV,ViT-S-third-party,pooled,plain_same,west_to_east,,control,0.25,budget10,old_su_guard,20,20,0,0,0.1,0.0,0,20
A-DENSEUAV-VITS-001,DenseUAV,ViT-S-third-party,pooled,plain_same,west_to_east,,control,0.25,budget25,old_su_guard,20,20,0,0,0.25,0.039,1.95,48.05
A-DENSEUAV-VITS-001,DenseUAV,ViT-S-third-party,pooled,plain_same,west_to_east,,control,0.25,budget50,old_su_guard,20,20,0,0,0.5,0.14,14,86
A-DENSEUAV-VITS-001,DenseUAV,ViT-S-third-party,pooled,plain_same,west_to_east,,control,0.25,full_frozen,old_su_guard,20,20,0,0,0.5537500000000001,0.15122850122850123,16.75,94
A-DENSEUAV-VITS-001,DenseUAV,ViT-S-third-party,pooled,plain_same,west_to_east,,control,0.25,matched,old_su_guard,20,20,0,0,0.5537500000000001,0.15122850122850123,16.75,94
A-DENSEUAV-VITS-001,DenseUAV,ViT-S-third-party,pooled,plain_same,west_to_east,,control,0.25,budget10,current_margin,20,20,0,0,0.1,0.0025,0.05,19.95
A-DENSEUAV-VITS-001,DenseUAV,ViT-S-third-party,pooled,plain_same,west_to_east,,control,0.25,budget25,current_margin,20,20,0,0,0.25,0.004,0.2,49.8
A-DENSEUAV-VITS-001,DenseUAV,ViT-S-third-party,pooled,plain_same,west_to_east,,control,0.25,budget50,current_margin,20,20,0,0,0.5,0.101,10.1,89.9
A-DENSEUAV-VITS-001,DenseUAV,ViT-S-third-party,pooled,plain_same,west_to_east,,control,0.25,full_frozen,current_margin,20,20,0,0,0.6715,0.19245614785267653,25.85,108.45
A-DENSEUAV-VITS-001,DenseUAV,ViT-S-third-party,pooled,plain_same,west_to_east,,control,0.25,matched,current_margin,20,20,0,0,0.6717500000000001,0.1912476232109665,25.7,108.65
A-DENSEUAV-VITS-001,DenseUAV,ViT-S-third-party,pooled,plain_same,west_to_east,,control,0.25,budget10,current_margin_guard,20,20,0,0,0.1,0.0025,0.05,19.95
A-DENSEUAV-VITS-001,DenseUAV,ViT-S-third-party,pooled,plain_same,west_to_east,,control,0.25,budget25,current_margin_guard,20,20,0,0,0.25,0.001,0.05,49.95
A-DENSEUAV-VITS-001,DenseUAV,ViT-S-third-party,pooled,plain_same,west_to_east,,control,0.25,budget50,current_margin_guard,20,20,0,0,0.5,0.0995,9.95,90.05
A-DENSEUAV-VITS-001,DenseUAV,ViT-S-third-party,pooled,plain_same,west_to_east,,control,0.25,full_frozen,current_margin_guard,20,20,0,0,0.6705000000000001,0.19163131593183347,25.7,108.4
A-DENSEUAV-VITS-001,DenseUAV,ViT-S-third-party,pooled,plain_same,west_to_east,,control,0.25,matched,current_margin_guard,20,20,0,0,0.6707500000000001,0.19042284855116803,25.55,108.6
A-DENSEUAV-VITS-001,DenseUAV,ViT-S-third-party,pooled,plain_same,west_to_east,,control,0.25,budget10,old_margin_guard,20,20,0,0,0.1,0.0,0,20
A-DENSEUAV-VITS-001,DenseUAV,ViT-S-third-party,pooled,plain_same,west_to_east,,control,0.25,budget25,old_margin_guard,20,20,0,0,0.25,0.0,0,50
A-DENSEUAV-VITS-001,DenseUAV,ViT-S-third-party,pooled,plain_same,west_to_east,,control,0.25,budget50,old_margin_guard,20,20,0,0,0.5,0.0985,9.85,90.15
A-DENSEUAV-VITS-001,DenseUAV,ViT-S-third-party,pooled,plain_same,west_to_east,,control,0.25,full_frozen,old_margin_guard,20,20,0,0,0.667,0.19037553177380356,25.4,108
A-DENSEUAV-VITS-001,DenseUAV,ViT-S-third-party,pooled,plain_same,west_to_east,,control,0.25,matched,old_margin_guard,20,20,0,0,0.6695,0.18966213778075522,25.4,108.5
A-DENSEUAV-VITS-001,DenseUAV,ViT-S-third-party,pooled,plain_same,west_to_east,,control,0.25,budget10,sq8_margin_guard,20,20,0,0,0.1,0.0,0,20
A-DENSEUAV-VITS-001,DenseUAV,ViT-S-third-party,pooled,plain_same,west_to_east,,control,0.25,budget25,sq8_margin_guard,20,20,0,0,0.25,0.0,0,50
A-DENSEUAV-VITS-001,DenseUAV,ViT-S-third-party,pooled,plain_same,west_to_east,,control,0.25,budget50,sq8_margin_guard,20,20,0,0,0.5,0.0975,9.75,90.25
A-DENSEUAV-VITS-001,DenseUAV,ViT-S-third-party,pooled,plain_same,west_to_east,,control,0.25,full_frozen,sq8_margin_guard,20,20,0,0,0.6655,0.19004499360408644,25.3,107.8
A-DENSEUAV-VITS-001,DenseUAV,ViT-S-third-party,pooled,plain_same,west_to_east,,control,0.25,matched,sq8_margin_guard,20,20,0,0,0.668,0.1893283702077919,25.3,108.3
A-DENSEUAV-VITS-001,DenseUAV,ViT-S-third-party,pooled,plain_same,east_to_west,,control,0.25,budget10,current_su,20,20,0,0,0.09878682842287695,0.0017543859649122805,0.1,56.9
A-DENSEUAV-VITS-001,DenseUAV,ViT-S-third-party,pooled,plain_same,east_to_west,,control,0.25,budget25,current_su,20,20,0,0,0.24956672443674177,0.02847222222222222,4.1,139.9
A-DENSEUAV-VITS-001,DenseUAV,ViT-S-third-party,pooled,plain_same,east_to_west,,control,0.25,budget50,current_su,20,20,0,0,0.49913344887348354,0.04809027777777778,13.85,274.15
A-DENSEUAV-VITS-001,DenseUAV,ViT-S-third-party,pooled,plain_same,east_to_west,,control,0.25,full_frozen,current_su,20,20,0,0,0.5778162911611785,0.05967797339153689,19.9,313.5
A-DENSEUAV-VITS-001,DenseUAV,ViT-S-third-party,pooled,plain_same,east_to_west,,control,0.25,matched,current_su,20,20,0,0,0.5713171577123051,0.05927521645300677,19.55,310.1
A-DENSEUAV-VITS-001,DenseUAV,ViT-S-third-party,pooled,plain_same,east_to_west,,control,0.25,budget10,current_su_guard,20,20,0,0,0.09878682842287695,0.0017543859649122805,0.1,56.9
A-DENSEUAV-VITS-001,DenseUAV,ViT-S-third-party,pooled,plain_same,east_to_west,,control,0.25,budget25,current_su_guard,20,20,0,0,0.24956672443674177,0.02847222222222222,4.1,139.9
A-DENSEUAV-VITS-001,DenseUAV,ViT-S-third-party,pooled,plain_same,east_to_west,,control,0.25,budget50,current_su_guard,20,20,0,0,0.49913344887348354,0.04809027777777778,13.85,274.15
A-DENSEUAV-VITS-001,DenseUAV,ViT-S-third-party,pooled,plain_same,east_to_west,,control,0.25,full_frozen,current_su_guard,20,20,0,0,0.5777296360485269,0.05968680481728226,19.9,313.45
A-DENSEUAV-VITS-001,DenseUAV,ViT-S-third-party,pooled,plain_same,east_to_west,,control,0.25,matched,current_su_guard,20,20,0,0,0.573050259965338,0.05939041095822485,19.65,311
A-DENSEUAV-VITS-001,DenseUAV,ViT-S-third-party,pooled,plain_same,east_to_west,,control,0.25,budget10,old_su,20,20,0,0,0.09878682842287695,0.0,0,57
A-DENSEUAV-VITS-001,DenseUAV,ViT-S-third-party,pooled,plain_same,east_to_west,,control,0.25,budget25,old_su,20,20,0,0,0.24956672443674177,0.027777777777777776,4,140
A-DENSEUAV-VITS-001,DenseUAV,ViT-S-third-party,pooled,plain_same,east_to_west,,control,0.25,budget50,old_su,20,20,0,0,0.49913344887348354,0.04861111111111111,14,274
A-DENSEUAV-VITS-001,DenseUAV,ViT-S-third-party,pooled,plain_same,east_to_west,,control,0.25,full_frozen,old_su,20,20,0,0,0.5701906412478336,0.057750759878419454,19,310
A-DENSEUAV-VITS-001,DenseUAV,ViT-S-third-party,pooled,plain_same,east_to_west,,control,0.25,matched,old_su,20,20,0,0,0.5714904679376083,0.05791554746589383,19.1,310.65
A-DENSEUAV-VITS-001,DenseUAV,ViT-S-third-party,pooled,plain_same,east_to_west,,control,0.25,budget10,old_su_guard,20,20,0,0,0.09878682842287695,0.0,0,57
A-DENSEUAV-VITS-001,DenseUAV,ViT-S-third-party,pooled,plain_same,east_to_west,,control,0.25,budget25,old_su_guard,20,20,0,0,0.24956672443674177,0.027777777777777776,4,140
A-DENSEUAV-VITS-001,DenseUAV,ViT-S-third-party,pooled,plain_same,east_to_west,,control,0.25,budget50,old_su_guard,20,20,0,0,0.49913344887348354,0.04861111111111111,14,274
A-DENSEUAV-VITS-001,DenseUAV,ViT-S-third-party,pooled,plain_same,east_to_west,,control,0.25,full_frozen,old_su_guard,20,20,0,0,0.5701906412478336,0.057750759878419454,19,310
A-DENSEUAV-VITS-001,DenseUAV,ViT-S-third-party,pooled,plain_same,east_to_west,,control,0.25,matched,old_su_guard,20,20,0,0,0.5714904679376083,0.05791554746589383,19.1,310.65
A-DENSEUAV-VITS-001,DenseUAV,ViT-S-third-party,pooled,plain_same,east_to_west,,control,0.25,budget10,current_margin,20,20,0,0,0.09878682842287695,0.0,0,57
A-DENSEUAV-VITS-001,DenseUAV,ViT-S-third-party,pooled,plain_same,east_to_west,,control,0.25,budget25,current_margin,20,20,0,0,0.24956672443674177,0.0,0,144
A-DENSEUAV-VITS-001,DenseUAV,ViT-S-third-party,pooled,plain_same,east_to_west,,control,0.25,budget50,current_margin,20,20,0,0,0.49913344887348354,0.027777777777777776,8,280
A-DENSEUAV-VITS-001,DenseUAV,ViT-S-third-party,pooled,plain_same,east_to_west,,control,0.25,full_frozen,current_margin,20,20,0,0,0.5531195840554592,0.04699903070003722,15,304.15
A-DENSEUAV-VITS-001,DenseUAV,ViT-S-third-party,pooled,plain_same,east_to_west,,control,0.25,matched,current_margin,20,20,0,0,0.5505199306759099,0.046089186363753226,14.65,303
A-DENSEUAV-VITS-001,DenseUAV,ViT-S-third-party,pooled,plain_same,east_to_west,,control,0.25,budget10,current_margin_guard,20,20,0,0,0.09878682842287695,0.0,0,57
A-DENSEUAV-VITS-001,DenseUAV,ViT-S-third-party,pooled,plain_same,east_to_west,,control,0.25,budget25,current_margin_guard,20,20,0,0,0.24956672443674177,0.0,0,144
A-DENSEUAV-VITS-001,DenseUAV,ViT-S-third-party,pooled,plain_same,east_to_west,,control,0.25,budget50,current_margin_guard,20,20,0,0,0.49913344887348354,0.027777777777777776,8,280
A-DENSEUAV-VITS-001,DenseUAV,ViT-S-third-party,pooled,plain_same,east_to_west,,control,0.25,full_frozen,current_margin_guard,20,20,0,0,0.5527729636048527,0.04702846562344173,15,303.95
A-DENSEUAV-VITS-001,DenseUAV,ViT-S-third-party,pooled,plain_same,east_to_west,,control,0.25,matched,current_margin_guard,20,20,0,0,0.5516464471403812,0.04647429963381371,14.8,303.5
A-DENSEUAV-VITS-001,DenseUAV,ViT-S-third-party,pooled,plain_same,east_to_west,,control,0.25,budget10,old_margin_guard,20,20,0,0,0.09878682842287695,0.0,0,57
A-DENSEUAV-VITS-001,DenseUAV,ViT-S-third-party,pooled,plain_same,east_to_west,,control,0.25,budget25,old_margin_guard,20,20,0,0,0.24956672443674177,0.0,0,144
A-DENSEUAV-VITS-001,DenseUAV,ViT-S-third-party,pooled,plain_same,east_to_west,,control,0.25,budget50,old_margin_guard,20,20,0,0,0.49913344887348354,0.027777777777777776,8,280
A-DENSEUAV-VITS-001,DenseUAV,ViT-S-third-party,pooled,plain_same,east_to_west,,control,0.25,full_frozen,old_margin_guard,20,20,0,0,0.5510398613518198,0.04701952264746147,14.95,303
A-DENSEUAV-VITS-001,DenseUAV,ViT-S-third-party,pooled,plain_same,east_to_west,,control,0.25,matched,old_margin_guard,20,20,0,0,0.5524263431542461,0.047055883860931895,15,303.75
A-DENSEUAV-VITS-001,DenseUAV,ViT-S-third-party,pooled,plain_same,east_to_west,,control,0.25,budget10,sq8_margin_guard,20,20,0,0,0.09878682842287695,0.0,0,57
A-DENSEUAV-VITS-001,DenseUAV,ViT-S-third-party,pooled,plain_same,east_to_west,,control,0.25,budget25,sq8_margin_guard,20,20,0,0,0.24956672443674177,0.0,0,144
A-DENSEUAV-VITS-001,DenseUAV,ViT-S-third-party,pooled,plain_same,east_to_west,,control,0.25,budget50,sq8_margin_guard,20,20,0,0,0.49913344887348354,0.027777777777777776,8,280
A-DENSEUAV-VITS-001,DenseUAV,ViT-S-third-party,pooled,plain_same,east_to_west,,control,0.25,full_frozen,sq8_margin_guard,20,20,0,0,0.5506065857885616,0.04705672281411821,14.95,302.75
A-DENSEUAV-VITS-001,DenseUAV,ViT-S-third-party,pooled,plain_same,east_to_west,,control,0.25,matched,sq8_margin_guard,20,20,0,0,0.5534662045060659,0.04712283394389491,15.05,304.3
A-DENSEUAV-VITS-001,DenseUAV,ViT-S-third-party,pooled,old_same,west_to_east,,full,0.0,budget10,current_su,1,1,0,0,0.1,0.0,0,20
A-DENSEUAV-VITS-001,DenseUAV,ViT-S-third-party,pooled,old_same,west_to_east,,full,0.0,budget25,current_su,1,1,0,0,0.25,0.04,2,48
A-DENSEUAV-VITS-001,DenseUAV,ViT-S-third-party,pooled,old_same,west_to_east,,full,0.0,budget50,current_su,1,1,0,0,0.5,0.06,6,94
A-DENSEUAV-VITS-001,DenseUAV,ViT-S-third-party,pooled,old_same,west_to_east,,full,0.0,full_frozen,current_su,1,1,0,0,0.505,0.0594059405940594,6,95
A-DENSEUAV-VITS-001,DenseUAV,ViT-S-third-party,pooled,old_same,west_to_east,,full,0.0,matched,current_su,1,1,0,0,0.505,0.0594059405940594,6,95
A-DENSEUAV-VITS-001,DenseUAV,ViT-S-third-party,pooled,old_same,west_to_east,,full,0.0,budget10,current_su_guard,1,1,0,0,0.1,0.0,0,20
A-DENSEUAV-VITS-001,DenseUAV,ViT-S-third-party,pooled,old_same,west_to_east,,full,0.0,budget25,current_su_guard,1,1,0,0,0.25,0.04,2,48
A-DENSEUAV-VITS-001,DenseUAV,ViT-S-third-party,pooled,old_same,west_to_east,,full,0.0,budget50,current_su_guard,1,1,0,0,0.5,0.06,6,94
A-DENSEUAV-VITS-001,DenseUAV,ViT-S-third-party,pooled,old_same,west_to_east,,full,0.0,full_frozen,current_su_guard,1,1,0,0,0.505,0.0594059405940594,6,95
A-DENSEUAV-VITS-001,DenseUAV,ViT-S-third-party,pooled,old_same,west_to_east,,full,0.0,matched,current_su_guard,1,1,0,0,0.505,0.0594059405940594,6,95
A-DENSEUAV-VITS-001,DenseUAV,ViT-S-third-party,pooled,old_same,west_to_east,,full,0.0,budget10,old_su,1,1,0,0,0.1,0.0,0,20
A-DENSEUAV-VITS-001,DenseUAV,ViT-S-third-party,pooled,old_same,west_to_east,,full,0.0,budget25,old_su,1,1,0,0,0.25,0.04,2,48
A-DENSEUAV-VITS-001,DenseUAV,ViT-S-third-party,pooled,old_same,west_to_east,,full,0.0,budget50,old_su,1,1,0,0,0.5,0.06,6,94
A-DENSEUAV-VITS-001,DenseUAV,ViT-S-third-party,pooled,old_same,west_to_east,,full,0.0,full_frozen,old_su,1,1,0,0,0.505,0.0594059405940594,6,95
A-DENSEUAV-VITS-001,DenseUAV,ViT-S-third-party,pooled,old_same,west_to_east,,full,0.0,matched,old_su,1,1,0,0,0.505,0.0594059405940594,6,95
A-DENSEUAV-VITS-001,DenseUAV,ViT-S-third-party,pooled,old_same,west_to_east,,full,0.0,budget10,old_su_guard,1,1,0,0,0.1,0.0,0,20
A-DENSEUAV-VITS-001,DenseUAV,ViT-S-third-party,pooled,old_same,west_to_east,,full,0.0,budget25,old_su_guard,1,1,0,0,0.25,0.04,2,48
A-DENSEUAV-VITS-001,DenseUAV,ViT-S-third-party,pooled,old_same,west_to_east,,full,0.0,budget50,old_su_guard,1,1,0,0,0.5,0.06,6,94
A-DENSEUAV-VITS-001,DenseUAV,ViT-S-third-party,pooled,old_same,west_to_east,,full,0.0,full_frozen,old_su_guard,1,1,0,0,0.505,0.0594059405940594,6,95
A-DENSEUAV-VITS-001,DenseUAV,ViT-S-third-party,pooled,old_same,west_to_east,,full,0.0,matched,old_su_guard,1,1,0,0,0.505,0.0594059405940594,6,95
A-DENSEUAV-VITS-001,DenseUAV,ViT-S-third-party,pooled,old_same,west_to_east,,full,0.0,budget10,current_margin,1,1,0,0,0.1,0.0,0,20
A-DENSEUAV-VITS-001,DenseUAV,ViT-S-third-party,pooled,old_same,west_to_east,,full,0.0,budget25,current_margin,1,1,0,0,0.25,0.0,0,50
A-DENSEUAV-VITS-001,DenseUAV,ViT-S-third-party,pooled,old_same,west_to_east,,full,0.0,budget50,current_margin,1,1,0,0,0.5,0.04,4,96
A-DENSEUAV-VITS-001,DenseUAV,ViT-S-third-party,pooled,old_same,west_to_east,,full,0.0,full_frozen,current_margin,1,1,0,0,0.545,0.05504587155963303,6,103
A-DENSEUAV-VITS-001,DenseUAV,ViT-S-third-party,pooled,old_same,west_to_east,,full,0.0,matched,current_margin,1,1,0,0,0.545,0.05504587155963303,6,103
A-DENSEUAV-VITS-001,DenseUAV,ViT-S-third-party,pooled,old_same,west_to_east,,full,0.0,budget10,current_margin_guard,1,1,0,0,0.1,0.0,0,20
A-DENSEUAV-VITS-001,DenseUAV,ViT-S-third-party,pooled,old_same,west_to_east,,full,0.0,budget25,current_margin_guard,1,1,0,0,0.25,0.0,0,50
A-DENSEUAV-VITS-001,DenseUAV,ViT-S-third-party,pooled,old_same,west_to_east,,full,0.0,budget50,current_margin_guard,1,1,0,0,0.5,0.04,4,96
A-DENSEUAV-VITS-001,DenseUAV,ViT-S-third-party,pooled,old_same,west_to_east,,full,0.0,full_frozen,current_margin_guard,1,1,0,0,0.545,0.05504587155963303,6,103
A-DENSEUAV-VITS-001,DenseUAV,ViT-S-third-party,pooled,old_same,west_to_east,,full,0.0,matched,current_margin_guard,1,1,0,0,0.545,0.05504587155963303,6,103
A-DENSEUAV-VITS-001,DenseUAV,ViT-S-third-party,pooled,old_same,west_to_east,,full,0.0,budget10,old_margin_guard,1,1,0,0,0.1,0.0,0,20
A-DENSEUAV-VITS-001,DenseUAV,ViT-S-third-party,pooled,old_same,west_to_east,,full,0.0,budget25,old_margin_guard,1,1,0,0,0.25,0.0,0,50
A-DENSEUAV-VITS-001,DenseUAV,ViT-S-third-party,pooled,old_same,west_to_east,,full,0.0,budget50,old_margin_guard,1,1,0,0,0.5,0.04,4,96
A-DENSEUAV-VITS-001,DenseUAV,ViT-S-third-party,pooled,old_same,west_to_east,,full,0.0,full_frozen,old_margin_guard,1,1,0,0,0.545,0.05504587155963303,6,103
A-DENSEUAV-VITS-001,DenseUAV,ViT-S-third-party,pooled,old_same,west_to_east,,full,0.0,matched,old_margin_guard,1,1,0,0,0.545,0.05504587155963303,6,103
A-DENSEUAV-VITS-001,DenseUAV,ViT-S-third-party,pooled,old_same,west_to_east,,full,0.0,budget10,sq8_margin_guard,1,1,0,0,0.1,0.0,0,20
A-DENSEUAV-VITS-001,DenseUAV,ViT-S-third-party,pooled,old_same,west_to_east,,full,0.0,budget25,sq8_margin_guard,1,1,0,0,0.25,0.0,0,50
A-DENSEUAV-VITS-001,DenseUAV,ViT-S-third-party,pooled,old_same,west_to_east,,full,0.0,budget50,sq8_margin_guard,1,1,0,0,0.5,0.04,4,96
A-DENSEUAV-VITS-001,DenseUAV,ViT-S-third-party,pooled,old_same,west_to_east,,full,0.0,full_frozen,sq8_margin_guard,1,1,0,0,0.545,0.05504587155963303,6,103
A-DENSEUAV-VITS-001,DenseUAV,ViT-S-third-party,pooled,old_same,west_to_east,,full,0.0,matched,sq8_margin_guard,1,1,0,0,0.545,0.05504587155963303,6,103
A-DENSEUAV-VITS-001,DenseUAV,ViT-S-third-party,pooled,old_same,east_to_west,,full,0.0,budget10,current_su,1,1,0,0,0.09878682842287695,0.017543859649122806,1,56
A-DENSEUAV-VITS-001,DenseUAV,ViT-S-third-party,pooled,old_same,east_to_west,,full,0.0,budget25,current_su,1,1,0,0,0.24956672443674177,0.06944444444444445,10,134
A-DENSEUAV-VITS-001,DenseUAV,ViT-S-third-party,pooled,old_same,east_to_west,,full,0.0,budget50,current_su,1,1,0,0,0.49913344887348354,0.09722222222222222,28,260
A-DENSEUAV-VITS-001,DenseUAV,ViT-S-third-party,pooled,old_same,east_to_west,,full,0.0,full_frozen,current_su,1,1,0,0,0.82842287694974,0.1694560669456067,81,397
A-DENSEUAV-VITS-001,DenseUAV,ViT-S-third-party,pooled,old_same,east_to_west,,full,0.0,matched,current_su,1,1,0,0,0.82842287694974,0.1694560669456067,81,397
A-DENSEUAV-VITS-001,DenseUAV,ViT-S-third-party,pooled,old_same,east_to_west,,full,0.0,budget10,current_su_guard,1,1,0,0,0.09878682842287695,0.017543859649122806,1,56
A-DENSEUAV-VITS-001,DenseUAV,ViT-S-third-party,pooled,old_same,east_to_west,,full,0.0,budget25,current_su_guard,1,1,0,0,0.24956672443674177,0.06944444444444445,10,134
A-DENSEUAV-VITS-001,DenseUAV,ViT-S-third-party,pooled,old_same,east_to_west,,full,0.0,budget50,current_su_guard,1,1,0,0,0.49913344887348354,0.09722222222222222,28,260
A-DENSEUAV-VITS-001,DenseUAV,ViT-S-third-party,pooled,old_same,east_to_west,,full,0.0,full_frozen,current_su_guard,1,1,0,0,0.82842287694974,0.1694560669456067,81,397
A-DENSEUAV-VITS-001,DenseUAV,ViT-S-third-party,pooled,old_same,east_to_west,,full,0.0,matched,current_su_guard,1,1,0,0,0.82842287694974,0.1694560669456067,81,397
A-DENSEUAV-VITS-001,DenseUAV,ViT-S-third-party,pooled,old_same,east_to_west,,full,0.0,budget10,old_su,1,1,0,0,0.09878682842287695,0.017543859649122806,1,56
A-DENSEUAV-VITS-001,DenseUAV,ViT-S-third-party,pooled,old_same,east_to_west,,full,0.0,budget25,old_su,1,1,0,0,0.24956672443674177,0.06944444444444445,10,134
A-DENSEUAV-VITS-001,DenseUAV,ViT-S-third-party,pooled,old_same,east_to_west,,full,0.0,budget50,old_su,1,1,0,0,0.49913344887348354,0.09722222222222222,28,260
A-DENSEUAV-VITS-001,DenseUAV,ViT-S-third-party,pooled,old_same,east_to_west,,full,0.0,full_frozen,old_su,1,1,0,0,0.82842287694974,0.1694560669456067,81,397
A-DENSEUAV-VITS-001,DenseUAV,ViT-S-third-party,pooled,old_same,east_to_west,,full,0.0,matched,old_su,1,1,0,0,0.82842287694974,0.1694560669456067,81,397
A-DENSEUAV-VITS-001,DenseUAV,ViT-S-third-party,pooled,old_same,east_to_west,,full,0.0,budget10,old_su_guard,1,1,0,0,0.09878682842287695,0.017543859649122806,1,56
A-DENSEUAV-VITS-001,DenseUAV,ViT-S-third-party,pooled,old_same,east_to_west,,full,0.0,budget25,old_su_guard,1,1,0,0,0.24956672443674177,0.06944444444444445,10,134
A-DENSEUAV-VITS-001,DenseUAV,ViT-S-third-party,pooled,old_same,east_to_west,,full,0.0,budget50,old_su_guard,1,1,0,0,0.49913344887348354,0.09722222222222222,28,260
A-DENSEUAV-VITS-001,DenseUAV,ViT-S-third-party,pooled,old_same,east_to_west,,full,0.0,full_frozen,old_su_guard,1,1,0,0,0.82842287694974,0.1694560669456067,81,397
A-DENSEUAV-VITS-001,DenseUAV,ViT-S-third-party,pooled,old_same,east_to_west,,full,0.0,matched,old_su_guard,1,1,0,0,0.82842287694974,0.1694560669456067,81,397
A-DENSEUAV-VITS-001,DenseUAV,ViT-S-third-party,pooled,old_same,east_to_west,,full,0.0,budget10,current_margin,1,1,0,0,0.09878682842287695,0.0,0,57
A-DENSEUAV-VITS-001,DenseUAV,ViT-S-third-party,pooled,old_same,east_to_west,,full,0.0,budget25,current_margin,1,1,0,0,0.24956672443674177,0.013888888888888888,2,142
A-DENSEUAV-VITS-001,DenseUAV,ViT-S-third-party,pooled,old_same,east_to_west,,full,0.0,budget50,current_margin,1,1,0,0,0.49913344887348354,0.08680555555555555,25,263
A-DENSEUAV-VITS-001,DenseUAV,ViT-S-third-party,pooled,old_same,east_to_west,,full,0.0,full_frozen,current_margin,1,1,0,0,0.8024263431542461,0.16198704103671707,75,388
A-DENSEUAV-VITS-001,DenseUAV,ViT-S-third-party,pooled,old_same,east_to_west,,full,0.0,matched,current_margin,1,1,0,0,0.8024263431542461,0.16198704103671707,75,388
A-DENSEUAV-VITS-001,DenseUAV,ViT-S-third-party,pooled,old_same,east_to_west,,full,0.0,budget10,current_margin_guard,1,1,0,0,0.09878682842287695,0.0,0,57
A-DENSEUAV-VITS-001,DenseUAV,ViT-S-third-party,pooled,old_same,east_to_west,,full,0.0,budget25,current_margin_guard,1,1,0,0,0.24956672443674177,0.013888888888888888,2,142
A-DENSEUAV-VITS-001,DenseUAV,ViT-S-third-party,pooled,old_same,east_to_west,,full,0.0,budget50,current_margin_guard,1,1,0,0,0.49913344887348354,0.08680555555555555,25,263
A-DENSEUAV-VITS-001,DenseUAV,ViT-S-third-party,pooled,old_same,east_to_west,,full,0.0,full_frozen,current_margin_guard,1,1,0,0,0.8024263431542461,0.16198704103671707,75,388
A-DENSEUAV-VITS-001,DenseUAV,ViT-S-third-party,pooled,old_same,east_to_west,,full,0.0,matched,current_margin_guard,1,1,0,0,0.8024263431542461,0.16198704103671707,75,388
A-DENSEUAV-VITS-001,DenseUAV,ViT-S-third-party,pooled,old_same,east_to_west,,full,0.0,budget10,old_margin_guard,1,1,0,0,0.09878682842287695,0.0,0,57
A-DENSEUAV-VITS-001,DenseUAV,ViT-S-third-party,pooled,old_same,east_to_west,,full,0.0,budget25,old_margin_guard,1,1,0,0,0.24956672443674177,0.013888888888888888,2,142
A-DENSEUAV-VITS-001,DenseUAV,ViT-S-third-party,pooled,old_same,east_to_west,,full,0.0,budget50,old_margin_guard,1,1,0,0,0.49913344887348354,0.08680555555555555,25,263
A-DENSEUAV-VITS-001,DenseUAV,ViT-S-third-party,pooled,old_same,east_to_west,,full,0.0,full_frozen,old_margin_guard,1,1,0,0,0.8024263431542461,0.16198704103671707,75,388
A-DENSEUAV-VITS-001,DenseUAV,ViT-S-third-party,pooled,old_same,east_to_west,,full,0.0,matched,old_margin_guard,1,1,0,0,0.8024263431542461,0.16198704103671707,75,388
A-DENSEUAV-VITS-001,DenseUAV,ViT-S-third-party,pooled,old_same,east_to_west,,full,0.0,budget10,sq8_margin_guard,1,1,0,0,0.09878682842287695,0.0,0,57
A-DENSEUAV-VITS-001,DenseUAV,ViT-S-third-party,pooled,old_same,east_to_west,,full,0.0,budget25,sq8_margin_guard,1,1,0,0,0.24956672443674177,0.013888888888888888,2,142
A-DENSEUAV-VITS-001,DenseUAV,ViT-S-third-party,pooled,old_same,east_to_west,,full,0.0,budget50,sq8_margin_guard,1,1,0,0,0.49913344887348354,0.08680555555555555,25,263
A-DENSEUAV-VITS-001,DenseUAV,ViT-S-third-party,pooled,old_same,east_to_west,,full,0.0,full_frozen,sq8_margin_guard,1,1,0,0,0.8024263431542461,0.16198704103671707,75,388
A-DENSEUAV-VITS-001,DenseUAV,ViT-S-third-party,pooled,old_same,east_to_west,,full,0.0,matched,sq8_margin_guard,1,1,0,0,0.8024263431542461,0.16198704103671707,75,388
A-DENSEUAV-VITS-001,DenseUAV,ViT-S-third-party,pooled,old_same,west_to_east,,target,0.25,budget10,current_su,20,20,0,0,0.1,0.05,1,19
A-DENSEUAV-VITS-001,DenseUAV,ViT-S-third-party,pooled,old_same,west_to_east,,target,0.25,budget25,current_su,20,20,0,0,0.25,0.095,4.75,45.25
A-DENSEUAV-VITS-001,DenseUAV,ViT-S-third-party,pooled,old_same,west_to_east,,target,0.25,budget50,current_su,20,20,0,0,0.5,0.164,16.4,83.6
A-DENSEUAV-VITS-001,DenseUAV,ViT-S-third-party,pooled,old_same,west_to_east,,target,0.25,full_frozen,current_su,20,20,0,0,0.48275,0.15774480556371517,15.25,81.3
A-DENSEUAV-VITS-001,DenseUAV,ViT-S-third-party,pooled,old_same,west_to_east,,target,0.25,matched,current_su,20,20,0,0,0.25825,0.09395276484995008,4.95,46.7
A-DENSEUAV-VITS-001,DenseUAV,ViT-S-third-party,pooled,old_same,west_to_east,,target,0.25,budget10,current_su_guard,20,20,0,0,0.1,0.037500000000000006,0.75,19.25
A-DENSEUAV-VITS-001,DenseUAV,ViT-S-third-party,pooled,old_same,west_to_east,,target,0.25,budget25,current_su_guard,20,20,0,0,0.25,0.051,2.55,47.45
A-DENSEUAV-VITS-001,DenseUAV,ViT-S-third-party,pooled,old_same,west_to_east,,target,0.25,budget50,current_su_guard,20,20,0,0,0.5,0.104,10.4,89.6
A-DENSEUAV-VITS-001,DenseUAV,ViT-S-third-party,pooled,old_same,west_to_east,,target,0.25,full_frozen,current_su_guard,20,20,0,0,0.43525,0.08050003187141651,7.05,80
A-DENSEUAV-VITS-001,DenseUAV,ViT-S-third-party,pooled,old_same,west_to_east,,target,0.25,matched,current_su_guard,20,20,0,0,0.38525,0.07115756362327916,5.5,71.55
A-DENSEUAV-VITS-001,DenseUAV,ViT-S-third-party,pooled,old_same,west_to_east,,target,0.25,budget10,old_su,20,20,0,0,0.1,0.2175,4.35,15.65
A-DENSEUAV-VITS-001,DenseUAV,ViT-S-third-party,pooled,old_same,west_to_east,,target,0.25,budget25,old_su,20,20,0,0,0.25,0.28,14,36
A-DENSEUAV-VITS-001,DenseUAV,ViT-S-third-party,pooled,old_same,west_to_east,,target,0.25,budget50,old_su,20,20,0,0,0.5,0.28700000000000003,28.7,71.3
A-DENSEUAV-VITS-001,DenseUAV,ViT-S-third-party,pooled,old_same,west_to_east,,target,0.25,full_frozen,old_su,20,20,0,0,0.505,0.2856435643564356,28.85,72.15
A-DENSEUAV-VITS-001,DenseUAV,ViT-S-third-party,pooled,old_same,west_to_east,,target,0.25,matched,old_su,20,6,14,14,0.01475,0.22714646464646465,2.1666666666666665,7.666666666666667
A-DENSEUAV-VITS-001,DenseUAV,ViT-S-third-party,pooled,old_same,west_to_east,,target,0.25,budget10,old_su_guard,20,20,0,0,0.1,0.0025,0.05,19.95
A-DENSEUAV-VITS-001,DenseUAV,ViT-S-third-party,pooled,old_same,west_to_east,,target,0.25,budget25,old_su_guard,20,20,0,0,0.25,0.039,1.95,48.05
A-DENSEUAV-VITS-001,DenseUAV,ViT-S-third-party,pooled,old_same,west_to_east,,target,0.25,budget50,old_su_guard,20,20,0,0,0.5,0.106,10.6,89.4
A-DENSEUAV-VITS-001,DenseUAV,ViT-S-third-party,pooled,old_same,west_to_east,,target,0.25,full_frozen,old_su_guard,20,20,0,0,0.376,0.05766984167405576,4.35,70.85
A-DENSEUAV-VITS-001,DenseUAV,ViT-S-third-party,pooled,old_same,west_to_east,,target,0.25,matched,old_su_guard,20,20,0,0,0.38525,0.06346640467784691,5,72.05
A-DENSEUAV-VITS-001,DenseUAV,ViT-S-third-party,pooled,old_same,west_to_east,,target,0.25,budget10,current_margin,20,20,0,0,0.1,0.030000000000000002,0.6,19.4
A-DENSEUAV-VITS-001,DenseUAV,ViT-S-third-party,pooled,old_same,west_to_east,,target,0.25,budget25,current_margin,20,20,0,0,0.25,0.054,2.7,47.3
A-DENSEUAV-VITS-001,DenseUAV,ViT-S-third-party,pooled,old_same,west_to_east,,target,0.25,budget50,current_margin,20,20,0,0,0.5,0.1595,15.95,84.05
A-DENSEUAV-VITS-001,DenseUAV,ViT-S-third-party,pooled,old_same,west_to_east,,target,0.25,full_frozen,current_margin,20,20,0,0,0.5165,0.16385167741657872,17,86.3
A-DENSEUAV-VITS-001,DenseUAV,ViT-S-third-party,pooled,old_same,west_to_east,,target,0.25,matched,current_margin,20,20,0,0,0.31225,0.07757351077522072,4.9,57.55
A-DENSEUAV-VITS-001,DenseUAV,ViT-S-third-party,pooled,old_same,west_to_east,,target,0.25,budget10,current_margin_guard,20,20,0,0,0.1,0.022500000000000003,0.45,19.55
A-DENSEUAV-VITS-001,DenseUAV,ViT-S-third-party,pooled,old_same,west_to_east,,target,0.25,budget25,current_margin_guard,20,20,0,0,0.25,0.017,0.85,49.15
A-DENSEUAV-VITS-001,DenseUAV,ViT-S-third-party,pooled,old_same,west_to_east,,target,0.25,budget50,current_margin_guard,20,20,0,0,0.5,0.085,8.5,91.5
A-DENSEUAV-VITS-001,DenseUAV,ViT-S-third-party,pooled,old_same,west_to_east,,target,0.25,full_frozen,current_margin_guard,20,20,0,0,0.45525,0.07169621510219133,6.55,84.5
A-DENSEUAV-VITS-001,DenseUAV,ViT-S-third-party,pooled,old_same,west_to_east,,target,0.25,matched,current_margin_guard,20,20,0,0,0.3895,0.05446402394144887,4.25,73.65
A-DENSEUAV-VITS-001,DenseUAV,ViT-S-third-party,pooled,old_same,west_to_east,,target,0.25,budget10,old_margin_guard,20,20,0,0,0.1,0.0,0,20
A-DENSEUAV-VITS-001,DenseUAV,ViT-S-third-party,pooled,old_same,west_to_east,,target,0.25,budget25,old_margin_guard,20,20,0,0,0.25,0.005,0.25,49.75
A-DENSEUAV-VITS-001,DenseUAV,ViT-S-third-party,pooled,old_same,west_to_east,,target,0.25,budget50,old_margin_guard,20,20,0,0,0.5,0.077,7.7,92.3
A-DENSEUAV-VITS-001,DenseUAV,ViT-S-third-party,pooled,old_same,west_to_east,,target,0.25,full_frozen,old_margin_guard,20,20,0,0,0.4105,0.05416756009286132,4.45,77.65
A-DENSEUAV-VITS-001,DenseUAV,ViT-S-third-party,pooled,old_same,west_to_east,,target,0.25,matched,old_margin_guard,20,20,0,0,0.401,0.0480245567486672,3.9,76.3
A-DENSEUAV-VITS-001,DenseUAV,ViT-S-third-party,pooled,old_same,west_to_east,,target,0.25,budget10,sq8_margin_guard,20,20,0,0,0.1,0.0,0,20
A-DENSEUAV-VITS-001,DenseUAV,ViT-S-third-party,pooled,old_same,west_to_east,,target,0.25,budget25,sq8_margin_guard,20,20,0,0,0.25,0.007,0.35,49.65
A-DENSEUAV-VITS-001,DenseUAV,ViT-S-third-party,pooled,old_same,west_to_east,,target,0.25,budget50,sq8_margin_guard,20,20,0,0,0.5,0.0785,7.85,92.15
A-DENSEUAV-VITS-001,DenseUAV,ViT-S-third-party,pooled,old_same,west_to_east,,target,0.25,full_frozen,sq8_margin_guard,20,20,0,0,0.39975,0.051323559554992834,4.1,75.85
A-DENSEUAV-VITS-001,DenseUAV,ViT-S-third-party,pooled,old_same,west_to_east,,target,0.25,matched,sq8_margin_guard,20,20,0,0,0.399,0.04890462382214471,3.95,75.85
A-DENSEUAV-VITS-001,DenseUAV,ViT-S-third-party,pooled,old_same,east_to_west,,target,0.25,budget10,current_su,20,20,0,0,0.09878682842287695,0.05614035087719298,3.2,53.8
A-DENSEUAV-VITS-001,DenseUAV,ViT-S-third-party,pooled,old_same,east_to_west,,target,0.25,budget25,current_su,20,20,0,0,0.24956672443674177,0.11006944444444444,15.85,128.15
A-DENSEUAV-VITS-001,DenseUAV,ViT-S-third-party,pooled,old_same,east_to_west,,target,0.25,budget50,current_su,20,20,0,0,0.49913344887348354,0.17274305555555555,49.75,238.25
A-DENSEUAV-VITS-001,DenseUAV,ViT-S-third-party,pooled,old_same,east_to_west,,target,0.25,full_frozen,current_su,20,20,0,0,0.7772963604852686,0.294971397278511,132.35,316.15
A-DENSEUAV-VITS-001,DenseUAV,ViT-S-third-party,pooled,old_same,east_to_west,,target,0.25,matched,current_su,20,20,0,0,0.28639514731369153,0.11251438887199088,19.75,145.5
A-DENSEUAV-VITS-001,DenseUAV,ViT-S-third-party,pooled,old_same,east_to_west,,target,0.25,budget10,current_su_guard,20,20,0,0,0.09878682842287695,0.04649122807017544,2.65,54.35
A-DENSEUAV-VITS-001,DenseUAV,ViT-S-third-party,pooled,old_same,east_to_west,,target,0.25,budget25,current_su_guard,20,20,0,0,0.24956672443674177,0.0798611111111111,11.5,132.5
A-DENSEUAV-VITS-001,DenseUAV,ViT-S-third-party,pooled,old_same,east_to_west,,target,0.25,budget50,current_su_guard,20,20,0,0,0.49913344887348354,0.13038194444444445,37.55,250.45
A-DENSEUAV-VITS-001,DenseUAV,ViT-S-third-party,pooled,old_same,east_to_west,,target,0.25,full_frozen,current_su_guard,20,20,0,0,0.6511265164644714,0.18414569571089706,69.2,306.5
A-DENSEUAV-VITS-001,DenseUAV,ViT-S-third-party,pooled,old_same,east_to_west,,target,0.25,matched,current_su_guard,20,20,0,0,0.5464471403812825,0.14860332951977337,47.85,267.45
A-DENSEUAV-VITS-001,DenseUAV,ViT-S-third-party,pooled,old_same,east_to_west,,target,0.25,budget10,old_su,20,20,0,0,0.09878682842287695,0.25,14.25,42.75
A-DENSEUAV-VITS-001,DenseUAV,ViT-S-third-party,pooled,old_same,east_to_west,,target,0.25,budget25,old_su,20,20,0,0,0.24956672443674177,0.28958333333333336,41.7,102.3
A-DENSEUAV-VITS-001,DenseUAV,ViT-S-third-party,pooled,old_same,east_to_west,,target,0.25,budget50,old_su,20,20,0,0,0.49913344887348354,0.30625,88.2,199.8
A-DENSEUAV-VITS-001,DenseUAV,ViT-S-third-party,pooled,old_same,east_to_west,,target,0.25,full_frozen,old_su,20,20,0,0,0.82842287694974,0.3563807531380753,170.35,307.65
A-DENSEUAV-VITS-001,DenseUAV,ViT-S-third-party,pooled,old_same,east_to_west,,target,0.25,matched,old_su,20,6,14,14,0.010831889081455806,0.2205561251613883,4.666666666666667,16.166666666666668
A-DENSEUAV-VITS-001,DenseUAV,ViT-S-third-party,pooled,old_same,east_to_west,,target,0.25,budget10,old_su_guard,20,20,0,0,0.09878682842287695,0.05087719298245614,2.9,54.1
A-DENSEUAV-VITS-001,DenseUAV,ViT-S-third-party,pooled,old_same,east_to_west,,target,0.25,budget25,old_su_guard,20,20,0,0,0.24956672443674177,0.058680555555555555,8.45,135.55
A-DENSEUAV-VITS-001,DenseUAV,ViT-S-third-party,pooled,old_same,east_to_west,,target,0.25,budget50,old_su_guard,20,20,0,0,0.49913344887348354,0.12725694444444444,36.65,251.35
A-DENSEUAV-VITS-001,DenseUAV,ViT-S-third-party,pooled,old_same,east_to_west,,target,0.25,full_frozen,old_su_guard,20,20,0,0,0.6235701906412479,0.17269080873615908,62.15,297.65
A-DENSEUAV-VITS-001,DenseUAV,ViT-S-third-party,pooled,old_same,east_to_west,,target,0.25,matched,old_su_guard,20,20,0,0,0.5577123050259966,0.1521378011906857,50.5,271.3
A-DENSEUAV-VITS-001,DenseUAV,ViT-S-third-party,pooled,old_same,east_to_west,,target,0.25,budget10,current_margin,20,20,0,0,0.09878682842287695,0.03508771929824561,2,55
A-DENSEUAV-VITS-001,DenseUAV,ViT-S-third-party,pooled,old_same,east_to_west,,target,0.25,budget25,current_margin,20,20,0,0,0.24956672443674177,0.08645833333333333,12.45,131.55
A-DENSEUAV-VITS-001,DenseUAV,ViT-S-third-party,pooled,old_same,east_to_west,,target,0.25,budget50,current_margin,20,20,0,0,0.49913344887348354,0.20538194444444444,59.15,228.85
A-DENSEUAV-VITS-001,DenseUAV,ViT-S-third-party,pooled,old_same,east_to_west,,target,0.25,full_frozen,current_margin,20,20,0,0,0.7700173310225303,0.3004002960074839,133.5,310.8
A-DENSEUAV-VITS-001,DenseUAV,ViT-S-third-party,pooled,old_same,east_to_west,,target,0.25,matched,current_margin,20,20,0,0,0.338474870017331,0.12073328858581,24.15,171.15
A-DENSEUAV-VITS-001,DenseUAV,ViT-S-third-party,pooled,old_same,east_to_west,,target,0.25,budget10,current_margin_guard,20,20,0,0,0.09878682842287695,0.02631578947368421,1.5,55.5
A-DENSEUAV-VITS-001,DenseUAV,ViT-S-third-party,pooled,old_same,east_to_west,,target,0.25,budget25,current_margin_guard,20,20,0,0,0.24956672443674177,0.049305555555555554,7.1,136.9
A-DENSEUAV-VITS-001,DenseUAV,ViT-S-third-party,pooled,old_same,east_to_west,,target,0.25,budget50,current_margin_guard,20,20,0,0,0.49913344887348354,0.13697916666666665,39.45,248.55
A-DENSEUAV-VITS-001,DenseUAV,ViT-S-third-party,pooled,old_same,east_to_west,,target,0.25,full_frozen,current_margin_guard,20,20,0,0,0.6323223570190641,0.17534634275704022,64,300.85
A-DENSEUAV-VITS-001,DenseUAV,ViT-S-third-party,pooled,old_same,east_to_west,,target,0.25,matched,current_margin_guard,20,20,0,0,0.5799826689774696,0.15635048915065286,52.55,282.1
A-DENSEUAV-VITS-001,DenseUAV,ViT-S-third-party,pooled,old_same,east_to_west,,target,0.25,budget10,old_margin_guard,20,20,0,0,0.09878682842287695,0.007894736842105263,0.45,56.55
A-DENSEUAV-VITS-001,DenseUAV,ViT-S-third-party,pooled,old_same,east_to_west,,target,0.25,budget25,old_margin_guard,20,20,0,0,0.24956672443674177,0.030902777777777776,4.45,139.55
A-DENSEUAV-VITS-001,DenseUAV,ViT-S-third-party,pooled,old_same,east_to_west,,target,0.25,budget50,old_margin_guard,20,20,0,0,0.49913344887348354,0.11857638888888888,34.15,253.85
A-DENSEUAV-VITS-001,DenseUAV,ViT-S-third-party,pooled,old_same,east_to_west,,target,0.25,full_frozen,old_margin_guard,20,20,0,0,0.6076256499133449,0.16661948838443233,58.45,292.15
A-DENSEUAV-VITS-001,DenseUAV,ViT-S-third-party,pooled,old_same,east_to_west,,target,0.25,matched,old_margin_guard,20,20,0,0,0.5948873483535528,0.16329773217763507,56.2,287.05
A-DENSEUAV-VITS-001,DenseUAV,ViT-S-third-party,pooled,old_same,east_to_west,,target,0.25,budget10,sq8_margin_guard,20,20,0,0,0.09878682842287695,0.009649122807017543,0.55,56.45
A-DENSEUAV-VITS-001,DenseUAV,ViT-S-third-party,pooled,old_same,east_to_west,,target,0.25,budget25,sq8_margin_guard,20,20,0,0,0.24956672443674177,0.03263888888888889,4.7,139.3
A-DENSEUAV-VITS-001,DenseUAV,ViT-S-third-party,pooled,old_same,east_to_west,,target,0.25,budget50,sq8_margin_guard,20,20,0,0,0.49913344887348354,0.11979166666666666,34.5,253.5
A-DENSEUAV-VITS-001,DenseUAV,ViT-S-third-party,pooled,old_same,east_to_west,,target,0.25,full_frozen,sq8_margin_guard,20,20,0,0,0.5980935875216637,0.16418872028915418,56.7,288.4
A-DENSEUAV-VITS-001,DenseUAV,ViT-S-third-party,pooled,old_same,east_to_west,,target,0.25,matched,sq8_margin_guard,20,20,0,0,0.5909012131715772,0.16207151027063935,55.45,285.5
A-DENSEUAV-VITS-001,DenseUAV,ViT-S-third-party,pooled,old_same,west_to_east,,target,0.5,budget10,current_su,20,20,0,0,0.1,0.0925,1.85,18.15
A-DENSEUAV-VITS-001,DenseUAV,ViT-S-third-party,pooled,old_same,west_to_east,,target,0.5,budget25,current_su,20,20,0,0,0.25,0.168,8.4,41.6
A-DENSEUAV-VITS-001,DenseUAV,ViT-S-third-party,pooled,old_same,west_to_east,,target,0.5,budget50,current_su,20,20,0,0,0.5,0.312,31.2,68.8
A-DENSEUAV-VITS-001,DenseUAV,ViT-S-third-party,pooled,old_same,west_to_east,,target,0.5,full_frozen,current_su,20,20,0,0,0.40900000000000003,0.25856648322324916,21.2,60.6
A-DENSEUAV-VITS-001,DenseUAV,ViT-S-third-party,pooled,old_same,west_to_east,,target,0.5,matched,current_su,20,20,0,0,0.12525,0.11697398872340234,2.95,22.1
A-DENSEUAV-VITS-001,DenseUAV,ViT-S-third-party,pooled,old_same,west_to_east,,target,0.5,budget10,current_su_guard,20,20,0,0,0.1,0.05,1,19
A-DENSEUAV-VITS-001,DenseUAV,ViT-S-third-party,pooled,old_same,west_to_east,,target,0.5,budget25,current_su_guard,20,20,0,0,0.25,0.07200000000000001,3.6,46.4
A-DENSEUAV-VITS-001,DenseUAV,ViT-S-third-party,pooled,old_same,west_to_east,,target,0.5,budget50,current_su_guard,20,15,5,5,0.375,0.21466666666666667,21.466666666666665,78.53333333333333
A-DENSEUAV-VITS-001,DenseUAV,ViT-S-third-party,pooled,old_same,west_to_east,,target,0.5,full_frozen,current_su_guard,20,20,0,0,0.3215,0.09036763779898849,5.9,58.4
A-DENSEUAV-VITS-001,DenseUAV,ViT-S-third-party,pooled,old_same,west_to_east,,target,0.5,matched,current_su_guard,20,20,0,0,0.22425,0.06928644825132332,3.15,41.7
A-DENSEUAV-VITS-001,DenseUAV,ViT-S-third-party,pooled,old_same,west_to_east,,target,0.5,budget10,old_su,20,20,0,0,0.1,0.505,10.1,9.9
A-DENSEUAV-VITS-001,DenseUAV,ViT-S-third-party,pooled,old_same,west_to_east,,target,0.5,budget25,old_su,20,20,0,0,0.25,0.531,26.55,23.45
A-DENSEUAV-VITS-001,DenseUAV,ViT-S-third-party,pooled,old_same,west_to_east,,target,0.5,budget50,old_su,20,20,0,0,0.5,0.53,53,47
A-DENSEUAV-VITS-001,DenseUAV,ViT-S-third-party,pooled,old_same,west_to_east,,target,0.5,full_frozen,old_su,20,20,0,0,0.505,0.5297029702970297,53.5,47.5
A-DENSEUAV-VITS-001,DenseUAV,ViT-S-third-party,pooled,old_same,west_to_east,,target,0.5,matched,old_su,20,0,20,20,0.0,,,
A-DENSEUAV-VITS-001,DenseUAV,ViT-S-third-party,pooled,old_same,west_to_east,,target,0.5,budget10,old_su_guard,20,20,0,0,0.1,0.0275,0.55,19.45
A-DENSEUAV-VITS-001,DenseUAV,ViT-S-third-party,pooled,old_same,west_to_east,,target,0.5,budget25,old_su_guard,20,20,0,0,0.25,0.064,3.2,46.8
A-DENSEUAV-VITS-001,DenseUAV,ViT-S-third-party,pooled,old_same,west_to_east,,target,0.5,budget50,old_su_guard,20,15,5,5,0.375,0.21266666666666667,21.266666666666666,78.73333333333333
A-DENSEUAV-VITS-001,DenseUAV,ViT-S-third-party,pooled,old_same,west_to_east,,target,0.5,full_frozen,old_su_guard,20,20,0,0,0.24175,0.05334106330419121,2.6,45.75
A-DENSEUAV-VITS-001,DenseUAV,ViT-S-third-party,pooled,old_same,west_to_east,,target,0.5,matched,old_su_guard,20,20,0,0,0.25775,0.06991802667898242,3.75,47.8
A-DENSEUAV-VITS-001,DenseUAV,ViT-S-third-party,pooled,old_same,west_to_east,,target,0.5,budget10,current_margin,20,20,0,0,0.1,0.0675,1.35,18.65
A-DENSEUAV-VITS-001,DenseUAV,ViT-S-third-party,pooled,old_same,west_to_east,,target,0.5,budget25,current_margin,20,20,0,0,0.25,0.154,7.7,42.3
A-DENSEUAV-VITS-001,DenseUAV,ViT-S-third-party,pooled,old_same,west_to_east,,target,0.5,budget50,current_margin,20,20,0,0,0.5,0.344,34.4,65.6
A-DENSEUAV-VITS-001,DenseUAV,ViT-S-third-party,pooled,old_same,west_to_east,,target,0.5,full_frozen,current_margin,20,20,0,0,0.45175,0.3010254592460905,27.25,63.1
A-DENSEUAV-VITS-001,DenseUAV,ViT-S-third-party,pooled,old_same,west_to_east,,target,0.5,matched,current_margin,20,20,0,0,0.13325,0.08780693739073331,2.6,24.05
A-DENSEUAV-VITS-001,DenseUAV,ViT-S-third-party,pooled,old_same,west_to_east,,target,0.5,budget10,current_margin_guard,20,20,0,0,0.1,0.04,0.8,19.2
A-DENSEUAV-VITS-001,DenseUAV,ViT-S-third-party,pooled,old_same,west_to_east,,target,0.5,budget25,current_margin_guard,20,20,0,0,0.25,0.064,3.2,46.8
A-DENSEUAV-VITS-001,DenseUAV,ViT-S-third-party,pooled,old_same,west_to_east,,target,0.5,budget50,current_margin_guard,20,15,5,5,0.375,0.22133333333333333,22.133333333333333,77.86666666666666
A-DENSEUAV-VITS-001,DenseUAV,ViT-S-third-party,pooled,old_same,west_to_east,,target,0.5,full_frozen,current_margin_guard,20,20,0,0,0.3345,0.0939237262493306,6.35,60.55
A-DENSEUAV-VITS-001,DenseUAV,ViT-S-third-party,pooled,old_same,west_to_east,,target,0.5,matched,current_margin_guard,20,20,0,0,0.24575,0.06240821437959396,3.3,45.85
A-DENSEUAV-VITS-001,DenseUAV,ViT-S-third-party,pooled,old_same,west_to_east,,target,0.5,budget10,old_margin_guard,20,20,0,0,0.1,0.0,0,20
A-DENSEUAV-VITS-001,DenseUAV,ViT-S-third-party,pooled,old_same,west_to_east,,target,0.5,budget25,old_margin_guard,20,20,0,0,0.25,0.044,2.2,47.8
A-DENSEUAV-VITS-001,DenseUAV,ViT-S-third-party,pooled,old_same,west_to_east,,target,0.5,budget50,old_margin_guard,20,15,5,5,0.375,0.222,22.2,77.8
A-DENSEUAV-VITS-001,DenseUAV,ViT-S-third-party,pooled,old_same,west_to_east,,target,0.5,full_frozen,old_margin_guard,20,20,0,0,0.2655,0.05348661246497053,2.85,50.25
A-DENSEUAV-VITS-001,DenseUAV,ViT-S-third-party,pooled,old_same,west_to_east,,target,0.5,matched,old_margin_guard,20,20,0,0,0.24125,0.03935983465515231,1.95,46.3
A-DENSEUAV-VITS-001,DenseUAV,ViT-S-third-party,pooled,old_same,west_to_east,,target,0.5,budget10,sq8_margin_guard,20,20,0,0,0.1,0.0,0,20
A-DENSEUAV-VITS-001,DenseUAV,ViT-S-third-party,pooled,old_same,west_to_east,,target,0.5,budget25,sq8_margin_guard,20,20,0,0,0.25,0.043,2.15,47.85
A-DENSEUAV-VITS-001,DenseUAV,ViT-S-third-party,pooled,old_same,west_to_east,,target,0.5,budget50,sq8_margin_guard,20,13,7,7,0.325,0.2230769230769231,22.307692307692307,77.6923076923077
A-DENSEUAV-VITS-001,DenseUAV,ViT-S-third-party,pooled,old_same,west_to_east,,target,0.5,full_frozen,sq8_margin_guard,20,20,0,0,0.25325000000000003,0.041418252596339133,2.1,48.55
A-DENSEUAV-VITS-001,DenseUAV,ViT-S-third-party,pooled,old_same,west_to_east,,target,0.5,matched,sq8_margin_guard,20,20,0,0,0.2395,0.036771421341974204,1.8,46.1
A-DENSEUAV-VITS-001,DenseUAV,ViT-S-third-party,pooled,old_same,east_to_west,,target,0.5,budget10,current_su,20,20,0,0,0.09878682842287695,0.09912280701754385,5.65,51.35
A-DENSEUAV-VITS-001,DenseUAV,ViT-S-third-party,pooled,old_same,east_to_west,,target,0.5,budget25,current_su,20,20,0,0,0.24956672443674177,0.16944444444444445,24.4,119.6
A-DENSEUAV-VITS-001,DenseUAV,ViT-S-third-party,pooled,old_same,east_to_west,,target,0.5,budget50,current_su,20,20,0,0,0.49913344887348354,0.3284722222222222,94.6,193.4
A-DENSEUAV-VITS-001,DenseUAV,ViT-S-third-party,pooled,old_same,east_to_west,,target,0.5,full_frozen,current_su,20,20,0,0,0.7102253032928942,0.4503840884115353,184.65,225.15
A-DENSEUAV-VITS-001,DenseUAV,ViT-S-third-party,pooled,old_same,east_to_west,,target,0.5,matched,current_su,20,20,0,0,0.1339688041594454,0.10723588704242827,10.4,66.9
A-DENSEUAV-VITS-001,DenseUAV,ViT-S-third-party,pooled,old_same,east_to_west,,target,0.5,budget10,current_su_guard,20,20,0,0,0.09878682842287695,0.07543859649122807,4.3,52.7
A-DENSEUAV-VITS-001,DenseUAV,ViT-S-third-party,pooled,old_same,east_to_west,,target,0.5,budget25,current_su_guard,20,20,0,0,0.24956672443674177,0.11041666666666666,15.9,128.1
A-DENSEUAV-VITS-001,DenseUAV,ViT-S-third-party,pooled,old_same,east_to_west,,target,0.5,budget50,current_su_guard,20,20,0,0,0.49913344887348354,0.24479166666666666,70.5,217.5
A-DENSEUAV-VITS-001,DenseUAV,ViT-S-third-party,pooled,old_same,east_to_west,,target,0.5,full_frozen,current_su_guard,20,20,0,0,0.45615251299826687,0.20510335079077466,54.05,209.15
A-DENSEUAV-VITS-001,DenseUAV,ViT-S-third-party,pooled,old_same,east_to_west,,target,0.5,matched,current_su_guard,20,20,0,0,0.35329289428076255,0.15429480810981644,32.35,171.5
A-DENSEUAV-VITS-001,DenseUAV,ViT-S-third-party,pooled,old_same,east_to_west,,target,0.5,budget10,old_su,20,20,0,0,0.09878682842287695,0.49912280701754386,28.45,28.55
A-DENSEUAV-VITS-001,DenseUAV,ViT-S-third-party,pooled,old_same,east_to_west,,target,0.5,budget25,old_su,20,20,0,0,0.24956672443674177,0.5114583333333333,73.65,70.35
A-DENSEUAV-VITS-001,DenseUAV,ViT-S-third-party,pooled,old_same,east_to_west,,target,0.5,budget50,old_su,20,20,0,0,0.49913344887348354,0.5199652777777778,149.75,138.25
A-DENSEUAV-VITS-001,DenseUAV,ViT-S-third-party,pooled,old_same,east_to_west,,target,0.5,full_frozen,old_su,20,20,0,0,0.82842287694974,0.554602510460251,265.1,212.9
A-DENSEUAV-VITS-001,DenseUAV,ViT-S-third-party,pooled,old_same,east_to_west,,target,0.5,matched,old_su,20,0,20,20,0.0,,,
A-DENSEUAV-VITS-001,DenseUAV,ViT-S-third-party,pooled,old_same,east_to_west,,target,0.5,budget10,old_su_guard,20,20,0,0,0.09878682842287695,0.06666666666666667,3.8,53.2
A-DENSEUAV-VITS-001,DenseUAV,ViT-S-third-party,pooled,old_same,east_to_west,,target,0.5,budget25,old_su_guard,20,20,0,0,0.24956672443674177,0.09166666666666666,13.2,130.8
A-DENSEUAV-VITS-001,DenseUAV,ViT-S-third-party,pooled,old_same,east_to_west,,target,0.5,budget50,old_su_guard,20,20,0,0,0.49913344887348354,0.24531250000000002,70.65,217.35
A-DENSEUAV-VITS-001,DenseUAV,ViT-S-third-party,pooled,old_same,east_to_west,,target,0.5,full_frozen,old_su_guard,20,20,0,0,0.4199306759098787,0.18270847655233963,44.3,198
A-DENSEUAV-VITS-001,DenseUAV,ViT-S-third-party,pooled,old_same,east_to_west,,target,0.5,matched,old_su_guard,20,20,0,0,0.3785095320623917,0.15762417728483927,35.95,182.45
A-DENSEUAV-VITS-001,DenseUAV,ViT-S-third-party,pooled,old_same,east_to_west,,target,0.5,budget10,current_margin,20,20,0,0,0.09878682842287695,0.08070175438596491,4.6,52.4
A-DENSEUAV-VITS-001,DenseUAV,ViT-S-third-party,pooled,old_same,east_to_west,,target,0.5,budget25,current_margin,20,20,0,0,0.24956672443674177,0.1892361111111111,27.25,116.75
A-DENSEUAV-VITS-001,DenseUAV,ViT-S-third-party,pooled,old_same,east_to_west,,target,0.5,budget50,current_margin,20,20,0,0,0.49913344887348354,0.3685763888888889,106.15,181.85
A-DENSEUAV-VITS-001,DenseUAV,ViT-S-third-party,pooled,old_same,east_to_west,,target,0.5,full_frozen,current_margin,20,20,0,0,0.7200173310225303,0.4717501946075961,196.05,219.4
A-DENSEUAV-VITS-001,DenseUAV,ViT-S-third-party,pooled,old_same,east_to_west,,target,0.5,matched,current_margin,20,20,0,0,0.15190641247833622,0.10747447266773344,10.95,76.7
A-DENSEUAV-VITS-001,DenseUAV,ViT-S-third-party,pooled,old_same,east_to_west,,target,0.5,budget10,current_margin_guard,20,20,0,0,0.09878682842287695,0.04824561403508772,2.75,54.25
A-DENSEUAV-VITS-001,DenseUAV,ViT-S-third-party,pooled,old_same,east_to_west,,target,0.5,budget25,current_margin_guard,20,20,0,0,0.24956672443674177,0.0954861111111111,13.75,130.25
A-DENSEUAV-VITS-001,DenseUAV,ViT-S-third-party,pooled,old_same,east_to_west,,target,0.5,budget50,current_margin_guard,20,20,0,0,0.49913344887348354,0.25104166666666666,72.3,215.7
A-DENSEUAV-VITS-001,DenseUAV,ViT-S-third-party,pooled,old_same,east_to_west,,target,0.5,full_frozen,current_margin_guard,20,20,0,0,0.4418544194107452,0.2000121884472762,51.05,203.9
A-DENSEUAV-VITS-001,DenseUAV,ViT-S-third-party,pooled,old_same,east_to_west,,target,0.5,matched,current_margin_guard,20,20,0,0,0.3630849220103986,0.16307419829865868,34.7,174.8
A-DENSEUAV-VITS-001,DenseUAV,ViT-S-third-party,pooled,old_same,east_to_west,,target,0.5,budget10,old_margin_guard,20,20,0,0,0.09878682842287695,0.007894736842105263,0.45,56.55
A-DENSEUAV-VITS-001,DenseUAV,ViT-S-third-party,pooled,old_same,east_to_west,,target,0.5,budget25,old_margin_guard,20,20,0,0,0.24956672443674177,0.09861111111111111,14.2,129.8
A-DENSEUAV-VITS-001,DenseUAV,ViT-S-third-party,pooled,old_same,east_to_west,,target,0.5,budget50,old_margin_guard,20,20,0,0,0.49913344887348354,0.25190972222222224,72.55,215.45
A-DENSEUAV-VITS-001,DenseUAV,ViT-S-third-party,pooled,old_same,east_to_west,,target,0.5,full_frozen,old_margin_guard,20,20,0,0,0.40849220103986134,0.17742798960782943,41.85,193.85
A-DENSEUAV-VITS-001,DenseUAV,ViT-S-third-party,pooled,old_same,east_to_west,,target,0.5,matched,old_margin_guard,20,20,0,0,0.3930675909878683,0.16882192300824322,38.45,188.35
A-DENSEUAV-VITS-001,DenseUAV,ViT-S-third-party,pooled,old_same,east_to_west,,target,0.5,budget10,sq8_margin_guard,20,20,0,0,0.09878682842287695,0.007894736842105263,0.45,56.55
A-DENSEUAV-VITS-001,DenseUAV,ViT-S-third-party,pooled,old_same,east_to_west,,target,0.5,budget25,sq8_margin_guard,20,20,0,0,0.24956672443674177,0.09895833333333333,14.25,129.75
A-DENSEUAV-VITS-001,DenseUAV,ViT-S-third-party,pooled,old_same,east_to_west,,target,0.5,budget50,sq8_margin_guard,20,13,7,7,0.3244367417677643,0.2548076923076923,73.38461538461539,214.6153846153846
A-DENSEUAV-VITS-001,DenseUAV,ViT-S-third-party,pooled,old_same,east_to_west,,target,0.5,full_frozen,sq8_margin_guard,20,20,0,0,0.3963604852686309,0.1719385177262025,39.35,189.35
A-DENSEUAV-VITS-001,DenseUAV,ViT-S-third-party,pooled,old_same,east_to_west,,target,0.5,matched,sq8_margin_guard,20,20,0,0,0.394107452339688,0.17099717924194813,39.15,188.25
A-DENSEUAV-VITS-001,DenseUAV,ViT-S-third-party,pooled,old_same,west_to_east,,control,0.25,budget10,current_su,20,20,0,0,0.1,0.0,0,20
A-DENSEUAV-VITS-001,DenseUAV,ViT-S-third-party,pooled,old_same,west_to_east,,control,0.25,budget25,current_su,20,20,0,0,0.25,0.04,2,48
A-DENSEUAV-VITS-001,DenseUAV,ViT-S-third-party,pooled,old_same,west_to_east,,control,0.25,budget50,current_su,20,20,0,0,0.5,0.057,5.7,94.3
A-DENSEUAV-VITS-001,DenseUAV,ViT-S-third-party,pooled,old_same,west_to_east,,control,0.25,full_frozen,current_su,20,20,0,0,0.5145,0.061209551996677936,6.3,96.6
A-DENSEUAV-VITS-001,DenseUAV,ViT-S-third-party,pooled,old_same,west_to_east,,control,0.25,matched,current_su,20,20,0,0,0.5145,0.06348091433387884,6.55,96.35
A-DENSEUAV-VITS-001,DenseUAV,ViT-S-third-party,pooled,old_same,west_to_east,,control,0.25,budget10,current_su_guard,20,20,0,0,0.1,0.0,0,20
A-DENSEUAV-VITS-001,DenseUAV,ViT-S-third-party,pooled,old_same,west_to_east,,control,0.25,budget25,current_su_guard,20,20,0,0,0.25,0.04,2,48
A-DENSEUAV-VITS-001,DenseUAV,ViT-S-third-party,pooled,old_same,west_to_east,,control,0.25,budget50,current_su_guard,20,20,0,0,0.5,0.057,5.7,94.3
A-DENSEUAV-VITS-001,DenseUAV,ViT-S-third-party,pooled,old_same,west_to_east,,control,0.25,full_frozen,current_su_guard,20,20,0,0,0.5145,0.061209551996677936,6.3,96.6
A-DENSEUAV-VITS-001,DenseUAV,ViT-S-third-party,pooled,old_same,west_to_east,,control,0.25,matched,current_su_guard,20,20,0,0,0.51475,0.0634517937747641,6.55,96.4
A-DENSEUAV-VITS-001,DenseUAV,ViT-S-third-party,pooled,old_same,west_to_east,,control,0.25,budget10,old_su,20,20,0,0,0.1,0.0,0,20
A-DENSEUAV-VITS-001,DenseUAV,ViT-S-third-party,pooled,old_same,west_to_east,,control,0.25,budget25,old_su,20,20,0,0,0.25,0.04,2,48
A-DENSEUAV-VITS-001,DenseUAV,ViT-S-third-party,pooled,old_same,west_to_east,,control,0.25,budget50,old_su,20,20,0,0,0.5,0.06,6,94
A-DENSEUAV-VITS-001,DenseUAV,ViT-S-third-party,pooled,old_same,west_to_east,,control,0.25,full_frozen,old_su,20,20,0,0,0.505,0.0594059405940594,6,95
A-DENSEUAV-VITS-001,DenseUAV,ViT-S-third-party,pooled,old_same,west_to_east,,control,0.25,matched,old_su,20,20,0,0,0.505,0.0594059405940594,6,95
A-DENSEUAV-VITS-001,DenseUAV,ViT-S-third-party,pooled,old_same,west_to_east,,control,0.25,budget10,old_su_guard,20,20,0,0,0.1,0.0,0,20
A-DENSEUAV-VITS-001,DenseUAV,ViT-S-third-party,pooled,old_same,west_to_east,,control,0.25,budget25,old_su_guard,20,20,0,0,0.25,0.04,2,48
A-DENSEUAV-VITS-001,DenseUAV,ViT-S-third-party,pooled,old_same,west_to_east,,control,0.25,budget50,old_su_guard,20,20,0,0,0.5,0.06,6,94
A-DENSEUAV-VITS-001,DenseUAV,ViT-S-third-party,pooled,old_same,west_to_east,,control,0.25,full_frozen,old_su_guard,20,20,0,0,0.505,0.0594059405940594,6,95
A-DENSEUAV-VITS-001,DenseUAV,ViT-S-third-party,pooled,old_same,west_to_east,,control,0.25,matched,old_su_guard,20,20,0,0,0.507,0.06056408393132891,6.15,95.25
A-DENSEUAV-VITS-001,DenseUAV,ViT-S-third-party,pooled,old_same,west_to_east,,control,0.25,budget10,current_margin,20,20,0,0,0.1,0.0,0,20
A-DENSEUAV-VITS-001,DenseUAV,ViT-S-third-party,pooled,old_same,west_to_east,,control,0.25,budget25,current_margin,20,20,0,0,0.25,0.0,0,50
A-DENSEUAV-VITS-001,DenseUAV,ViT-S-third-party,pooled,old_same,west_to_east,,control,0.25,budget50,current_margin,20,20,0,0,0.5,0.042,4.2,95.8
A-DENSEUAV-VITS-001,DenseUAV,ViT-S-third-party,pooled,old_same,west_to_east,,control,0.25,full_frozen,current_margin,20,20,0,0,0.5467500000000001,0.05713571369534672,6.25,103.1
A-DENSEUAV-VITS-001,DenseUAV,ViT-S-third-party,pooled,old_same,west_to_east,,control,0.25,matched,current_margin,20,20,0,0,0.5497500000000001,0.05727711634164477,6.3,103.65
A-DENSEUAV-VITS-001,DenseUAV,ViT-S-third-party,pooled,old_same,west_to_east,,control,0.25,budget10,current_margin_guard,20,20,0,0,0.1,0.0,0,20
A-DENSEUAV-VITS-001,DenseUAV,ViT-S-third-party,pooled,old_same,west_to_east,,control,0.25,budget25,current_margin_guard,20,20,0,0,0.25,0.0,0,50
A-DENSEUAV-VITS-001,DenseUAV,ViT-S-third-party,pooled,old_same,west_to_east,,control,0.25,budget50,current_margin_guard,20,20,0,0,0.5,0.042,4.2,95.8
A-DENSEUAV-VITS-001,DenseUAV,ViT-S-third-party,pooled,old_same,west_to_east,,control,0.25,full_frozen,current_margin_guard,20,20,0,0,0.5467500000000001,0.05713571369534672,6.25,103.1
A-DENSEUAV-VITS-001,DenseUAV,ViT-S-third-party,pooled,old_same,west_to_east,,control,0.25,matched,current_margin_guard,20,20,0,0,0.5497500000000001,0.05727711634164477,6.3,103.65
A-DENSEUAV-VITS-001,DenseUAV,ViT-S-third-party,pooled,old_same,west_to_east,,control,0.25,budget10,old_margin_guard,20,20,0,0,0.1,0.0,0,20
A-DENSEUAV-VITS-001,DenseUAV,ViT-S-third-party,pooled,old_same,west_to_east,,control,0.25,budget25,old_margin_guard,20,20,0,0,0.25,0.0,0,50
A-DENSEUAV-VITS-001,DenseUAV,ViT-S-third-party,pooled,old_same,west_to_east,,control,0.25,budget50,old_margin_guard,20,20,0,0,0.5,0.04,4,96
A-DENSEUAV-VITS-001,DenseUAV,ViT-S-third-party,pooled,old_same,west_to_east,,control,0.25,full_frozen,old_margin_guard,20,20,0,0,0.545,0.05504587155963303,6,103
A-DENSEUAV-VITS-001,DenseUAV,ViT-S-third-party,pooled,old_same,west_to_east,,control,0.25,matched,old_margin_guard,20,20,0,0,0.551,0.05489532568772644,6.05,104.15
A-DENSEUAV-VITS-001,DenseUAV,ViT-S-third-party,pooled,old_same,west_to_east,,control,0.25,budget10,sq8_margin_guard,20,20,0,0,0.1,0.0,0,20
A-DENSEUAV-VITS-001,DenseUAV,ViT-S-third-party,pooled,old_same,west_to_east,,control,0.25,budget25,sq8_margin_guard,20,20,0,0,0.25,0.0,0,50
A-DENSEUAV-VITS-001,DenseUAV,ViT-S-third-party,pooled,old_same,west_to_east,,control,0.25,budget50,sq8_margin_guard,20,20,0,0,0.5,0.04,4,96
A-DENSEUAV-VITS-001,DenseUAV,ViT-S-third-party,pooled,old_same,west_to_east,,control,0.25,full_frozen,sq8_margin_guard,20,20,0,0,0.54325,0.055224260958205915,6,102.65
A-DENSEUAV-VITS-001,DenseUAV,ViT-S-third-party,pooled,old_same,west_to_east,,control,0.25,matched,sq8_margin_guard,20,20,0,0,0.55425,0.055887143808257184,6.2,104.65
A-DENSEUAV-VITS-001,DenseUAV,ViT-S-third-party,pooled,old_same,east_to_west,,control,0.25,budget10,current_su,20,20,0,0,0.09878682842287695,0.02719298245614035,1.55,55.45
A-DENSEUAV-VITS-001,DenseUAV,ViT-S-third-party,pooled,old_same,east_to_west,,control,0.25,budget25,current_su,20,20,0,0,0.24956672443674177,0.07222222222222223,10.4,133.6
A-DENSEUAV-VITS-001,DenseUAV,ViT-S-third-party,pooled,old_same,east_to_west,,control,0.25,budget50,current_su,20,20,0,0,0.49913344887348354,0.09149305555555555,26.35,261.65
A-DENSEUAV-VITS-001,DenseUAV,ViT-S-third-party,pooled,old_same,east_to_west,,control,0.25,full_frozen,current_su,20,20,0,0,0.8324956672443674,0.1691462486909504,81.25,399.1
A-DENSEUAV-VITS-001,DenseUAV,ViT-S-third-party,pooled,old_same,east_to_west,,control,0.25,matched,current_su,20,20,0,0,0.8014731369150779,0.1636129143878698,76.1,386.35
A-DENSEUAV-VITS-001,DenseUAV,ViT-S-third-party,pooled,old_same,east_to_west,,control,0.25,budget10,current_su_guard,20,20,0,0,0.09878682842287695,0.02719298245614035,1.55,55.45
A-DENSEUAV-VITS-001,DenseUAV,ViT-S-third-party,pooled,old_same,east_to_west,,control,0.25,budget25,current_su_guard,20,20,0,0,0.24956672443674177,0.07222222222222223,10.4,133.6
A-DENSEUAV-VITS-001,DenseUAV,ViT-S-third-party,pooled,old_same,east_to_west,,control,0.25,budget50,current_su_guard,20,20,0,0,0.49913344887348354,0.09131944444444444,26.3,261.7
A-DENSEUAV-VITS-001,DenseUAV,ViT-S-third-party,pooled,old_same,east_to_west,,control,0.25,full_frozen,current_su_guard,20,20,0,0,0.831629116117851,0.1686940589513475,80.95,398.9
A-DENSEUAV-VITS-001,DenseUAV,ViT-S-third-party,pooled,old_same,east_to_west,,control,0.25,matched,current_su_guard,20,20,0,0,0.8008665511265165,0.16321451821469232,75.85,386.25
A-DENSEUAV-VITS-001,DenseUAV,ViT-S-third-party,pooled,old_same,east_to_west,,control,0.25,budget10,old_su,20,20,0,0,0.09878682842287695,0.017543859649122806,1,56
A-DENSEUAV-VITS-001,DenseUAV,ViT-S-third-party,pooled,old_same,east_to_west,,control,0.25,budget25,old_su,20,20,0,0,0.24956672443674177,0.06944444444444445,10,134
A-DENSEUAV-VITS-001,DenseUAV,ViT-S-third-party,pooled,old_same,east_to_west,,control,0.25,budget50,old_su,20,20,0,0,0.49913344887348354,0.09722222222222222,28,260
A-DENSEUAV-VITS-001,DenseUAV,ViT-S-third-party,pooled,old_same,east_to_west,,control,0.25,full_frozen,old_su,20,20,0,0,0.82842287694974,0.16903765690376568,80.8,397.2
A-DENSEUAV-VITS-001,DenseUAV,ViT-S-third-party,pooled,old_same,east_to_west,,control,0.25,matched,old_su,20,20,0,0,0.82842287694974,0.16903765690376568,80.8,397.2
A-DENSEUAV-VITS-001,DenseUAV,ViT-S-third-party,pooled,old_same,east_to_west,,control,0.25,budget10,old_su_guard,20,20,0,0,0.09878682842287695,0.017543859649122806,1,56
A-DENSEUAV-VITS-001,DenseUAV,ViT-S-third-party,pooled,old_same,east_to_west,,control,0.25,budget25,old_su_guard,20,20,0,0,0.24956672443674177,0.06944444444444445,10,134
A-DENSEUAV-VITS-001,DenseUAV,ViT-S-third-party,pooled,old_same,east_to_west,,control,0.25,budget50,old_su_guard,20,20,0,0,0.49913344887348354,0.09722222222222222,28,260
A-DENSEUAV-VITS-001,DenseUAV,ViT-S-third-party,pooled,old_same,east_to_west,,control,0.25,full_frozen,old_su_guard,20,20,0,0,0.827209705372617,0.16823467418819876,80.3,397
A-DENSEUAV-VITS-001,DenseUAV,ViT-S-third-party,pooled,old_same,east_to_west,,control,0.25,matched,old_su_guard,20,20,0,0,0.827209705372617,0.16823467418819876,80.3,397
A-DENSEUAV-VITS-001,DenseUAV,ViT-S-third-party,pooled,old_same,east_to_west,,control,0.25,budget10,current_margin,20,20,0,0,0.09878682842287695,0.0,0,57
A-DENSEUAV-VITS-001,DenseUAV,ViT-S-third-party,pooled,old_same,east_to_west,,control,0.25,budget25,current_margin,20,20,0,0,0.24956672443674177,0.013888888888888888,2,142
A-DENSEUAV-VITS-001,DenseUAV,ViT-S-third-party,pooled,old_same,east_to_west,,control,0.25,budget50,current_margin,20,20,0,0,0.49913344887348354,0.08680555555555555,25,263
A-DENSEUAV-VITS-001,DenseUAV,ViT-S-third-party,pooled,old_same,east_to_west,,control,0.25,full_frozen,current_margin,20,20,0,0,0.8038128249566724,0.16181355612383047,75.05,388.75
A-DENSEUAV-VITS-001,DenseUAV,ViT-S-third-party,pooled,old_same,east_to_west,,control,0.25,matched,current_margin,20,20,0,0,0.8005199306759099,0.16117394826420398,74.5,387.4
A-DENSEUAV-VITS-001,DenseUAV,ViT-S-third-party,pooled,old_same,east_to_west,,control,0.25,budget10,current_margin_guard,20,20,0,0,0.09878682842287695,0.0,0,57
A-DENSEUAV-VITS-001,DenseUAV,ViT-S-third-party,pooled,old_same,east_to_west,,control,0.25,budget25,current_margin_guard,20,20,0,0,0.24956672443674177,0.013888888888888888,2,142
A-DENSEUAV-VITS-001,DenseUAV,ViT-S-third-party,pooled,old_same,east_to_west,,control,0.25,budget50,current_margin_guard,20,20,0,0,0.49913344887348354,0.08680555555555555,25,263
A-DENSEUAV-VITS-001,DenseUAV,ViT-S-third-party,pooled,old_same,east_to_west,,control,0.25,full_frozen,current_margin_guard,20,20,0,0,0.802686308492201,0.16106901571722013,74.6,388.55
A-DENSEUAV-VITS-001,DenseUAV,ViT-S-third-party,pooled,old_same,east_to_west,,control,0.25,matched,current_margin_guard,20,20,0,0,0.8025996533795494,0.16178594792846795,75,388.1
A-DENSEUAV-VITS-001,DenseUAV,ViT-S-third-party,pooled,old_same,east_to_west,,control,0.25,budget10,old_margin_guard,20,20,0,0,0.09878682842287695,0.0,0,57
A-DENSEUAV-VITS-001,DenseUAV,ViT-S-third-party,pooled,old_same,east_to_west,,control,0.25,budget25,old_margin_guard,20,20,0,0,0.24956672443674177,0.013888888888888888,2,142
A-DENSEUAV-VITS-001,DenseUAV,ViT-S-third-party,pooled,old_same,east_to_west,,control,0.25,budget50,old_margin_guard,20,20,0,0,0.49913344887348354,0.08680555555555555,25,263
A-DENSEUAV-VITS-001,DenseUAV,ViT-S-third-party,pooled,old_same,east_to_west,,control,0.25,full_frozen,old_margin_guard,20,20,0,0,0.8012998266897747,0.16080565510993022,74.35,388
A-DENSEUAV-VITS-001,DenseUAV,ViT-S-third-party,pooled,old_same,east_to_west,,control,0.25,matched,old_margin_guard,20,20,0,0,0.8051993067590988,0.16292856153781904,75.75,388.85
A-DENSEUAV-VITS-001,DenseUAV,ViT-S-third-party,pooled,old_same,east_to_west,,control,0.25,budget10,sq8_margin_guard,20,20,0,0,0.09878682842287695,0.0,0,57
A-DENSEUAV-VITS-001,DenseUAV,ViT-S-third-party,pooled,old_same,east_to_west,,control,0.25,budget25,sq8_margin_guard,20,20,0,0,0.24956672443674177,0.013888888888888888,2,142
A-DENSEUAV-VITS-001,DenseUAV,ViT-S-third-party,pooled,old_same,east_to_west,,control,0.25,budget50,sq8_margin_guard,20,20,0,0,0.49913344887348354,0.08732638888888888,25.15,262.85
A-DENSEUAV-VITS-001,DenseUAV,ViT-S-third-party,pooled,old_same,east_to_west,,control,0.25,full_frozen,sq8_margin_guard,20,20,0,0,0.8006932409012132,0.16060282611381224,74.2,387.8
A-DENSEUAV-VITS-001,DenseUAV,ViT-S-third-party,pooled,old_same,east_to_west,,control,0.25,matched,sq8_margin_guard,20,20,0,0,0.8050259965337955,0.16297292755501003,75.75,388.75
A-DENSEUAV-VITS-001,DenseUAV,ViT-S-third-party,pooled,old_to_plain,west_to_east,,full,0.0,budget10,current_su,1,1,0,0,0.1,0.0,0,20
A-DENSEUAV-VITS-001,DenseUAV,ViT-S-third-party,pooled,old_to_plain,west_to_east,,full,0.0,budget25,current_su,1,1,0,0,0.25,0.04,2,48
A-DENSEUAV-VITS-001,DenseUAV,ViT-S-third-party,pooled,old_to_plain,west_to_east,,full,0.0,budget50,current_su,1,1,0,0,0.5,0.14,14,86
A-DENSEUAV-VITS-001,DenseUAV,ViT-S-third-party,pooled,old_to_plain,west_to_east,,full,0.0,full_frozen,current_su,1,1,0,0,0.435,0.08045977011494253,7,80
A-DENSEUAV-VITS-001,DenseUAV,ViT-S-third-party,pooled,old_to_plain,west_to_east,,full,0.0,matched,current_su,1,1,0,0,0.555,0.15315315315315314,17,94
A-DENSEUAV-VITS-001,DenseUAV,ViT-S-third-party,pooled,old_to_plain,west_to_east,,full,0.0,budget10,current_su_guard,1,1,0,0,0.1,0.0,0,20
A-DENSEUAV-VITS-001,DenseUAV,ViT-S-third-party,pooled,old_to_plain,west_to_east,,full,0.0,budget25,current_su_guard,1,1,0,0,0.25,0.04,2,48
A-DENSEUAV-VITS-001,DenseUAV,ViT-S-third-party,pooled,old_to_plain,west_to_east,,full,0.0,budget50,current_su_guard,1,1,0,0,0.5,0.14,14,86
A-DENSEUAV-VITS-001,DenseUAV,ViT-S-third-party,pooled,old_to_plain,west_to_east,,full,0.0,full_frozen,current_su_guard,1,1,0,0,0.435,0.08045977011494253,7,80
A-DENSEUAV-VITS-001,DenseUAV,ViT-S-third-party,pooled,old_to_plain,west_to_east,,full,0.0,matched,current_su_guard,1,1,0,0,0.555,0.15315315315315314,17,94
A-DENSEUAV-VITS-001,DenseUAV,ViT-S-third-party,pooled,old_to_plain,west_to_east,,full,0.0,budget10,old_su,1,1,0,0,0.1,0.1,2,18
A-DENSEUAV-VITS-001,DenseUAV,ViT-S-third-party,pooled,old_to_plain,west_to_east,,full,0.0,budget25,old_su,1,1,0,0,0.25,0.18,9,41
A-DENSEUAV-VITS-001,DenseUAV,ViT-S-third-party,pooled,old_to_plain,west_to_east,,full,0.0,budget50,old_su,1,1,0,0,0.5,0.18,18,82
A-DENSEUAV-VITS-001,DenseUAV,ViT-S-third-party,pooled,old_to_plain,west_to_east,,full,0.0,full_frozen,old_su,1,1,0,0,0.505,0.1782178217821782,18,83
A-DENSEUAV-VITS-001,DenseUAV,ViT-S-third-party,pooled,old_to_plain,west_to_east,,full,0.0,matched,old_su,1,1,0,0,0.025,0.0,0,5
A-DENSEUAV-VITS-001,DenseUAV,ViT-S-third-party,pooled,old_to_plain,west_to_east,,full,0.0,budget10,old_su_guard,1,1,0,0,0.1,0.1,2,18
A-DENSEUAV-VITS-001,DenseUAV,ViT-S-third-party,pooled,old_to_plain,west_to_east,,full,0.0,budget25,old_su_guard,1,1,0,0,0.25,0.18,9,41
A-DENSEUAV-VITS-001,DenseUAV,ViT-S-third-party,pooled,old_to_plain,west_to_east,,full,0.0,budget50,old_su_guard,1,1,0,0,0.5,0.18,18,82
A-DENSEUAV-VITS-001,DenseUAV,ViT-S-third-party,pooled,old_to_plain,west_to_east,,full,0.0,full_frozen,old_su_guard,1,1,0,0,0.505,0.1782178217821782,18,83
A-DENSEUAV-VITS-001,DenseUAV,ViT-S-third-party,pooled,old_to_plain,west_to_east,,full,0.0,matched,old_su_guard,1,1,0,0,0.025,0.0,0,5
A-DENSEUAV-VITS-001,DenseUAV,ViT-S-third-party,pooled,old_to_plain,west_to_east,,full,0.0,budget10,current_margin,1,1,0,0,0.1,0.0,0,20
A-DENSEUAV-VITS-001,DenseUAV,ViT-S-third-party,pooled,old_to_plain,west_to_east,,full,0.0,budget25,current_margin,1,1,0,0,0.25,0.0,0,50
A-DENSEUAV-VITS-001,DenseUAV,ViT-S-third-party,pooled,old_to_plain,west_to_east,,full,0.0,budget50,current_margin,1,1,0,0,0.5,0.1,10,90
A-DENSEUAV-VITS-001,DenseUAV,ViT-S-third-party,pooled,old_to_plain,west_to_east,,full,0.0,full_frozen,current_margin,1,1,0,0,0.535,0.12149532710280374,13,94
A-DENSEUAV-VITS-001,DenseUAV,ViT-S-third-party,pooled,old_to_plain,west_to_east,,full,0.0,matched,current_margin,1,1,0,0,0.67,0.19402985074626866,26,108
A-DENSEUAV-VITS-001,DenseUAV,ViT-S-third-party,pooled,old_to_plain,west_to_east,,full,0.0,budget10,current_margin_guard,1,1,0,0,0.1,0.0,0,20
A-DENSEUAV-VITS-001,DenseUAV,ViT-S-third-party,pooled,old_to_plain,west_to_east,,full,0.0,budget25,current_margin_guard,1,1,0,0,0.25,0.0,0,50
A-DENSEUAV-VITS-001,DenseUAV,ViT-S-third-party,pooled,old_to_plain,west_to_east,,full,0.0,budget50,current_margin_guard,1,1,0,0,0.5,0.1,10,90
A-DENSEUAV-VITS-001,DenseUAV,ViT-S-third-party,pooled,old_to_plain,west_to_east,,full,0.0,full_frozen,current_margin_guard,1,1,0,0,0.535,0.12149532710280374,13,94
A-DENSEUAV-VITS-001,DenseUAV,ViT-S-third-party,pooled,old_to_plain,west_to_east,,full,0.0,matched,current_margin_guard,1,1,0,0,0.67,0.19402985074626866,26,108
A-DENSEUAV-VITS-001,DenseUAV,ViT-S-third-party,pooled,old_to_plain,west_to_east,,full,0.0,budget10,old_margin_guard,1,1,0,0,0.1,0.15,3,17
A-DENSEUAV-VITS-001,DenseUAV,ViT-S-third-party,pooled,old_to_plain,west_to_east,,full,0.0,budget25,old_margin_guard,1,1,0,0,0.25,0.14,7,43
A-DENSEUAV-VITS-001,DenseUAV,ViT-S-third-party,pooled,old_to_plain,west_to_east,,full,0.0,budget50,old_margin_guard,1,1,0,0,0.5,0.2,20,80
A-DENSEUAV-VITS-001,DenseUAV,ViT-S-third-party,pooled,old_to_plain,west_to_east,,full,0.0,full_frozen,old_margin_guard,1,1,0,0,0.545,0.22018348623853212,24,85
A-DENSEUAV-VITS-001,DenseUAV,ViT-S-third-party,pooled,old_to_plain,west_to_east,,full,0.0,matched,old_margin_guard,1,1,0,0,0.12,0.125,3,21
A-DENSEUAV-VITS-001,DenseUAV,ViT-S-third-party,pooled,old_to_plain,west_to_east,,full,0.0,budget10,sq8_margin_guard,1,1,0,0,0.1,0.0,0,20
A-DENSEUAV-VITS-001,DenseUAV,ViT-S-third-party,pooled,old_to_plain,west_to_east,,full,0.0,budget25,sq8_margin_guard,1,1,0,0,0.25,0.0,0,50
A-DENSEUAV-VITS-001,DenseUAV,ViT-S-third-party,pooled,old_to_plain,west_to_east,,full,0.0,budget50,sq8_margin_guard,1,1,0,0,0.5,0.1,10,90
A-DENSEUAV-VITS-001,DenseUAV,ViT-S-third-party,pooled,old_to_plain,west_to_east,,full,0.0,full_frozen,sq8_margin_guard,1,1,0,0,0.535,0.12149532710280374,13,94
A-DENSEUAV-VITS-001,DenseUAV,ViT-S-third-party,pooled,old_to_plain,west_to_east,,full,0.0,matched,sq8_margin_guard,1,1,0,0,0.67,0.19402985074626866,26,108
A-DENSEUAV-VITS-001,DenseUAV,ViT-S-third-party,pooled,old_to_plain,east_to_west,,full,0.0,budget10,current_su,1,1,0,0,0.09878682842287695,0.0,0,57
A-DENSEUAV-VITS-001,DenseUAV,ViT-S-third-party,pooled,old_to_plain,east_to_west,,full,0.0,budget25,current_su,1,1,0,0,0.24956672443674177,0.027777777777777776,4,140
A-DENSEUAV-VITS-001,DenseUAV,ViT-S-third-party,pooled,old_to_plain,east_to_west,,full,0.0,budget50,current_su,1,1,0,0,0.49913344887348354,0.04861111111111111,14,274
A-DENSEUAV-VITS-001,DenseUAV,ViT-S-third-party,pooled,old_to_plain,east_to_west,,full,0.0,full_frozen,current_su,1,1,0,0,0.82842287694974,0.14853556485355648,71,407
A-DENSEUAV-VITS-001,DenseUAV,ViT-S-third-party,pooled,old_to_plain,east_to_west,,full,0.0,matched,current_su,1,1,0,0,0.5701906412478336,0.057750759878419454,19,310
A-DENSEUAV-VITS-001,DenseUAV,ViT-S-third-party,pooled,old_to_plain,east_to_west,,full,0.0,budget10,current_su_guard,1,1,0,0,0.09878682842287695,0.0,0,57
A-DENSEUAV-VITS-001,DenseUAV,ViT-S-third-party,pooled,old_to_plain,east_to_west,,full,0.0,budget25,current_su_guard,1,1,0,0,0.24956672443674177,0.027777777777777776,4,140
A-DENSEUAV-VITS-001,DenseUAV,ViT-S-third-party,pooled,old_to_plain,east_to_west,,full,0.0,budget50,current_su_guard,1,1,0,0,0.49913344887348354,0.04861111111111111,14,274
A-DENSEUAV-VITS-001,DenseUAV,ViT-S-third-party,pooled,old_to_plain,east_to_west,,full,0.0,full_frozen,current_su_guard,1,1,0,0,0.82842287694974,0.14853556485355648,71,407
A-DENSEUAV-VITS-001,DenseUAV,ViT-S-third-party,pooled,old_to_plain,east_to_west,,full,0.0,matched,current_su_guard,1,1,0,0,0.5701906412478336,0.057750759878419454,19,310
A-DENSEUAV-VITS-001,DenseUAV,ViT-S-third-party,pooled,old_to_plain,east_to_west,,full,0.0,budget10,old_su,1,1,0,0,0.09878682842287695,0.14035087719298245,8,49
A-DENSEUAV-VITS-001,DenseUAV,ViT-S-third-party,pooled,old_to_plain,east_to_west,,full,0.0,budget25,old_su,1,1,0,0,0.24956672443674177,0.14583333333333334,21,123
A-DENSEUAV-VITS-001,DenseUAV,ViT-S-third-party,pooled,old_to_plain,east_to_west,,full,0.0,budget50,old_su,1,1,0,0,0.49913344887348354,0.1597222222222222,46,242
A-DENSEUAV-VITS-001,DenseUAV,ViT-S-third-party,pooled,old_to_plain,east_to_west,,full,0.0,full_frozen,old_su,1,1,0,0,0.82842287694974,0.19874476987447698,95,383
A-DENSEUAV-VITS-001,DenseUAV,ViT-S-third-party,pooled,old_to_plain,east_to_west,,full,0.0,matched,old_su,1,1,0,0,0.058925476603119586,0.17647058823529413,6,28
A-DENSEUAV-VITS-001,DenseUAV,ViT-S-third-party,pooled,old_to_plain,east_to_west,,full,0.0,budget10,old_su_guard,1,1,0,0,0.09878682842287695,0.14035087719298245,8,49
A-DENSEUAV-VITS-001,DenseUAV,ViT-S-third-party,pooled,old_to_plain,east_to_west,,full,0.0,budget25,old_su_guard,1,1,0,0,0.24956672443674177,0.14583333333333334,21,123
A-DENSEUAV-VITS-001,DenseUAV,ViT-S-third-party,pooled,old_to_plain,east_to_west,,full,0.0,budget50,old_su_guard,1,1,0,0,0.49913344887348354,0.1597222222222222,46,242
A-DENSEUAV-VITS-001,DenseUAV,ViT-S-third-party,pooled,old_to_plain,east_to_west,,full,0.0,full_frozen,old_su_guard,1,1,0,0,0.82842287694974,0.19874476987447698,95,383
A-DENSEUAV-VITS-001,DenseUAV,ViT-S-third-party,pooled,old_to_plain,east_to_west,,full,0.0,matched,old_su_guard,1,1,0,0,0.058925476603119586,0.17647058823529413,6,28
A-DENSEUAV-VITS-001,DenseUAV,ViT-S-third-party,pooled,old_to_plain,east_to_west,,full,0.0,budget10,current_margin,1,1,0,0,0.09878682842287695,0.0,0,57
A-DENSEUAV-VITS-001,DenseUAV,ViT-S-third-party,pooled,old_to_plain,east_to_west,,full,0.0,budget25,current_margin,1,1,0,0,0.24956672443674177,0.0,0,144
A-DENSEUAV-VITS-001,DenseUAV,ViT-S-third-party,pooled,old_to_plain,east_to_west,,full,0.0,budget50,current_margin,1,1,0,0,0.49913344887348354,0.027777777777777776,8,280
A-DENSEUAV-VITS-001,DenseUAV,ViT-S-third-party,pooled,old_to_plain,east_to_west,,full,0.0,full_frozen,current_margin,1,1,0,0,0.8006932409012132,0.13636363636363635,63,399
A-DENSEUAV-VITS-001,DenseUAV,ViT-S-third-party,pooled,old_to_plain,east_to_west,,full,0.0,matched,current_margin,1,1,0,0,0.5511265164644714,0.04716981132075472,15,303
A-DENSEUAV-VITS-001,DenseUAV,ViT-S-third-party,pooled,old_to_plain,east_to_west,,full,0.0,budget10,current_margin_guard,1,1,0,0,0.09878682842287695,0.0,0,57
A-DENSEUAV-VITS-001,DenseUAV,ViT-S-third-party,pooled,old_to_plain,east_to_west,,full,0.0,budget25,current_margin_guard,1,1,0,0,0.24956672443674177,0.0,0,144
A-DENSEUAV-VITS-001,DenseUAV,ViT-S-third-party,pooled,old_to_plain,east_to_west,,full,0.0,budget50,current_margin_guard,1,1,0,0,0.49913344887348354,0.027777777777777776,8,280
A-DENSEUAV-VITS-001,DenseUAV,ViT-S-third-party,pooled,old_to_plain,east_to_west,,full,0.0,full_frozen,current_margin_guard,1,1,0,0,0.8006932409012132,0.13636363636363635,63,399
A-DENSEUAV-VITS-001,DenseUAV,ViT-S-third-party,pooled,old_to_plain,east_to_west,,full,0.0,matched,current_margin_guard,1,1,0,0,0.5511265164644714,0.04716981132075472,15,303
A-DENSEUAV-VITS-001,DenseUAV,ViT-S-third-party,pooled,old_to_plain,east_to_west,,full,0.0,budget10,old_margin_guard,1,1,0,0,0.09878682842287695,0.08771929824561403,5,52
A-DENSEUAV-VITS-001,DenseUAV,ViT-S-third-party,pooled,old_to_plain,east_to_west,,full,0.0,budget25,old_margin_guard,1,1,0,0,0.24956672443674177,0.1527777777777778,22,122
A-DENSEUAV-VITS-001,DenseUAV,ViT-S-third-party,pooled,old_to_plain,east_to_west,,full,0.0,budget50,old_margin_guard,1,1,0,0,0.49913344887348354,0.16319444444444445,47,241
A-DENSEUAV-VITS-001,DenseUAV,ViT-S-third-party,pooled,old_to_plain,east_to_west,,full,0.0,full_frozen,old_margin_guard,1,1,0,0,0.8024263431542461,0.20734341252699784,96,367
A-DENSEUAV-VITS-001,DenseUAV,ViT-S-third-party,pooled,old_to_plain,east_to_west,,full,0.0,matched,old_margin_guard,1,1,0,0,0.13344887348353554,0.14285714285714285,11,66
A-DENSEUAV-VITS-001,DenseUAV,ViT-S-third-party,pooled,old_to_plain,east_to_west,,full,0.0,budget10,sq8_margin_guard,1,1,0,0,0.09878682842287695,0.0,0,57
A-DENSEUAV-VITS-001,DenseUAV,ViT-S-third-party,pooled,old_to_plain,east_to_west,,full,0.0,budget25,sq8_margin_guard,1,1,0,0,0.24956672443674177,0.0,0,144
A-DENSEUAV-VITS-001,DenseUAV,ViT-S-third-party,pooled,old_to_plain,east_to_west,,full,0.0,budget50,sq8_margin_guard,1,1,0,0,0.49913344887348354,0.027777777777777776,8,280
A-DENSEUAV-VITS-001,DenseUAV,ViT-S-third-party,pooled,old_to_plain,east_to_west,,full,0.0,full_frozen,sq8_margin_guard,1,1,0,0,0.8006932409012132,0.13636363636363635,63,399
A-DENSEUAV-VITS-001,DenseUAV,ViT-S-third-party,pooled,old_to_plain,east_to_west,,full,0.0,matched,sq8_margin_guard,1,1,0,0,0.5511265164644714,0.04716981132075472,15,303
A-DENSEUAV-VITS-001,DenseUAV,ViT-S-third-party,pooled,old_to_plain,west_to_east,,target,0.25,budget10,current_su,20,20,0,0,0.1,0.04,0.8,19.2
A-DENSEUAV-VITS-001,DenseUAV,ViT-S-third-party,pooled,old_to_plain,west_to_east,,target,0.25,budget25,current_su,20,20,0,0,0.25,0.107,5.35,44.65
A-DENSEUAV-VITS-001,DenseUAV,ViT-S-third-party,pooled,old_to_plain,west_to_east,,target,0.25,budget50,current_su,20,20,0,0,0.5,0.253,25.3,74.7
A-DENSEUAV-VITS-001,DenseUAV,ViT-S-third-party,pooled,old_to_plain,west_to_east,,target,0.25,full_frozen,current_su,20,20,0,0,0.40775,0.18686085926877513,15.25,66.3
A-DENSEUAV-VITS-001,DenseUAV,ViT-S-third-party,pooled,old_to_plain,west_to_east,,target,0.25,matched,current_su,20,20,0,0,0.256,0.10967911870686925,5.9,45.3
A-DENSEUAV-VITS-001,DenseUAV,ViT-S-third-party,pooled,old_to_plain,west_to_east,,target,0.25,budget10,current_su_guard,20,20,0,0,0.1,0.007500000000000001,0.15,19.85
A-DENSEUAV-VITS-001,DenseUAV,ViT-S-third-party,pooled,old_to_plain,west_to_east,,target,0.25,budget25,current_su_guard,20,20,0,0,0.25,0.056,2.8,47.2
A-DENSEUAV-VITS-001,DenseUAV,ViT-S-third-party,pooled,old_to_plain,west_to_east,,target,0.25,budget50,current_su_guard,20,20,0,0,0.5,0.194,19.4,80.6
A-DENSEUAV-VITS-001,DenseUAV,ViT-S-third-party,pooled,old_to_plain,west_to_east,,target,0.25,full_frozen,current_su_guard,20,20,0,0,0.365,0.10550591068600834,7.7,65.3
A-DENSEUAV-VITS-001,DenseUAV,ViT-S-third-party,pooled,old_to_plain,west_to_east,,target,0.25,matched,current_su_guard,20,20,0,0,0.423,0.1496801224744786,12.75,71.85
A-DENSEUAV-VITS-001,DenseUAV,ViT-S-third-party,pooled,old_to_plain,west_to_east,,target,0.25,budget10,old_su,20,20,0,0,0.1,0.2875,5.75,14.25
A-DENSEUAV-VITS-001,DenseUAV,ViT-S-third-party,pooled,old_to_plain,west_to_east,,target,0.25,budget25,old_su,20,20,0,0,0.25,0.369,18.45,31.55
A-DENSEUAV-VITS-001,DenseUAV,ViT-S-third-party,pooled,old_to_plain,west_to_east,,target,0.25,budget50,old_su,20,20,0,0,0.5,0.3735,37.35,62.65
A-DENSEUAV-VITS-001,DenseUAV,ViT-S-third-party,pooled,old_to_plain,west_to_east,,target,0.25,full_frozen,old_su,20,20,0,0,0.505,0.3712871287128713,37.5,63.5
A-DENSEUAV-VITS-001,DenseUAV,ViT-S-third-party,pooled,old_to_plain,west_to_east,,target,0.25,matched,old_su,20,4,16,16,0.005,0.2,1,4
A-DENSEUAV-VITS-001,DenseUAV,ViT-S-third-party,pooled,old_to_plain,west_to_east,,target,0.25,budget10,old_su_guard,20,20,0,0,0.1,0.09,1.8,18.2
A-DENSEUAV-VITS-001,DenseUAV,ViT-S-third-party,pooled,old_to_plain,west_to_east,,target,0.25,budget25,old_su_guard,20,20,0,0,0.25,0.147,7.35,42.65
A-DENSEUAV-VITS-001,DenseUAV,ViT-S-third-party,pooled,old_to_plain,west_to_east,,target,0.25,budget50,old_su_guard,20,20,0,0,0.5,0.2395,23.95,76.05
A-DENSEUAV-VITS-001,DenseUAV,ViT-S-third-party,pooled,old_to_plain,west_to_east,,target,0.25,full_frozen,old_su_guard,20,20,0,0,0.376,0.16459455371702458,12.4,62.8
A-DENSEUAV-VITS-001,DenseUAV,ViT-S-third-party,pooled,old_to_plain,west_to_east,,target,0.25,matched,old_su_guard,20,15,5,5,0.08625000000000001,0.09500075579795637,2.8666666666666667,20.133333333333333
A-DENSEUAV-VITS-001,DenseUAV,ViT-S-third-party,pooled,old_to_plain,west_to_east,,target,0.25,budget10,current_margin,20,20,0,0,0.1,0.0275,0.55,19.45
A-DENSEUAV-VITS-001,DenseUAV,ViT-S-third-party,pooled,old_to_plain,west_to_east,,target,0.25,budget25,current_margin,20,20,0,0,0.25,0.062,3.1,46.9
A-DENSEUAV-VITS-001,DenseUAV,ViT-S-third-party,pooled,old_to_plain,west_to_east,,target,0.25,budget50,current_margin,20,20,0,0,0.5,0.2385,23.85,76.15
A-DENSEUAV-VITS-001,DenseUAV,ViT-S-third-party,pooled,old_to_plain,west_to_east,,target,0.25,full_frozen,current_margin,20,20,0,0,0.47525,0.22159275610908744,21.15,73.9
A-DENSEUAV-VITS-001,DenseUAV,ViT-S-third-party,pooled,old_to_plain,west_to_east,,target,0.25,matched,current_margin,20,20,0,0,0.2845,0.09031934393415089,5.5,51.4
A-DENSEUAV-VITS-001,DenseUAV,ViT-S-third-party,pooled,old_to_plain,west_to_east,,target,0.25,budget10,current_margin_guard,20,20,0,0,0.1,0.0025,0.05,19.95
A-DENSEUAV-VITS-001,DenseUAV,ViT-S-third-party,pooled,old_to_plain,west_to_east,,target,0.25,budget25,current_margin_guard,20,20,0,0,0.25,0.021,1.05,48.95
A-DENSEUAV-VITS-001,DenseUAV,ViT-S-third-party,pooled,old_to_plain,west_to_east,,target,0.25,budget50,current_margin_guard,20,20,0,0,0.5,0.193,19.3,80.7
A-DENSEUAV-VITS-001,DenseUAV,ViT-S-third-party,pooled,old_to_plain,west_to_east,,target,0.25,full_frozen,current_margin_guard,20,20,0,0,0.418,0.133043071580507,11.1,72.5
A-DENSEUAV-VITS-001,DenseUAV,ViT-S-third-party,pooled,old_to_plain,west_to_east,,target,0.25,matched,current_margin_guard,20,20,0,0,0.476,0.17046447410726628,16.3,78.9
A-DENSEUAV-VITS-001,DenseUAV,ViT-S-third-party,pooled,old_to_plain,west_to_east,,target,0.25,budget10,old_margin_guard,20,20,0,0,0.1,0.10250000000000001,2.05,17.95
A-DENSEUAV-VITS-001,DenseUAV,ViT-S-third-party,pooled,old_to_plain,west_to_east,,target,0.25,budget25,old_margin_guard,20,20,0,0,0.25,0.10200000000000001,5.1,44.9
A-DENSEUAV-VITS-001,DenseUAV,ViT-S-third-party,pooled,old_to_plain,west_to_east,,target,0.25,budget50,old_margin_guard,20,20,0,0,0.5,0.2505,25.05,74.95
A-DENSEUAV-VITS-001,DenseUAV,ViT-S-third-party,pooled,old_to_plain,west_to_east,,target,0.25,full_frozen,old_margin_guard,20,20,0,0,0.4105,0.20217070787276922,16.6,65.5
A-DENSEUAV-VITS-001,DenseUAV,ViT-S-third-party,pooled,old_to_plain,west_to_east,,target,0.25,matched,old_margin_guard,20,20,0,0,0.11375,0.11865502016043811,2.65,20.1
A-DENSEUAV-VITS-001,DenseUAV,ViT-S-third-party,pooled,old_to_plain,west_to_east,,target,0.25,budget10,sq8_margin_guard,20,20,0,0,0.1,0.0,0,20
A-DENSEUAV-VITS-001,DenseUAV,ViT-S-third-party,pooled,old_to_plain,west_to_east,,target,0.25,budget25,sq8_margin_guard,20,20,0,0,0.25,0.04,2,48
A-DENSEUAV-VITS-001,DenseUAV,ViT-S-third-party,pooled,old_to_plain,west_to_east,,target,0.25,budget50,sq8_margin_guard,20,20,0,0,0.5,0.20600000000000002,20.6,79.4
A-DENSEUAV-VITS-001,DenseUAV,ViT-S-third-party,pooled,old_to_plain,west_to_east,,target,0.25,full_frozen,sq8_margin_guard,20,20,0,0,0.36025,0.10008018570157451,7.2,64.85
A-DENSEUAV-VITS-001,DenseUAV,ViT-S-third-party,pooled,old_to_plain,west_to_east,,target,0.25,matched,sq8_margin_guard,20,20,0,0,0.42225,0.1480202371331366,12.55,71.9
A-DENSEUAV-VITS-001,DenseUAV,ViT-S-third-party,pooled,old_to_plain,east_to_west,,target,0.25,budget10,current_su,20,20,0,0,0.09878682842287695,0.047368421052631574,2.7,54.3
A-DENSEUAV-VITS-001,DenseUAV,ViT-S-third-party,pooled,old_to_plain,east_to_west,,target,0.25,budget25,current_su,20,20,0,0,0.24956672443674177,0.08229166666666667,11.85,132.15
A-DENSEUAV-VITS-001,DenseUAV,ViT-S-third-party,pooled,old_to_plain,east_to_west,,target,0.25,budget50,current_su,20,20,0,0,0.49913344887348354,0.14270833333333333,41.1,246.9
A-DENSEUAV-VITS-001,DenseUAV,ViT-S-third-party,pooled,old_to_plain,east_to_west,,target,0.25,full_frozen,current_su,20,20,0,0,0.777209705372617,0.2853212069939818,127.95,320.5
A-DENSEUAV-VITS-001,DenseUAV,ViT-S-third-party,pooled,old_to_plain,east_to_west,,target,0.25,matched,current_su,20,20,0,0,0.33630849220103987,0.10556294519956065,21.05,173
A-DENSEUAV-VITS-001,DenseUAV,ViT-S-third-party,pooled,old_to_plain,east_to_west,,target,0.25,budget10,current_su_guard,20,20,0,0,0.09878682842287695,0.007017543859649122,0.4,56.6
A-DENSEUAV-VITS-001,DenseUAV,ViT-S-third-party,pooled,old_to_plain,east_to_west,,target,0.25,budget25,current_su_guard,20,20,0,0,0.24956672443674177,0.036458333333333336,5.25,138.75
A-DENSEUAV-VITS-001,DenseUAV,ViT-S-third-party,pooled,old_to_plain,east_to_west,,target,0.25,budget50,current_su_guard,20,20,0,0,0.49913344887348354,0.08993055555555556,25.9,262.1
A-DENSEUAV-VITS-001,DenseUAV,ViT-S-third-party,pooled,old_to_plain,east_to_west,,target,0.25,full_frozen,current_su_guard,20,20,0,0,0.6359618717504333,0.1654165223938226,60.7,306.25
A-DENSEUAV-VITS-001,DenseUAV,ViT-S-third-party,pooled,old_to_plain,east_to_west,,target,0.25,matched,current_su_guard,20,20,0,0,0.44246100519930676,0.07030798597970218,18.2,237.1
A-DENSEUAV-VITS-001,DenseUAV,ViT-S-third-party,pooled,old_to_plain,east_to_west,,target,0.25,budget10,old_su,20,20,0,0,0.09878682842287695,0.32280701754385965,18.4,38.6
A-DENSEUAV-VITS-001,DenseUAV,ViT-S-third-party,pooled,old_to_plain,east_to_west,,target,0.25,budget25,old_su,20,20,0,0,0.24956672443674177,0.34270833333333334,49.35,94.65
A-DENSEUAV-VITS-001,DenseUAV,ViT-S-third-party,pooled,old_to_plain,east_to_west,,target,0.25,budget50,old_su,20,20,0,0,0.49913344887348354,0.3532986111111111,101.75,186.25
A-DENSEUAV-VITS-001,DenseUAV,ViT-S-third-party,pooled,old_to_plain,east_to_west,,target,0.25,full_frozen,old_su,20,20,0,0,0.82842287694974,0.3807531380753138,182,296
A-DENSEUAV-VITS-001,DenseUAV,ViT-S-third-party,pooled,old_to_plain,east_to_west,,target,0.25,matched,old_su,20,2,18,18,0.0024263431542461003,0.42857142857142855,6,8
A-DENSEUAV-VITS-001,DenseUAV,ViT-S-third-party,pooled,old_to_plain,east_to_west,,target,0.25,budget10,old_su_guard,20,20,0,0,0.09878682842287695,0.13859649122807016,7.9,49.1
A-DENSEUAV-VITS-001,DenseUAV,ViT-S-third-party,pooled,old_to_plain,east_to_west,,target,0.25,budget25,old_su_guard,20,20,0,0,0.24956672443674177,0.14270833333333333,20.55,123.45
A-DENSEUAV-VITS-001,DenseUAV,ViT-S-third-party,pooled,old_to_plain,east_to_west,,target,0.25,budget50,old_su_guard,20,20,0,0,0.49913344887348354,0.18697916666666667,53.85,234.15
A-DENSEUAV-VITS-001,DenseUAV,ViT-S-third-party,pooled,old_to_plain,east_to_west,,target,0.25,full_frozen,old_su_guard,20,20,0,0,0.6235701906412479,0.20770960033022384,74.75,285.05
A-DENSEUAV-VITS-001,DenseUAV,ViT-S-third-party,pooled,old_to_plain,east_to_west,,target,0.25,matched,old_su_guard,20,20,0,0,0.11655112651646447,0.1269940626720198,9.5,57.75
A-DENSEUAV-VITS-001,DenseUAV,ViT-S-third-party,pooled,old_to_plain,east_to_west,,target,0.25,budget10,current_margin,20,20,0,0,0.09878682842287695,0.05526315789473684,3.15,53.85
A-DENSEUAV-VITS-001,DenseUAV,ViT-S-third-party,pooled,old_to_plain,east_to_west,,target,0.25,budget25,current_margin,20,20,0,0,0.24956672443674177,0.07256944444444445,10.45,133.55
A-DENSEUAV-VITS-001,DenseUAV,ViT-S-third-party,pooled,old_to_plain,east_to_west,,target,0.25,budget50,current_margin,20,20,0,0,0.49913344887348354,0.1579861111111111,45.5,242.5
A-DENSEUAV-VITS-001,DenseUAV,ViT-S-third-party,pooled,old_to_plain,east_to_west,,target,0.25,full_frozen,current_margin,20,20,0,0,0.7675909878682843,0.29363546096821386,130.1,312.8
A-DENSEUAV-VITS-001,DenseUAV,ViT-S-third-party,pooled,old_to_plain,east_to_west,,target,0.25,matched,current_margin,20,20,0,0,0.389948006932409,0.1067070296750555,24.5,200.5
A-DENSEUAV-VITS-001,DenseUAV,ViT-S-third-party,pooled,old_to_plain,east_to_west,,target,0.25,budget10,current_margin_guard,20,20,0,0,0.09878682842287695,0.0043859649122807015,0.25,56.75
A-DENSEUAV-VITS-001,DenseUAV,ViT-S-third-party,pooled,old_to_plain,east_to_west,,target,0.25,budget25,current_margin_guard,20,20,0,0,0.24956672443674177,0.011805555555555555,1.7,142.3
A-DENSEUAV-VITS-001,DenseUAV,ViT-S-third-party,pooled,old_to_plain,east_to_west,,target,0.25,budget50,current_margin_guard,20,20,0,0,0.49913344887348354,0.08628472222222222,24.85,263.15
A-DENSEUAV-VITS-001,DenseUAV,ViT-S-third-party,pooled,old_to_plain,east_to_west,,target,0.25,full_frozen,current_margin_guard,20,20,0,0,0.6114384748700173,0.1522778870955072,53.75,299.05
A-DENSEUAV-VITS-001,DenseUAV,ViT-S-third-party,pooled,old_to_plain,east_to_west,,target,0.25,matched,current_margin_guard,20,20,0,0,0.4324090121317158,0.0632519793644066,15.85,233.65
A-DENSEUAV-VITS-001,DenseUAV,ViT-S-third-party,pooled,old_to_plain,east_to_west,,target,0.25,budget10,old_margin_guard,20,20,0,0,0.09878682842287695,0.11929824561403508,6.8,50.2
A-DENSEUAV-VITS-001,DenseUAV,ViT-S-third-party,pooled,old_to_plain,east_to_west,,target,0.25,budget25,old_margin_guard,20,20,0,0,0.24956672443674177,0.14097222222222222,20.3,123.7
A-DENSEUAV-VITS-001,DenseUAV,ViT-S-third-party,pooled,old_to_plain,east_to_west,,target,0.25,budget50,old_margin_guard,20,20,0,0,0.49913344887348354,0.1779513888888889,51.25,236.75
A-DENSEUAV-VITS-001,DenseUAV,ViT-S-third-party,pooled,old_to_plain,east_to_west,,target,0.25,full_frozen,old_margin_guard,20,20,0,0,0.6076256499133449,0.213960978375251,75.05,275.55
A-DENSEUAV-VITS-001,DenseUAV,ViT-S-third-party,pooled,old_to_plain,east_to_west,,target,0.25,matched,old_margin_guard,20,18,2,2,0.1697573656845754,0.12283279571826407,14.555555555555555,94.27777777777777
A-DENSEUAV-VITS-001,DenseUAV,ViT-S-third-party,pooled,old_to_plain,east_to_west,,target,0.25,budget10,sq8_margin_guard,20,20,0,0,0.09878682842287695,0.0061403508771929825,0.35,56.65
A-DENSEUAV-VITS-001,DenseUAV,ViT-S-third-party,pooled,old_to_plain,east_to_west,,target,0.25,budget25,sq8_margin_guard,20,20,0,0,0.24956672443674177,0.010416666666666666,1.5,142.5
A-DENSEUAV-VITS-001,DenseUAV,ViT-S-third-party,pooled,old_to_plain,east_to_west,,target,0.25,budget50,sq8_margin_guard,20,20,0,0,0.49913344887348354,0.09322916666666667,26.85,261.15
A-DENSEUAV-VITS-001,DenseUAV,ViT-S-third-party,pooled,old_to_plain,east_to_west,,target,0.25,full_frozen,sq8_margin_guard,20,20,0,0,0.5954072790294628,0.1458576066748277,50.2,293.35
A-DENSEUAV-VITS-001,DenseUAV,ViT-S-third-party,pooled,old_to_plain,east_to_west,,target,0.25,matched,sq8_margin_guard,20,20,0,0,0.43310225303292893,0.06767791125856441,17.3,232.6
A-DENSEUAV-VITS-001,DenseUAV,ViT-S-third-party,pooled,old_to_plain,west_to_east,,target,0.5,budget10,current_su,20,20,0,0,0.1,0.1275,2.55,17.45
A-DENSEUAV-VITS-001,DenseUAV,ViT-S-third-party,pooled,old_to_plain,west_to_east,,target,0.5,budget25,current_su,20,20,0,0,0.25,0.203,10.15,39.85
A-DENSEUAV-VITS-001,DenseUAV,ViT-S-third-party,pooled,old_to_plain,west_to_east,,target,0.5,budget50,current_su,20,20,0,0,0.5,0.423,42.3,57.7
A-DENSEUAV-VITS-001,DenseUAV,ViT-S-third-party,pooled,old_to_plain,west_to_east,,target,0.5,full_frozen,current_su,20,20,0,0,0.34125,0.28868847288809485,19.7,48.55
A-DENSEUAV-VITS-001,DenseUAV,ViT-S-third-party,pooled,old_to_plain,west_to_east,,target,0.5,matched,current_su,20,19,1,1,0.058,0.06333369073307153,1.0526315789473684,11.157894736842104
A-DENSEUAV-VITS-001,DenseUAV,ViT-S-third-party,pooled,old_to_plain,west_to_east,,target,0.5,budget10,current_su_guard,20,20,0,0,0.1,0.04,0.8,19.2
A-DENSEUAV-VITS-001,DenseUAV,ViT-S-third-party,pooled,old_to_plain,west_to_east,,target,0.5,budget25,current_su_guard,20,20,0,0,0.25,0.101,5.05,44.95
A-DENSEUAV-VITS-001,DenseUAV,ViT-S-third-party,pooled,old_to_plain,west_to_east,,target,0.5,budget50,current_su_guard,20,15,5,5,0.375,0.346,34.6,65.4
A-DENSEUAV-VITS-001,DenseUAV,ViT-S-third-party,pooled,old_to_plain,west_to_east,,target,0.5,full_frozen,current_su_guard,20,20,0,0,0.26525,0.11495135942996185,6.15,46.9
A-DENSEUAV-VITS-001,DenseUAV,ViT-S-third-party,pooled,old_to_plain,west_to_east,,target,0.5,matched,current_su_guard,20,20,0,0,0.2765,0.12422085361027473,7.05,48.25
A-DENSEUAV-VITS-001,DenseUAV,ViT-S-third-party,pooled,old_to_plain,west_to_east,,target,0.5,budget10,old_su,20,20,0,0,0.1,0.54,10.8,9.2
A-DENSEUAV-VITS-001,DenseUAV,ViT-S-third-party,pooled,old_to_plain,west_to_east,,target,0.5,budget25,old_su,20,20,0,0,0.25,0.585,29.25,20.75
A-DENSEUAV-VITS-001,DenseUAV,ViT-S-third-party,pooled,old_to_plain,west_to_east,,target,0.5,budget50,old_su,20,20,0,0,0.5,0.586,58.6,41.4
A-DENSEUAV-VITS-001,DenseUAV,ViT-S-third-party,pooled,old_to_plain,west_to_east,,target,0.5,full_frozen,old_su,20,20,0,0,0.505,0.5851485148514851,59.1,41.9
A-DENSEUAV-VITS-001,DenseUAV,ViT-S-third-party,pooled,old_to_plain,west_to_east,,target,0.5,matched,old_su,20,0,20,20,0.0,,,
A-DENSEUAV-VITS-001,DenseUAV,ViT-S-third-party,pooled,old_to_plain,west_to_east,,target,0.5,budget10,old_su_guard,20,20,0,0,0.1,0.1125,2.25,17.75
A-DENSEUAV-VITS-001,DenseUAV,ViT-S-third-party,pooled,old_to_plain,west_to_east,,target,0.5,budget25,old_su_guard,20,20,0,0,0.25,0.178,8.9,41.1
A-DENSEUAV-VITS-001,DenseUAV,ViT-S-third-party,pooled,old_to_plain,west_to_east,,target,0.5,budget50,old_su_guard,20,15,5,5,0.375,0.35,35,65
A-DENSEUAV-VITS-001,DenseUAV,ViT-S-third-party,pooled,old_to_plain,west_to_east,,target,0.5,full_frozen,old_su_guard,20,20,0,0,0.24175,0.157757076840089,7.65,40.7
A-DENSEUAV-VITS-001,DenseUAV,ViT-S-third-party,pooled,old_to_plain,west_to_east,,target,0.5,matched,old_su_guard,20,19,1,1,0.10250000000000001,0.11753696985098375,2.6315789473684212,18.94736842105263
A-DENSEUAV-VITS-001,DenseUAV,ViT-S-third-party,pooled,old_to_plain,west_to_east,,target,0.5,budget10,current_margin,20,20,0,0,0.1,0.085,1.7,18.3
A-DENSEUAV-VITS-001,DenseUAV,ViT-S-third-party,pooled,old_to_plain,west_to_east,,target,0.5,budget25,current_margin,20,20,0,0,0.25,0.215,10.75,39.25
A-DENSEUAV-VITS-001,DenseUAV,ViT-S-third-party,pooled,old_to_plain,west_to_east,,target,0.5,budget50,current_margin,20,20,0,0,0.5,0.4325,43.25,56.75
A-DENSEUAV-VITS-001,DenseUAV,ViT-S-third-party,pooled,old_to_plain,west_to_east,,target,0.5,full_frozen,current_margin,20,20,0,0,0.39875,0.3547881324184643,28.35,51.4
A-DENSEUAV-VITS-001,DenseUAV,ViT-S-third-party,pooled,old_to_plain,west_to_east,,target,0.5,matched,current_margin,20,20,0,0,0.06825,0.09023730655309603,1.25,12.4
A-DENSEUAV-VITS-001,DenseUAV,ViT-S-third-party,pooled,old_to_plain,west_to_east,,target,0.5,budget10,current_margin_guard,20,20,0,0,0.1,0.007500000000000001,0.15,19.85
A-DENSEUAV-VITS-001,DenseUAV,ViT-S-third-party,pooled,old_to_plain,west_to_east,,target,0.5,budget25,current_margin_guard,20,20,0,0,0.25,0.101,5.05,44.95
A-DENSEUAV-VITS-001,DenseUAV,ViT-S-third-party,pooled,old_to_plain,west_to_east,,target,0.5,budget50,current_margin_guard,20,15,5,5,0.375,0.35133333333333333,35.13333333333333,64.86666666666666
A-DENSEUAV-VITS-001,DenseUAV,ViT-S-third-party,pooled,old_to_plain,west_to_east,,target,0.5,full_frozen,current_margin_guard,20,20,0,0,0.28500000000000003,0.1358452452543176,7.8,49.2
A-DENSEUAV-VITS-001,DenseUAV,ViT-S-third-party,pooled,old_to_plain,west_to_east,,target,0.5,matched,current_margin_guard,20,20,0,0,0.293,0.14269016747581442,8.5,50.1
A-DENSEUAV-VITS-001,DenseUAV,ViT-S-third-party,pooled,old_to_plain,west_to_east,,target,0.5,budget10,old_margin_guard,20,20,0,0,0.1,0.115,2.3,17.7
A-DENSEUAV-VITS-001,DenseUAV,ViT-S-third-party,pooled,old_to_plain,west_to_east,,target,0.5,budget25,old_margin_guard,20,20,0,0,0.25,0.184,9.2,40.8
A-DENSEUAV-VITS-001,DenseUAV,ViT-S-third-party,pooled,old_to_plain,west_to_east,,target,0.5,budget50,old_margin_guard,20,15,5,5,0.375,0.3566666666666667,35.666666666666664,64.33333333333333
A-DENSEUAV-VITS-001,DenseUAV,ViT-S-third-party,pooled,old_to_plain,west_to_east,,target,0.5,full_frozen,old_margin_guard,20,20,0,0,0.2655,0.1923320097281309,10.2,42.9
A-DENSEUAV-VITS-001,DenseUAV,ViT-S-third-party,pooled,old_to_plain,west_to_east,,target,0.5,matched,old_margin_guard,20,20,0,0,0.135,0.1369184966011025,3.4,23.6
A-DENSEUAV-VITS-001,DenseUAV,ViT-S-third-party,pooled,old_to_plain,west_to_east,,target,0.5,budget10,sq8_margin_guard,20,20,0,0,0.1,0.01,0.2,19.8
A-DENSEUAV-VITS-001,DenseUAV,ViT-S-third-party,pooled,old_to_plain,west_to_east,,target,0.5,budget25,sq8_margin_guard,20,20,0,0,0.25,0.11800000000000001,5.9,44.1
A-DENSEUAV-VITS-001,DenseUAV,ViT-S-third-party,pooled,old_to_plain,west_to_east,,target,0.5,budget50,sq8_margin_guard,20,0,20,20,0.0,,,
A-DENSEUAV-VITS-001,DenseUAV,ViT-S-third-party,pooled,old_to_plain,west_to_east,,target,0.5,full_frozen,sq8_margin_guard,20,20,0,0,0.21225,0.0714617179112152,3.05,39.4
A-DENSEUAV-VITS-001,DenseUAV,ViT-S-third-party,pooled,old_to_plain,west_to_east,,target,0.5,matched,sq8_margin_guard,20,20,0,0,0.22475,0.0935826600007684,4.35,40.6
A-DENSEUAV-VITS-001,DenseUAV,ViT-S-third-party,pooled,old_to_plain,east_to_west,,target,0.5,budget10,current_su,20,20,0,0,0.09878682842287695,0.1087719298245614,6.2,50.8
A-DENSEUAV-VITS-001,DenseUAV,ViT-S-third-party,pooled,old_to_plain,east_to_west,,target,0.5,budget25,current_su,20,20,0,0,0.24956672443674177,0.16736111111111113,24.1,119.9
A-DENSEUAV-VITS-001,DenseUAV,ViT-S-third-party,pooled,old_to_plain,east_to_west,,target,0.5,budget50,current_su,20,20,0,0,0.49913344887348354,0.31319444444444444,90.2,197.8
A-DENSEUAV-VITS-001,DenseUAV,ViT-S-third-party,pooled,old_to_plain,east_to_west,,target,0.5,full_frozen,current_su,20,20,0,0,0.7183708838821491,0.45345692332078763,188,226.5
A-DENSEUAV-VITS-001,DenseUAV,ViT-S-third-party,pooled,old_to_plain,east_to_west,,target,0.5,matched,current_su,20,19,1,1,0.15450606585788562,0.13142430734538432,12.789473684210526,81.05263157894737
A-DENSEUAV-VITS-001,DenseUAV,ViT-S-third-party,pooled,old_to_plain,east_to_west,,target,0.5,budget10,current_su_guard,20,20,0,0,0.09878682842287695,0.019298245614035085,1.1,55.9
A-DENSEUAV-VITS-001,DenseUAV,ViT-S-third-party,pooled,old_to_plain,east_to_west,,target,0.5,budget25,current_su_guard,20,20,0,0,0.24956672443674177,0.06076388888888889,8.75,135.25
A-DENSEUAV-VITS-001,DenseUAV,ViT-S-third-party,pooled,old_to_plain,east_to_west,,target,0.5,budget50,current_su_guard,20,20,0,0,0.49913344887348354,0.24913194444444445,71.75,216.25
A-DENSEUAV-VITS-001,DenseUAV,ViT-S-third-party,pooled,old_to_plain,east_to_west,,target,0.5,full_frozen,current_su_guard,20,20,0,0,0.43760831889081453,0.19014801740812007,48.05,204.45
A-DENSEUAV-VITS-001,DenseUAV,ViT-S-third-party,pooled,old_to_plain,east_to_west,,target,0.5,matched,current_su_guard,20,20,0,0,0.3084055459272097,0.08352501856947317,15.3,162.65
A-DENSEUAV-VITS-001,DenseUAV,ViT-S-third-party,pooled,old_to_plain,east_to_west,,target,0.5,budget10,old_su,20,20,0,0,0.09878682842287695,0.5298245614035088,30.2,26.8
A-DENSEUAV-VITS-001,DenseUAV,ViT-S-third-party,pooled,old_to_plain,east_to_west,,target,0.5,budget25,old_su,20,20,0,0,0.24956672443674177,0.5440972222222222,78.35,65.65
A-DENSEUAV-VITS-001,DenseUAV,ViT-S-third-party,pooled,old_to_plain,east_to_west,,target,0.5,budget50,old_su,20,20,0,0,0.49913344887348354,0.5515625,158.85,129.15
A-DENSEUAV-VITS-001,DenseUAV,ViT-S-third-party,pooled,old_to_plain,east_to_west,,target,0.5,full_frozen,old_su,20,20,0,0,0.82842287694974,0.5723849372384937,273.6,204.4
A-DENSEUAV-VITS-001,DenseUAV,ViT-S-third-party,pooled,old_to_plain,east_to_west,,target,0.5,matched,old_su,20,0,20,20,0.0,,,
A-DENSEUAV-VITS-001,DenseUAV,ViT-S-third-party,pooled,old_to_plain,east_to_west,,target,0.5,budget10,old_su_guard,20,20,0,0,0.09878682842287695,0.1307017543859649,7.45,49.55
A-DENSEUAV-VITS-001,DenseUAV,ViT-S-third-party,pooled,old_to_plain,east_to_west,,target,0.5,budget25,old_su_guard,20,20,0,0,0.24956672443674177,0.159375,22.95,121.05
A-DENSEUAV-VITS-001,DenseUAV,ViT-S-third-party,pooled,old_to_plain,east_to_west,,target,0.5,budget50,old_su_guard,20,20,0,0,0.49913344887348354,0.2569444444444444,74,214
A-DENSEUAV-VITS-001,DenseUAV,ViT-S-third-party,pooled,old_to_plain,east_to_west,,target,0.5,full_frozen,old_su_guard,20,20,0,0,0.4199306759098787,0.221907749084782,53.8,188.5
A-DENSEUAV-VITS-001,DenseUAV,ViT-S-third-party,pooled,old_to_plain,east_to_west,,target,0.5,matched,old_su_guard,20,20,0,0,0.09419410745233969,0.09830131968005235,6.65,47.7
A-DENSEUAV-VITS-001,DenseUAV,ViT-S-third-party,pooled,old_to_plain,east_to_west,,target,0.5,budget10,current_margin,20,20,0,0,0.09878682842287695,0.11491228070175438,6.55,50.45
A-DENSEUAV-VITS-001,DenseUAV,ViT-S-third-party,pooled,old_to_plain,east_to_west,,target,0.5,budget25,current_margin,20,20,0,0,0.24956672443674177,0.171875,24.75,119.25
A-DENSEUAV-VITS-001,DenseUAV,ViT-S-third-party,pooled,old_to_plain,east_to_west,,target,0.5,budget50,current_margin,20,20,0,0,0.49913344887348354,0.33350694444444445,96.05,191.95
A-DENSEUAV-VITS-001,DenseUAV,ViT-S-third-party,pooled,old_to_plain,east_to_west,,target,0.5,full_frozen,current_margin,20,20,0,0,0.7266031195840554,0.47003197468408014,197.1,222.15
A-DENSEUAV-VITS-001,DenseUAV,ViT-S-third-party,pooled,old_to_plain,east_to_west,,target,0.5,matched,current_margin,20,17,3,3,0.1922010398613518,0.16586564034546386,23,107.47058823529412
A-DENSEUAV-VITS-001,DenseUAV,ViT-S-third-party,pooled,old_to_plain,east_to_west,,target,0.5,budget10,current_margin_guard,20,20,0,0,0.09878682842287695,0.014035087719298244,0.8,56.2
A-DENSEUAV-VITS-001,DenseUAV,ViT-S-third-party,pooled,old_to_plain,east_to_west,,target,0.5,budget25,current_margin_guard,20,20,0,0,0.24956672443674177,0.040625,5.85,138.15
A-DENSEUAV-VITS-001,DenseUAV,ViT-S-third-party,pooled,old_to_plain,east_to_west,,target,0.5,budget50,current_margin_guard,20,20,0,0,0.49913344887348354,0.25225694444444446,72.65,215.35
A-DENSEUAV-VITS-001,DenseUAV,ViT-S-third-party,pooled,old_to_plain,east_to_west,,target,0.5,full_frozen,current_margin_guard,20,20,0,0,0.4240034662045061,0.17955264744036858,44,200.65
A-DENSEUAV-VITS-001,DenseUAV,ViT-S-third-party,pooled,old_to_plain,east_to_west,,target,0.5,matched,current_margin_guard,20,20,0,0,0.30311958405545925,0.07548904571452812,13.55,161.35
A-DENSEUAV-VITS-001,DenseUAV,ViT-S-third-party,pooled,old_to_plain,east_to_west,,target,0.5,budget10,old_margin_guard,20,20,0,0,0.09878682842287695,0.1087719298245614,6.2,50.8
A-DENSEUAV-VITS-001,DenseUAV,ViT-S-third-party,pooled,old_to_plain,east_to_west,,target,0.5,budget25,old_margin_guard,20,20,0,0,0.24956672443674177,0.15555555555555556,22.4,121.6
A-DENSEUAV-VITS-001,DenseUAV,ViT-S-third-party,pooled,old_to_plain,east_to_west,,target,0.5,budget50,old_margin_guard,20,20,0,0,0.49913344887348354,0.2604166666666667,75,213
A-DENSEUAV-VITS-001,DenseUAV,ViT-S-third-party,pooled,old_to_plain,east_to_west,,target,0.5,full_frozen,old_margin_guard,20,20,0,0,0.40849220103986134,0.22646172507476822,53.4,182.3
A-DENSEUAV-VITS-001,DenseUAV,ViT-S-third-party,pooled,old_to_plain,east_to_west,,target,0.5,matched,old_margin_guard,20,17,3,3,0.13050259965337954,0.11650632229571314,10.294117647058824,78.29411764705883
A-DENSEUAV-VITS-001,DenseUAV,ViT-S-third-party,pooled,old_to_plain,east_to_west,,target,0.5,budget10,sq8_margin_guard,20,20,0,0,0.09878682842287695,0.014035087719298244,0.8,56.2
A-DENSEUAV-VITS-001,DenseUAV,ViT-S-third-party,pooled,old_to_plain,east_to_west,,target,0.5,budget25,sq8_margin_guard,20,20,0,0,0.24956672443674177,0.060069444444444446,8.65,135.35
A-DENSEUAV-VITS-001,DenseUAV,ViT-S-third-party,pooled,old_to_plain,east_to_west,,target,0.5,budget50,sq8_margin_guard,20,19,1,1,0.4741767764298094,0.2547514619883041,73.36842105263158,214.6315789473684
A-DENSEUAV-VITS-001,DenseUAV,ViT-S-third-party,pooled,old_to_plain,east_to_west,,target,0.5,full_frozen,sq8_margin_guard,20,20,0,0,0.41091854419410745,0.17292042493409757,41.15,195.95
A-DENSEUAV-VITS-001,DenseUAV,ViT-S-third-party,pooled,old_to_plain,east_to_west,,target,0.5,matched,sq8_margin_guard,20,20,0,0,0.31845753899480067,0.10028264259497698,18.95,164.8
A-DENSEUAV-VITS-001,DenseUAV,ViT-S-third-party,pooled,old_to_plain,west_to_east,,control,0.25,budget10,current_su,20,20,0,0,0.1,0.0025,0.05,19.95
A-DENSEUAV-VITS-001,DenseUAV,ViT-S-third-party,pooled,old_to_plain,west_to_east,,control,0.25,budget25,current_su,20,20,0,0,0.25,0.041,2.05,47.95
A-DENSEUAV-VITS-001,DenseUAV,ViT-S-third-party,pooled,old_to_plain,west_to_east,,control,0.25,budget50,current_su,20,20,0,0,0.5,0.132,13.2,86.8
A-DENSEUAV-VITS-001,DenseUAV,ViT-S-third-party,pooled,old_to_plain,west_to_east,,control,0.25,full_frozen,current_su,20,20,0,0,0.44575,0.09019940093700264,8.05,81.1
A-DENSEUAV-VITS-001,DenseUAV,ViT-S-third-party,pooled,old_to_plain,west_to_east,,control,0.25,matched,current_su,20,20,0,0,0.56625,0.16109236077438763,18.25,95
A-DENSEUAV-VITS-001,DenseUAV,ViT-S-third-party,pooled,old_to_plain,west_to_east,,control,0.25,budget10,current_su_guard,20,20,0,0,0.1,0.0025,0.05,19.95
A-DENSEUAV-VITS-001,DenseUAV,ViT-S-third-party,pooled,old_to_plain,west_to_east,,control,0.25,budget25,current_su_guard,20,20,0,0,0.25,0.041,2.05,47.95
A-DENSEUAV-VITS-001,DenseUAV,ViT-S-third-party,pooled,old_to_plain,west_to_east,,control,0.25,budget50,current_su_guard,20,20,0,0,0.5,0.132,13.2,86.8
A-DENSEUAV-VITS-001,DenseUAV,ViT-S-third-party,pooled,old_to_plain,west_to_east,,control,0.25,full_frozen,current_su_guard,20,20,0,0,0.44475,0.08817620092465114,7.85,81.1
A-DENSEUAV-VITS-001,DenseUAV,ViT-S-third-party,pooled,old_to_plain,west_to_east,,control,0.25,matched,current_su_guard,20,20,0,0,0.565,0.15967096826411478,18.05,94.95
A-DENSEUAV-VITS-001,DenseUAV,ViT-S-third-party,pooled,old_to_plain,west_to_east,,control,0.25,budget10,old_su,20,20,0,0,0.1,0.0975,1.95,18.05
A-DENSEUAV-VITS-001,DenseUAV,ViT-S-third-party,pooled,old_to_plain,west_to_east,,control,0.25,budget25,old_su,20,20,0,0,0.25,0.179,8.95,41.05
A-DENSEUAV-VITS-001,DenseUAV,ViT-S-third-party,pooled,old_to_plain,west_to_east,,control,0.25,budget50,old_su,20,20,0,0,0.5,0.1795,17.95,82.05
A-DENSEUAV-VITS-001,DenseUAV,ViT-S-third-party,pooled,old_to_plain,west_to_east,,control,0.25,full_frozen,old_su,20,20,0,0,0.505,0.17772277227722771,17.95,83.05
A-DENSEUAV-VITS-001,DenseUAV,ViT-S-third-party,pooled,old_to_plain,west_to_east,,control,0.25,matched,old_su,20,20,0,0,0.025,0.0,0,5
A-DENSEUAV-VITS-001,DenseUAV,ViT-S-third-party,pooled,old_to_plain,west_to_east,,control,0.25,budget10,old_su_guard,20,20,0,0,0.1,0.0975,1.95,18.05
A-DENSEUAV-VITS-001,DenseUAV,ViT-S-third-party,pooled,old_to_plain,west_to_east,,control,0.25,budget25,old_su_guard,20,20,0,0,0.25,0.179,8.95,41.05
A-DENSEUAV-VITS-001,DenseUAV,ViT-S-third-party,pooled,old_to_plain,west_to_east,,control,0.25,budget50,old_su_guard,20,20,0,0,0.5,0.1795,17.95,82.05
A-DENSEUAV-VITS-001,DenseUAV,ViT-S-third-party,pooled,old_to_plain,west_to_east,,control,0.25,full_frozen,old_su_guard,20,20,0,0,0.505,0.17772277227722771,17.95,83.05
A-DENSEUAV-VITS-001,DenseUAV,ViT-S-third-party,pooled,old_to_plain,west_to_east,,control,0.25,matched,old_su_guard,20,20,0,0,0.025,0.0,0,5
A-DENSEUAV-VITS-001,DenseUAV,ViT-S-third-party,pooled,old_to_plain,west_to_east,,control,0.25,budget10,current_margin,20,20,0,0,0.1,0.0025,0.05,19.95
A-DENSEUAV-VITS-001,DenseUAV,ViT-S-third-party,pooled,old_to_plain,west_to_east,,control,0.25,budget25,current_margin,20,20,0,0,0.25,0.004,0.2,49.8
A-DENSEUAV-VITS-001,DenseUAV,ViT-S-third-party,pooled,old_to_plain,west_to_east,,control,0.25,budget50,current_margin,20,20,0,0,0.5,0.101,10.1,89.9
A-DENSEUAV-VITS-001,DenseUAV,ViT-S-third-party,pooled,old_to_plain,west_to_east,,control,0.25,full_frozen,current_margin,20,20,0,0,0.54025,0.1225867933278908,13.25,94.8
A-DENSEUAV-VITS-001,DenseUAV,ViT-S-third-party,pooled,old_to_plain,west_to_east,,control,0.25,matched,current_margin,20,20,0,0,0.6717500000000001,0.1912476232109665,25.7,108.65
A-DENSEUAV-VITS-001,DenseUAV,ViT-S-third-party,pooled,old_to_plain,west_to_east,,control,0.25,budget10,current_margin_guard,20,20,0,0,0.1,0.0025,0.05,19.95
A-DENSEUAV-VITS-001,DenseUAV,ViT-S-third-party,pooled,old_to_plain,west_to_east,,control,0.25,budget25,current_margin_guard,20,20,0,0,0.25,0.001,0.05,49.95
A-DENSEUAV-VITS-001,DenseUAV,ViT-S-third-party,pooled,old_to_plain,west_to_east,,control,0.25,budget50,current_margin_guard,20,20,0,0,0.5,0.099,9.9,90.1
A-DENSEUAV-VITS-001,DenseUAV,ViT-S-third-party,pooled,old_to_plain,west_to_east,,control,0.25,full_frozen,current_margin_guard,20,20,0,0,0.5387500000000001,0.1210966124146857,13.05,94.7
A-DENSEUAV-VITS-001,DenseUAV,ViT-S-third-party,pooled,old_to_plain,west_to_east,,control,0.25,matched,current_margin_guard,20,20,0,0,0.6695,0.19003064451292165,25.45,108.45
A-DENSEUAV-VITS-001,DenseUAV,ViT-S-third-party,pooled,old_to_plain,west_to_east,,control,0.25,budget10,old_margin_guard,20,20,0,0,0.1,0.15,3,17
A-DENSEUAV-VITS-001,DenseUAV,ViT-S-third-party,pooled,old_to_plain,west_to_east,,control,0.25,budget25,old_margin_guard,20,20,0,0,0.25,0.139,6.95,43.05
A-DENSEUAV-VITS-001,DenseUAV,ViT-S-third-party,pooled,old_to_plain,west_to_east,,control,0.25,budget50,old_margin_guard,20,20,0,0,0.5,0.198,19.8,80.2
A-DENSEUAV-VITS-001,DenseUAV,ViT-S-third-party,pooled,old_to_plain,west_to_east,,control,0.25,full_frozen,old_margin_guard,20,20,0,0,0.545,0.21834862385321102,23.8,85.2
A-DENSEUAV-VITS-001,DenseUAV,ViT-S-third-party,pooled,old_to_plain,west_to_east,,control,0.25,matched,old_margin_guard,20,20,0,0,0.12,0.125,3,21
A-DENSEUAV-VITS-001,DenseUAV,ViT-S-third-party,pooled,old_to_plain,west_to_east,,control,0.25,budget10,sq8_margin_guard,20,20,0,0,0.1,0.0,0,20
A-DENSEUAV-VITS-001,DenseUAV,ViT-S-third-party,pooled,old_to_plain,west_to_east,,control,0.25,budget25,sq8_margin_guard,20,20,0,0,0.25,0.0,0,50
A-DENSEUAV-VITS-001,DenseUAV,ViT-S-third-party,pooled,old_to_plain,west_to_east,,control,0.25,budget50,sq8_margin_guard,20,20,0,0,0.5,0.095,9.5,90.5
A-DENSEUAV-VITS-001,DenseUAV,ViT-S-third-party,pooled,old_to_plain,west_to_east,,control,0.25,full_frozen,sq8_margin_guard,20,20,0,0,0.532,0.11462136666258227,12.2,94.2
A-DENSEUAV-VITS-001,DenseUAV,ViT-S-third-party,pooled,old_to_plain,west_to_east,,control,0.25,matched,sq8_margin_guard,20,20,0,0,0.6665000000000001,0.18561978024132397,24.75,108.55
A-DENSEUAV-VITS-001,DenseUAV,ViT-S-third-party,pooled,old_to_plain,east_to_west,,control,0.25,budget10,current_su,20,20,0,0,0.09878682842287695,0.0017543859649122805,0.1,56.9
A-DENSEUAV-VITS-001,DenseUAV,ViT-S-third-party,pooled,old_to_plain,east_to_west,,control,0.25,budget25,current_su,20,20,0,0,0.24956672443674177,0.02847222222222222,4.1,139.9
A-DENSEUAV-VITS-001,DenseUAV,ViT-S-third-party,pooled,old_to_plain,east_to_west,,control,0.25,budget50,current_su,20,20,0,0,0.49913344887348354,0.04809027777777778,13.85,274.15
A-DENSEUAV-VITS-001,DenseUAV,ViT-S-third-party,pooled,old_to_plain,east_to_west,,control,0.25,full_frozen,current_su,20,20,0,0,0.8331889081455806,0.15079865600849826,72.5,408.25
A-DENSEUAV-VITS-001,DenseUAV,ViT-S-third-party,pooled,old_to_plain,east_to_west,,control,0.25,matched,current_su,20,20,0,0,0.5713171577123051,0.05927521645300677,19.55,310.1
A-DENSEUAV-VITS-001,DenseUAV,ViT-S-third-party,pooled,old_to_plain,east_to_west,,control,0.25,budget10,current_su_guard,20,20,0,0,0.09878682842287695,0.0017543859649122805,0.1,56.9
A-DENSEUAV-VITS-001,DenseUAV,ViT-S-third-party,pooled,old_to_plain,east_to_west,,control,0.25,budget25,current_su_guard,20,20,0,0,0.24956672443674177,0.02847222222222222,4.1,139.9
A-DENSEUAV-VITS-001,DenseUAV,ViT-S-third-party,pooled,old_to_plain,east_to_west,,control,0.25,budget50,current_su_guard,20,20,0,0,0.49913344887348354,0.04809027777777778,13.85,274.15
A-DENSEUAV-VITS-001,DenseUAV,ViT-S-third-party,pooled,old_to_plain,east_to_west,,control,0.25,full_frozen,current_su_guard,20,20,0,0,0.8309358752166378,0.15047566270490645,72.15,407.3
A-DENSEUAV-VITS-001,DenseUAV,ViT-S-third-party,pooled,old_to_plain,east_to_west,,control,0.25,matched,current_su_guard,20,20,0,0,0.5720103986135182,0.05935006823147493,19.6,310.45
A-DENSEUAV-VITS-001,DenseUAV,ViT-S-third-party,pooled,old_to_plain,east_to_west,,control,0.25,budget10,old_su,20,20,0,0,0.09878682842287695,0.14035087719298245,8,49
A-DENSEUAV-VITS-001,DenseUAV,ViT-S-third-party,pooled,old_to_plain,east_to_west,,control,0.25,budget25,old_su,20,20,0,0,0.24956672443674177,0.14375000000000002,20.7,123.3
A-DENSEUAV-VITS-001,DenseUAV,ViT-S-third-party,pooled,old_to_plain,east_to_west,,control,0.25,budget50,old_su,20,20,0,0,0.49913344887348354,0.15833333333333333,45.6,242.4
A-DENSEUAV-VITS-001,DenseUAV,ViT-S-third-party,pooled,old_to_plain,east_to_west,,control,0.25,full_frozen,old_su,20,20,0,0,0.82842287694974,0.19759414225941424,94.45,383.55
A-DENSEUAV-VITS-001,DenseUAV,ViT-S-third-party,pooled,old_to_plain,east_to_west,,control,0.25,matched,old_su,20,20,0,0,0.0610051993067591,0.1754056795131846,6.15,29.05
A-DENSEUAV-VITS-001,DenseUAV,ViT-S-third-party,pooled,old_to_plain,east_to_west,,control,0.25,budget10,old_su_guard,20,20,0,0,0.09878682842287695,0.14035087719298245,8,49
A-DENSEUAV-VITS-001,DenseUAV,ViT-S-third-party,pooled,old_to_plain,east_to_west,,control,0.25,budget25,old_su_guard,20,20,0,0,0.24956672443674177,0.14375000000000002,20.7,123.3
A-DENSEUAV-VITS-001,DenseUAV,ViT-S-third-party,pooled,old_to_plain,east_to_west,,control,0.25,budget50,old_su_guard,20,20,0,0,0.49913344887348354,0.15833333333333333,45.6,242.4
A-DENSEUAV-VITS-001,DenseUAV,ViT-S-third-party,pooled,old_to_plain,east_to_west,,control,0.25,full_frozen,old_su_guard,20,20,0,0,0.827209705372617,0.19714804163013425,94.1,383.2
A-DENSEUAV-VITS-001,DenseUAV,ViT-S-third-party,pooled,old_to_plain,east_to_west,,control,0.25,matched,old_su_guard,20,20,0,0,0.0610051993067591,0.1754056795131846,6.15,29.05
A-DENSEUAV-VITS-001,DenseUAV,ViT-S-third-party,pooled,old_to_plain,east_to_west,,control,0.25,budget10,current_margin,20,20,0,0,0.09878682842287695,0.0,0,57
A-DENSEUAV-VITS-001,DenseUAV,ViT-S-third-party,pooled,old_to_plain,east_to_west,,control,0.25,budget25,current_margin,20,20,0,0,0.24956672443674177,0.0,0,144
A-DENSEUAV-VITS-001,DenseUAV,ViT-S-third-party,pooled,old_to_plain,east_to_west,,control,0.25,budget50,current_margin,20,20,0,0,0.49913344887348354,0.027777777777777776,8,280
A-DENSEUAV-VITS-001,DenseUAV,ViT-S-third-party,pooled,old_to_plain,east_to_west,,control,0.25,full_frozen,current_margin,20,20,0,0,0.8024263431542461,0.13552458362407954,62.75,400.25
A-DENSEUAV-VITS-001,DenseUAV,ViT-S-third-party,pooled,old_to_plain,east_to_west,,control,0.25,matched,current_margin,20,20,0,0,0.5505199306759099,0.046089186363753226,14.65,303
A-DENSEUAV-VITS-001,DenseUAV,ViT-S-third-party,pooled,old_to_plain,east_to_west,,control,0.25,budget10,current_margin_guard,20,20,0,0,0.09878682842287695,0.0,0,57
A-DENSEUAV-VITS-001,DenseUAV,ViT-S-third-party,pooled,old_to_plain,east_to_west,,control,0.25,budget25,current_margin_guard,20,20,0,0,0.24956672443674177,0.0,0,144
A-DENSEUAV-VITS-001,DenseUAV,ViT-S-third-party,pooled,old_to_plain,east_to_west,,control,0.25,budget50,current_margin_guard,20,20,0,0,0.49913344887348354,0.028645833333333332,8.25,279.75
A-DENSEUAV-VITS-001,DenseUAV,ViT-S-third-party,pooled,old_to_plain,east_to_west,,control,0.25,full_frozen,current_margin_guard,20,20,0,0,0.8000866551126516,0.13527070004146746,62.45,399.2
A-DENSEUAV-VITS-001,DenseUAV,ViT-S-third-party,pooled,old_to_plain,east_to_west,,control,0.25,matched,current_margin_guard,20,20,0,0,0.5521663778162912,0.046917517568170454,14.95,303.65
A-DENSEUAV-VITS-001,DenseUAV,ViT-S-third-party,pooled,old_to_plain,east_to_west,,control,0.25,budget10,old_margin_guard,20,20,0,0,0.09878682842287695,0.08771929824561403,5,52
A-DENSEUAV-VITS-001,DenseUAV,ViT-S-third-party,pooled,old_to_plain,east_to_west,,control,0.25,budget25,old_margin_guard,20,20,0,0,0.24956672443674177,0.15069444444444446,21.7,122.3
A-DENSEUAV-VITS-001,DenseUAV,ViT-S-third-party,pooled,old_to_plain,east_to_west,,control,0.25,budget50,old_margin_guard,20,20,0,0,0.49913344887348354,0.16180555555555556,46.6,241.4
A-DENSEUAV-VITS-001,DenseUAV,ViT-S-third-party,pooled,old_to_plain,east_to_west,,control,0.25,full_frozen,old_margin_guard,20,20,0,0,0.8012998266897747,0.20514582227144018,94.85,367.5
A-DENSEUAV-VITS-001,DenseUAV,ViT-S-third-party,pooled,old_to_plain,east_to_west,,control,0.25,matched,old_margin_guard,20,20,0,0,0.13925476603119585,0.140755772005772,11.35,69
A-DENSEUAV-VITS-001,DenseUAV,ViT-S-third-party,pooled,old_to_plain,east_to_west,,control,0.25,budget10,sq8_margin_guard,20,20,0,0,0.09878682842287695,0.0,0,57
A-DENSEUAV-VITS-001,DenseUAV,ViT-S-third-party,pooled,old_to_plain,east_to_west,,control,0.25,budget25,sq8_margin_guard,20,20,0,0,0.24956672443674177,0.0,0,144
A-DENSEUAV-VITS-001,DenseUAV,ViT-S-third-party,pooled,old_to_plain,east_to_west,,control,0.25,budget50,sq8_margin_guard,20,20,0,0,0.49913344887348354,0.028819444444444443,8.3,279.7
A-DENSEUAV-VITS-001,DenseUAV,ViT-S-third-party,pooled,old_to_plain,east_to_west,,control,0.25,full_frozen,sq8_margin_guard,20,20,0,0,0.800259965337955,0.13415935710773697,61.95,399.8
A-DENSEUAV-VITS-001,DenseUAV,ViT-S-third-party,pooled,old_to_plain,east_to_west,,control,0.25,matched,sq8_margin_guard,20,20,0,0,0.5606585788561526,0.04759439017761331,15.4,308.1
A-VILD-VISUAL-001/vild,ViLD-flight10,CAMP,pooled,same,none,100,full,0.0,budget50,current_su,1,1,0,0,0.5,0.9525839104954715,1788,89
A-VILD-VISUAL-001/vild,ViLD-flight10,CAMP,pooled,same,none,50,full,0.0,budget50,current_su,1,1,0,0,0.5,0.985082578582845,1849,28
A-VILD-VISUAL-001/vild,ViLD-flight10,CAMP,pooled,same,none,150,full,0.0,budget50,current_su,1,1,0,0,0.5,0.9062333510921684,1701,176
A-VILD-VISUAL-001/vild,ViLD-flight10,CAMP,pooled,same,none,100,full,0.0,full_frozen,current_su,1,0,1,1,0.0,,,
A-VILD-VISUAL-001/vild,ViLD-flight10,CAMP,pooled,same,none,50,full,0.0,full_frozen,current_su,1,0,1,1,0.0,,,
A-VILD-VISUAL-001/vild,ViLD-flight10,CAMP,pooled,same,none,150,full,0.0,full_frozen,current_su,1,0,1,1,0.0,,,
A-VILD-VISUAL-001/vild,ViLD-flight10,CAMP,pooled,same,none,100,full,0.0,matched,current_su,1,0,1,1,0.0,,,
A-VILD-VISUAL-001/vild,ViLD-flight10,CAMP,pooled,same,none,50,full,0.0,matched,current_su,1,0,1,1,0.0,,,
A-VILD-VISUAL-001/vild,ViLD-flight10,CAMP,pooled,same,none,150,full,0.0,matched,current_su,1,0,1,1,0.0,,,
A-VILD-VISUAL-001/vild,ViLD-flight10,CAMP,pooled,same,none,100,full,0.0,budget50,current_su_guard,1,1,0,0,0.5,0.9525839104954715,1788,89
A-VILD-VISUAL-001/vild,ViLD-flight10,CAMP,pooled,same,none,50,full,0.0,budget50,current_su_guard,1,1,0,0,0.5,0.985082578582845,1849,28
A-VILD-VISUAL-001/vild,ViLD-flight10,CAMP,pooled,same,none,150,full,0.0,budget50,current_su_guard,1,1,0,0,0.5,0.9062333510921684,1701,176
A-VILD-VISUAL-001/vild,ViLD-flight10,CAMP,pooled,same,none,100,full,0.0,full_frozen,current_su_guard,1,0,1,1,0.0,,,
A-VILD-VISUAL-001/vild,ViLD-flight10,CAMP,pooled,same,none,50,full,0.0,full_frozen,current_su_guard,1,0,1,1,0.0,,,
A-VILD-VISUAL-001/vild,ViLD-flight10,CAMP,pooled,same,none,150,full,0.0,full_frozen,current_su_guard,1,0,1,1,0.0,,,
A-VILD-VISUAL-001/vild,ViLD-flight10,CAMP,pooled,same,none,100,full,0.0,matched,current_su_guard,1,0,1,1,0.0,,,
A-VILD-VISUAL-001/vild,ViLD-flight10,CAMP,pooled,same,none,50,full,0.0,matched,current_su_guard,1,0,1,1,0.0,,,
A-VILD-VISUAL-001/vild,ViLD-flight10,CAMP,pooled,same,none,150,full,0.0,matched,current_su_guard,1,0,1,1,0.0,,,
A-VILD-VISUAL-001/vild,ViLD-flight10,CAMP,pooled,same,none,100,full,0.0,budget50,old_su_guard,1,1,0,0,0.5,0.9525839104954715,1788,89
A-VILD-VISUAL-001/vild,ViLD-flight10,CAMP,pooled,same,none,50,full,0.0,budget50,old_su_guard,1,1,0,0,0.5,0.985082578582845,1849,28
A-VILD-VISUAL-001/vild,ViLD-flight10,CAMP,pooled,same,none,150,full,0.0,budget50,old_su_guard,1,1,0,0,0.5,0.9062333510921684,1701,176
A-VILD-VISUAL-001/vild,ViLD-flight10,CAMP,pooled,same,none,100,full,0.0,full_frozen,old_su_guard,1,0,1,1,0.0,,,
A-VILD-VISUAL-001/vild,ViLD-flight10,CAMP,pooled,same,none,50,full,0.0,full_frozen,old_su_guard,1,0,1,1,0.0,,,
A-VILD-VISUAL-001/vild,ViLD-flight10,CAMP,pooled,same,none,150,full,0.0,full_frozen,old_su_guard,1,0,1,1,0.0,,,
A-VILD-VISUAL-001/vild,ViLD-flight10,CAMP,pooled,same,none,100,full,0.0,matched,old_su_guard,1,0,1,1,0.0,,,
A-VILD-VISUAL-001/vild,ViLD-flight10,CAMP,pooled,same,none,50,full,0.0,matched,old_su_guard,1,0,1,1,0.0,,,
A-VILD-VISUAL-001/vild,ViLD-flight10,CAMP,pooled,same,none,150,full,0.0,matched,old_su_guard,1,0,1,1,0.0,,,
A-VILD-VISUAL-001/vild,ViLD-flight10,CAMP,pooled,same,none,100,spatial,0.25,budget50,current_su,20,20,0,0,0.5,0.9600692594565796,1802.05,74.95
A-VILD-VISUAL-001/vild,ViLD-flight10,CAMP,pooled,same,none,50,spatial,0.25,budget50,current_su,20,20,0,0,0.5,0.9890516782099095,1856.45,20.55
A-VILD-VISUAL-001/vild,ViLD-flight10,CAMP,pooled,same,none,150,spatial,0.25,budget50,current_su,20,20,0,0,0.5,0.91848694725626,1724,153
A-VILD-VISUAL-001/vild,ViLD-flight10,CAMP,pooled,same,none,100,spatial,0.25,full_frozen,current_su,20,0,20,20,0.0,,,
A-VILD-VISUAL-001/vild,ViLD-flight10,CAMP,pooled,same,none,50,spatial,0.25,full_frozen,current_su,20,0,20,20,0.0,,,
A-VILD-VISUAL-001/vild,ViLD-flight10,CAMP,pooled,same,none,150,spatial,0.25,full_frozen,current_su,20,0,20,20,0.0,,,
A-VILD-VISUAL-001/vild,ViLD-flight10,CAMP,pooled,same,none,100,spatial,0.25,matched,current_su,20,0,20,20,0.0,,,
A-VILD-VISUAL-001/vild,ViLD-flight10,CAMP,pooled,same,none,50,spatial,0.25,matched,current_su,20,0,20,20,0.0,,,
A-VILD-VISUAL-001/vild,ViLD-flight10,CAMP,pooled,same,none,150,spatial,0.25,matched,current_su,20,0,20,20,0.0,,,
A-VILD-VISUAL-001/vild,ViLD-flight10,CAMP,pooled,same,none,100,spatial,0.25,budget50,current_su_guard,20,18,2,2,0.45,0.9554845202154739,1793.4444444444443,83.55555555555556
A-VILD-VISUAL-001/vild,ViLD-flight10,CAMP,pooled,same,none,50,spatial,0.25,budget50,current_su_guard,20,18,2,2,0.45,0.9853785591665187,1849.5555555555557,27.444444444444443
A-VILD-VISUAL-001/vild,ViLD-flight10,CAMP,pooled,same,none,150,spatial,0.25,budget50,current_su_guard,20,18,2,2,0.45,0.9147575919019713,1717,160
A-VILD-VISUAL-001/vild,ViLD-flight10,CAMP,pooled,same,none,100,spatial,0.25,full_frozen,current_su_guard,20,0,20,20,0.0,,,
A-VILD-VISUAL-001/vild,ViLD-flight10,CAMP,pooled,same,none,50,spatial,0.25,full_frozen,current_su_guard,20,0,20,20,0.0,,,
A-VILD-VISUAL-001/vild,ViLD-flight10,CAMP,pooled,same,none,150,spatial,0.25,full_frozen,current_su_guard,20,0,20,20,0.0,,,
A-VILD-VISUAL-001/vild,ViLD-flight10,CAMP,pooled,same,none,100,spatial,0.25,matched,current_su_guard,20,0,20,20,0.0,,,
A-VILD-VISUAL-001/vild,ViLD-flight10,CAMP,pooled,same,none,50,spatial,0.25,matched,current_su_guard,20,0,20,20,0.0,,,
A-VILD-VISUAL-001/vild,ViLD-flight10,CAMP,pooled,same,none,150,spatial,0.25,matched,current_su_guard,20,0,20,20,0.0,,,
A-VILD-VISUAL-001/vild,ViLD-flight10,CAMP,pooled,same,none,100,spatial,0.25,budget50,old_su_guard,20,18,2,2,0.45,0.9545077842893506,1791.611111111111,85.38888888888889
A-VILD-VISUAL-001/vild,ViLD-flight10,CAMP,pooled,same,none,50,spatial,0.25,budget50,old_su_guard,20,18,2,2,0.45,0.9845202154738649,1847.9444444444443,29.055555555555557
A-VILD-VISUAL-001/vild,ViLD-flight10,CAMP,pooled,same,none,150,spatial,0.25,budget50,old_su_guard,20,18,2,2,0.45,0.9134552773338069,1714.5555555555557,162.44444444444446
A-VILD-VISUAL-001/vild,ViLD-flight10,CAMP,pooled,same,none,100,spatial,0.25,full_frozen,old_su_guard,20,0,20,20,0.0,,,
A-VILD-VISUAL-001/vild,ViLD-flight10,CAMP,pooled,same,none,50,spatial,0.25,full_frozen,old_su_guard,20,0,20,20,0.0,,,
A-VILD-VISUAL-001/vild,ViLD-flight10,CAMP,pooled,same,none,150,spatial,0.25,full_frozen,old_su_guard,20,0,20,20,0.0,,,
A-VILD-VISUAL-001/vild,ViLD-flight10,CAMP,pooled,same,none,100,spatial,0.25,matched,old_su_guard,20,0,20,20,0.0,,,
A-VILD-VISUAL-001/vild,ViLD-flight10,CAMP,pooled,same,none,50,spatial,0.25,matched,old_su_guard,20,0,20,20,0.0,,,
A-VILD-VISUAL-001/vild,ViLD-flight10,CAMP,pooled,same,none,150,spatial,0.25,matched,old_su_guard,20,0,20,20,0.0,,,
A-VILD-VISUAL-001/vild,ViLD-flight10,CAMP,pooled,same,none,100,matched_random,0.25,budget50,current_su,20,20,0,0,0.5,0.9547416089504529,1792.05,84.95
A-VILD-VISUAL-001/vild,ViLD-flight10,CAMP,pooled,same,none,50,matched_random,0.25,budget50,current_su,20,20,0,0,0.5,0.9854555141182738,1849.7,27.3
A-VILD-VISUAL-001/vild,ViLD-flight10,CAMP,pooled,same,none,150,matched_random,0.25,budget50,current_su,20,20,0,0,0.5,0.9127064464571124,1713.15,163.85
A-VILD-VISUAL-001/vild,ViLD-flight10,CAMP,pooled,same,none,100,matched_random,0.25,full_frozen,current_su,20,0,20,20,0.0,,,
A-VILD-VISUAL-001/vild,ViLD-flight10,CAMP,pooled,same,none,50,matched_random,0.25,full_frozen,current_su,20,0,20,20,0.0,,,
A-VILD-VISUAL-001/vild,ViLD-flight10,CAMP,pooled,same,none,150,matched_random,0.25,full_frozen,current_su,20,0,20,20,0.0,,,
A-VILD-VISUAL-001/vild,ViLD-flight10,CAMP,pooled,same,none,100,matched_random,0.25,matched,current_su,20,0,20,20,0.0,,,
A-VILD-VISUAL-001/vild,ViLD-flight10,CAMP,pooled,same,none,50,matched_random,0.25,matched,current_su,20,0,20,20,0.0,,,
A-VILD-VISUAL-001/vild,ViLD-flight10,CAMP,pooled,same,none,150,matched_random,0.25,matched,current_su,20,0,20,20,0.0,,,
A-VILD-VISUAL-001/vild,ViLD-flight10,CAMP,pooled,same,none,100,matched_random,0.25,budget50,current_su_guard,20,20,0,0,0.5,0.9511987213638785,1785.4,91.6
A-VILD-VISUAL-001/vild,ViLD-flight10,CAMP,pooled,same,none,50,matched_random,0.25,budget50,current_su_guard,20,20,0,0,0.5,0.9825785828449654,1844.3,32.7
A-VILD-VISUAL-001/vild,ViLD-flight10,CAMP,pooled,same,none,150,matched_random,0.25,budget50,current_su_guard,20,20,0,0,0.5,0.910042621204049,1708.15,168.85
A-VILD-VISUAL-001/vild,ViLD-flight10,CAMP,pooled,same,none,100,matched_random,0.25,full_frozen,current_su_guard,20,0,20,20,0.0,,,
A-VILD-VISUAL-001/vild,ViLD-flight10,CAMP,pooled,same,none,50,matched_random,0.25,full_frozen,current_su_guard,20,0,20,20,0.0,,,
A-VILD-VISUAL-001/vild,ViLD-flight10,CAMP,pooled,same,none,150,matched_random,0.25,full_frozen,current_su_guard,20,0,20,20,0.0,,,
A-VILD-VISUAL-001/vild,ViLD-flight10,CAMP,pooled,same,none,100,matched_random,0.25,matched,current_su_guard,20,0,20,20,0.0,,,
A-VILD-VISUAL-001/vild,ViLD-flight10,CAMP,pooled,same,none,50,matched_random,0.25,matched,current_su_guard,20,0,20,20,0.0,,,
A-VILD-VISUAL-001/vild,ViLD-flight10,CAMP,pooled,same,none,150,matched_random,0.25,matched,current_su_guard,20,0,20,20,0.0,,,
A-VILD-VISUAL-001/vild,ViLD-flight10,CAMP,pooled,same,none,100,matched_random,0.25,budget50,old_su_guard,20,20,0,0,0.5,0.9511188066062867,1785.25,91.75
A-VILD-VISUAL-001/vild,ViLD-flight10,CAMP,pooled,same,none,50,matched_random,0.25,budget50,old_su_guard,20,20,0,0,0.5,0.9823654768247203,1843.9,33.1
A-VILD-VISUAL-001/vild,ViLD-flight10,CAMP,pooled,same,none,150,matched_random,0.25,budget50,old_su_guard,20,20,0,0,0.5,0.9091901971230687,1706.55,170.45
A-VILD-VISUAL-001/vild,ViLD-flight10,CAMP,pooled,same,none,100,matched_random,0.25,full_frozen,old_su_guard,20,0,20,20,0.0,,,
A-VILD-VISUAL-001/vild,ViLD-flight10,CAMP,pooled,same,none,50,matched_random,0.25,full_frozen,old_su_guard,20,0,20,20,0.0,,,
A-VILD-VISUAL-001/vild,ViLD-flight10,CAMP,pooled,same,none,150,matched_random,0.25,full_frozen,old_su_guard,20,0,20,20,0.0,,,
A-VILD-VISUAL-001/vild,ViLD-flight10,CAMP,pooled,same,none,100,matched_random,0.25,matched,old_su_guard,20,0,20,20,0.0,,,
A-VILD-VISUAL-001/vild,ViLD-flight10,CAMP,pooled,same,none,50,matched_random,0.25,matched,old_su_guard,20,0,20,20,0.0,,,
A-VILD-VISUAL-001/vild,ViLD-flight10,CAMP,pooled,same,none,150,matched_random,0.25,matched,old_su_guard,20,0,20,20,0.0,,,
A-VILD-VISUAL-001/vild,ViLD-flight10,CAMP,pooled,same,none,100,spatial,0.5,budget50,current_su,20,20,0,0,0.5,0.9659829515183804,1813.15,63.85
A-VILD-VISUAL-001/vild,ViLD-flight10,CAMP,pooled,same,none,50,spatial,0.5,budget50,current_su,20,20,0,0,0.5,0.9919818859882792,1861.95,15.05
A-VILD-VISUAL-001/vild,ViLD-flight10,CAMP,pooled,same,none,150,spatial,0.5,budget50,current_su,20,20,0,0,0.5,0.9237080447522642,1733.8,143.2
A-VILD-VISUAL-001/vild,ViLD-flight10,CAMP,pooled,same,none,100,spatial,0.5,full_frozen,current_su,20,0,20,20,0.0,,,
A-VILD-VISUAL-001/vild,ViLD-flight10,CAMP,pooled,same,none,50,spatial,0.5,full_frozen,current_su,20,0,20,20,0.0,,,
A-VILD-VISUAL-001/vild,ViLD-flight10,CAMP,pooled,same,none,150,spatial,0.5,full_frozen,current_su,20,0,20,20,0.0,,,
A-VILD-VISUAL-001/vild,ViLD-flight10,CAMP,pooled,same,none,100,spatial,0.5,matched,current_su,20,0,20,20,0.0,,,
A-VILD-VISUAL-001/vild,ViLD-flight10,CAMP,pooled,same,none,50,spatial,0.5,matched,current_su,20,0,20,20,0.0,,,
A-VILD-VISUAL-001/vild,ViLD-flight10,CAMP,pooled,same,none,150,spatial,0.5,matched,current_su,20,0,20,20,0.0,,,
A-VILD-VISUAL-001/vild,ViLD-flight10,CAMP,pooled,same,none,100,spatial,0.5,budget50,current_su_guard,20,11,9,9,0.275,0.9537463069695356,1790.1818181818182,86.81818181818181
A-VILD-VISUAL-001/vild,ViLD-flight10,CAMP,pooled,same,none,50,spatial,0.5,budget50,current_su_guard,20,11,9,9,0.275,0.9842592144137163,1847.4545454545455,29.545454545454547
A-VILD-VISUAL-001/vild,ViLD-flight10,CAMP,pooled,same,none,150,spatial,0.5,budget50,current_su_guard,20,11,9,9,0.275,0.9141763936649392,1715.909090909091,161.0909090909091
A-VILD-VISUAL-001/vild,ViLD-flight10,CAMP,pooled,same,none,100,spatial,0.5,full_frozen,current_su_guard,20,0,20,20,0.0,,,
A-VILD-VISUAL-001/vild,ViLD-flight10,CAMP,pooled,same,none,50,spatial,0.5,full_frozen,current_su_guard,20,0,20,20,0.0,,,
A-VILD-VISUAL-001/vild,ViLD-flight10,CAMP,pooled,same,none,150,spatial,0.5,full_frozen,current_su_guard,20,0,20,20,0.0,,,
A-VILD-VISUAL-001/vild,ViLD-flight10,CAMP,pooled,same,none,100,spatial,0.5,matched,current_su_guard,20,0,20,20,0.0,,,
A-VILD-VISUAL-001/vild,ViLD-flight10,CAMP,pooled,same,none,50,spatial,0.5,matched,current_su_guard,20,0,20,20,0.0,,,
A-VILD-VISUAL-001/vild,ViLD-flight10,CAMP,pooled,same,none,150,spatial,0.5,matched,current_su_guard,20,0,20,20,0.0,,,
A-VILD-VISUAL-001/vild,ViLD-flight10,CAMP,pooled,same,none,100,spatial,0.5,budget50,old_su_guard,20,11,9,9,0.275,0.9527292100547294,1788.2727272727273,88.72727272727273
A-VILD-VISUAL-001/vild,ViLD-flight10,CAMP,pooled,same,none,50,spatial,0.5,budget50,old_su_guard,20,11,9,9,0.275,0.9835811498038456,1846.1818181818182,30.818181818181817
A-VILD-VISUAL-001/vild,ViLD-flight10,CAMP,pooled,same,none,150,spatial,0.5,budget50,old_su_guard,20,11,9,9,0.275,0.9126749648859398,1713.090909090909,163.9090909090909
A-VILD-VISUAL-001/vild,ViLD-flight10,CAMP,pooled,same,none,100,spatial,0.5,full_frozen,old_su_guard,20,0,20,20,0.0,,,
A-VILD-VISUAL-001/vild,ViLD-flight10,CAMP,pooled,same,none,50,spatial,0.5,full_frozen,old_su_guard,20,0,20,20,0.0,,,
A-VILD-VISUAL-001/vild,ViLD-flight10,CAMP,pooled,same,none,150,spatial,0.5,full_frozen,old_su_guard,20,0,20,20,0.0,,,
A-VILD-VISUAL-001/vild,ViLD-flight10,CAMP,pooled,same,none,100,spatial,0.5,matched,old_su_guard,20,0,20,20,0.0,,,
A-VILD-VISUAL-001/vild,ViLD-flight10,CAMP,pooled,same,none,50,spatial,0.5,matched,old_su_guard,20,0,20,20,0.0,,,
A-VILD-VISUAL-001/vild,ViLD-flight10,CAMP,pooled,same,none,150,spatial,0.5,matched,old_su_guard,20,0,20,20,0.0,,,
A-VILD-VISUAL-001/vild,ViLD-flight10,CAMP,pooled,same,none,100,matched_random,0.5,budget50,current_su,20,20,0,0,0.5,0.9519445924347363,1786.8,90.2
A-VILD-VISUAL-001/vild,ViLD-flight10,CAMP,pooled,same,none,50,matched_random,0.5,budget50,current_su,20,20,0,0,0.5,0.9854288758657432,1849.65,27.35
A-VILD-VISUAL-001/vild,ViLD-flight10,CAMP,pooled,same,none,150,matched_random,0.5,budget50,current_su,20,20,0,0,0.5,0.9090836441129462,1706.35,170.65
A-VILD-VISUAL-001/vild,ViLD-flight10,CAMP,pooled,same,none,100,matched_random,0.5,full_frozen,current_su,20,0,20,20,0.0,,,
A-VILD-VISUAL-001/vild,ViLD-flight10,CAMP,pooled,same,none,50,matched_random,0.5,full_frozen,current_su,20,0,20,20,0.0,,,
A-VILD-VISUAL-001/vild,ViLD-flight10,CAMP,pooled,same,none,150,matched_random,0.5,full_frozen,current_su,20,0,20,20,0.0,,,
A-VILD-VISUAL-001/vild,ViLD-flight10,CAMP,pooled,same,none,100,matched_random,0.5,matched,current_su,20,0,20,20,0.0,,,
A-VILD-VISUAL-001/vild,ViLD-flight10,CAMP,pooled,same,none,50,matched_random,0.5,matched,current_su,20,0,20,20,0.0,,,
A-VILD-VISUAL-001/vild,ViLD-flight10,CAMP,pooled,same,none,150,matched_random,0.5,matched,current_su,20,0,20,20,0.0,,,
A-VILD-VISUAL-001/vild,ViLD-flight10,CAMP,pooled,same,none,100,matched_random,0.5,budget50,current_su_guard,20,11,9,9,0.275,0.9490967210732794,1781.4545454545455,95.54545454545455
A-VILD-VISUAL-001/vild,ViLD-flight10,CAMP,pooled,same,none,50,matched_random,0.5,budget50,current_su_guard,20,11,9,9,0.275,0.9837748825495229,1846.5454545454545,30.454545454545453
A-VILD-VISUAL-001/vild,ViLD-flight10,CAMP,pooled,same,none,150,matched_random,0.5,budget50,current_su_guard,20,11,9,9,0.275,0.9071051484477164,1702.6363636363637,174.36363636363637
A-VILD-VISUAL-001/vild,ViLD-flight10,CAMP,pooled,same,none,100,matched_random,0.5,full_frozen,current_su_guard,20,0,20,20,0.0,,,
A-VILD-VISUAL-001/vild,ViLD-flight10,CAMP,pooled,same,none,50,matched_random,0.5,full_frozen,current_su_guard,20,0,20,20,0.0,,,
A-VILD-VISUAL-001/vild,ViLD-flight10,CAMP,pooled,same,none,150,matched_random,0.5,full_frozen,current_su_guard,20,0,20,20,0.0,,,
A-VILD-VISUAL-001/vild,ViLD-flight10,CAMP,pooled,same,none,100,matched_random,0.5,matched,current_su_guard,20,0,20,20,0.0,,,
A-VILD-VISUAL-001/vild,ViLD-flight10,CAMP,pooled,same,none,50,matched_random,0.5,matched,current_su_guard,20,0,20,20,0.0,,,
A-VILD-VISUAL-001/vild,ViLD-flight10,CAMP,pooled,same,none,150,matched_random,0.5,matched,current_su_guard,20,0,20,20,0.0,,,
A-VILD-VISUAL-001/vild,ViLD-flight10,CAMP,pooled,same,none,100,matched_random,0.5,budget50,old_su_guard,20,11,9,9,0.275,0.9492904538189567,1781.8181818181818,95.18181818181819
A-VILD-VISUAL-001/vild,ViLD-flight10,CAMP,pooled,same,none,50,matched_random,0.5,budget50,old_su_guard,20,11,9,9,0.275,0.9834842834310069,1846,31
A-VILD-VISUAL-001/vild,ViLD-flight10,CAMP,pooled,same,none,150,matched_random,0.5,budget50,old_su_guard,20,11,9,9,0.275,0.9073957475662324,1703.1818181818182,173.8181818181818
A-VILD-VISUAL-001/vild,ViLD-flight10,CAMP,pooled,same,none,100,matched_random,0.5,full_frozen,old_su_guard,20,0,20,20,0.0,,,
A-VILD-VISUAL-001/vild,ViLD-flight10,CAMP,pooled,same,none,50,matched_random,0.5,full_frozen,old_su_guard,20,0,20,20,0.0,,,
A-VILD-VISUAL-001/vild,ViLD-flight10,CAMP,pooled,same,none,150,matched_random,0.5,full_frozen,old_su_guard,20,0,20,20,0.0,,,
A-VILD-VISUAL-001/vild,ViLD-flight10,CAMP,pooled,same,none,100,matched_random,0.5,matched,old_su_guard,20,0,20,20,0.0,,,
A-VILD-VISUAL-001/vild,ViLD-flight10,CAMP,pooled,same,none,50,matched_random,0.5,matched,old_su_guard,20,0,20,20,0.0,,,
A-VILD-VISUAL-001/vild,ViLD-flight10,CAMP,pooled,same,none,150,matched_random,0.5,matched,old_su_guard,20,0,20,20,0.0,,,
A-VILD-VISUAL-001/vild_09,ViLD-flight09,CAMP,pooled,same,none,100,full,0.0,budget50,current_su,1,1,0,0,0.5,0.968138068370395,5834,192
A-VILD-VISUAL-001/vild_09,ViLD-flight09,CAMP,pooled,same,none,50,full,0.0,budget50,current_su,1,1,0,0,0.5,0.9915366744108861,5975,51
A-VILD-VISUAL-001/vild_09,ViLD-flight09,CAMP,pooled,same,none,150,full,0.0,budget50,current_su,1,1,0,0,0.5,0.9341188184533687,5629,397
A-VILD-VISUAL-001/vild_09,ViLD-flight09,CAMP,pooled,same,none,100,full,0.0,full_frozen,current_su,1,0,1,1,0.0,,,
A-VILD-VISUAL-001/vild_09,ViLD-flight09,CAMP,pooled,same,none,50,full,0.0,full_frozen,current_su,1,0,1,1,0.0,,,
A-VILD-VISUAL-001/vild_09,ViLD-flight09,CAMP,pooled,same,none,150,full,0.0,full_frozen,current_su,1,0,1,1,0.0,,,
A-VILD-VISUAL-001/vild_09,ViLD-flight09,CAMP,pooled,same,none,100,full,0.0,matched,current_su,1,0,1,1,0.0,,,
A-VILD-VISUAL-001/vild_09,ViLD-flight09,CAMP,pooled,same,none,50,full,0.0,matched,current_su,1,0,1,1,0.0,,,
A-VILD-VISUAL-001/vild_09,ViLD-flight09,CAMP,pooled,same,none,150,full,0.0,matched,current_su,1,0,1,1,0.0,,,
A-VILD-VISUAL-001/vild_09,ViLD-flight09,CAMP,pooled,same,none,100,full,0.0,budget50,current_su_guard,1,1,0,0,0.5,0.968138068370395,5834,192
A-VILD-VISUAL-001/vild_09,ViLD-flight09,CAMP,pooled,same,none,50,full,0.0,budget50,current_su_guard,1,1,0,0,0.5,0.9915366744108861,5975,51
A-VILD-VISUAL-001/vild_09,ViLD-flight09,CAMP,pooled,same,none,150,full,0.0,budget50,current_su_guard,1,1,0,0,0.5,0.9341188184533687,5629,397
A-VILD-VISUAL-001/vild_09,ViLD-flight09,CAMP,pooled,same,none,100,full,0.0,full_frozen,current_su_guard,1,0,1,1,0.0,,,
A-VILD-VISUAL-001/vild_09,ViLD-flight09,CAMP,pooled,same,none,50,full,0.0,full_frozen,current_su_guard,1,0,1,1,0.0,,,
A-VILD-VISUAL-001/vild_09,ViLD-flight09,CAMP,pooled,same,none,150,full,0.0,full_frozen,current_su_guard,1,0,1,1,0.0,,,
A-VILD-VISUAL-001/vild_09,ViLD-flight09,CAMP,pooled,same,none,100,full,0.0,matched,current_su_guard,1,0,1,1,0.0,,,
A-VILD-VISUAL-001/vild_09,ViLD-flight09,CAMP,pooled,same,none,50,full,0.0,matched,current_su_guard,1,0,1,1,0.0,,,
A-VILD-VISUAL-001/vild_09,ViLD-flight09,CAMP,pooled,same,none,150,full,0.0,matched,current_su_guard,1,0,1,1,0.0,,,
A-VILD-VISUAL-001/vild_09,ViLD-flight09,CAMP,pooled,same,none,100,full,0.0,budget50,old_su_guard,1,1,0,0,0.5,0.968138068370395,5834,192
A-VILD-VISUAL-001/vild_09,ViLD-flight09,CAMP,pooled,same,none,50,full,0.0,budget50,old_su_guard,1,1,0,0,0.5,0.9915366744108861,5975,51
A-VILD-VISUAL-001/vild_09,ViLD-flight09,CAMP,pooled,same,none,150,full,0.0,budget50,old_su_guard,1,1,0,0,0.5,0.9341188184533687,5629,397
A-VILD-VISUAL-001/vild_09,ViLD-flight09,CAMP,pooled,same,none,100,full,0.0,full_frozen,old_su_guard,1,0,1,1,0.0,,,
A-VILD-VISUAL-001/vild_09,ViLD-flight09,CAMP,pooled,same,none,50,full,0.0,full_frozen,old_su_guard,1,0,1,1,0.0,,,
A-VILD-VISUAL-001/vild_09,ViLD-flight09,CAMP,pooled,same,none,150,full,0.0,full_frozen,old_su_guard,1,0,1,1,0.0,,,
A-VILD-VISUAL-001/vild_09,ViLD-flight09,CAMP,pooled,same,none,100,full,0.0,matched,old_su_guard,1,0,1,1,0.0,,,
A-VILD-VISUAL-001/vild_09,ViLD-flight09,CAMP,pooled,same,none,50,full,0.0,matched,old_su_guard,1,0,1,1,0.0,,,
A-VILD-VISUAL-001/vild_09,ViLD-flight09,CAMP,pooled,same,none,150,full,0.0,matched,old_su_guard,1,0,1,1,0.0,,,
A-VILD-VISUAL-001/vild_09,ViLD-flight09,CAMP,pooled,same,none,100,spatial,0.25,budget50,current_su,20,20,0,0,0.5,0.9692665117822767,5840.8,185.2
A-VILD-VISUAL-001/vild_09,ViLD-flight09,CAMP,pooled,same,none,50,spatial,0.25,budget50,current_su,20,20,0,0,0.5,0.9922336541652838,5979.2,46.8
A-VILD-VISUAL-001/vild_09,ViLD-flight09,CAMP,pooled,same,none,150,spatial,0.25,budget50,current_su,20,20,0,0,0.5,0.9358280783272486,5639.3,386.7
A-VILD-VISUAL-001/vild_09,ViLD-flight09,CAMP,pooled,same,none,100,spatial,0.25,full_frozen,current_su,20,0,20,20,0.0,,,
A-VILD-VISUAL-001/vild_09,ViLD-flight09,CAMP,pooled,same,none,50,spatial,0.25,full_frozen,current_su,20,0,20,20,0.0,,,
A-VILD-VISUAL-001/vild_09,ViLD-flight09,CAMP,pooled,same,none,150,spatial,0.25,full_frozen,current_su,20,0,20,20,0.0,,,
A-VILD-VISUAL-001/vild_09,ViLD-flight09,CAMP,pooled,same,none,100,spatial,0.25,matched,current_su,20,0,20,20,0.0,,,
A-VILD-VISUAL-001/vild_09,ViLD-flight09,CAMP,pooled,same,none,50,spatial,0.25,matched,current_su,20,0,20,20,0.0,,,
A-VILD-VISUAL-001/vild_09,ViLD-flight09,CAMP,pooled,same,none,150,spatial,0.25,matched,current_su,20,0,20,20,0.0,,,
A-VILD-VISUAL-001/vild_09,ViLD-flight09,CAMP,pooled,same,none,100,spatial,0.25,budget50,current_su_guard,20,20,0,0,0.5,0.9694656488549618,5842,184
A-VILD-VISUAL-001/vild_09,ViLD-flight09,CAMP,pooled,same,none,50,spatial,0.25,budget50,current_su_guard,20,20,0,0,0.5,0.9917441088615997,5976.25,49.75
A-VILD-VISUAL-001/vild_09,ViLD-flight09,CAMP,pooled,same,none,150,spatial,0.25,budget50,current_su_guard,20,20,0,0,0.5,0.9369814138732161,5646.25,379.75
A-VILD-VISUAL-001/vild_09,ViLD-flight09,CAMP,pooled,same,none,100,spatial,0.25,full_frozen,current_su_guard,20,0,20,20,0.0,,,
A-VILD-VISUAL-001/vild_09,ViLD-flight09,CAMP,pooled,same,none,50,spatial,0.25,full_frozen,current_su_guard,20,0,20,20,0.0,,,
A-VILD-VISUAL-001/vild_09,ViLD-flight09,CAMP,pooled,same,none,150,spatial,0.25,full_frozen,current_su_guard,20,0,20,20,0.0,,,
A-VILD-VISUAL-001/vild_09,ViLD-flight09,CAMP,pooled,same,none,100,spatial,0.25,matched,current_su_guard,20,0,20,20,0.0,,,
A-VILD-VISUAL-001/vild_09,ViLD-flight09,CAMP,pooled,same,none,50,spatial,0.25,matched,current_su_guard,20,0,20,20,0.0,,,
A-VILD-VISUAL-001/vild_09,ViLD-flight09,CAMP,pooled,same,none,150,spatial,0.25,matched,current_su_guard,20,0,20,20,0.0,,,
A-VILD-VISUAL-001/vild_09,ViLD-flight09,CAMP,pooled,same,none,100,spatial,0.25,budget50,old_su_guard,20,20,0,0,0.5,0.969515433123133,5842.3,183.7
A-VILD-VISUAL-001/vild_09,ViLD-flight09,CAMP,pooled,same,none,50,spatial,0.25,budget50,old_su_guard,20,20,0,0,0.5,0.9918353800199137,5976.8,49.2
A-VILD-VISUAL-001/vild_09,ViLD-flight09,CAMP,pooled,same,none,150,spatial,0.25,budget50,old_su_guard,20,20,0,0,0.5,0.9371556588118155,5647.3,378.7
A-VILD-VISUAL-001/vild_09,ViLD-flight09,CAMP,pooled,same,none,100,spatial,0.25,full_frozen,old_su_guard,20,0,20,20,0.0,,,
A-VILD-VISUAL-001/vild_09,ViLD-flight09,CAMP,pooled,same,none,50,spatial,0.25,full_frozen,old_su_guard,20,0,20,20,0.0,,,
A-VILD-VISUAL-001/vild_09,ViLD-flight09,CAMP,pooled,same,none,150,spatial,0.25,full_frozen,old_su_guard,20,0,20,20,0.0,,,
A-VILD-VISUAL-001/vild_09,ViLD-flight09,CAMP,pooled,same,none,100,spatial,0.25,matched,old_su_guard,20,0,20,20,0.0,,,
A-VILD-VISUAL-001/vild_09,ViLD-flight09,CAMP,pooled,same,none,50,spatial,0.25,matched,old_su_guard,20,0,20,20,0.0,,,
A-VILD-VISUAL-001/vild_09,ViLD-flight09,CAMP,pooled,same,none,150,spatial,0.25,matched,old_su_guard,20,0,20,20,0.0,,,
A-VILD-VISUAL-001/vild_09,ViLD-flight09,CAMP,pooled,same,none,100,matched_random,0.25,budget50,current_su,20,20,0,0,0.5,0.9687769664785928,5837.85,188.15
A-VILD-VISUAL-001/vild_09,ViLD-flight09,CAMP,pooled,same,none,50,matched_random,0.25,budget50,current_su,20,20,0,0,0.5,0.9925157650182542,5980.9,45.1
A-VILD-VISUAL-001/vild_09,ViLD-flight09,CAMP,pooled,same,none,150,matched_random,0.25,budget50,current_su,20,20,0,0,0.5,0.9339777630268835,5628.15,397.85
A-VILD-VISUAL-001/vild_09,ViLD-flight09,CAMP,pooled,same,none,100,matched_random,0.25,full_frozen,current_su,20,0,20,20,0.0,,,
A-VILD-VISUAL-001/vild_09,ViLD-flight09,CAMP,pooled,same,none,50,matched_random,0.25,full_frozen,current_su,20,0,20,20,0.0,,,
A-VILD-VISUAL-001/vild_09,ViLD-flight09,CAMP,pooled,same,none,150,matched_random,0.25,full_frozen,current_su,20,0,20,20,0.0,,,
A-VILD-VISUAL-001/vild_09,ViLD-flight09,CAMP,pooled,same,none,100,matched_random,0.25,matched,current_su,20,0,20,20,0.0,,,
A-VILD-VISUAL-001/vild_09,ViLD-flight09,CAMP,pooled,same,none,50,matched_random,0.25,matched,current_su,20,0,20,20,0.0,,,
A-VILD-VISUAL-001/vild_09,ViLD-flight09,CAMP,pooled,same,none,150,matched_random,0.25,matched,current_su,20,0,20,20,0.0,,,
A-VILD-VISUAL-001/vild_09,ViLD-flight09,CAMP,pooled,same,none,100,matched_random,0.25,budget50,current_su_guard,20,20,0,0,0.5,0.9692831065383338,5840.9,185.1
A-VILD-VISUAL-001/vild_09,ViLD-flight09,CAMP,pooled,same,none,50,matched_random,0.25,budget50,current_su_guard,20,20,0,0,0.5,0.991993030202456,5977.75,48.25
A-VILD-VISUAL-001/vild_09,ViLD-flight09,CAMP,pooled,same,none,150,matched_random,0.25,budget50,current_su_guard,20,20,0,0,0.5,0.9361931629605045,5641.5,384.5
A-VILD-VISUAL-001/vild_09,ViLD-flight09,CAMP,pooled,same,none,100,matched_random,0.25,full_frozen,current_su_guard,20,0,20,20,0.0,,,
A-VILD-VISUAL-001/vild_09,ViLD-flight09,CAMP,pooled,same,none,50,matched_random,0.25,full_frozen,current_su_guard,20,0,20,20,0.0,,,
A-VILD-VISUAL-001/vild_09,ViLD-flight09,CAMP,pooled,same,none,150,matched_random,0.25,full_frozen,current_su_guard,20,0,20,20,0.0,,,
A-VILD-VISUAL-001/vild_09,ViLD-flight09,CAMP,pooled,same,none,100,matched_random,0.25,matched,current_su_guard,20,0,20,20,0.0,,,
A-VILD-VISUAL-001/vild_09,ViLD-flight09,CAMP,pooled,same,none,50,matched_random,0.25,matched,current_su_guard,20,0,20,20,0.0,,,
A-VILD-VISUAL-001/vild_09,ViLD-flight09,CAMP,pooled,same,none,150,matched_random,0.25,matched,current_su_guard,20,0,20,20,0.0,,,
A-VILD-VISUAL-001/vild_09,ViLD-flight09,CAMP,pooled,same,none,100,matched_random,0.25,budget50,old_su_guard,20,20,0,0,0.5,0.9692831065383338,5840.9,185.1
A-VILD-VISUAL-001/vild_09,ViLD-flight09,CAMP,pooled,same,none,50,matched_random,0.25,budget50,old_su_guard,20,20,0,0,0.5,0.9919515433123133,5977.5,48.5
A-VILD-VISUAL-001/vild_09,ViLD-flight09,CAMP,pooled,same,none,150,matched_random,0.25,budget50,old_su_guard,20,20,0,0,0.5,0.9361018918021905,5640.95,385.05
A-VILD-VISUAL-001/vild_09,ViLD-flight09,CAMP,pooled,same,none,100,matched_random,0.25,full_frozen,old_su_guard,20,0,20,20,0.0,,,
A-VILD-VISUAL-001/vild_09,ViLD-flight09,CAMP,pooled,same,none,50,matched_random,0.25,full_frozen,old_su_guard,20,0,20,20,0.0,,,
A-VILD-VISUAL-001/vild_09,ViLD-flight09,CAMP,pooled,same,none,150,matched_random,0.25,full_frozen,old_su_guard,20,0,20,20,0.0,,,
A-VILD-VISUAL-001/vild_09,ViLD-flight09,CAMP,pooled,same,none,100,matched_random,0.25,matched,old_su_guard,20,0,20,20,0.0,,,
A-VILD-VISUAL-001/vild_09,ViLD-flight09,CAMP,pooled,same,none,50,matched_random,0.25,matched,old_su_guard,20,0,20,20,0.0,,,
A-VILD-VISUAL-001/vild_09,ViLD-flight09,CAMP,pooled,same,none,150,matched_random,0.25,matched,old_su_guard,20,0,20,20,0.0,,,
A-VILD-VISUAL-001/vild_09,ViLD-flight09,CAMP,pooled,same,none,100,spatial,0.5,budget50,current_su,20,20,0,0,0.5,0.9733405243942914,5865.35,160.65
A-VILD-VISUAL-001/vild_09,ViLD-flight09,CAMP,pooled,same,none,50,spatial,0.5,budget50,current_su,20,20,0,0,0.5,0.9937437769664786,5988.3,37.7
A-VILD-VISUAL-001/vild_09,ViLD-flight09,CAMP,pooled,same,none,150,spatial,0.5,budget50,current_su,20,20,0,0,0.5,0.9413458347162297,5672.55,353.45
A-VILD-VISUAL-001/vild_09,ViLD-flight09,CAMP,pooled,same,none,100,spatial,0.5,full_frozen,current_su,20,0,20,20,0.0,,,
A-VILD-VISUAL-001/vild_09,ViLD-flight09,CAMP,pooled,same,none,50,spatial,0.5,full_frozen,current_su,20,0,20,20,0.0,,,
A-VILD-VISUAL-001/vild_09,ViLD-flight09,CAMP,pooled,same,none,150,spatial,0.5,full_frozen,current_su,20,0,20,20,0.0,,,
A-VILD-VISUAL-001/vild_09,ViLD-flight09,CAMP,pooled,same,none,100,spatial,0.5,matched,current_su,20,0,20,20,0.0,,,
A-VILD-VISUAL-001/vild_09,ViLD-flight09,CAMP,pooled,same,none,50,spatial,0.5,matched,current_su,20,0,20,20,0.0,,,
A-VILD-VISUAL-001/vild_09,ViLD-flight09,CAMP,pooled,same,none,150,spatial,0.5,matched,current_su,20,0,20,20,0.0,,,
A-VILD-VISUAL-001/vild_09,ViLD-flight09,CAMP,pooled,same,none,100,spatial,0.5,budget50,current_su_guard,20,14,6,6,0.35,0.975949457114409,5881.071428571428,144.92857142857142
A-VILD-VISUAL-001/vild_09,ViLD-flight09,CAMP,pooled,same,none,50,spatial,0.5,budget50,current_su_guard,20,14,6,6,0.35,0.9942629557631217,5991.428571428572,34.57142857142857
A-VILD-VISUAL-001/vild_09,ViLD-flight09,CAMP,pooled,same,none,150,spatial,0.5,budget50,current_su_guard,20,14,6,6,0.35,0.9490422455075624,5718.928571428572,307.07142857142856
A-VILD-VISUAL-001/vild_09,ViLD-flight09,CAMP,pooled,same,none,100,spatial,0.5,full_frozen,current_su_guard,20,0,20,20,0.0,,,
A-VILD-VISUAL-001/vild_09,ViLD-flight09,CAMP,pooled,same,none,50,spatial,0.5,full_frozen,current_su_guard,20,0,20,20,0.0,,,
A-VILD-VISUAL-001/vild_09,ViLD-flight09,CAMP,pooled,same,none,150,spatial,0.5,full_frozen,current_su_guard,20,0,20,20,0.0,,,
A-VILD-VISUAL-001/vild_09,ViLD-flight09,CAMP,pooled,same,none,100,spatial,0.5,matched,current_su_guard,20,0,20,20,0.0,,,
A-VILD-VISUAL-001/vild_09,ViLD-flight09,CAMP,pooled,same,none,50,spatial,0.5,matched,current_su_guard,20,0,20,20,0.0,,,
A-VILD-VISUAL-001/vild_09,ViLD-flight09,CAMP,pooled,same,none,150,spatial,0.5,matched,current_su_guard,20,0,20,20,0.0,,,
A-VILD-VISUAL-001/vild_09,ViLD-flight09,CAMP,pooled,same,none,100,spatial,0.5,budget50,old_su_guard,20,14,6,6,0.35,0.9757598027594708,5879.928571428572,146.07142857142858
A-VILD-VISUAL-001/vild_09,ViLD-flight09,CAMP,pooled,same,none,50,spatial,0.5,budget50,old_su_guard,20,14,6,6,0.35,0.9941325683941018,5990.642857142857,35.357142857142854
A-VILD-VISUAL-001/vild_09,ViLD-flight09,CAMP,pooled,same,none,150,spatial,0.5,budget50,old_su_guard,20,14,6,6,0.35,0.9489948319188279,5718.642857142857,307.35714285714283
A-VILD-VISUAL-001/vild_09,ViLD-flight09,CAMP,pooled,same,none,100,spatial,0.5,full_frozen,old_su_guard,20,0,20,20,0.0,,,
A-VILD-VISUAL-001/vild_09,ViLD-flight09,CAMP,pooled,same,none,50,spatial,0.5,full_frozen,old_su_guard,20,0,20,20,0.0,,,
A-VILD-VISUAL-001/vild_09,ViLD-flight09,CAMP,pooled,same,none,150,spatial,0.5,full_frozen,old_su_guard,20,0,20,20,0.0,,,
A-VILD-VISUAL-001/vild_09,ViLD-flight09,CAMP,pooled,same,none,100,spatial,0.5,matched,old_su_guard,20,0,20,20,0.0,,,
A-VILD-VISUAL-001/vild_09,ViLD-flight09,CAMP,pooled,same,none,50,spatial,0.5,matched,old_su_guard,20,0,20,20,0.0,,,
A-VILD-VISUAL-001/vild_09,ViLD-flight09,CAMP,pooled,same,none,150,spatial,0.5,matched,old_su_guard,20,0,20,20,0.0,,,
A-VILD-VISUAL-001/vild_09,ViLD-flight09,CAMP,pooled,same,none,100,matched_random,0.5,budget50,current_su,20,20,0,0,0.5,0.9687769664785928,5837.85,188.15
A-VILD-VISUAL-001/vild_09,ViLD-flight09,CAMP,pooled,same,none,50,matched_random,0.5,budget50,current_su,20,20,0,0,0.5,0.9927646863591105,5982.4,43.6
A-VILD-VISUAL-001/vild_09,ViLD-flight09,CAMP,pooled,same,none,150,matched_random,0.5,budget50,current_su,20,20,0,0,0.5,0.9335462993693993,5625.55,400.45
A-VILD-VISUAL-001/vild_09,ViLD-flight09,CAMP,pooled,same,none,100,matched_random,0.5,full_frozen,current_su,20,0,20,20,0.0,,,
A-VILD-VISUAL-001/vild_09,ViLD-flight09,CAMP,pooled,same,none,50,matched_random,0.5,full_frozen,current_su,20,0,20,20,0.0,,,
A-VILD-VISUAL-001/vild_09,ViLD-flight09,CAMP,pooled,same,none,150,matched_random,0.5,full_frozen,current_su,20,0,20,20,0.0,,,
A-VILD-VISUAL-001/vild_09,ViLD-flight09,CAMP,pooled,same,none,100,matched_random,0.5,matched,current_su,20,0,20,20,0.0,,,
A-VILD-VISUAL-001/vild_09,ViLD-flight09,CAMP,pooled,same,none,50,matched_random,0.5,matched,current_su,20,0,20,20,0.0,,,
A-VILD-VISUAL-001/vild_09,ViLD-flight09,CAMP,pooled,same,none,150,matched_random,0.5,matched,current_su,20,0,20,20,0.0,,,
A-VILD-VISUAL-001/vild_09,ViLD-flight09,CAMP,pooled,same,none,100,matched_random,0.5,budget50,current_su_guard,20,10,10,10,0.25,0.9709093926319283,5850.7,175.3
A-VILD-VISUAL-001/vild_09,ViLD-flight09,CAMP,pooled,same,none,50,matched_random,0.5,budget50,current_su_guard,20,10,10,10,0.25,0.9919349485562562,5977.4,48.6
A-VILD-VISUAL-001/vild_09,ViLD-flight09,CAMP,pooled,same,none,150,matched_random,0.5,budget50,current_su_guard,20,10,10,10,0.25,0.9410720212412877,5670.9,355.1
A-VILD-VISUAL-001/vild_09,ViLD-flight09,CAMP,pooled,same,none,100,matched_random,0.5,full_frozen,current_su_guard,20,0,20,20,0.0,,,
A-VILD-VISUAL-001/vild_09,ViLD-flight09,CAMP,pooled,same,none,50,matched_random,0.5,full_frozen,current_su_guard,20,0,20,20,0.0,,,
A-VILD-VISUAL-001/vild_09,ViLD-flight09,CAMP,pooled,same,none,150,matched_random,0.5,full_frozen,current_su_guard,20,0,20,20,0.0,,,
A-VILD-VISUAL-001/vild_09,ViLD-flight09,CAMP,pooled,same,none,100,matched_random,0.5,matched,current_su_guard,20,0,20,20,0.0,,,
A-VILD-VISUAL-001/vild_09,ViLD-flight09,CAMP,pooled,same,none,50,matched_random,0.5,matched,current_su_guard,20,0,20,20,0.0,,,
A-VILD-VISUAL-001/vild_09,ViLD-flight09,CAMP,pooled,same,none,150,matched_random,0.5,matched,current_su_guard,20,0,20,20,0.0,,,
A-VILD-VISUAL-001/vild_09,ViLD-flight09,CAMP,pooled,same,none,100,matched_random,0.5,budget50,old_su_guard,20,10,10,10,0.25,0.9710919349485563,5851.8,174.2
A-VILD-VISUAL-001/vild_09,ViLD-flight09,CAMP,pooled,same,none,50,matched_random,0.5,budget50,old_su_guard,20,10,10,10,0.25,0.9918851642880849,5977.1,48.9
A-VILD-VISUAL-001/vild_09,ViLD-flight09,CAMP,pooled,same,none,150,matched_random,0.5,budget50,old_su_guard,20,10,10,10,0.25,0.9414537006306007,5673.2,352.8
A-VILD-VISUAL-001/vild_09,ViLD-flight09,CAMP,pooled,same,none,100,matched_random,0.5,full_frozen,old_su_guard,20,0,20,20,0.0,,,
A-VILD-VISUAL-001/vild_09,ViLD-flight09,CAMP,pooled,same,none,50,matched_random,0.5,full_frozen,old_su_guard,20,0,20,20,0.0,,,
A-VILD-VISUAL-001/vild_09,ViLD-flight09,CAMP,pooled,same,none,150,matched_random,0.5,full_frozen,old_su_guard,20,0,20,20,0.0,,,
A-VILD-VISUAL-001/vild_09,ViLD-flight09,CAMP,pooled,same,none,100,matched_random,0.5,matched,old_su_guard,20,0,20,20,0.0,,,
A-VILD-VISUAL-001/vild_09,ViLD-flight09,CAMP,pooled,same,none,50,matched_random,0.5,matched,old_su_guard,20,0,20,20,0.0,,,
A-VILD-VISUAL-001/vild_09,ViLD-flight09,CAMP,pooled,same,none,150,matched_random,0.5,matched,old_su_guard,20,0,20,20,0.0,,,
